Date,Open,High,Low,Close,Volume,OpenInt,Daily Return,MA-5,MA-10,MA-20,EMA,BB_upper,BB_lower,Volatility-10,RSI,Volume MA-20,High-Low,Close-Open,ROC-10,Log Returns
2005-02-25,8.5593,8.6269,8.5593,8.5836,205889,0,,,,,8.5836,,,,,,0.7897842113256781,0.2839017209351256,,
2005-02-28,8.5836,8.6269,8.5528,8.5692,237955,0,-0.1677617782748552,,,,8.582228571428573,,,,,,0.8663829389205828,-0.1677617782748519,,-0.0016790265592738
2005-03-01,8.5593,8.5963,8.5357,8.589,268716,0,0.2310600756196601,,,,8.582873469387756,,,,,,0.709959347212286,0.3469909922540401,,0.0023079354231601
2005-03-02,8.5647,8.634,8.5593,8.6125,204040,0,0.2736057748282672,,,,8.58569504373178,,,,,,0.8727349199116748,0.5581047789181233,,0.0027323215556892
2005-03-03,8.6269,8.634,8.5647,8.5781,255376,0,-0.3994194484760682,8.58648,,,8.584971706233516,,,,,,0.8091351711093224,-0.565672489538536,,-0.0040021925839648
2005-03-04,8.589,8.6269,8.5593,8.6008,258897,0,0.264627365034209,8.58992,,,8.586479162782705,,,,,,0.7897842113256781,0.1373850273605675,,0.0026427784330688
2005-03-07,8.6008,8.6269,8.5692,8.6269,228134,0,0.3034601432424733,8.60146,,,8.59032876632721,,,,,,0.6733417355178868,0.3034601432424841,,0.0030300063233671
2005-03-08,8.6061,8.661,8.5836,8.6233,292993,0,-0.0417299377528324,8.60832,,,8.593468883819856,,,,,,0.901719558227306,0.1998582400855297,,-0.0004173864711438
2005-03-09,8.5963,8.6187,8.4491,8.5279,386955,0,-1.106305010842712,8.5914,,,8.587224228217964,,,,,,2.0073143885147635,-0.7956911694566116,,-0.0111247007651661
2005-03-10,8.4491,8.4769,8.3268,8.3732,415860,0,-1.8140456618862768,8.550419999999999,8.56845,,8.566840968387682,,,,,,1.8026132487870503,-0.8983205311808237,,-0.0183070120377105
2005-03-11,8.3468,8.4288,8.1917,8.2449,514825,0,-1.5322696221277576,8.47924,8.53458,,8.536179923779331,,,0.7993937591082215,,,2.8943931052162535,-1.2208271433363749,-3.9458968265063783,-0.0154413018629827
2005-03-14,8.2581,8.2948,8.162,8.162,495007,0,-1.0054700481509582,8.38626,8.493860000000002,,8.500543740562252,,,0.8161996928534606,,,1.6270521930899235,-1.1637059372010492,-4.751902161228583,-0.0101055903916311
2005-03-15,8.2397,8.2397,8.0661,8.0828,472950,0,-0.9703504043126698,8.27816,8.44324,,8.460758622413467,,,0.7873846737879419,,,2.152217304521375,-1.904195541099779,-5.893584817790199,-0.0097508898264098
2005-03-16,8.0069,8.0306,7.9202,7.9954,692927,0,-1.0813084574652465,8.17166,8.38153,,8.416438753612184,,,0.7346279161310758,11.923873640600746,,1.393904194338519,-0.1436261224693682,-7.165166908563137,-0.0108719708532654
2005-03-17,8.0178,8.1423,7.9492,8.1236,491659,0,1.603421967631391,8.121739999999999,8.336079999999999,,8.388549348506261,,,1.0448132355086852,24.46147013102373,,2.4291752629195424,1.3195639701663842,-5.2983760972709515,0.0159070293728788
2005-03-18,8.1391,8.2541,8.0364,8.0484,322831,0,-0.9256979664188149,8.08244,8.28084,,8.356154172458046,,,1.010452653338891,22.91449968795507,,2.7089243940072527,-1.114373825115777,-6.422658357362088,-0.0093000917652626
2005-03-21,8.0018,8.0484,7.9202,7.9699,397702,0,-0.9753491377168187,8.04402,8.215140000000002,,8.319368060795375,,,0.9547764602553712,19.65493579060876,,1.6186459937880422,-0.3986603014321699,-7.615713639893807,-0.009801368239589
2005-03-22,7.9699,7.9863,7.9202,7.9762,248149,0,0.0790474159023446,8.022699999999999,8.15043,,8.286685388338672,,,0.9659209767273716,18.276996709542317,,0.8345748844726093,0.0790474159023377,-7.504087762225597,0.0007901618988702
2005-03-23,7.9202,7.9268,7.7213,7.8229,649938,0,-1.9219678543667464,7.988200000000001,8.079930000000001,,8.242515351354037,,,1.0295526129333772,16.339811018006785,,2.6614689236268476,-1.228504330698727,-8.266982492759068,-0.0194067777694835
2005-03-24,7.788,8.0128,7.788,7.9699,401968,0,1.8790985440181984,7.95746,8.0396,8.304025,8.216551984558414,8.88024017134158,7.727809828658418,1.2791908366627005,24.68501725383196,372138.55,2.886492039034413,2.3356445814072897,-4.816557588496639,0.0186166158706132
2005-03-28,7.9052,7.9652,7.8681,7.8838,257043,0,-1.08031468399854,7.92454,8.003490000000001,8.269035,8.184861319362374,8.858602996257025,7.679467003742976,1.2456251792946031,21.55271418727513,374696.25,1.2340971772092395,-0.2707078884784681,-4.379677133743276,-0.0108619245368479
2005-03-29,7.8458,7.9762,7.8411,7.9591,280395,0,0.9551231639564728,7.92238,7.983199999999999,8.23853,8.163360241327863,8.825835010329293,7.651224989670709,1.2998300517923906,25.896356510378897,376818.25,1.7229725421178208,1.4440847332330753,-2.485910316099005,0.0095059070021748
2005-03-30,7.9762,8.1796,7.9444,8.1287,329504,0,2.1308941965800132,7.952879999999999,7.987790000000001,8.215515,8.160059265963305,8.780650044038143,7.650379955961856,1.4665050354741929,36.253443526170805,379857.65,2.960576003222405,1.9119380155963972,0.567872519423962,0.0210850810377869
2005-03-31,8.0661,8.1485,8.0606,8.133,230358,0,0.0528989875379748,8.0149,8.00155,8.19154,8.157482193014419,8.725592886795615,7.657487113204384,1.410684503440504,40.772894898586294,381173.55,1.0904895417214526,0.8293971064082843,1.7209895690021737,0.0005288500095585
2005-04-01,8.157,8.157,8.055,8.055,257225,0,-0.9590556990040522,8.03192,7.99469,8.165385,8.147721984155902,8.670160544803403,7.660609455196598,1.3549705730592336,42.41189163270199,381266.0,1.2662942271880857,-1.2504597278411218,-0.844453198089512,-0.0096368425557004
2005-04-04,8.055,8.1287,8.0524,8.0828,267605,0,0.3451272501551861,8.07172,7.998130000000001,8.139485,8.141538938045816,8.601542190695781,7.67742780930422,1.3257585697474736,46.68951680321016,381701.4,0.9475435894888457,0.3451272501551947,0.4274141444262191,0.0034453305282664
2005-04-05,8.099,8.1168,8.0761,8.0922,195330,0,0.1162963329539135,8.098339999999999,8.01036,8.11275,8.136839991565262,8.513926509256137,7.711573490743863,1.275905175284877,50.417258522727245,380061.2,0.5039561174329106,-0.083960982837389,1.5345236452151134,0.0011622876115256
2005-04-06,8.1109,8.1796,8.1048,8.1726,201267,0,0.9935493438125498,8.10712,8.03,8.090215,8.140245706654285,8.413761630658579,7.7666683693414225,1.3019876963142596,57.914954439878464,375474.9,0.9229098805646226,0.7607047306710514,2.4623254181188825,0.0098864609304839
2005-04-07,8.1796,8.2287,8.1671,8.2027,272608,0,0.3683038445537745,8.12106,8.06798,8.073955000000002,8.146193734591973,8.330670476129125,7.817239523870879,1.0553160929577423,53.872515421521605,369757.55,0.7542456930856769,0.2824098977945065,4.854977054544984,0.0036762726667689
2005-04-08,8.2251,8.2449,8.1671,8.1847,167533,0,-0.2194399405074043,8.147,8.089459999999999,8.06453,8.149860997964167,8.286472971337925,7.842587028662074,0.9495840023774887,57.06876879991693,357341.2,0.952602514968592,-0.4911794385478595,2.6951404660033207,-0.0021968106275511
2005-04-11,8.2251,8.2287,8.1485,8.162,244811,0,-0.2773467567534382,8.16284,8.11728,8.060385,8.15101709339615,8.27094924722758,7.849820752772419,0.8515742102381375,60.574699988990474,343840.5,0.984230226422036,-0.767163925058645,3.5287551688272245,-0.0027773207548175
2005-04-12,8.1485,8.1671,8.0364,8.1168,263352,0,-0.553785836804721,8.167759999999998,8.13305,8.058125,8.147758322596518,8.265035648144993,7.851214351855008,0.8661215215342914,57.42187499999996,332257.75,1.6263501070130797,-0.3890286555807906,1.981379804249217,-0.0055532491533256
2005-04-13,8.0018,8.0761,7.9762,8.0018,324501,0,-1.416814508180564,8.1336,8.12036,8.054075,8.133857529968278,8.262119872437077,7.846030127562922,0.697359803196071,59.841566729013074,324835.3,1.2524761164464266,0.0,-1.561135236876754,-0.0142694714591563
2005-04-14,7.9591,8.0069,7.9002,7.9052,219049,0,-1.2072283736159315,8.0741,8.097579999999999,8.049565,8.112080622352252,8.26667854560276,7.832451454397239,0.7660794442621404,46.23179965055328,301141.4,1.350598719019772,-0.6772122476159428,-2.800934464527227,-0.0121457455869898
2005-04-15,7.8838,7.9134,7.8122,7.8411,238325,0,-0.8108586753023284,8.005379999999999,8.07619,8.03544,8.08627294403299,8.26844916991215,7.802430830087849,0.7528247229564522,47.44769874476987,288474.7,1.2954097437341645,-0.541616986732286,-2.6554934823091236,-0.0081416401413601
2005-04-18,7.8174,7.8738,7.7698,7.8411,293361,0,0.0,7.9412,8.05202,8.025075,8.062923139839372,8.273584009685218,7.77656599031478,0.7292250150146106,42.24908039936938,287001.2,1.338515791912277,0.3031698518689056,-2.9903003909536374,0.0
2005-04-19,7.8509,7.9762,7.8509,7.9652,280395,0,1.5826861027151915,7.910880000000001,8.03932,8.024840000000001,8.053616174140384,8.273577480721707,7.776102519278296,0.939517882651936,38.577616319687,281135.85,1.5959953635888904,1.4558840387726255,-1.5694125206989429,0.0157029222596011
2005-04-20,7.9535,8.0069,7.9268,7.9591,283365,0,-0.0765831366444036,7.90234,8.01797,8.023985,8.044614633746061,8.273542657297428,7.774427342702571,0.851054908536264,37.881533101045385,282896.65,1.0104960387546027,0.070409253787644,-2.612387734625443,-0.0007661247650904
2005-04-21,7.9762,8.0878,7.9762,8.0606,207744,0,1.2752698169391063,7.933420000000001,8.00376,8.03587,8.04613704957977,8.267070884172393,7.804669115827606,0.9661312659652762,50.377867746288885,260786.95,1.399162508462667,1.0581479902710622,-1.7323564192278096,0.0126720672979443
2005-04-22,8.055,8.1287,8.055,8.099,224058,0,0.4763913356325755,7.985000000000001,7.995190000000001,8.042325,8.051171616286458,8.272978897704563,7.811671102295437,0.9870391586263566,51.07770090473654,251891.45,0.9149596523898268,0.5462445685909433,-1.0470756411352755,0.0047526018316158
2005-04-25,8.1287,8.157,8.1048,8.1287,191993,0,0.3667119397456453,8.04252,7.99186,8.05457,8.058555271878225,8.275590342955104,7.833549657044896,0.995220186987162,52.36429589325043,248638.95,0.6440627776132776,0.0,-0.4079882381769262,0.0036604119082267
2005-04-26,8.1048,8.1485,8.0761,8.0828,328767,0,-0.5646659367426476,8.066040000000001,7.988460000000001,8.060754999999999,8.060864293604109,8.277406449155189,7.844103550844808,0.99585437821833,43.911038784920095,251057.55,0.8964723071779698,-0.2714440825189821,-0.4188842893751099,-0.0056626620178754
2005-04-27,8.0828,8.1796,8.0828,8.1485,215715,0,0.8128371356460606,8.10392,8.00313,8.061745,8.069210551356099,8.27987960330238,7.843610396697621,0.8974658361737112,46.4941785252264,245368.1,1.1976047904191616,0.8128371356460589,1.833337499062715,0.0080955140767023
2005-04-28,8.1847,8.2581,8.1847,8.2397,131392,0,1.1192243971282825,8.13974,8.03658,8.06708,8.085447641703137,8.297429533946708,7.836730466053293,0.7916312028862285,53.24982273694162,240419.8,0.8967952398988508,0.6719855339841377,4.2313919951424195,0.0111300742577045
2005-04-29,8.2192,8.2504,8.1168,8.1168,182913,0,-1.491559158707234,8.1433,8.064150000000001,8.07017,8.088433580588553,8.301493197007295,7.838846802992704,0.9267772584756624,47.61200338123408,236704.2,1.645968854721088,-1.245863344364429,3.5160883039369484,-0.0150279476613227
2005-05-02,8.1109,8.2346,8.1048,8.2027,139354,0,1.0582988369800983,8.1581,8.100309999999999,8.076165,8.099316096722976,8.314960391606755,7.837369608393245,0.9426538329107034,54.35112957147202,230291.65,1.601520086862122,1.1318102799935792,4.611597862544792,0.0105273805356942
2005-05-03,8.2638,8.2702,8.1847,8.2702,252407,0,0.8228997769027302,8.19558,8.13081,8.085065,8.115590754177932,8.339155181048492,7.830974818951509,0.8695223188225876,64.28267347807588,233145.5,1.0446320573753645,0.0774462111861501,3.82915683222016,0.0081953241740501
2005-05-04,8.2948,8.3854,8.2773,8.3854,186991,0,1.3929530120190492,8.24296,8.173440000000001,8.095704999999999,8.141286872827653,8.381120003293896,7.810289996706101,0.9071701359487732,75.05739929033612,232431.7,1.3059814190617751,1.092250566620054,5.356133231144233,0.0138334058310793
2005-05-05,8.3732,8.4439,8.3337,8.3565,243885,0,-0.344646647744895,8.26632,8.20303,8.103395,8.161783361129782,8.408552964098309,7.798237035901693,0.9032985950343738,77.91982665222108,230995.55,1.3223418169600412,-0.1994458510485854,3.670942609731287,-0.0034524192242693
2005-05-06,8.3565,8.3732,8.2886,8.3337,200523,0,-0.2728415006282514,8.3097,8.2265,8.110845000000001,8.178156374355517,8.431254740800735,7.790435259199268,0.9238567033162012,76.04144639458664,232645.05,1.020679004898294,-0.2728415006282553,2.897888628225709,-0.0027321439147233
2005-05-09,8.3425,8.3906,8.3373,8.3522,155300,0,0.2219902324297695,8.3396,8.248850000000001,8.120355,8.19473195775023,8.457985445590245,7.782724554409755,0.923653628654491,73.0302308974054,228169.5,0.6392956952490415,0.1162721006892476,2.7495171429625875,0.0022174419816071
2005-05-10,8.3689,8.3732,8.3268,8.3337,155854,0,-0.2214985273341074,8.352300000000001,8.27394,8.1312,8.207967009393066,8.482025846734297,7.780374153265703,0.8948998437024668,71.96809758386118,222794.6,0.5572368737089904,-0.4206048584640715,3.1041223338446944,-0.0022174419816071
2005-05-11,8.2948,8.3268,8.2449,8.3268,218869,0,-0.0827963569602907,8.34058,8.29177,8.147450000000001,8.219284437069916,8.503113332824435,7.7917866671755664,0.883705571628211,67.55936675461744,217513.0,0.9933413382818588,0.3857838645898638,2.1881327851751786,-0.0008283065207529
2005-05-12,8.3373,8.3627,8.2581,8.2638,181242,0,-0.7565931690445393,8.322040000000001,8.29418,8.16538,8.22352401449183,8.50543587528491,7.825324124715093,0.870660013898228,60.52900587784308,215622.65,1.2666351824269455,-0.8815803677449654,0.2924863769312003,-0.0075946985421625
2005-05-13,8.2581,8.2886,8.2287,8.2287,136762,0,-0.4247440644739697,8.30104,8.30537,8.18476,8.224016965492607,8.48932896479416,7.880191035205842,0.7145074983591796,56.345177664974614,210544.5,0.7279400148261661,-0.3560140952519436,1.3786221170904778,-0.0042564866447407
2005-05-16,8.2096,8.2251,8.133,8.1485,208310,0,-0.9746375490660708,8.260299999999999,8.299949999999999,8.20013,8.216824873540931,8.459322495830287,7.940937504169712,0.7131863113187986,53.99489237504559,206291.95,1.1324234599778715,-0.7442506334047909,-0.6607580430833759,-0.0097941822905567
2005-05-17,8.133,8.1524,8.0828,8.1109,261857,0,-0.4614346198686836,8.21574,8.284020000000002,8.207415000000001,8.206736790346557,8.446191277363512,7.968638722636491,0.6484293756647264,47.6328380760514,205365.05,0.8610877418716215,-0.2717324480511279,-1.9261928369326051,-0.0046250251577134
2005-05-18,8.133,8.1984,8.099,8.1984,326729,0,1.0787952015189228,8.190059999999999,8.26532,8.21938,8.205942810313552,8.42782018806362,8.010939811936378,0.5653763539686915,47.38772928526251,207533.25,1.227312013828859,0.8041313168572526,-2.230066544231657,0.0107301772040302
2005-05-19,8.1917,8.2638,8.1726,8.2397,195890,0,0.5037568306010876,8.185239999999999,8.25364,8.228335,8.20915778075988,8.422985945622097,8.033684054377902,0.6073328794510349,58.66835943010297,206940.55,1.1159239409735044,0.5859589584579301,-1.397714354095625,0.0050249222113877
2005-05-20,8.2449,8.3468,8.2287,8.3425,250746,0,1.2476182385281032,8.208,8.25452,8.24051,8.221857039735129,8.431526228574814,8.049493771425187,0.7448562068325257,59.63075227335352,208274.95,1.4352206302332091,1.183762083227206,0.1055953538044107,0.0123989961517808
2005-05-23,8.3468,8.413,8.3425,8.3786,250367,0,0.4327240035960633,8.25402,8.25716,8.253005,8.236784940712736,8.445910250535617,8.060099749464383,0.7543450537745797,57.8052995391705,211193.65,0.8450704225352221,0.3809843293238186,0.3160843849524752,0.0043179044546411
2005-05-24,8.4023,8.4085,8.3468,8.3565,268162,0,-0.2637672164800819,8.30314,8.25944,8.26669,8.24818637493057,8.447189282984432,8.086190717015569,0.7560530077508575,47.59687344087807,208163.4,0.739205444002493,-0.5450888447210864,0.2735879621296622,-0.0026411569511901
2005-05-25,8.3425,8.3854,8.3337,8.3786,210715,0,0.2644647878896622,8.33918,8.26462,8.278195,8.260606720175279,8.456291738644447,8.100098261355553,0.7582737677221857,51.8587047939445,207913.4,0.6203727036010451,0.4327240035960579,0.6220877167699479,0.0026411569511901
2005-05-26,8.3786,8.4985,8.3786,8.4769,247033,0,1.173227030768853,8.38662,8.28593,8.290054999999999,8.281206080158585,8.487859395406431,8.092250604593566,0.7715076594226857,60.68656716417915,213695.45,1.4310266631656774,1.173227030768864,2.578716813088411,0.0116639808324897
2005-05-27,8.4552,8.5279,8.4384,8.5224,199785,0,0.5367528223760853,8.4226,8.315299999999999,8.310335,8.30417692966729,8.516346029597418,8.104323970402582,0.7361235824881246,62.20946915351507,214539.05,1.0606276071293257,0.7947771785410127,3.5692150643479525,0.0053531743843277
2005-05-31,8.5224,8.5836,8.51,8.5781,184218,0,0.6535717638223915,8.4625,8.35826,8.329105,8.33026484112755,8.560648620762457,8.097561379237543,0.5712631777466178,66.64396622173791,216782.25,0.864864864864874,0.6535717638223959,5.272135975946468,0.0065144524409614
2005-06-01,8.5279,8.5836,8.4816,8.5224,232765,0,-0.6493279397535523,8.495679999999998,8.39941,8.341715,8.34856342768683,8.586823803123062,8.09660619687694,0.6088577170053452,62.490421455938666,215800.15,1.202603282399551,-0.0644941896598387,5.073419719143346,-0.0065144524409614
2005-06-02,8.4985,8.51,8.4491,8.4597,220912,0,-0.7357082511968427,8.5119,8.425540000000002,8.34543,8.359147863145228,8.59552812895194,8.09533187104806,0.6824015950812431,62.51437332311236,217496.2,0.7207868293664434,-0.4565511560863701,3.187207259953162,-0.0073842793183825
2005-06-03,8.4869,8.5647,8.4769,8.5647,180508,0,1.2411787652044426,8.52946,8.45804,8.355839999999999,8.378724257131397,8.624520020215787,8.08715997978421,0.7421352799167105,69.70443349753702,214327.35,1.0357559957059732,0.9167069247899688,3.9443183611054033,0.0123353928964786
2005-06-06,8.5412,8.5963,8.5357,8.5836,190143,0,0.2206732284843582,8.5417,8.48215,8.368335,8.398236232642693,8.655300783949748,8.081369216050252,0.6786207111903201,77.49273347655766,213808.35,0.709959347212286,0.4964173652414257,2.8900209769253893,0.0022043010272545
2005-06-07,8.6125,8.6187,8.5748,8.589,241295,0,0.0629106668530665,8.54388,8.50319,8.380175,8.416404210486247,8.683416594668081,8.076933405331918,0.6798953534402186,81.49123962587278,218108.1,0.5119652936511722,-0.272859216255446,2.511159382235695,0.0006289088638862
2005-06-08,8.5963,8.6401,8.5647,8.6187,181059,0,0.3457911281872228,8.56314,8.52941,8.394425,8.435670476154224,8.714773973366297,8.074076026633703,0.6555657095230975,79.96577784115223,219368.35,0.8803577474984545,0.2605772250852237,3.1376772572249134,0.0034519464532659
2005-06-09,8.6269,8.6492,8.589,8.5963,159192,0,-0.259899984916534,8.59046,8.551179999999999,8.407900000000001,8.450968526044297,8.738771359960491,8.077028640039511,0.6802396344210918,76.12837045720983,216384.5,0.7008964955175228,-0.3547044708991612,2.598286109851266,-0.0026023831126121
2005-06-10,8.6187,8.6187,8.5528,8.6125,165677,0,0.1884531717134319,8.60002,8.564739999999999,8.425335,8.466352475944841,8.760949780899017,8.089720219100984,0.5996811980666316,72.65861027190334,215606.25,0.7705079038443663,-0.0719366029679622,1.5996413783340602,0.0018827582150356
2005-06-13,8.5528,8.5528,8.4769,8.4769,206999,0,-1.5744557329463005,8.57868,8.56019,8.437745,8.467357002045333,8.760868098426654,8.114621901573345,0.7929612297292402,57.0688911261326,219118.1,0.8953744883152917,-0.8874286783275531,-0.5338871679338997,-0.0158698194092541
2005-06-14,8.4816,8.5056,8.4552,8.4869,215346,0,0.1179676532694795,8.55826,8.55107,8.454665,8.469218239945777,8.74809063497956,8.16123936502044,0.7573983615073349,59.54332552693206,219469.9,0.5960828839057596,0.0624882097717421,-1.063172497406173,0.0011789812610772
2005-06-15,8.4931,8.4985,8.4491,8.4931,212385,0,0.0730537652146257,8.53314,8.54814,8.473775,8.471492693284274,8.718709963440888,8.228840036559111,0.7337121510367549,58.57934961786299,216996.3,0.5846776579754096,0.0,-0.3437998685816068,0.0007302709394035
2005-06-16,8.4769,8.5357,8.4769,8.5357,188104,0,0.5015836384830052,8.52102,8.55574,8.49064,8.477607674876248,8.699537934282196,8.281742065717806,0.7056460843097325,54.80706344015694,210065.05,0.6936498012245012,0.6936498012245012,0.8983770110051248,0.0050032989837352
2005-06-17,8.5593,8.5963,8.5357,8.5963,161232,0,0.7099593472122967,8.51778,8.558900000000001,8.508469999999999,8.488911705840415,8.685650919728364,8.331289080271635,0.6248714159932242,55.89596298069251,208332.15,0.709959347212286,0.432278340518489,0.3689562973600901,0.0070745100100027
2005-06-20,8.5963,8.6401,8.5748,8.6269,302825,0,0.3559671021253319,8.54778,8.56323,8.52269,8.502053448141329,8.689108988036063,8.356271011963939,0.6306890724098655,54.05585106382977,210936.1,0.7615337967066355,0.35596710212533,0.5044503471736572,0.003553350387507
2005-06-21,8.6401,8.6818,8.6125,8.6187,238691,0,-0.095051524881462,8.57414,8.5662,8.534695,8.51316264355644,8.691724108598908,8.37766589140109,0.6323650755724233,58.689767190038005,210352.3,0.8046444121915834,-0.2476823184916825,0.3457911281872228,-0.0009509672748948
2005-06-22,8.6269,8.6401,8.589,8.634,327828,0,0.1775209718402948,8.60232,8.567730000000001,8.54857,8.524670963217732,8.687273684161596,8.409866315838403,0.6254162900544199,67.1995263469509,213335.6,0.5949470252648728,0.0823007105681208,0.1775209718402948,0.0017736358959321
2005-06-23,8.6401,8.7498,8.6061,8.6983,348405,0,0.7447301366689807,8.63484,8.57793,8.564555,8.5412070619589,8.694172046880823,8.434937953119178,0.6555113594812451,64.33476394849782,220220.1,1.669745877923808,0.673603314776442,1.1865570070844544,0.0074197071348851
2005-06-24,8.7212,8.7212,8.6555,8.6855,238886,0,-0.1471551912442747,8.65268,8.58523,8.574985000000002,8.554949246534242,8.70841848076654,8.441551519233464,0.6601902774735339,61.07849532507055,219812.75,0.7590549361677505,-0.4093473375223626,0.8476052249636989,-0.00147263570833
2005-06-27,8.7212,8.7248,8.6269,8.6918,220352,0,0.0725346842438634,8.665659999999999,8.60672,8.583455,8.56798265162622,8.724142851194355,8.442767148805647,0.3150156923355714,61.15451388888889,220841.1,1.1348224738898214,-0.3371095720772254,2.535124868760996,0.0007250839055569
2005-06-28,8.7212,8.7498,8.6818,8.7091,283728,0,0.1990381739110258,8.683739999999998,8.62894,8.590005,8.581422399090389,8.74143122278644,8.438578777213559,0.312239429820876,60.08028545941114,225816.6,0.7832477136077727,-0.1387423749025389,2.61815268236929,0.0019884035538375
2005-06-29,8.6855,8.7091,8.661,8.6918,204414,0,-0.1986427989114636,8.6953,8.648810000000001,8.598474999999999,8.591934551557971,8.752900248481007,8.44404975151899,0.3407571145995757,60.7714865779384,224399.05,0.5553631220413325,0.0725346842438697,2.339546219872602,-0.0019884035538375
2005-06-30,8.6764,8.7145,8.661,8.7091,182913,0,0.1990381739110258,8.69746,8.666149999999998,8.610945,8.603093165695308,8.758303045518211,8.463586954481787,0.3273336366975151,60.86858685868585,222499.1,0.6177115806488819,0.3768844221105548,2.031467835092604,0.0019884035538375
2005-07-01,8.7433,8.7718,8.7145,8.7553,192368,0,0.5304796132780787,8.71142,8.68205,8.620475,8.617589054676706,8.779436575959663,8.461513424040339,0.3001678547068205,89.21126760563428,223092.1,0.6575248149635833,0.1372479498587542,1.8496329816316328,0.005290775265147
2005-07-05,8.7718,8.844,8.7553,8.8135,255741,0,0.6647402144986492,8.73576,8.70071,8.631969999999999,8.636247239945591,8.811608761495338,8.45233123850466,0.3338339903376016,90.50099206349248,226372.0,1.013100636186074,0.4753870357281143,2.163001773522355,0.0066254055934885
2005-07-06,8.7718,8.8598,8.7718,8.8598,215158,0,0.5253304589550201,8.7659,8.72482,8.64551,8.657537978998391,8.850539578353953,8.440480421646047,0.3274540256535009,91.36025265057565,225065.15,1.003214847579735,1.003214847579735,2.797405641221995,0.0052395541209052
2005-07-07,8.8598,8.8997,8.8541,8.8865,222942,0,0.3013612045418723,8.80484,8.75007,8.6589,8.67934388576045,8.889892330699755,8.427907669300243,0.3256204482559053,91.03883949461904,227159.3,0.5150156424707031,0.3013612045418626,2.9244845957840937,0.0030090802191332
2005-07-08,8.9099,8.9511,8.844,8.9099,259820,0,0.2633207674562543,8.845,8.77123,8.674579999999999,8.701301610926121,8.929061066196741,8.420098933803256,0.2836649260972385,90.18452075858582,232190.7,1.210990502035288,0.0,2.432659255256775,0.0026297468572696
2005-07-11,8.9052,8.9296,8.8744,8.9099,195890,0,0.0,8.87592,8.79367,8.68945,8.721168124171253,8.962719541122429,8.416180458877573,0.2644579071555838,89.34927697441654,233701.35,0.6220138826286964,0.0527781520909098,2.583616372114461,0.0
2005-07-12,8.9296,8.9579,8.8865,8.9455,238886,0,0.3995555505673431,8.90232,8.819040000000001,8.71288,8.742533064726372,8.989748561633586,8.436011438366414,0.2594608449886363,92.22222222222238,235295.7,0.8034659314690887,0.1780594875470174,2.91884304747001,0.0039875944725613
2005-07-13,8.9052,8.9052,8.7608,8.7955,241663,0,-1.67682074786204,8.88946,8.827679999999999,8.728309999999999,8.747577534752432,8.98587526326759,8.470744736732408,0.6756219192977088,65.47824420164861,236611.55,1.6482513012510385,-1.2318645285900387,0.9920657702862544,-0.0169103854909171
2005-07-14,8.8376,8.8505,8.7718,8.8068,241295,0,0.1284747882439818,8.873520000000001,8.83918,8.743995,8.753217769537915,8.978417429993822,8.509572570006178,0.6673796521683433,61.57456795391529,238057.05,0.8971932784605161,-0.3485109079387987,1.323086127154327,0.0012839233000571
2005-07-15,8.8179,8.8179,8.7498,8.8068,186068,0,0.0,8.8529,8.84895,8.75755,8.758320839105734,8.971738215312945,8.543361784687056,0.6681770297734508,63.3033559991229,237955.25,0.7783035040800862,-0.1258803116388142,1.121815112927882,0.0
2005-07-18,8.8135,8.844,8.7498,8.7672,333025,0,-0.4496525412181484,8.82436,8.85014,8.766095,8.759166473476617,8.96638165220785,8.56580834779215,0.6721136156816147,57.70645952575643,246544.9,1.0765960364808218,-0.5253304589549972,0.1359176727239619,-0.0045066651898349
2005-07-19,8.7718,8.8024,8.7498,8.8024,244073,0,0.401496486905728,8.79574,8.849029999999999,8.77487,8.76328395219313,8.964577709800869,8.585162290199131,0.6486096301611044,59.19936896075743,243607.3,0.6011565978650938,0.348845162908408,-0.1259431553866097,0.0040069264065203
2005-07-20,8.8024,8.8291,8.7672,8.8291,161044,0,0.3033263655366713,8.80246,8.845960000000002,8.78539,8.769552147222354,8.961479832337439,8.60930016766256,0.6318059058172248,63.29138431752183,239724.95,0.7060406971438956,0.3033263655366712,-0.346508950540636,0.0030286725927578
2005-07-21,8.8024,8.8024,8.7525,8.7608,252966,0,-0.7735782809119907,8.79326,8.83339,8.79173,8.768718609391653,8.953410687256005,8.630049312743994,0.6594565017279964,54.55506607929519,235981.85,0.5701228220508534,-0.4725983822593923,-1.4145051482585935,-0.0077658591869114
2005-07-22,8.7608,8.8179,8.7525,8.8179,154012,0,0.6517669619212851,8.795480000000001,8.82419,8.79771,8.773402551354353,8.95358346960375,8.641836530396251,0.6962905989472038,55.41147994467496,226262.2,0.7472150814053168,0.6517669619212875,-1.032559287983037,0.0064965214520211
2005-07-25,8.8179,8.8237,8.7828,8.7892,179944,0,-0.3254743192823706,8.79988,8.81212,8.802895,8.774907070272986,8.949686803514169,8.65610319648583,0.6986197656862894,47.786482055019114,223315.1,0.4656829257184565,-0.3254743192823758,-1.3546728919516582,-0.0032600513904588
2005-07-26,8.8237,8.8237,8.7145,8.7322,269830,0,-0.6485231875483444,8.78584,8.790790000000001,8.804915,8.770839730246987,8.946281478197236,8.663548521802763,0.6882055585500849,38.59899928520374,225789.0,1.2530839405588536,-1.0369799517209324,-2.3844391034598234,-0.0065063523553833
2005-07-27,8.7553,8.7892,8.7212,8.7828,203848,0,0.5794645106616869,8.77658,8.78952,8.808600000000002,8.771978803556797,8.943127054606306,8.674072945393698,0.5116050005889433,41.11396743787486,221795.0,0.7797092143282991,0.3140954621771939,-0.1443920186459002,0.0057779207274533
2005-07-28,8.7782,8.8291,8.7718,8.8237,129169,0,0.4656829257184469,8.78916,8.79121,8.815195000000001,8.776904631789483,8.938037774566324,8.692352225433678,0.5326652507298141,42.82861896838601,218032.75,0.6532296677990798,0.5183294980747823,0.1918971703683381,0.0046460197734418
2005-07-29,8.8068,8.8941,8.8024,8.8941,146042,0,0.7978512415426575,8.804400000000001,8.799940000000001,8.824445,8.78806609542858,8.941368501307005,8.707521498692996,0.5863130399987638,48.82335418528444,216189.2,1.0417613378169526,0.9912794658672732,0.9912794658672786,0.0079468523737774
2005-08-01,8.9099,8.9203,8.8376,8.8633,242957,0,-0.3462969833934792,8.81922,8.80955,8.829845,8.795231229197286,8.943245296574357,8.716444703425644,0.5763691799955939,43.83438343834392,218718.65,0.935774418394124,-0.5230137263044451,1.0961310338534425,-0.0034689797928525
2005-08-02,8.844,8.8633,8.8291,8.8633,191810,0,0.0,8.84544,8.81564,8.832335,8.801713969273735,8.946409126869534,8.718260873130466,0.56777163919361,56.56213704994195,215522.1,0.3873554495928263,0.2182270465852692,0.6918567663364517,0.0
2005-08-03,8.8329,8.8997,8.8329,8.8598,256671,0,-0.0394886780318959,8.86084,8.81871,8.832334999999999,8.807245972200045,8.946409126869533,8.718260873130465,0.5624712688169149,55.20833333333325,217597.75,0.7562635148139213,0.3045432417439287,0.347713810014616,-0.0003949647686353
2005-08-04,8.8376,8.8633,8.8135,8.8179,159002,0,-0.4729226393372365,8.85968,8.82442,8.828905,8.808260641514327,8.94021351341155,8.717596486588452,0.5208781897542912,51.00780824405293,214400.75,0.5650422647075642,-0.222911197610214,0.6517669619212851,-0.0047404445673427
2005-08-05,8.7892,8.8068,8.6918,8.7046,222199,0,-1.2848864242053115,8.82178,8.813089999999999,8.81864,8.798388199465343,8.936189244328068,8.701090755671933,0.6279891362206284,44.98718770019205,212519.7,1.3230861271543315,-0.9625449415191374,-1.2848864242053115,-0.0129321248701441
2005-08-08,8.7212,8.7892,8.7145,8.7212,176608,0,0.1907037658249732,8.79336,8.80629,8.809205,8.791036942373406,8.926202930256075,8.692207069743926,0.6311107545976322,43.298118190821995,211555.6,0.8571920362614033,0.0,-0.7736767851454052,0.0019052215704667
2005-08-09,8.7322,8.8237,8.7322,8.8179,189773,0,1.1087923680227485,8.784279999999999,8.81486,8.802825,8.793595328814034,8.900918014397964,8.704731985602036,0.6953244259338448,49.17135247114527,209099.95,1.047845903666887,0.981425070428978,0.9814250704289762,0.0110269032996774
2005-08-10,8.8291,8.8941,8.8135,8.8633,201083,0,0.514861815171419,8.784980000000001,8.82291,8.806215,8.800233868926982,8.907863895714588,8.704566104285412,0.6906580647877645,57.84959411854808,207070.95,0.9145061553298968,0.3873554495928263,0.916564193651226,0.0051354093359779
2005-08-11,8.8237,8.8237,8.7718,8.8024,156597,0,-0.6871029977547849,8.78188,8.820780000000001,8.805995,8.800440167124412,8.907657609697575,8.704332390302424,0.7173132309759227,48.81985686005791,202836.05,0.5916687566975972,-0.2413953330235626,-0.241395333023564,-0.0068947441938455
2005-08-12,8.7718,8.7892,8.7212,8.7212,156041,0,-0.9224756884486096,8.7852,8.80349,8.801715000000002,8.792893484541136,8.910212669632969,8.693217330367034,0.705069927058947,45.20586576424144,201334.7,0.7797092143282991,-0.5768485373583653,-1.9439853385952557,-0.0092675684418098
2005-08-15,8.7046,8.7212,8.6492,8.6655,180508,0,-0.6386735770306795,8.77406,8.78371,8.79663,8.780760771727694,8.920397083456644,8.672862916543357,0.7180353981000435,45.28888261053817,193708.85,0.8324469315081068,-0.4491877857684382,-2.231674432773356,-0.0064072182244631
2005-08-16,8.6918,8.7046,8.6401,8.661,163829,0,-0.0519300675090872,8.74268,8.76348,8.78956,8.769354983944105,8.927304529359306,8.651815470640694,0.7164284382520129,40.79782411604717,189696.65,0.7465191375099697,-0.354356980142215,-2.282445590242921,-0.0005194355583851
2005-08-17,8.661,8.67,8.5963,8.634,225899,0,-0.3117422930377422,8.696819999999999,8.7409,8.779805,8.756464033092286,8.932573617264962,8.627036382735037,0.7136231041040382,35.36039512270415,192939.4,0.8573456021776875,-0.3117422930377467,-2.5485902616311784,-0.0031222922156218
2005-08-18,8.6492,8.6655,8.6125,8.6233,171050,0,-0.1239286541579787,8.661,8.72144,8.77293,8.743781744226354,8.940917469457496,8.604942530542505,0.7103368819919624,26.98061883713035,188843.6,0.6153846153846043,-0.29944966008417,-2.206874652695079,-0.001240055092181
2005-08-19,8.6008,8.6492,8.5836,8.5963,198477,0,-0.3131051917479532,8.636019999999998,8.710609999999999,8.761849999999999,8.729735863823844,8.945820552563509,8.577879447436489,0.6076088206828106,27.156057494866587,191066.85,0.7642481010298695,-0.0523207143521552,-1.2441697493279391,-0.0031359639163632
2005-08-22,8.6233,8.6655,8.6008,8.6655,163829,0,0.8049974989239539,8.63602,8.70504,8.755665,8.723618162507288,8.944029006786405,8.567300993213596,0.6706791873591783,34.86842105263162,190261.1,0.7522556041298508,0.4893718182134373,-0.6386735770306795,0.0080177467825512
2005-08-23,8.67,8.6818,8.6233,8.6465,126021,0,-0.2192602850383695,8.63312,8.687899999999999,8.751380000000001,8.716273575601832,8.945793510468356,8.556966489531646,0.5297606701250173,34.0606785233897,183070.65,0.6783945821205389,-0.2710495963091153,-1.9437734608013235,-0.002195010123453
2005-08-24,8.6269,8.6918,8.6269,8.6918,171050,0,0.5239114092407515,8.64468,8.67075,8.74683,8.713942758877849,8.942403339050509,8.55125666094949,0.5311137111355173,40.624535315985256,181430.75,0.7522980444887679,0.7522980444887679,-1.9349452235623343,0.0052254376815582
2005-08-25,8.6855,8.7212,8.6764,8.7145,174935,0,0.2611656964034869,8.66292,8.661959999999999,8.74137,8.713995829460911,8.93398219396278,8.54875780603722,0.517763241729993,50.85066162570888,183719.05,0.5163431838089576,0.3338898163606,-0.9985912932836682,0.0026082525142011
2005-08-26,8.7553,8.7553,8.6918,8.7322,164564,0,0.2031097595960984,8.6901,8.66306,8.733275,8.715729559988443,8.91196584004444,8.554584159955562,0.4345377095094777,50.943396226415175,184645.15,0.7305736441243407,-0.263840188228838,0.1261294317295824,0.0020290377059922
2005-08-29,8.6918,8.7091,8.6764,8.7091,170861,0,-0.2645381461716556,8.69882,8.66742,8.725565,8.715098173322877,8.893624216067614,8.557505783932385,0.3854893559545222,39.320769532783714,181040.35,0.3768844221105548,0.1990381739110283,0.5031446540880502,-0.0026488866663558
2005-08-30,8.7091,8.7433,8.6918,8.6983,124898,0,-0.1240082212857762,8.70918,8.67115,8.717315,8.713498347292127,8.87262096321624,8.562009036783758,0.3882887116148728,32.624262847514785,177694.75,0.5925124830299706,-0.124008221285778,0.4306662048262355,-0.0012408517510646
2005-08-31,8.7212,8.7525,8.6918,8.7368,128983,0,0.4426152236643998,8.71818,8.68143,8.711165,8.715717552311924,8.851758453093057,8.570571546906942,0.3848321176710419,42.74977895667559,171310.35,0.6983593732023156,0.178874466816504,1.1906416492935,0.0044163856332106
2005-09-01,8.7553,8.8179,8.7322,8.8068,177731,0,0.8012086805237573,8.73664,8.69978,8.710609999999999,8.72439207113936,8.849506779546608,8.57171322045339,0.4286271126388595,59.70081595648237,172246.8,0.981425070428978,0.5882151382591204,2.127955655027658,0.0079801604554987
2005-09-02,8.7828,8.8744,8.7828,8.8329,143626,0,0.2963619021665087,8.756780000000001,8.72344,8.717025,8.734726159602278,8.866222274915138,8.567827725084861,0.3870404931001754,70.33527696792993,168318.15,1.042947579359654,0.5704331192785954,2.7523469399625577,0.0029592361600983
2005-09-06,8.8024,8.8633,8.8024,8.8329,138808,0,0.0,8.781540000000001,8.740179999999999,8.72261,8.744076049163967,8.880570633336943,8.564649366663057,0.3454778304714342,71.11274871039049,166428.15,0.6918567663364557,0.3464964100699805,1.9317985113380676,0.0
2005-09-07,8.8329,8.8329,8.8068,8.8329,133622,0,0.0,8.80846,8.75882,8.723360000000001,8.752535473053113,8.883354978868576,8.563365021131427,0.3226782077333537,76.16416732438805,163620.6,0.2963619021665027,0.0,2.15578557797953,0.0
2005-09-08,8.8024,8.8744,8.8024,8.8598,163829,0,0.3045432417439375,8.83306,8.77562,8.723185,8.76275114228615,8.882541882169345,8.563828117830656,0.3063085170946111,79.83850618218487,161757.9,0.8179587385258471,0.6520948832136627,1.9328562553210915,0.0030408044817975
2005-09-09,8.869,8.9203,8.8505,8.8997,159566,0,0.4503487663378269,8.85164,8.79414,8.72805,8.77579389063985,8.902788053578545,8.553311946421454,0.3167171894042919,87.07233626588446,161906.35,0.788656008135122,0.3461495095275623,2.1251936427792772,0.0044933773060263
2005-09-12,8.8865,8.9203,8.8744,8.8801,177731,0,-0.2202321426564846,8.86108,8.80893,8.735995,8.785727805817007,8.923411456896899,8.548578543103103,0.344921036448984,79.83870967741943,162990.85,0.5172180654466737,-0.0720193552017025,1.693731247566488,-0.0022047501028702
2005-09-13,8.8376,8.8376,8.7608,8.8068,164564,0,-0.8254411549419416,8.85586,8.818700000000002,8.74306,8.787734681453482,8.929939599855366,8.556180400144633,0.4521327501874881,69.36458081662252,162193.65,0.876632271025482,-0.3485109079387987,1.121815112927882,-0.0082886678450519
2005-09-14,8.8068,8.8135,8.7368,8.7718,164381,0,-0.3974201753190742,8.843639999999999,8.82605,8.7486,8.786217092743627,8.931769314828475,8.565430685171524,0.4756802055207094,59.91080277502481,162221.25,0.8778957970881659,-0.3974201753190732,0.8449926997229351,-0.0039821198787598
2005-09-15,8.7498,8.7782,8.7091,8.7248,181797,0,-0.5358079299573659,8.816640000000001,8.824850000000001,8.753139999999998,8.780367845815663,8.928692234242018,8.577587765757979,0.4942576787918621,51.20355223182996,160016.15,0.793422971374776,-0.2857208164758092,-0.1373500595183596,-0.0053724852884604
2005-09-16,8.7525,8.7782,8.7145,8.7672,99143,0,0.4859710251237992,8.790140000000001,8.820890000000002,8.760335,8.77911376526179,8.924934792479231,8.595735207520768,0.4440894844812942,53.86654882898808,156420.8,0.7309656319926646,0.1679520137103829,-0.4496525412181484,0.0048479399773854
2005-09-19,8.7718,8.844,8.7525,8.7608,119725,0,-0.072999361255599,8.76628,8.81368,8.76856,8.77736959714162,8.91396825141285,8.623151748587151,0.4276768447510498,55.93025923376925,152483.2,1.045415595544129,-0.1254018559474795,-0.8162664583545642,-0.0007302601876331
2005-09-20,8.7498,8.8024,8.6555,8.6764,256855,0,-0.9633823395123752,8.7402,8.79803,8.769105,8.767753445032895,8.912960241201173,8.625249758798827,0.5082862760045954,47.85083415112852,157134.5,1.697186759863676,-0.8388763171729781,-1.7717850309638017,-0.0096805288820683
2005-09-21,8.7145,8.7145,8.6269,8.6764,209050,0,0.0,8.72112,8.78238,8.7706,8.759053116934524,8.909630931810137,8.631569068189863,0.5082862760045954,43.58811040339688,161285.95,1.0154284853191775,-0.4372023638762984,-1.7717850309638017,0.0
2005-09-22,8.67,8.7212,8.634,8.6655,182724,0,-0.1256281407035153,8.70926,8.76295,8.769285,8.750143296274093,8.911905280170053,8.626664719829947,0.4804008280407467,32.84777858703552,161869.65,1.0099606208014742,-0.0519031141868531,-2.193051761890785,-0.001257071190051
2005-09-23,8.6492,8.6764,8.5836,8.634,187545,0,-0.3635104725636107,8.68262,8.73638,8.765260000000001,8.739082029962274,8.918535952039711,8.611984047960291,0.419166943949588,26.16822429906536,162500.15,1.0811314599934605,-0.1757387966517146,-2.98549389305256,-0.003641727774007
2005-09-26,8.6555,8.7368,8.6465,8.6655,215901,0,0.3648366921473078,8.66356,8.714920000000001,8.761925,8.732074217584914,8.921021698500251,8.602828301499748,0.4696194309182225,31.35026737967901,165067.0,1.0443532064997505,0.1155334758246177,-2.416639452258429,0.0036417277740069
2005-09-27,8.6655,8.6818,8.5593,8.6187,285030,0,-0.5400727020945073,8.65202,8.696110000000001,8.757405,8.721276673053017,8.92757220538773,8.587237794612271,0.4379175061957236,28.38983050847449,170775.45,1.4311918030680135,-0.5400727020945045,-2.135849570786219,-0.0054153636699392
2005-09-28,8.6125,8.634,8.5056,8.5692,228134,0,-0.5743325559539159,8.63058,8.67585,8.75095,8.706793180381302,8.939372565415852,8.562527434584148,0.4495341956017296,21.96063296024697,175937.25,1.5095936794582507,-0.5027576197387557,-2.309674183177912,-0.005759881876426
2005-09-29,8.5781,8.6655,8.5692,8.661,161232,0,1.0712785324184182,8.62968,8.66947,8.74716,8.702431925106893,8.939783465805554,8.554536534194444,0.5933216435687628,29.065076302403043,177549.7,1.1237921859683446,0.9664144740676888,-0.731248853841926,0.01065580998798
2005-09-30,8.6233,8.7368,8.6233,8.7145,119157,0,0.617711580648872,8.645779999999998,8.6642,8.742545,8.703581265572904,8.933568189278427,8.551521810721573,0.6083541610112277,36.29139072847669,174621.0,1.31620145419967,1.057599758793024,-0.6011041153390129,0.0061581156306913
2005-10-03,8.6818,8.7433,8.6764,8.7145,118051,0,0.0,8.65558,8.65957,8.736625,8.704621145042152,8.923143461058917,8.550106538941083,0.6086002370359381,41.303938194836846,173342.25,0.7710571204647135,0.3766500034554861,-0.5284905488083358,0.0
2005-10-04,8.7368,8.8024,8.6918,8.7368,141954,0,0.2558953468357439,8.6792,8.665610000000001,8.731819999999999,8.70768579789528,8.912763603892126,8.550876396107872,0.5214705122925157,46.621621621621614,173499.55,1.2724637014197266,0.0,0.6961412567424441,0.0025556849217824
2005-10-05,8.6983,8.7433,8.6125,8.6401,158449,0,-1.1068125629521086,8.693380000000001,8.66198,8.72218,8.701249055238588,8.900979853997343,8.543380146002656,0.6417195216182465,42.54007398273738,174740.9,1.5187227866473023,-0.6690962601887652,-0.41837628509519,-0.0111298330783223
2005-10-06,8.6187,8.661,8.5692,8.6187,136396,0,-0.2476823184916821,8.68492,8.6573,8.710125,8.69338724045396,8.882243060766742,8.538006939233258,0.6446816665935764,36.41851106639835,173369.25,1.0712785324184195,0.0,-0.5400727020945073,-0.0024798955857056
2005-10-07,8.5963,8.6125,8.5692,8.5836,82098,0,-0.4072539942218678,8.65874,8.65226,8.69432,8.682931312791679,8.850451464174467,8.538188535825531,0.6471717801291869,34.60201598887734,169495.85,0.5052980441581517,-0.1477379802938336,-0.5837387074357214,-0.0040808553171521
2005-10-10,8.6401,8.67,8.6008,8.6233,119354,0,0.4625099026049684,8.6405,8.64804,8.681479999999999,8.677252140144851,8.813686562461532,8.549273437538465,0.6549302299955131,44.99717354437545,166577.0,0.8045763184820062,-0.1944421939560876,-0.4869886330852169,0.0046144361209032
2005-10-11,8.6401,8.6492,8.5692,8.6008,168640,0,-0.2609209931232925,8.613299999999999,8.646249999999998,8.671180000000001,8.66997098394058,8.794045430879743,8.54831456912026,0.6372843505685227,43.167028199566175,166780.8,0.9335760631097426,-0.4548558465758588,-0.2076879343752669,-0.0026126198522235
2005-10-12,8.5056,8.5357,8.2638,8.3104,222385,0,-3.376430099525629,8.547360000000001,8.62037,8.648109999999999,8.63572612832719,8.843369027960303,8.452850972039695,1.239810463222078,28.67779512429443,169681.0,3.2902538783610504,-2.2949586155003745,-3.0201185641600237,-0.034347479702589
2005-10-13,8.2886,8.2886,7.9268,8.1048,521127,0,-2.474008471313061,8.444579999999998,8.56475,8.61711,8.585161735153173,8.925307926151712,8.308912073848289,1.309327808842132,23.718712753277657,186647.5,4.564263006509569,-2.217503559105295,-6.42189123657777,-0.0250512637289617
2005-10-14,8.0606,8.2581,8.055,8.2449,285215,0,1.7286052709505562,8.37684,8.51779,8.590995000000001,8.552755855614777,8.93237200397378,8.249617996026222,1.4668384161696328,31.14577729962346,195951.1,2.521415270018634,2.2864302905490725,-5.388719949509435,0.0171383486179148
2005-10-17,8.2397,8.3147,8.2139,8.2948,181059,0,0.60522262246967,8.31114,8.475819999999999,8.567694999999999,8.528188631270512,8.923576905161054,8.211813094838943,1.5037360464051963,35.52078676799289,199017.8,1.227188059265386,0.6687136667597275,-4.816111079235741,0.0060339850663032
2005-10-18,8.2702,8.3006,8.2397,8.2581,167710,0,-0.442445869701491,8.2426,8.427950000000001,8.54678,8.502465904482843,8.92427317512131,8.16928682487869,1.4817101067885323,35.93198878538486,194560.55,0.7391045790502103,-0.146308432686032,-5.479122790953205,-0.0044342755813635
2005-10-19,8.2449,8.2773,8.2397,8.2541,122686,0,-0.0484372918710285,8.23134,8.38935,8.525665,8.47881200881781,8.919518722646007,8.131811277353993,1.4754570034026668,30.012771392081817,190242.35,0.4563272934694369,0.1115841307960057,-4.467540884943477,-0.0004844902651669
2005-10-20,8.2449,8.3208,8.2346,8.2702,194401,0,0.1950545789365376,8.26442,8.3545,8.5059,8.458944198454208,8.909754851466024,8.102045148533977,1.4886554068892868,27.34319224885286,190826.2,1.0468025162120786,0.3068563596890373,-4.0435332474735075,0.0019486459450149
2005-10-21,8.3208,8.3906,8.2702,8.3689,151787,0,1.1934415129017273,8.28922,8.333029999999999,8.492645,8.450368560506188,8.896198820711117,8.089091179288882,1.5717446363400915,33.988139362490855,189038.3,1.4558293632560069,0.5780694164022667,-2.5012815135840527,0.0118637615804319
2005-10-24,8.3147,8.4245,8.3147,8.4023,152701,0,0.3990966554744402,8.31072,8.310929999999999,8.479485,8.445790602362742,8.876416431305094,8.082553568694907,1.5687125745647796,34.660185270109196,185878.3,1.320552755962331,1.0535557506584738,-2.562823976899798,0.0039830237736262
2005-10-25,8.3732,8.4245,8.3689,8.4085,196810,0,0.0737893195910555,8.3408,8.2917,8.468975,8.442239116423433,8.861492654313006,8.076457345686995,1.5719756013524646,38.41768353670737,181467.3,0.6643644923466655,0.4215831462284364,-2.2358385266486813,0.0007376210865764
2005-10-26,8.413,8.42,8.3208,8.3689,187176,0,-0.4709520128441502,8.36376,8.29755,8.458960000000001,8.43525443866882,8.850931257807746,8.066988742192256,1.128637184912326,37.73084479371319,179419.4,1.19219305835977,-0.5241887554974474,0.7039372352714679,-0.0047206448602027
2005-10-27,8.4023,8.413,8.3337,8.3373,122867,0,-0.3775884524847894,8.377180000000001,8.3208,8.442775000000001,8.425925444509886,8.826260092690458,8.059289907309545,0.7248267487690659,37.861015278462354,177501.15,0.9515581314422156,-0.7735977053901848,2.868670417530383,-0.0037830311724365
2005-10-28,8.3373,8.3565,8.307,8.3425,94512,0,0.0623703117315965,8.3719,8.33056,8.424175000000002,8.417980164080372,8.787736412317557,8.060613587682447,0.5183549326300347,35.67346938775509,176268.9,0.5958829902491886,0.0623703117315982,1.183762083227213,0.0006235086953635
2005-10-31,8.2948,8.3337,8.2397,8.2504,219604,0,-1.103985615822578,8.34152,8.32612,8.40097,8.402020148453671,8.745240390062383,8.056699609937615,0.6132984831021508,33.307926829268354,181346.55,1.1408182336735706,-0.5352751121184303,-0.5352751121184274,-0.0111012476236696
2005-11-01,8.2096,8.307,8.1917,8.2449,168088,0,-0.0666634345001582,8.3088,8.3248,8.376375,8.387056324791416,8.688399883454448,8.064350116545551,0.5980370920095104,45.71727474826729,182653.25,1.4075222481291978,0.4299844084973621,-0.1598430631743475,-0.000666856644477
2005-11-02,8.2449,8.3522,8.2139,8.3468,126205,0,1.235915535664489,8.30438,8.33407,8.361709999999999,8.383222389096996,8.648059186171496,8.075360813828501,0.7161608446102828,68.30559757942514,181041.05,1.6837312360754233,1.2359155356644782,1.123078227789831,0.0122834045018475
2005-11-03,8.3732,8.4288,8.3522,8.4085,218494,0,0.7392054440024998,8.318620000000001,8.3479,8.3512,8.385629780611568,8.61213619304752,8.09026380695248,0.7431634424701797,64.0405080672846,185145.95,0.9171236320969433,0.4215831462284364,1.6722691107832863,0.007364867103575
2005-11-04,8.397,8.42,8.3468,8.3854,169389,0,-0.2747220074924117,8.327200000000001,8.34955,8.34129,8.3856078967438,8.579092340743708,8.103487659256293,0.6583572561487793,58.15041381792014,189510.5,0.8769827958019831,-0.1381445754436061,0.1971585274050502,-0.0027510006095553
2005-11-07,8.4023,8.4985,8.3689,8.4816,209598,0,1.1472320938774594,8.373439999999999,8.35748,8.334205,8.394750001815819,8.543346397397293,8.125063602602708,0.7430726018925506,68.16187225743538,194022.7,1.5485906152540947,0.943789200576032,0.9437892005760284,0.0114070128802925
2005-11-08,8.4343,8.5593,8.4343,8.51,249440,0,0.3348424825504459,8.42646,8.36763,8.329665,8.405726192119074,8.517272847159491,8.14205715284051,0.7467640811676424,70.00156323276546,198062.7,1.482043560224322,0.8975255800718427,1.2071118511030487,0.003342831333878
2005-11-09,8.5455,8.5647,8.4985,8.5357,172536,0,0.3019976498237486,8.46424,8.384310000000001,8.34093,8.418104650012495,8.54954731370856,8.13231268629144,0.717952116775416,70.44509471738802,195570.25,0.7789609931164353,-0.1146802410625505,1.9930934770399975,0.0030154255294561
2005-11-10,8.5528,8.5781,8.5056,8.5528,158264,0,0.2003350633222655,8.4931,8.40586,8.36333,8.430932778582733,8.561118798575983,8.165541201424016,0.6889807823515766,66.19693500088079,177427.1,0.8523796087283647,0.0,2.5847696496467565,0.002001346602414
2005-11-11,8.5279,8.5836,8.51,8.5748,167348,0,0.2572257038630621,8.53098,8.42909,8.379825,8.44463441871771,8.590625048686759,8.169024951313242,0.685591290171705,65.50422433938526,171533.75,0.864864864864874,0.5499595445537477,2.784537009289778,0.0025689544476904
2005-11-14,8.5224,8.5357,8.4869,8.5056,197738,0,-0.8070159070765581,8.535779999999999,8.45461,8.390365,8.450440664554119,8.60432141735255,8.176408582647449,0.6226633415809236,57.83949620539317,172367.7,0.5750038294312405,-0.1971275696986756,3.0931833608067283,-0.0081028990681091
2005-11-15,8.5056,8.5224,8.4384,8.4769,162350,0,-0.3374247554552179,8.529160000000001,8.477810000000002,8.401304999999999,8.45296060126325,8.60907157423282,8.193538425767178,0.6461531687411911,58.875739644970515,172099.7,0.9954493742889604,-0.3374247554552158,2.8138606896384477,-0.0033799531662114
2005-11-16,8.4816,8.4816,8.2139,8.2504,415683,0,-2.671967346553572,8.472100000000001,8.46817,8.40112,8.433669115428655,8.609444307902796,8.192795692097205,1.0556159085711505,44.59106186978711,186749.55,3.259109558187945,-2.7259007734389664,-1.1549336272583366,-0.0270831329108006
2005-11-17,8.307,8.3337,8.2397,8.2702,181430,0,0.2399883642005162,8.41558,8.45434,8.40112,8.418100628244973,8.609444307902796,8.192795692097205,1.0222153051700638,45.58014427191596,186101.0,1.1408182336735706,-0.4429998796195919,-1.644764226675377,0.0023970085203104
2005-11-18,8.2192,8.3104,8.2192,8.3104,155854,0,0.48608256148579,8.3627,8.44684,8.398195,8.407843425554976,8.610037150519823,8.186352849480176,1.0409473887539924,53.916449086161805,186304.35,1.1095970410745428,1.1095970410745428,-0.8944117156009401,0.0048490499462592
2005-11-21,8.2886,8.3208,8.2449,8.2702,244994,0,-0.4837312283403783,8.315620000000001,8.4257,8.391589999999999,8.394734527883074,8.61099568432885,8.172184315671148,0.9502720332832282,51.57986761583624,190919.0,0.9205690790670688,-0.2219916511835503,-2.4924542539143446,-0.0048490499462593
2005-11-22,8.3006,8.3337,8.2541,8.2702,196257,0,0.0,8.274280000000001,8.401720000000001,8.384675,8.382874096656115,8.610461483908608,8.158888516091391,0.9332000738076134,44.51917572982257,190891.35,0.9643692225681904,-0.3662385851624994,-2.817861339600458,0.0
2005-11-23,8.3268,8.3268,8.2192,8.2397,206816,0,-0.3687939832168752,8.27214,8.372119999999999,8.378215,8.369238468403152,8.613111199023768,8.143318800976234,0.9104322381370994,37.357699221090336,191873.35,1.3091298423204167,-1.0460200797425334,-3.467788230607926,-0.0036947570484217
2005-11-25,8.2817,8.2886,8.2251,8.2504,82098,0,0.1298590968118018,8.268180000000001,8.34188,8.37387,8.357920519031424,8.615082778748564,8.132657221251437,0.9059732829422744,39.6978021978022,189834.9,0.7720270878165765,-0.3779417269401195,-3.5356842203722594,0.0012977485281112
2005-11-28,8.2287,8.3104,8.2287,8.3006,193853,0,0.6084553476194854,8.26622,8.31446,8.371775,8.352461421980813,8.614855561694489,8.12869443830551,0.938591368796827,35.144451739986735,194801.95,0.9928664309064574,0.8737710695492532,-3.1977422213929185,0.0060661173267211
2005-11-29,8.3208,8.3786,8.3006,8.3565,172165,0,0.6734452931113522,8.28348,8.29955,8.377080000000001,8.352846048458831,8.613548461010462,8.14061153898954,0.9695647890563944,37.9456572954296,192430.0,0.9396911066670024,0.4290452841073008,-1.7529627539503267,0.0067118778003993
2005-11-30,8.3337,8.397,8.2886,8.3689,207378,0,0.1483874827978182,8.30322,8.28875,8.383280000000001,8.354374996224657,8.611515285800058,8.155044714199944,0.9725442821614084,36.621751684311775,194394.5,1.3078203797987549,0.4223814152177265,-1.2740506553103217,0.0014827749736219
2005-12-01,8.3627,8.42,8.3268,8.4085,244625,0,0.4731804657720939,8.33698,8.30456,8.386365000000001,8.359529758488975,8.614191714158446,8.158538285841557,0.3925397948022761,38.82954017649795,200315.5,1.1192775135706334,0.5476700108816511,1.9162707262678105,0.0047206448602028
2005-12-02,8.4491,8.4648,8.3786,8.4552,133805,0,0.5553903787833603,8.37794,8.32306,8.3887,8.368641210061453,8.61843122052571,8.15896877947429,0.4092564106530801,41.08261258574408,196081.05,1.028811495953976,0.0721970387378536,2.2369471113153017,0.0055385377323327
2005-12-05,8.4491,8.4985,8.4245,8.4985,186247,0,0.5121108903396676,8.41752,8.34187,8.394355000000001,8.381008713865125,8.629254140506195,8.159455859493807,0.4111991169358227,49.449356289747215,196923.95,0.8783904089263439,0.5846776579754096,2.263428956488256,0.0051080406222685
2005-12-06,8.4714,8.4816,8.4288,8.4597,204966,0,-0.4565511560863711,8.43816,8.36082,8.393260000000001,8.388503122068446,8.626646026731908,8.159873973268095,0.4060527871400896,48.68662186927301,196692.35,0.6264236902050055,-0.1381117642892483,2.2913593383472985,-0.0045759653388008
2005-12-07,8.4769,8.4769,8.3147,8.3337,292993,0,-1.4894145182453244,8.43112,8.36717,8.384445,8.383283777109547,8.612523015046149,8.15636698495385,0.6797268704935377,57.51398159841237,198870.0,1.9507619036164905,-1.689296794818863,0.7678169814514746,-0.0150061767643487
2005-12-08,8.3268,8.3689,8.2638,8.3689,276869,0,0.4223814152177318,8.4232,8.380090000000001,8.376104999999999,8.381913893575305,8.59281021791989,8.159399782080108,0.6678052805883407,58.66245392311737,204086.65,1.271811999322348,0.5055963875678481,1.5680182530917408,0.0042149188883454
2005-12-09,8.3147,8.4384,8.3147,8.4288,143259,0,0.7157451994885822,8.417919999999999,8.397929999999999,8.369905,8.386379237044324,8.571922356992758,8.16788764300724,0.6904072420177161,60.04411265693934,203336.4,1.4877265565805078,1.3722683921247976,2.1623194026956227,0.0071319590063053
2005-12-12,8.4714,8.5279,8.4384,8.5224,226469,0,1.110478359908873,8.4227,8.42011,8.367284999999999,8.399333595421055,8.559221275335064,8.175348724664934,0.7386558902530085,69.61729931549455,206292.45,1.0606276071293257,0.6020256392095776,2.6720959930607524,0.0110435781880805
2005-12-13,8.4769,8.4769,8.3786,8.4439,194222,0,-0.9211020369848888,8.419540000000001,8.42885,8.3642,8.403578014904763,8.548611587716811,8.17978841228319,0.809739174572386,62.04075973935936,206116.65,1.173227030768864,-0.3892932557892773,1.0458924190749563,-0.0092537041274669
2005-12-14,8.42,8.4439,8.3732,8.413,228502,0,-0.3659446464311378,8.4354,8.43326,8.361005,8.404475346818595,8.539308259999196,8.182701740000805,0.8230478671786741,62.006373839545624,209424.25,0.8443605789900952,-0.0831353919239866,0.5269509732461986,-0.0036661586187071
2005-12-15,8.4288,8.4288,8.3786,8.3854,154012,0,-0.3280637109235651,8.4387,8.430950000000001,8.367754999999999,8.402658647121585,8.538488802961535,8.197021197038463,0.8168597910544064,59.138911454102384,196340.7,0.5991454419592801,-0.5149012908124537,-0.2747220074924117,-0.0032860301975643
2005-12-16,8.4245,8.4245,8.3268,8.3268,185502,0,-0.6988336871228573,8.4183,8.41811,8.370585000000002,8.395434014062387,8.5363132528403,8.204856747159704,0.8142134652442489,51.75368139223568,196544.3,1.173319882788102,-1.159712742595996,-1.518592108998007,-0.0070128696597457
2005-12-19,8.3208,8.3425,8.2397,8.2817,215715,0,-0.5416246337128228,8.370160000000002,8.396429999999999,8.369150000000001,8.384602203199302,8.537547980985595,8.200752019014407,0.7867376490007121,44.91985873403966,199537.35,1.2476182385281045,-0.4699067397365574,-2.551038418544438,-0.005430967378573
2005-12-20,8.2948,8.3268,8.1847,8.2638,316156,0,-0.2161391984737526,8.334140000000001,8.37684,8.368829999999999,8.373097231466035,8.538042045110714,8.199617954889284,0.7835711348910096,42.914925171902354,203095.45,1.736166261439039,-0.3737281188214373,-2.3156849533671364,-0.0021637311635894
2005-12-21,8.2397,8.413,8.2192,8.3854,289107,0,1.47147801253662,8.32862,8.382010000000001,8.37459,8.374268923707366,8.537386959754434,8.211793040245565,0.8141444125622068,48.597790457690934,207737.95,2.357893712283428,1.7682682621940302,0.6203727036010465,0.0146075682019082
2005-12-22,8.413,8.4288,8.3627,8.4085,189955,0,0.275478808405083,8.33324,8.385969999999999,8.38303,8.377529026211427,8.533410879243766,8.232649120756234,0.8082803552827751,47.081614798150255,206894.9,0.790414579023527,-0.0534886485201494,0.4731804657720939,0.0027510006095554
2005-12-23,8.4769,8.5279,8.413,8.5224,148629,0,1.354581673306754,8.37236,8.39533,8.39663,8.391326261810338,8.545699056410005,8.247560943589995,0.8880422618319549,51.37245894108186,210221.45,1.3657434922144354,0.5367528223760899,1.110478359908873,0.013454892334183
2005-12-27,8.4648,8.5412,8.4384,8.5224,193478,0,0.0,8.4205,8.395330000000001,8.407720000000001,8.403809474971258,8.559681970311896,8.255758029688106,0.8161121112388812,53.7684817886765,210202.7,1.218240424725069,0.6804649844059988,0.0,0.0
2005-12-28,8.4384,8.4931,8.4245,8.4597,123426,0,-0.7357082511968427,8.45968,8.39691,8.41288,8.409132382116852,8.56452710558266,8.261232894417338,0.7946099885341139,58.1967213114754,207765.75,0.8142916493560448,0.2524175199089886,0.1871173273013671,-0.0073842793183825
2005-12-29,8.4085,8.4597,8.3732,8.3906,211454,0,-0.8168138350059806,8.460719999999998,8.39467,8.413965000000001,8.407367393343819,8.56459429434811,8.263335705651892,0.8309963207750847,51.35202492211833,207969.55,1.033057851239659,-0.2128798239876424,-0.2662546059669646,-0.0082016803675429
2005-12-30,8.42,8.4343,8.3425,8.397,179205,0,0.0762758324792223,8.45842,8.39583,8.41339,8.40638002254917,8.56419482890502,8.26258517109498,0.8243444013138078,47.87716955941251,204698.55,1.1003895714713936,-0.2731591448931079,0.1383356786796019,0.0007624675725009
2006-01-03,8.42,8.5056,8.3468,8.4816,192368,0,1.0075026795284048,8.45026,8.41131,8.41471,8.41354382992544,8.567504762930431,8.261915237069568,0.8362520877001619,47.24324324324331,207626.7,1.9025255187616736,0.7315914489311203,1.8590575010808408,0.0100246120499784
2006-01-04,8.5163,8.5963,8.51,8.5781,212198,0,1.137757026976027,8.4614,8.440949999999999,8.41869,8.429215846123016,8.584285167740386,8.253094832259613,0.8421652619271833,58.852242744063325,208924.25,1.0141010575793137,0.7256672498620277,3.5789753311517902,0.0113133325044075
2006-01-05,8.6061,8.6269,8.5163,8.5279,209414,0,-0.5852111773003155,8.47504,8.46736,8.4221,8.438614336968444,8.593941910211923,8.250258089788078,0.8773496921772687,57.39096873793906,209146.65,1.2986860491058303,-0.908657812481832,3.195866308477946,-0.0058693024798736
2006-01-06,8.5781,8.589,8.5056,8.5357,210157,0,0.091464487153936,8.504059999999999,8.482389999999999,8.4322,8.447860590590496,8.605900286337423,8.258499713662577,0.7788538222795657,59.920792079207914,205004.85,0.9805304740406442,-0.4942819505484768,1.792401078064243,0.0009142268388004
2006-01-09,8.5647,8.6233,8.5412,8.6061,173646,0,0.8247712548472785,8.54588,8.50215,8.44406,8.462931010534259,8.631416753983345,8.256703246016656,0.8052174167646678,68.15286624203821,199843.7,0.961223247318884,0.4833794528704968,2.350002973181886,0.008213886034299
2006-01-10,8.5963,8.6233,8.51,8.5224,226094,0,-0.9725659706487312,8.55404,8.50215,8.44874,8.468594723816711,8.639143100372857,8.258336899627144,0.7817868968974596,64.89664562445842,203985.45,1.3313748531139908,-0.8596721845445142,0.0,-0.0097732628341872
2006-01-11,8.5528,8.5692,8.4931,8.5279,168277,0,0.0645358115085148,8.544,8.502699999999999,8.449015,8.474242845357976,8.639881371276418,8.25814862872358,0.7820280306959844,66.59962287869273,201075.85,0.8960214762572003,-0.2911327284631794,0.0645358115085148,0.0006451499610878
2006-01-12,8.5528,8.6061,8.51,8.6061,175315,0,0.9169901147996428,8.55964,8.51734,8.457125,8.486800669609597,8.660453335716593,8.253796664283406,0.7817474279945313,64.67225103044808,200130.5,1.129259694477084,0.6231877279955117,1.73055782119933,0.0091281128730993
2006-01-13,8.6269,8.6764,8.5963,8.6492,170861,0,0.5008075667259471,8.58234,8.5432,8.468935,8.502267272503921,8.688279826100043,8.249590173899957,0.703199014062215,65.58735915036918,197248.45,0.9317962379163108,0.2584937810801252,3.0820203561128023,0.0049955769685651
2006-01-17,8.6855,8.7091,8.6061,8.634,177543,0,-0.1757387966517143,8.58792,8.5669,8.481365,8.514813246551167,8.708804285362778,8.253925714637223,0.7167414641040009,58.28630828630837,198425.0,1.1968255074888714,-0.5929422600886419,2.8224365844944588,-0.0017589339843171
2006-01-18,8.6061,8.661,8.5963,8.6401,135651,0,0.070650914987258,8.61146,8.58275,8.497029999999999,8.5267453183082,8.722796344981552,8.271263655018446,0.6710021572222152,58.66077998528338,195932.45,0.7526493956702326,0.395068614122549,1.8687511790228315,0.0007062596897734
2006-01-19,8.5781,8.67,8.5528,8.6401,200709,0,0.0,8.6339,8.58895,8.514949999999999,8.537541002278846,8.725107379624268,8.30479262037573,0.582576998600061,64.6238651102465,195182.15,1.3703114769432283,0.7227707767454468,0.7227707767454516,0.0
2006-01-20,8.6061,8.6401,8.6008,8.634,169016,0,-0.0706010347102492,8.63948,8.59956,8.533460000000002,8.546727573490385,8.713537917638629,8.353382082361374,0.5390190151921804,71.97544239797776,187825.15,0.4569342386754811,0.3241886568829168,1.2441515496194766,-0.0007062596897735
2006-01-23,8.6187,8.67,8.6125,8.6555,155487,0,0.2490155200370658,8.64074,8.61154,8.546965,8.557086852205586,8.720690473391999,8.373239526608002,0.5402300507160407,72.71928282650737,181144.15,0.6676342525399037,0.4269785466485607,1.4035169933338754,0.0024870599013614
2006-01-24,8.6233,8.6983,8.5836,8.6764,196810,0,0.2414649644734368,8.64922,8.61857,8.56036,8.568450009138386,8.73040637633679,8.390313623663209,0.4870447160867107,69.2794932699921,181486.9,1.336269164453133,0.6157735437709324,0.8168624580239481,0.0024117390626966
2006-01-25,8.6465,8.7525,8.6465,8.7212,191810,0,0.5163431838089538,8.66544,8.63845,8.5703,8.582997627315683,8.753719209233381,8.386880790766618,0.3313968672717009,65.77728776185236,183645.95,1.2259295668767696,0.8639333834499506,2.3326762414343394,0.005150147034412
2006-01-26,8.7091,8.8237,8.7091,8.7212,263352,0,0.0,8.681659999999999,8.65778,8.58024,8.596159758047522,8.77398574114167,8.38649425885833,0.3356078903839163,73.96479047855183,187139.65,1.315865014754695,0.1389351368109244,2.2666776111351927,0.0
2006-01-27,8.7212,8.7608,8.6401,8.6401,135100,0,-0.9299179012062452,8.68288,8.661179999999998,8.58926,8.600344542995376,8.776049399000467,8.402470600999532,0.4119301023424525,60.95258078052876,187723.35,1.396974572053557,-0.9299179012062478,0.3950686141225512,-0.0093426863086966
2006-01-30,8.6764,8.6764,8.4931,8.5056,295773,0,-1.556694945660364,8.652899999999999,8.64682,8.595009999999998,8.591321253186292,8.76209067890443,8.427929321095567,0.618400284681234,40.70649158498242,191939.3,2.158222557134605,-1.9685583882716315,-1.6602691578411988,-0.0156893867263249
2006-01-31,8.4931,8.5748,8.4816,8.5455,151221,0,0.4691027088036259,8.62672,8.63797,8.602435,8.586957324311408,8.743663777073554,8.461206222926446,0.6500312450851495,52.32441135037243,190540.1,1.0988492737219333,0.6169714238617283,-1.0250173731758183,0.0046800585096885
2006-02-01,8.5455,8.634,8.5357,8.634,158632,0,1.0356327891872796,8.609280000000002,8.63736,8.610055000000001,8.591437579138892,8.7398121898424,8.480297810157602,0.743291440884401,59.14812898775648,188853.3,1.1516337265836434,1.0356327891872892,-0.0706010347102492,0.0103030685268627
2006-02-02,8.6061,8.67,8.589,8.6465,206453,0,0.1447764651378191,8.594339999999999,8.638,8.613475,8.596681619220902,8.743291548697753,8.483658451302245,0.7447986784552911,53.92843251653053,188566.05,0.9430667132378566,0.4694344708985486,0.074073216745174,0.0014467176505539
2006-02-03,8.6764,8.6764,8.6008,8.67,177914,0,0.2717862719019193,8.60032,8.6416,8.62058,8.603664322152245,8.746161570890695,8.494998429109305,0.748546621555916,52.102709260008034,186991.05,0.8789880011161714,-0.0737633119726994,0.4169562195969423,0.0027141760086105
2006-02-06,8.6855,8.7248,8.6555,8.7248,182724,0,0.632064590542103,8.644160000000001,8.648530000000001,8.630035,8.61520105337584,8.757173735246209,8.50289626475379,0.7696968186240764,58.49868962935227,185619.4,0.8006469874646195,0.4524782683783407,0.800646987464626,0.0063007543972096
2006-02-07,8.7046,8.7212,8.6492,8.67,168832,0,-0.6280946268109266,8.669059999999998,8.64789,8.633230000000001,8.620420000673379,8.761045971327222,8.50541402867278,0.7983234767561487,52.5647623949219,185378.7,0.8324469315081068,-0.3974909817797405,-0.0737633119726965,-0.0063007543972095
2006-02-08,8.6655,8.6918,8.5836,8.6401,210353,0,-0.3448673587081896,8.67028,8.639779999999998,8.639115,8.622294286323534,8.75579867089116,8.52243132910884,0.782182634722032,50.0,184591.65,1.260543361759635,-0.2931163810512887,-0.9299179012062452,-0.0034546339693912
2006-02-09,8.6061,8.6492,8.5836,8.634,152893,0,-0.0706010347102492,8.66778,8.63106,8.64442,8.623409116197482,8.748814143816414,8.540025856183586,0.7815921941047055,50.0,183822.45,0.7642481010298695,0.3241886568829168,-0.9998624042562908,-0.0007062596897735
2006-02-10,8.67,8.6855,8.5963,8.6233,175131,0,-0.1239286541579787,8.65844,8.629380000000001,8.645280000000001,8.623398724178674,8.748623058738737,8.541936941261266,0.7258012066552041,47.32558139534887,183813.25,1.0376557356071794,-0.5386389850057615,-0.1944421939560903,-0.001240055092181
2006-02-13,8.6492,8.6492,8.5836,8.6269,152893,0,0.0417473588997019,8.63886,8.64151,8.644165,8.6237321790188,8.747810738227077,8.540519261772921,0.4851848248304798,45.76706003078501,182914.85,0.7642481010298695,-0.2578273135087791,1.4261192626034536,0.0004173864711436
2006-02-14,8.5836,8.6465,8.5836,8.6269,202930,0,0.0,8.630239999999999,8.64965,8.643809999999998,8.624033876255105,8.747650787037829,8.539969212962168,0.4726421812779122,41.266901278014394,184184.2,0.7327927676033257,0.5044503471736633,0.9525481247439904,0.0
2006-02-15,8.6061,8.67,8.5963,8.6555,179568,0,0.3315211721475863,8.633320000000001,8.6518,8.64458,8.627030649945095,8.748533281004416,8.540626718995583,0.354853616530852,44.22163588390504,186380.05,0.8573456021776875,0.5740114569898134,0.2490155200370658,0.0033097285223985
2006-02-16,8.6655,8.6818,8.6269,8.6492,139731,0,-0.0727860897695054,8.63636,8.65207,8.645035,8.62914201661699,8.748985378344184,8.541084621655816,0.3533905316630956,50.92161231517117,183331.15,0.6363815507308735,-0.18810224453291,0.0312265078355578,-0.0007281259170442
2006-02-17,8.6655,8.6764,8.634,8.6492,147150,0,0.0,8.64154,8.649989999999999,8.645795,8.631052300748706,8.749627871278314,8.541962128721686,0.3407038246672241,69.98886414253914,182237.85,0.4910817697474969,-0.18810224453291,-0.2399077277969952,0.0
2006-02-21,8.6061,8.6764,8.5836,8.6555,272976,0,0.07283910650695,8.64726,8.64306,8.645795,8.633380653058353,8.749627871278314,8.541962128721686,0.2566798770656121,66.89189189189192,188112.3,1.0811314599934605,0.5740114569898134,-0.7942875481386391,0.0007281259170441
2006-02-22,8.6269,8.7212,8.6233,8.7212,212748,0,0.7590549361677468,8.666120000000001,8.64818,8.648035,8.641744400386129,8.756478441965234,8.539591558034767,0.2986135978350503,64.39894319682958,188909.2,1.1352962323008502,1.0930925361369728,0.5905420991926036,0.0075618860971088
2006-02-23,8.7212,8.7955,8.6818,8.7892,155117,0,0.7797092143283058,8.69286,8.66309,8.651435,8.655787790825546,8.773006417606897,8.529863582393101,0.3385764787662224,69.9134803237511,187074.55,1.309636250547118,0.7797092143282991,1.7256744713602723,0.0077668519092187
2006-02-24,8.7525,8.7955,8.7498,8.7955,113424,0,0.071678878623782,8.72212,8.67924,8.65515,8.669093715508827,8.789560753015968,8.520739246984034,0.3301448405868866,68.39636470243344,179578.15,0.5222976525177727,0.4912882033704774,1.8705119295807204,0.0007165320158485
2006-02-27,8.8068,8.8068,8.7212,8.7608,176056,0,-0.3945199249616338,8.744439999999999,8.69299,8.661185,8.67782764736513,8.803364786482513,8.519005213517486,0.3673595440356212,55.607476635513954,181625.95,0.9815163050956432,-0.5223236589907929,1.5945171801978295,-0.0039530020774108
2006-02-28,8.7782,8.8135,8.7672,8.8024,124348,0,0.474842480138804,8.77382,8.71054,8.676025,8.689691680949403,8.81163446830785,8.54041553169215,0.3774025099824281,71.50747238466543,173054.7,0.5281047540833866,0.2756829418331827,2.0343344654511153,0.0047371865941535
2006-03-01,8.7955,8.8237,8.7828,8.7892,168448,0,-0.1499591020630908,8.787420000000001,8.72677,8.68821,8.699168663716128,8.818112374679481,8.558307625320518,0.3891281567273624,75.60975609756062,173916.05,0.4656829257184565,-0.0716275368086101,1.881324693690667,-0.0015007165325912
2006-03-02,8.7892,8.8237,8.7828,8.8135,109893,0,0.2764756746916674,8.79228,8.74257,8.697185,8.71005736240983,8.835826776570142,8.558543223429856,0.3872451472690877,79.01713546718362,171479.1,0.4656829257184565,0.2764756746916694,1.8254289180289929,0.0027609418368963
2006-03-03,8.8024,8.8376,8.7553,8.7672,157338,0,-0.5253304589549979,8.78662,8.754369999999998,8.70322,8.715499518370798,8.843074836018971,8.563365163981029,0.4427576252355094,70.86111916497535,169023.35,0.9400020558975712,-0.3998909388348595,1.364288026638305,-0.0052671517108255
2006-03-06,8.7828,8.8179,8.7322,8.7433,116382,0,-0.2726069896888505,8.78312,8.76378,8.706885,8.718147183287865,8.8469159931859,8.566854006814099,0.4601451762016604,65.93647316538875,165946.75,0.981425070428978,-0.449742678872345,1.0879618924293455,-0.0027297923921571
2006-03-07,8.7782,8.8237,8.7091,8.7955,133622,0,0.5970285818855725,8.78174,8.77778,8.710420000000001,8.72551411821283,8.855821782367986,8.565018217632016,0.4847404950645115,70.19645424053662,163491.65,1.315865014754695,0.1970791278394265,1.6174686615446854,0.0059525342819349
2006-03-08,8.8135,8.8329,8.7672,8.7828,174935,0,-0.1443920186459002,8.780460000000001,8.78394,8.71606,8.730969916478275,8.863595450155644,8.568524549844357,0.4434567061768579,65.85305105853035,163796.8,0.7493840678894019,-0.348329267600834,0.706324817685644,-0.0014449636437784
2006-03-09,8.7498,8.7525,8.6401,8.6555,114157,0,-1.4494238739354182,8.74886,8.770570000000001,8.71683,8.723782305385106,8.862849178264534,8.570810821735465,0.5853494553504499,50.602870813397075,158987.0,1.3009108690871538,-1.0777389197467426,-1.5211850907932425,-0.0146003063783975
2006-03-10,8.6555,8.7046,8.6555,8.6764,150861,0,0.2414649644734368,8.7307,8.75866,8.71895,8.719269704872238,8.861085213607906,8.576814786392093,0.5949301323897228,52.502760397497106,158885.4,0.5672693662988765,0.2414649644734475,-1.3541015291910763,0.0024117390626966
2006-03-13,8.6855,8.7608,8.6818,8.7368,141031,0,0.6961412567424441,8.729400000000002,8.756260000000001,8.724625,8.720939256789167,8.859561302711576,8.589688697288423,0.6402418822261423,56.80334728033472,157180.4,0.9099495496325511,0.5906395716999739,-0.2739475846954553,0.0069372938040377
2006-03-14,8.7145,8.7955,8.6855,8.7322,267230,0,-0.052650856148706,8.71674,8.749239999999999,8.729890000000001,8.722011708523532,8.85674663520184,8.603033364798161,0.6156908075659362,51.025354213273765,162897.25,1.266478613781604,0.2031097595960913,-0.7975097700627098,-0.0005266472157903
2006-03-15,8.7368,8.7955,8.7145,8.7782,169016,0,0.5267859187833457,8.715819999999999,8.74814,8.737455,8.727362974378433,8.856240263572971,8.61866973642703,0.6435065668080571,48.930793157076295,161201.55,0.9294853405244284,0.4738577053383325,-0.1251535975970386,0.0052540325542047
2006-03-16,8.7718,8.8376,8.7718,8.7828,160113,0,0.0524025426624996,8.74128,8.745070000000002,8.74382,8.732642691104298,8.857654128635042,8.629985871364957,0.6362581199966756,48.761458942851526,160228.8,0.750131101940302,0.1254018559474592,-0.3483292676008331,0.0005238881732485
2006-03-17,8.844,8.844,8.7718,8.8135,205337,0,0.3495468415539493,8.768699999999999,8.7497,8.752035000000001,8.740343387189602,8.860715241268128,8.643354758731874,0.6210146699302714,55.17987025751911,163509.1,0.8230921817642752,-0.3448665762098595,0.5281047540833805,0.0034893734648264
2006-03-20,8.7892,8.8505,8.7608,8.8291,133805,0,0.1770011913541758,8.78716,8.758280000000001,8.76103,8.74879639793345,8.863473722162553,8.658586277837447,0.6108999792401494,52.76569297700433,162841.85,1.0238790977992942,0.4539662312838616,0.981322841490062,0.0017684472884526
2006-03-21,8.7955,8.8541,8.7892,8.8376,213309,0,0.0962725532613673,8.808240000000001,8.76249,8.770135,8.75725388384455,8.865189848986153,8.675080151013846,0.5855746861515715,55.06276150627622,159858.5,0.7384062258226177,0.4786538570860051,0.4786538570860088,0.0009622624096044
2006-03-22,8.844,8.8865,8.7955,8.8744,182167,0,0.4164026432515566,8.82748,8.77165,8.777795000000001,8.768410656811735,8.88061964326779,8.674970356732212,0.5917827535892903,56.2079510703364,158329.45,1.0346199761241464,0.3437358661239282,1.0429475793596543,0.0041553808663844
2006-03-23,8.8633,8.8744,8.7322,8.7498,242215,0,-1.4040385828900992,8.820879999999999,8.78108,8.775825000000001,8.766638213305855,8.879237650656387,8.672412349343615,0.5785598535103456,48.470464135021075,162684.35,1.6284556011085292,-1.2805614161768206,1.089480677026167,-0.0141398844768752
2006-03-24,8.7145,8.7525,8.6983,8.7498,264453,0,0.0,8.80814,8.788419999999999,8.77354,8.765034573943392,8.877141572839063,8.669938427160938,0.577498199805552,50.596439713709024,170235.8,0.6231102629249371,0.4050720064260855,0.8459729841870045,0.0
2006-03-27,8.7718,8.7718,8.7212,8.7212,159380,0,-0.3268646140483278,8.78656,8.78686,8.771560000000001,8.76085985261545,8.87767004020153,8.665449959798472,0.547177722859119,42.87358526760014,169402.0,0.5801953859560737,-0.5768485373583653,-0.1785550773738764,-0.0032739998336814
2006-03-28,8.7368,8.7782,8.7145,8.7672,179205,0,0.527450350869163,8.772480000000002,8.790360000000002,8.7698,8.761463676175884,8.874919300646514,8.664680699353486,0.5730591417230103,48.59358095924999,172144.85,0.7309656319926646,0.3479534841131788,0.4008153729873287,0.0052606420352895
2006-03-29,8.7672,8.8237,8.7433,8.7782,169942,0,0.12546765215804,8.753240000000002,8.790360000000002,8.769250000000001,8.763057611778182,8.87405655865371,8.664443441346293,0.5488381895190306,63.99726214921287,172219.55,0.9195612640536288,0.1254676521580348,0.0,0.0012538900727506
2006-03-30,8.7608,8.7892,8.7322,8.7553,102487,0,-0.2608735276024676,8.754340000000001,8.787609999999999,8.766340000000001,8.76231879160883,8.86918699724395,8.663493002756052,0.5545127650190986,58.95980013627081,171849.25,0.6527564645793569,-0.0627796548260389,-0.3131119916199854,-0.0026121439554135
2006-03-31,8.7498,8.7672,8.7145,8.7525,144554,0,-0.0319806288762269,8.75488,8.78151,8.765605,8.761383668598466,8.86863606276618,8.662573937233821,0.538390530497662,52.05121505095361,171210.05,0.604739227723926,0.0308578481793759,-0.6921200431156738,-0.0003198574376988
2006-04-03,8.6918,8.7608,8.6918,8.7608,161044,0,0.0948300485575481,8.7628,8.77468,8.76648,8.761328081112898,8.869009494601062,8.663950505398937,0.5348491987728375,53.700828157349775,173443.15,0.7938516762925868,0.7938516762925868,-0.7735782809119907,0.0009478511327285
2006-04-04,8.7368,8.8068,8.7368,8.7672,149553,0,0.0730526892521288,8.762800000000002,8.76764,8.765065,8.761887311483099,8.866685268906469,8.66344473109353,0.5340664191647093,48.41407151095745,174239.7,0.8012086805237647,0.3479534841131788,-0.7965963610029769,0.000730260187633
2006-04-05,8.7433,8.8068,8.7433,8.8068,144179,0,0.4516835477689662,8.768519999999999,8.76088,8.766265,8.76616471038947,8.869323701208236,8.663206298791765,0.5378036526887846,53.14300680984819,172701.9,0.726270401335894,0.726270401335894,-0.7617416388713494,0.004506665189835
2006-04-06,8.7672,8.7892,8.7525,8.7672,118608,0,-0.4496525412181484,8.770900000000001,8.76262,8.77185,8.766263309399996,8.8607714319083,8.6829285680917,0.3138070211739592,44.074737650371326,172924.45,0.4193087689231617,0.0,0.1988616882671712,-0.0045066651898349
2006-04-07,8.7608,8.7672,8.7046,8.7248,175315,0,-0.4836207683182825,8.765360000000001,8.76012,8.77427,8.762314422790473,8.854459541252623,8.694080458747376,0.3522025446973354,37.50898203592818,174147.15,0.7191599843760949,-0.4109213770431876,-0.2857208164758096,-0.0048479399773853
2006-04-10,8.7248,8.7433,8.67,8.7322,119725,0,0.0848156977810488,8.759640000000001,8.76122,8.774040000000001,8.759446382524713,8.854707019282918,8.693372980717085,0.3371318169815291,37.34390009606164,173081.85,0.8454440599769285,0.0848156977810438,0.1261294317295824,0.0008477974959313
2006-04-11,8.6855,8.6983,8.6233,8.6764,157158,0,-0.6390142232198248,8.741480000000001,8.75214,8.77125,8.751537203236644,8.861321725804853,8.681178274195148,0.3411734199620976,27.262287551676835,167578.25,0.869736643744266,-0.1047723216855691,-1.0356784378136918,-0.0064106465882474
2006-04-12,8.6187,8.661,8.589,8.661,164381,0,-0.177492969434323,8.71232,8.74042,8.76539,8.742914612452202,8.867943008629387,8.662836991370613,0.3319046526756916,36.38871857755987,167346.5,0.8382815228780902,0.49079327508788,-1.3351256521838215,-0.0017765067484361
2006-04-13,8.6818,8.6818,8.5593,8.5593,103231,0,-1.1742293037755314,8.67074,8.72082,8.754214999999999,8.725427506504372,8.891580195545892,8.616849804454105,0.4683687658091022,27.74012619770997,164502.4,1.4311918030680135,-1.4109977193669572,-2.238644021335645,-0.0118117782400063
2006-04-17,8.5528,8.5781,8.413,8.4384,262786,0,-1.4124986856401844,8.61346,8.68941,8.73546,8.698091553503955,8.92948554796509,8.54143445203491,0.5921892760549006,22.818146866590013,167374.85,1.962439082372506,-1.3375736600879229,-3.588688946015417,-0.0142256939320707
2006-04-18,8.4343,8.4648,8.3732,8.413,289288,0,-0.3010049298445172,8.54962,8.654630000000001,8.714655,8.670939976979769,8.951019183545554,8.478290816454447,0.5710216381528999,14.55164131305058,175149.0,1.0939664644341431,-0.2525402226622256,-3.9699570815450618,-0.0030145886081539
2006-04-19,8.4288,8.5056,8.4245,8.4597,285766,0,0.5550933079757403,8.50628,8.62388,8.69576,8.650821883934077,8.950450436660502,8.441069563339498,0.6326729170692064,20.25032691948455,178771.85,0.9626684076206218,0.3666002277904214,-3.5073911853271356,0.0055355834277915
2006-04-20,8.4597,8.5528,8.4491,8.5056,127684,0,0.5425724316465041,8.475200000000001,8.59376,8.67732,8.636991228321307,8.93095346616308,8.42368653383692,0.6460540805770981,27.63747089378475,176047.7,1.2273496585435124,0.5425724316465077,-3.4200844801744235,0.0054110581002661
2006-04-21,8.5647,8.5692,8.5056,8.5357,152522,0,0.3538844996237911,8.470479999999998,8.57061,8.666615,8.627344444671659,8.925388676974189,8.407841323025812,0.6807023957499567,31.489071038251524,171563.05,0.7477426636568966,-0.3385991336532501,-2.6405237704170137,0.0035325980180045
2006-04-24,8.51,8.5692,8.5056,8.5647,155487,0,0.3397495225933467,8.495740000000001,8.5546,8.65736,8.621378307083882,8.91684611077323,8.397873889226771,0.7008392606743564,33.82813788553533,166114.75,0.7477426636568966,0.6427732079906042,-1.8349990830735408,0.003391736778208
2006-04-25,8.5781,8.5836,8.5056,8.5163,159748,0,-0.5651102782350925,8.516399999999999,8.533009999999999,8.647115,8.61137084926637,8.912109588028168,8.382120411971831,0.7033939492430609,30.64939071417551,166133.15,0.9170428893905332,-0.7204392581107688,-2.4724582579418897,-0.0056671306757166
2006-04-26,8.5056,8.51,8.4714,8.5056,143259,0,-0.1256414170473063,8.52558,8.515929999999999,8.634035,8.601297435050526,8.899895860126831,8.36817413987317,0.6902810712434503,25.68614788505002,164335.85,0.4556507779115688,0.0,-1.968558388271635,-0.0012572041204958
2006-04-27,8.4816,8.5357,8.4769,8.5224,100258,0,0.1975169300225676,8.52894,8.50207,8.621244999999998,8.593783393617143,8.882475541254696,8.360014458745301,0.701521543451558,29.483741200134048,160851.65,0.6936498012245012,0.4810413129598078,-1.6002771042604835,0.0019732212181162
2006-04-28,8.5412,8.5748,8.51,8.5647,109527,0,0.4963390594198813,8.53474,8.50261,8.611715,8.591013546605986,8.866172857331833,8.357257142668168,0.6279402138662029,36.5800502933781,161203.65,0.7614571092831959,0.275136983093714,0.0630892713189057,0.004951113578096
2006-05-01,8.5647,8.589,8.5297,8.5692,98220,0,0.0525412448772355,8.535639999999999,8.51569,8.602549999999999,8.588936065976844,8.848726646034194,8.356373353965804,0.3826878014256298,36.270215633423206,158886.95,0.695217885740417,0.0525412448772306,1.5500568828213934,0.0005252744679807
2006-05-02,8.5528,8.5748,8.5163,8.5455,155854,0,-0.2765719086962548,8.541480000000002,8.52894,8.591785,8.584799297788573,8.827428756771273,8.356141243228727,0.3795206826630003,38.34372217275168,158627.45,0.6869180277820232,-0.0853521653727314,1.5749435397598877,-0.0027695507545046
2006-05-03,8.5455,8.5781,8.5224,8.5357,155854,0,-0.114680241062548,8.547500000000001,8.53654,8.58021,8.58012317418966,8.801903671063227,8.358516328936771,0.3600687844151264,38.72998740780724,158942.5,0.6535717638223959,-0.1146802410625505,0.8983770110051248,-0.001147460491684
2006-05-04,8.51,8.5692,8.5056,8.5528,170861,0,0.2003350633222655,8.55358,8.54126,8.56751,8.577520967123979,8.761978711053903,8.373041288946098,0.3270280657380789,49.31041799278582,160276.6,0.7477426636568966,0.5029377203290215,0.5549285176824625,0.002001346602414
2006-05-05,8.5528,8.6187,8.5528,8.6061,132133,0,0.6231877279955222,8.56186,8.5483,8.559455,8.580242779778837,8.731104158398656,8.387805841601343,0.363368304277046,70.77037404012877,160952.85,0.7705079038443663,0.6231877279955117,0.8247712548472785,0.006212539431885
2006-05-08,8.6008,8.7433,8.589,8.7046,212564,0,1.1445370144432363,8.58894,8.562289999999999,8.558445,8.592086324561805,8.726191054624618,8.390698945375384,0.4927109439430182,80.57885906040252,162815.3,1.7964838747234744,1.2068644777229989,1.6334489240720451,0.0113803674122513
2006-05-09,8.6764,8.6764,8.634,8.6465,174935,0,-0.6674631803873732,8.60914,8.575309999999998,8.55416,8.597268579365442,8.706927224371347,8.401392775628652,0.5102726713246312,69.13150348217938,165575.8,0.4910817697474969,-0.3446129731224885,1.5288329438840842,-0.0066970067774494
2006-05-10,8.661,8.6818,8.5963,8.6465,210715,0,0.0,8.6313,8.589400000000001,8.552665,8.601957286092544,8.70091374225088,8.40441625774912,0.5041594386101137,65.92810309744516,168253.65,0.9946139618208004,-0.1674171573721274,1.6565556809631232,0.0
2006-05-11,8.661,8.6855,8.6061,8.6125,157338,0,-0.3932226912623515,8.64324,8.59841,8.550239999999999,8.60296135408373,8.692492679560441,8.407987320439556,0.5337422306750641,58.60600627521297,167901.5,0.922601410627342,-0.5599815263826219,1.0572139303482777,-0.0039399784440627
2006-05-12,8.5748,8.6008,8.5528,8.5781,156041,0,-0.3994194484760682,8.637640000000001,8.59975,8.551179999999999,8.600593606075755,8.693932337615736,8.40842766238426,0.5362077705816434,51.48361381753752,170542.0,0.5612197175194094,0.0384848626206957,0.1564561514121765,-0.0040021925839648
2006-05-15,8.5647,8.5836,8.5528,8.5748,176991,0,-0.0384700574719287,8.61168,8.60031,8.558,8.598137072163778,8.690748214379976,8.425251785620024,0.5363084344771586,57.19557195571962,166252.25,0.3601159854082996,0.1179259051688857,0.0653503244176789,-0.0003847745909687
2006-05-16,8.5781,8.5836,8.5455,8.5748,174770,0,0.0,8.597339999999999,8.60324,8.566089999999999,8.595914493862466,8.680018138015141,8.452161861984857,0.5270644109027314,58.7417887822133,160526.35,0.4458486922941902,-0.0384700574719275,0.3428705166461876,0.0
2006-05-17,8.5748,8.5748,8.5056,8.5224,241107,0,-0.6110929700984369,8.57252,8.60191,8.569225,8.588913113494613,8.673901561997406,8.464548438002593,0.5648046272610339,50.0,158293.4,0.8135816403310804,-0.6110929700984331,-0.155816160361788,-0.0061296778499928
2006-05-18,8.4985,8.5781,8.4985,8.5781,264643,0,0.6535717638223915,8.565639999999998,8.60444,8.572849999999999,8.587883293161791,8.673180433017558,8.47251956698244,0.6009579762200693,51.50629496402866,165141.35,0.9366358769194472,0.9366358769194472,0.295809559442528,0.0065144524409614
2006-05-19,8.589,8.6465,8.5781,8.6269,323759,0,0.5688905468576921,8.575399999999998,8.60652,8.577409999999999,8.591599170003526,8.678914304290458,8.475905695709539,0.5952326529600949,55.89858924555294,173703.2,0.7973793730546446,0.4412620794038736,0.241689034522019,0.0056727847564362
2006-05-22,8.661,8.7368,8.6465,8.7368,274459,0,1.2739222663993075,8.607800000000001,8.60974,8.586015,8.605427820479381,8.709731607828727,8.462298392171272,0.6230121403074341,66.6261081175039,179651.8,1.0443532064997505,0.8751876226763766,0.3699193529858036,0.0126587613891332
2006-05-23,8.7368,8.8068,8.7322,8.8068,327649,0,0.8012086805237573,8.6542,8.62577,8.60054,8.624606123290869,8.754347034265301,8.4467329657347,0.61104953817674,71.32966168371364,188046.85,0.8543093378530063,0.8012086805237647,1.8539293355693152,0.0079801604554987
2006-05-24,8.8068,8.8237,8.7782,8.8024,285215,0,-0.0499613934686893,8.7102,8.64136,8.615379999999998,8.641538873453644,8.786873877134862,8.443886122865134,0.6129364589680771,70.03853564547208,195144.65,0.5183294980747823,-0.0499613934686878,1.8030416931706483,-0.0004997387833145
2006-05-25,8.8024,8.8179,8.7672,8.7892,212564,0,-0.1499591020630908,8.75242,8.65903,8.628719999999998,8.65560183788663,8.810932837955502,8.446507162044494,0.5921079986806728,65.71134374463693,200759.95,0.5782918149466086,-0.1499591020630874,2.0516690856313247,-0.0015007165325912
2006-05-26,8.7892,8.8179,8.7553,8.7955,146956,0,0.071678878623782,8.78614,8.680769999999999,8.64026,8.668925472373617,8.83425445895507,8.446265541044928,0.5563480753046284,59.26605504587161,202631.4,0.7149954884469951,0.0716788786237803,2.534360755878362,0.0007165320158485
2006-05-30,8.7955,8.8291,8.7718,8.8291,160676,0,0.3820135296458415,8.804599999999999,8.706199999999999,8.653255,8.684180189290416,8.861503035057401,8.445006964942598,0.5477810211205117,69.59227467811148,205754.2,0.6532296677990798,0.3820135296458399,2.965666837710512,0.0038128571095006
2006-05-31,8.8329,8.8633,8.8135,8.8291,198299,0,0.0,8.80906,8.73163,8.667435000000001,8.697982076024662,8.88327279752886,8.451597202471142,0.5477810211205117,69.59227467811148,207876.45,0.5650422647075642,-0.0430209783876193,2.965666837710512,0.0
2006-06-01,8.8291,8.9579,8.8291,8.9511,244811,0,1.381794293869132,8.8388,8.7745,8.688205,8.722088544974694,8.929153629379792,8.447256370620208,0.5444070278327674,80.55956678700326,212324.3,1.4588123364782368,1.381794293869136,5.030273162489451,0.013723345596169
2006-06-02,8.9692,9.0266,8.9399,8.9955,301154,0,0.4960284210879129,8.88006,8.81624,8.710339999999999,8.74812773116758,8.978693140469785,8.441986859530212,0.5415260892050259,87.0035460992906,218838.95,0.9698095056991738,0.2932257057485516,4.865879390541039,0.0049480225320442
2006-06-05,9.0495,9.0562,8.9729,8.9842,309119,0,-0.1256183647379227,8.9178,8.85197,8.729244999999999,8.770610804389715,9.019090341518533,8.439399658481467,0.572179594472742,85.78671328671298,227688.25,0.9283509233358364,-0.7215868280015535,4.141696321969657,-0.0012569733074318
2006-06-06,9.0372,9.0495,8.9626,8.9842,318948,0,0.0,8.948820000000001,8.87671,8.743224999999999,8.790952632543076,9.054262279031564,8.432187720968432,0.4945415755260358,85.78671328671298,233007.45,0.969584718720014,-0.5864648342407031,2.8317003937368357,0.0
2006-06-07,9.0266,9.0562,8.9626,9.0162,273714,0,0.3561808508270037,8.986239999999999,8.89765,8.761709999999999,8.812404762777069,9.091896747159828,8.43152325284017,0.461413514917134,94.76069615663494,237946.4,1.0443398121080976,-0.1152150311302221,2.3777081346232354,0.0035554802904934
2006-06-08,9.0012,9.0012,8.8237,8.9052,263900,0,-1.231117322153441,8.977059999999998,8.907929999999999,8.774645000000001,8.821242404417347,9.106094883327604,8.443195116672399,0.6538584495899901,76.94842642939527,240605.65,2.0116277751963487,-1.0665244634048805,1.1678633100063562,-0.0123875834956474
2006-06-09,8.9052,8.9147,8.8505,8.9052,214235,0,0.0,8.959,8.91953,8.78928,8.829238365901409,9.116404734619662,8.462155265380337,0.6487270413775923,74.93280774054828,243450.5,0.7253827467374678,0.0,1.319801574659829,0.0
2006-06-12,8.9099,8.9455,8.8291,8.8291,303745,0,-0.8545568881103249,8.927980000000002,8.922889999999999,8.801829999999999,8.829225188196514,9.113747297405954,8.489912702594044,0.7206105371422126,58.80221247377451,250835.7,1.3183676705439822,-0.9068564181416174,0.3820135296458415,-0.0085822916156274
2006-06-13,8.7672,8.8179,8.6187,8.6764,318564,0,-1.729508103883759,8.86642,8.90762,8.80691,8.814670408368274,9.106317428097537,8.507502571902464,0.8971463658576979,39.25864909390437,257914.35,2.31125343729332,-1.0356784378136867,-1.729508103883759,-0.0174463880689798
2006-06-14,8.6233,8.6555,8.5748,8.6061,227381,0,-0.810243879950201,8.784400000000002,8.88532,8.808475,8.794806559952248,9.103062475168748,8.513887524831253,0.9164003045370712,35.41388021994351,260544.9,0.9411298222699096,-0.1994596036320291,-2.525738750269002,-0.0081354419483059
2006-06-15,8.7433,8.8541,8.6818,8.8376,271313,0,2.689952475569668,8.77088,8.87397,8.824235,8.798882125671081,9.086313841291338,8.562156158708662,1.2189250402878686,52.71543985637348,262055.2,1.9846114860973516,1.0785401393066747,-1.268000580934192,0.0265440924268904
2006-06-16,8.6061,8.6187,8.5455,8.5647,2679582,0,-3.0879424278084544,8.70278,8.83089,8.823564999999999,8.77657906608336,9.08834783673901,8.558782163260988,1.5096115641597243,40.032820867161846,382802.15,0.856591188344742,-0.4810541360197933,-4.7890611972652986,-0.0313662416829814
2006-06-19,8.5528,8.6061,8.5528,8.589,449037,0,0.283722722337032,8.65476,8.79137,8.821670000000001,8.75871439312304,9.092844467824646,8.550495532175356,1.5257307412935115,39.547235524597305,389066.05,0.6231877279955117,0.4232532036292313,-4.398833507713529,0.0028332098911408
2006-06-20,8.5781,8.6061,8.5593,8.5647,390662,0,-0.2829200139713661,8.63242,8.749419999999999,8.813065,8.740236831873226,9.105655536775384,8.520474463224616,1.5193087363643856,38.727830832196446,394876.2,0.5467736847639326,-0.156211748522388,-4.6693083413102965,-0.0028332098911409
2006-06-21,8.5781,8.6061,8.5528,8.5647,399743,0,0.0,8.62414,8.70427,8.80096,8.72351903836149,9.11396213821362,8.487957861786379,1.5019513701015657,31.614008374571753,398480.9,0.6231877279955117,-0.156211748522388,-5.007652891462033,0.0
2006-06-22,8.5593,8.5836,8.5528,8.5692,293183,0,0.0525412448772355,8.57046,8.670670000000001,8.7893,8.708821987088967,9.119005010098718,8.459594989901284,1.487522855357282,28.914828370758784,398879.3,0.3601159854082996,0.11566366408468,-3.773076404797204,0.0005252744679807
2006-06-23,8.5692,8.5836,8.5528,8.5528,333953,0,-0.1913830929375026,8.56808,8.63543,8.77748,8.693962750223351,9.123734731907604,8.431225268092396,1.483403309091697,28.769685039370117,404948.75,0.3601159854082996,-0.191383092937507,-3.957238467412316,-0.0019156646437745
2006-06-26,8.5748,8.5781,8.5056,8.5056,378246,0,-0.5518660555607569,8.551400000000001,8.60308,8.762985,8.67602344067827,9.129729002354704,8.396240997645297,1.4760092722219924,27.49247554552298,416513.25,0.8523796087283647,-0.8070159070765544,-3.664020115300548,-0.0055339446204186
2006-06-27,8.5056,8.5224,8.4769,8.4869,317088,0,-0.2198551542513027,8.53584,8.58413,8.745875,8.658011684423196,9.13109598032714,8.360654019672861,1.3957061449791313,24.792837413087028,424333.85,0.5367528223760899,-0.2198551542513056,-2.184085565441874,-0.0022009719051342
2006-06-28,8.5279,8.5647,8.4931,8.5224,238325,0,0.4182917201805081,8.527379999999999,8.575759999999999,8.73054,8.645096285906702,9.126091220450643,8.334988779549354,1.3912388518033965,30.357142857142804,426335.15,0.8430372890935006,-0.0644941896598387,-0.9725659706487312,0.0041741931232506
2006-06-29,8.5056,8.5781,8.4769,8.5781,275208,0,0.6535717638223915,8.52916,8.549809999999999,8.71189,8.63871568724892,9.098732396304936,8.325047603695065,1.0453219447907798,34.12290068925341,427855.0,1.1938326510870556,0.8523796087283647,-2.936317552276646,0.0065144524409614
2006-06-30,8.5647,8.5647,8.5297,8.5455,268904,0,-0.3800375374500064,8.5277,8.54789,8.68939,8.629838002749024,9.058727796603598,8.3200522033964,0.3792720840112291,35.6274072572471,426242.5,0.4103309612295877,-0.2241759781428381,-0.2241759781428376,-0.0038076151493892
2006-07-03,8.5748,8.6061,8.5748,8.6061,126576,0,0.7091451641214608,8.547799999999999,8.549600000000002,8.670485000000001,8.62757724058245,9.014096085385797,8.326873914614206,0.4368394716333077,46.0704304080492,417115.35,0.365023090917571,0.365023090917571,0.1990918616835424,0.007066425542615
2006-07-05,8.6061,8.6061,8.5692,8.6061,174578,0,0.0,8.571639999999999,8.553740000000001,8.65158,8.625531789098407,8.962573684823353,8.340586315176646,0.4239588429037686,50.0,409896.85,0.4306119591093598,0.0,0.4833794528704915,0.0
2006-07-06,8.6125,8.6125,8.5692,8.5836,236661,0,-0.2614424652281455,8.58388,8.55563,8.62995,8.621538285374749,8.89020189821849,8.369698101781509,0.4352304049718051,29.35630689206752,408044.2,0.5052980441581517,-0.3355587808418014,0.2206732284843582,-0.0026178482288365
2006-07-07,8.6061,8.6061,8.5836,8.6061,204414,0,0.2621277785544329,8.58948,8.55932,8.614994999999999,8.620067972481916,8.840736216300558,8.38925378369944,0.4418131412848459,55.67434210526315,405069.9,0.2621277785544419,0.0,0.4306119591093615,0.0026178482288363
2006-07-10,8.6125,8.6125,8.5748,8.6061,273170,0,0.0,8.6016,8.56465,8.60004,8.6187376893884,8.77977246082358,8.42030753917642,0.4345768231463064,52.51101321585895,408016.65,0.4396604002425824,-0.0743105950653244,0.6231877279955222,0.0
2006-07-11,8.5692,8.5748,8.5056,8.5692,182167,0,-0.4287656429741604,8.59422,8.57101,8.587045,8.614019814208552,8.731083057470993,8.443006942529006,0.4165963330166791,50.63721325403573,401937.75,0.8135816403310804,0.0,0.7477426636568918,-0.0042968747881103
2006-07-12,8.6061,8.6061,8.5593,8.6008,182913,0,0.3687625449283471,8.593160000000001,8.5824,8.583265,8.612760784283928,8.721271243565921,8.44525875643408,0.4118150837252032,54.691967767091235,395155.2,0.5467736847639326,-0.0615842251426323,1.3420683641848008,0.0036808428279536
2006-07-13,8.6008,8.6008,8.5593,8.5781,154932,0,-0.2639289368430941,8.59206,8.58797,8.581865,8.609459757209269,8.719463367110942,8.44426663288906,0.4160039675829909,51.104492429883216,391532.75,0.4848527332842546,-0.2639289368430889,0.6535717638223915,-0.002642778433069
2006-07-14,8.5963,8.5963,8.5056,8.5528,229801,0,-0.2949371072848206,8.581399999999999,8.58544,8.567625,8.604063589856006,8.634623912010172,8.500626087989827,0.3730496236888694,50.0,389457.15,1.0663562829194884,-0.5060316647860111,-0.2949371072848206,-0.0029537290386591
2006-07-17,8.5224,8.5528,8.4491,8.5528,280950,0,0.0,8.57074,8.58617,8.567029999999999,8.599181343203053,8.634348882938001,8.499711117061997,0.3520724001227217,56.4728469555679,269525.55,1.2273496585435124,0.3567070308833217,0.08542507752618,0.0
2006-07-18,8.5528,8.5836,8.5224,8.5647,210353,0,0.1391357216350197,8.56984,8.58203,8.565815,8.595897405755144,8.63233674238959,8.499293257610411,0.2603299929663442,60.871995528228226,257591.35,0.7181075753309075,0.1391357216350281,-0.4810541360197984,0.0013903901757937
2006-07-19,8.51,8.5781,8.5056,8.5748,187727,0,0.1179259051688808,8.56464,8.5789,8.56632,8.593888129016559,8.632959346682995,8.499680653317004,0.2653634092401743,57.88206979542739,247444.6,0.8523796087283647,0.7614571092831959,-0.3636955182951595,0.0011785642718965
2006-07-20,8.5963,8.6061,8.5528,8.6061,218869,0,0.3650230909175711,8.57024,8.58115,8.568389999999999,8.595051164348316,8.637349084741905,8.499430915258094,0.2798113570633734,54.545454545454696,238400.9,0.6231877279955117,0.1140025359747827,0.2621277785544329,0.0036435849841944
2006-07-21,8.5836,8.6061,8.5279,8.5647,305599,0,-0.4810541360197984,8.57262,8.57701,8.568165,8.592160577267524,8.637142319689875,8.499187680310126,0.3075999223262275,53.03030303030302,239021.7,0.9169901147996452,-0.2201873339857444,-0.4810541360197984,-0.0048221492560911
2006-07-24,8.5528,8.6233,8.5528,8.5963,208483,0,0.3689562973600901,8.58132,8.57603,8.570339999999998,8.59255480800395,8.640017101879566,8.50066289812043,0.3348856510583444,48.29742876997908,232748.2,0.8242914601066422,0.5086053690019628,-0.1138727181882681,0.0036827732317946
2006-07-25,8.5781,8.6233,8.5692,8.6008,277058,0,0.0523481032537187,8.58854,8.57919,8.5751,8.593340064384526,8.6389157875205,8.511284212479502,0.301028948017726,49.09339719466299,227688.8,0.6313308126779634,0.2646273650342196,0.3687625449283471,0.0005233440641396
2006-07-26,8.6061,8.634,8.5836,8.6061,244994,0,0.0616221746814193,8.5948,8.579719999999998,8.58106,8.594555296347904,8.63093455421268,8.531185445787322,0.2782503405562815,54.089422028353205,224084.1,0.5871662239619714,0.0,0.0616221746814193,0.0006160319601566
2006-07-27,8.5963,8.6269,8.589,8.6061,240920,0,0.0,8.5948,8.582519999999999,8.585245,8.595654791933818,8.62792177662589,8.542568223374111,0.2617779063889108,50.0,224213.85,0.4412620794038736,0.1140025359747827,0.3264126088527774,0.0
2006-07-28,8.6061,8.6061,8.5781,8.6008,191627,0,-0.0615842251426301,8.60202,8.58732,8.58638,8.596144811749644,8.629462178511318,8.543297821488682,0.2386892116577421,48.97246994959284,220034.8,0.3264126088527817,-0.0615842251426323,0.5612197175194122,-0.0006160319601567
2006-07-31,8.6008,8.6233,8.5836,8.6125,203112,0,0.1360338573156205,8.60526,8.59329,8.58973,8.597702448725869,8.629737846599026,8.549722153400973,0.2390042294662246,59.303824666953254,216745.2,0.4625099026049658,0.136033857315612,0.6980170236647876,0.0013594141508959
2006-08-01,8.6125,8.634,8.6008,8.6269,237955,0,0.1671988388969314,8.610479999999999,8.59951,8.59077,8.600483167894833,8.633554606184154,8.547985393815845,0.2400706492863749,56.05568445475631,222314.15,0.3860106036647845,0.1671988388969336,0.7262367625252342,0.0016705921724714
2006-08-02,8.6187,8.67,8.6187,8.661,257962,0,0.3952752437144324,8.621459999999999,8.60813,8.593515,8.606246675714372,8.64631357553916,8.54071642446084,0.2609920803096122,68.26795945350393,226483.35,0.5952173761704138,0.49079327508788,1.0052712599710745,0.0039449608366591
2006-08-03,8.634,8.6764,8.634,8.67,275386,0,0.1039140976792474,8.63424,8.614519999999999,8.597835,8.612318420884431,8.660444778116569,8.535225221883431,0.2440882200506364,77.82526115859466,228419.6,0.4910817697474969,0.4169562195969375,0.7424966012479661,0.0010386014435427
2006-08-04,8.6855,8.7322,8.6764,8.7248,307638,0,0.632064590542103,8.659040000000001,8.630529999999998,8.60377,8.62303095222877,8.688333575585505,8.519206424414497,0.2147494223188377,82.40391861341388,233580.8,0.6431238762620605,0.4524782683783407,1.8693007344098511,0.0063007543972096
2006-08-07,8.7553,8.7553,8.6855,8.7091,366563,0,-0.1799468182651864,8.67836,8.64181,8.608920000000001,8.631228004397459,8.705738628046761,8.512101371953241,0.2321188718776233,76.82020802377403,238250.45,0.8036382476541448,-0.5276803764576964,1.3121924548933794,-0.0018010891704245
2006-08-08,8.7498,8.7718,8.7091,8.7718,283365,0,0.719936618020256,8.707339999999999,8.65891,8.619049999999998,8.644615813502462,8.738192241393318,8.499907758606678,0.2946590807033151,80.60907395898074,243310.35,0.7199366180202468,0.2514343184987113,1.988187145381848,0.0071735744588851
2006-08-09,8.7145,8.7322,8.6401,8.6655,371942,0,-1.211837935201454,8.70824,8.66485,8.622285,8.646604783645085,8.742845869535563,8.501724130464437,0.5361273322443963,57.48487903225803,252761.8,1.0659598847235598,-0.5622812553789602,0.6902081082023281,-0.0121924055708277
2006-08-10,8.6655,8.6764,8.6061,8.6233,229984,0,-0.4869886330852169,8.6989,8.66657,8.624545,8.64438528044079,8.743299456536928,8.505790543463071,0.564566291274371,57.369215291750486,256514.4,0.816862458023955,-0.4869886330852155,0.1998582400855264,-0.0048817828661881
2006-08-11,8.634,8.6764,8.6125,8.6764,148629,0,0.6157735437709366,8.68922,8.67413,8.630725,8.647434301351192,8.746588074813658,8.514861925186342,0.5934006662905891,59.55619183965634,252455.8,0.7419448476052076,0.4910817697474969,0.8789880011161655,0.0061388540562392
2006-08-14,8.6918,8.7212,8.6233,8.6655,264643,0,-0.1256281407035153,8.6805,8.67943,8.63636,8.64915484407965,8.74711542329604,8.525604576703959,0.5968621655354536,57.60282021151587,251640.45,1.1352962323008502,-0.3025840447318262,0.6153846153845954,-0.001257071190051
2006-08-15,8.6983,8.7091,8.661,8.6818,246849,0,0.1881022445329394,8.6625,8.68492,8.642214999999998,8.652263906548255,8.749341236896427,8.53508876310357,0.5973041731758997,58.67124856815588,253465.25,0.5553631220413325,-0.1896922387132985,0.636381550730869,0.0018792555379907
2006-08-16,8.7046,8.7212,8.67,8.7145,282794,0,0.3766500034554809,8.6723,8.69027,8.6492,8.658191153543658,8.75603551548259,8.54236448451741,0.5961880997152518,61.55157715260012,258218.6,0.5905420991926147,0.1137329687751306,0.617711580648872,0.0037594245343156
2006-08-17,8.7248,8.7553,8.7046,8.7553,239808,0,0.4681852085604454,8.698699999999999,8.6988,8.65666,8.66743961511093,8.77136992982305,8.54195007017695,0.6099221632000364,65.30612244897961,259265.55,0.5824506582726473,0.3495782138272507,0.9838523644752016,0.0046709263047833
2006-08-18,8.7553,8.8024,8.7368,8.8024,264270,0,0.5379598643107553,8.7239,8.70656,8.668545,8.680292985100364,8.792055655410808,8.545034344589192,0.6014617854576243,67.5800777633771,257199.1,0.7508469920336951,0.5379598643107645,0.8894186686227767,0.0053651802891832
2006-08-21,8.8291,8.8376,8.7433,8.7955,286141,0,-0.0783877124420628,8.7499,8.7152,8.678505,8.691265081757471,8.809392568868157,8.547617431131842,0.5972356150664107,65.82801351858814,261082.0,1.0785401393066747,-0.3805597399508427,0.9920657702862544,-0.0007841845167427
2006-08-22,8.8135,8.8237,8.7525,8.7718,233690,0,-0.2694559718037559,8.767900000000001,8.7152,8.687054999999999,8.698935073971045,8.818907173604439,8.55520282639556,0.5642344842475568,60.60896208349299,258913.6,0.8134818623250619,-0.473137799965947,0.0,-0.0026981965787025
2006-08-23,8.7672,8.7828,8.7212,8.7212,212008,0,-0.5768485373583654,8.76924,8.72077,8.69281,8.70105554311666,8.819740149046025,8.565879850953975,0.4329872471636933,54.540617240156045,257264.3,0.7063248176856434,-0.5246829090245592,0.6427788356124786,-0.0057851873463646
2006-08-24,8.7433,8.7892,8.7212,8.7368,285030,0,0.1788744668165032,8.765540000000001,8.73212,8.699345,8.70445977710555,8.820819164028071,8.577870835971927,0.3874883745581475,51.14372855508962,259469.8,0.7797092143282991,-0.0743426395068116,1.3162014541996614,0.0017871467696256
2006-08-25,8.7433,8.8068,8.7322,8.8024,247033,0,0.7508469920336935,8.76554,8.744720000000001,8.709425,8.713787417381212,8.829922178390207,8.588927821609792,0.4080528879106672,58.12010443864236,262240.1,0.8543093378530063,0.6759461530543481,1.4522152044627037,0.0074804216721842
2006-08-28,8.7955,8.8135,8.7525,8.8135,279841,0,0.1261019721893852,8.76914,8.759519999999998,8.719475,8.723283853821096,8.839461891827925,8.599488108172073,0.3971188109092285,53.9873780837635,266076.55,0.6969437303627529,0.2046501051674027,1.7079222202988742,0.001260225304305
2006-08-29,8.8179,8.844,8.7955,8.8329,269271,0,0.2201168661712271,8.781360000000001,8.77463,8.729775,8.733723486790515,8.851653591445054,8.607896408554947,0.3974080853471364,69.1972477064221,267642.35,0.5514183389233003,0.1701085292416626,1.7404224930313903,0.0021987496391077
2006-08-30,8.8598,8.9203,8.8329,8.9203,241107,0,0.9894825029152176,8.82118,8.79521,8.742740000000001,8.751492678524752,8.886937458186216,8.598542541813787,0.4724072052480395,80.86034912718196,266799.6,0.989482502915224,0.6828596582315553,2.3615812725916507,0.0098461917963819
2006-08-31,8.924,8.924,8.8865,8.9147,232209,0,-0.0627781576852726,8.85676,8.811150000000001,8.754974999999998,8.767036232950966,8.913953010727052,8.595996989272944,0.4730855695766761,77.47290753977411,264640.75,0.4219884093850182,-0.1042133572389023,1.8206115153107216,-0.0006279787142172
2006-09-01,8.9203,8.9399,8.8941,8.9099,160856,0,-0.0538436514969542,8.878260000000001,8.8219,8.764230000000001,8.780642306003255,8.936783370538523,8.59167662946148,0.4603980697046553,78.57811038353609,257301.65,0.5149481116695319,-0.1165880071297922,1.2212578387712505,-0.0005385815239642
2006-09-05,8.9203,8.924,8.8744,8.8941,194401,0,-0.1773308342405744,8.89438,8.83176,8.77348,8.791447800669612,8.95327246047067,8.593687539529329,0.4662192485035898,74.85366424724882,248693.55,0.5589110249707008,-0.2937120948846938,1.1210277983059402,-0.0017748825149151
2006-09-06,8.8997,8.9099,8.844,8.8541,316715,0,-0.4497363420694511,8.89862,8.83999,8.777595000000002,8.797414676796317,8.960957401874115,8.594232598125888,0.4857089549690396,66.06813996316775,250361.05,0.7451379466304948,-0.5123768216906024,0.9382338858615168,-0.0045075069838488
2006-09-07,8.7322,8.7828,8.6855,8.7553,331358,0,-1.115867225353229,8.86562,8.843399999999999,8.782085,8.793403755196668,8.958142398236129,8.606027601763872,0.5876915460691978,50.0,248331.85,1.1202579010995408,0.2645381461716343,0.3910012383616879,-0.0112213972920325
2006-09-08,8.7433,8.7782,8.7046,8.7368,183656,0,-0.2113005836464676,8.83004,8.843399999999999,8.78776,8.788012921368413,8.948956792445529,8.626563207554472,0.5904360147901682,42.92798620094869,246015.45,0.8455299496817864,-0.0743426395068116,0.0,-0.0021152413830008
2006-09-11,8.7672,8.8329,8.7212,8.8135,216645,0,0.8778957970881685,8.81076,8.84451,8.794615,8.790440262190469,8.94730843590479,8.641921564095211,0.6094122081529657,51.68665667166406,249416.25,1.2807870476540018,0.5281047540833866,0.1261019721893852,0.0087406469764894
2006-09-12,8.8376,8.8598,8.8135,8.8135,335991,0,0.0,8.794640000000001,8.84451,8.802015,8.792636427696138,8.942194107610636,8.661835892389366,0.6081444679111531,54.08903706609128,252983.65,0.5253304589550174,-0.2726984701729052,0.0,0.0
2006-09-13,8.8376,8.8941,8.8237,8.8744,270011,0,0.6909854200941812,8.7987,8.848659999999999,8.811645,8.80042343458222,8.943251726351805,8.680038273648195,0.6441038601514534,64.725105728566,254141.75,0.7978512415426562,0.4164026432515558,0.4698343692332019,0.0068860905644417
2006-09-14,8.8941,8.9052,8.8598,8.8941,162156,0,0.2219868385468393,8.82646,8.846039999999999,8.820625,8.809345012241055,8.948786442185794,8.692463557814206,0.5597576368134328,65.00095365248907,248109.85,0.5124269170861732,0.0,-0.2937120948846905,0.0022174081179513
2006-09-15,8.9455,8.9455,8.8801,8.9203,275764,0,0.2945773040554877,8.863159999999999,8.846599999999999,8.828875,8.819912153932384,8.960526003953973,8.697223996046027,0.5686272951515033,62.15714580325838,249907.65,0.7364781928131279,-0.2817058856408238,0.0628175934131114,0.0029414427530967
2006-09-18,8.9296,8.9626,8.8865,8.9203,256671,0,0.0,8.88452,8.847639999999998,8.83477,8.829472901176919,8.971875047701555,8.697664952298446,0.5682341861768652,61.270578303081514,249527.7,0.8563551454453415,-0.1041480021501681,0.1167240934241586,0.0
2006-09-19,8.9399,9.0266,8.8941,8.9147,280025,0,-0.0627781576852726,8.90476,8.8497,8.84073,8.837589767731497,8.98097471994933,8.700485280050671,0.565114280859532,58.891304347826114,249221.9,1.4897516331050953,-0.2818823476772658,0.2316142161657763,-0.0006279787142172
2006-09-20,8.9203,8.9579,8.9052,8.9511,282990,0,0.4083143571853354,8.9201,8.859399999999999,8.849695,8.848400266042784,8.994244047949609,8.705145952050392,0.5500348129367686,53.76528117359428,251686.9,0.5917890670619385,0.3452798672690498,1.0955376605188416,0.0040748301633494
2006-09-21,8.9729,8.9729,8.9099,8.9147,207378,0,-0.4066539308018035,8.92422,8.87534,8.85937,8.854714526419661,8.993212878818804,8.725527121181196,0.3994699525345369,50.0,251455.4,0.7070786428579314,-0.6486197327508315,1.8206115153107216,-0.0040748301633493
2006-09-22,8.9203,8.9692,8.8376,8.8505,260932,0,-0.7201588387719116,8.91026,8.886709999999999,8.865055,8.854313142951122,8.986016054628422,8.744093945371578,0.4794427420962209,44.05048076923073,250250.5,1.489092061193091,-0.7824848940057956,1.3013918139364478,-0.0072276450000693
2006-09-25,8.8801,8.9296,8.8598,8.9296,273346,0,0.8937348172419757,8.912120000000002,8.89832,8.871414999999999,8.86148331981292,8.991880243294828,8.75094975670517,0.482204721500847,53.15555555555564,251566.15,0.7878281676787372,0.557426155110867,1.3172973279627964,0.008897646452958
2006-09-26,8.924,8.9296,8.8541,8.9296,254633,0,0.0,8.9151,8.90993,8.87722,8.867970622687881,8.997122409439719,8.75731759056028,0.482204721500847,57.224880382775126,250305.75,0.8527123027749843,0.0627521290901071,1.3172973279627964,0.0
2006-09-27,8.9296,8.9842,8.9052,8.9455,186435,0,0.1780594875470109,8.91398,8.91704,8.88285,8.875354372908083,9.004550884397498,8.761149115602501,0.441718967645859,71.6333030027298,246163.95,0.8871221308898041,0.1780594875470174,0.8011809249075963,0.0017790114957081
2006-09-28,8.9626,9.0059,8.9455,8.9842,195146,0,0.4326197529484155,8.92788,8.92605,8.886045,8.885720623107312,9.015023096467562,8.757066903532436,0.4540541190819151,76.9030013049152,243865.9,0.6751998211391352,0.241001495101861,1.0130311105114531,0.0043168664393648
2006-09-29,9.0012,9.0314,8.9777,9.0314,225724,0,0.525366754969836,8.96406,8.93716,8.891879999999999,8.899594849478044,9.035988096854137,8.74777190314586,0.470510217388319,75.31954450383462,243541.65,0.59814874633814,0.3355108207794393,1.2454738069347382,0.0052399151842123
2006-10-02,9.0314,9.0372,8.9692,9.0162,152701,0,-0.1683017029474931,8.981379999999998,8.94675,8.897195,8.910700101908706,9.051576407047865,8.742813592952135,0.4784159948238019,72.74971941638614,243133.9,0.7581501137225127,-0.1683017029474954,1.0750759503604268,-0.0016844348937187
2006-10-03,9.0314,9.0314,8.8744,8.8865,335436,0,-1.4385217719216523,8.97276,8.94393,8.896815,8.908395330298353,9.051265881648758,8.742364118351242,0.6858320063283461,51.17635621232746,250185.65,1.7691336879112958,-1.6044024182297296,-0.3163314525446714,-0.0144896880596893
2006-10-04,8.8941,8.9579,8.8801,8.9511,280766,0,0.7269453665672776,8.97388,8.94393,8.901665,8.91246244169851,9.056559494142826,8.746770505857173,0.7152078142435107,55.09656652360519,248388.2,0.8761162599520261,0.6408742874489873,0.0,0.0072431585445835
2006-10-05,8.9579,8.9842,8.9203,8.9842,184026,0,0.3697869535587816,8.97388,8.950880000000002,8.91311,8.919294590108176,9.05581543677163,8.77040456322837,0.7079864476893277,55.643879173290976,241021.6,0.7163436207302478,0.2935955971823653,0.7796112039664793,0.0036910492246124
2006-10-06,8.9777,9.0229,8.9579,9.0107,212564,0,0.2949622670911145,8.96974,8.966899999999999,8.926805,8.92799986724073,9.049425964550672,8.804184035449326,0.6509997498826234,57.62740465744185,242467.0,0.725616494937424,0.3675774418837728,1.8100672278402288,0.0029452810692566
2006-10-09,9.0857,9.4898,9.0266,9.0857,247595,0,0.8323437690745283,8.98364,8.98251,8.940415,8.943018927503518,9.070293879203374,8.810536120796625,0.6437860312384615,62.91540785498486,244014.5,5.131500232645742,0.0,1.748118616735339,0.0082889889061209
2006-10-10,9.0229,9.0562,8.9842,9.0372,279094,0,-0.533805870763937,9.01378,8.99327,8.9516,8.951988553455564,9.07375893012994,8.82944106987006,0.6809942170474359,56.386292834890995,241169.65,0.8014069143607774,0.1584856310055572,1.204981186167342,-0.0053523570493136
2006-10-11,9.0495,9.0495,8.9899,8.9899,217007,0,-0.5233922011242398,9.02154,8.99771,8.957375,8.955599167412178,9.075003637311474,8.839746362688528,0.7100771973264982,55.489051094890584,238519.45,0.6629662176442414,-0.6585999226476563,0.4963389413671804,-0.0052476669620294
2006-10-12,8.9842,9.0723,8.9842,9.0495,222759,0,0.6629662176442341,9.0346,9.00424,8.965145,8.964542103849114,9.08566945875364,8.844620541246359,0.7273300484656098,64.6237507348619,241549.6,0.980610404933113,0.7268315487188686,0.7268315487188648,0.0066077826156491
2006-10-13,9.0723,9.0857,9.0266,9.0562,180881,0,0.0740372396265121,9.0437,9.00672,8.97194,8.973271427292056,9.097055263068077,8.846824736931923,0.7100651704039972,60.41118421052635,236805.45,0.6547315711341927,-0.1774632673081774,0.2745975153353841,0.0007400984558261
2006-10-16,9.0753,9.1185,9.0439,9.1128,218306,0,0.6249861973012916,9.04912,9.016380000000002,8.981565,8.98655986278805,9.118967769833274,8.844162230166726,0.7295325835054078,63.78272645200123,234887.2,0.824865378874141,0.4132094806783207,1.0714048046849056,0.00623041258095
2006-10-17,9.1065,9.129,9.0314,9.0723,233496,0,-0.4444298130102719,9.05614,9.03496,8.989445,8.99472559014157,9.12876496456458,8.85012503543542,0.5377461075189917,59.19907138711561,232560.75,1.0806740926102256,-0.375555921594468,2.0908119056996632,-0.0044542033818603
2006-10-18,9.0314,9.0753,9.0059,9.0162,219424,0,-0.6183657947819277,9.0614,9.04147,8.9927,8.99677077203285,9.131287870662248,8.85411212933775,0.5613784338869,52.2643645626946,229382.45,0.77060593610855,-0.1683017029474954,0.727284914703219,-0.0062028559441062
2006-10-19,9.0059,9.0495,8.9955,9.0495,189955,0,0.3693351966460367,9.0614,9.047999999999998,8.99944,9.001792603267816,9.13513705267699,8.86374294732301,0.5613519957369201,51.306481882488846,228511.3,0.6003001500750406,0.4841270722526303,0.7268315487188648,0.0036865482891903
2006-10-20,9.0629,9.0971,9.0372,9.0857,206263,0,0.40002210066854,9.0673,9.0555,9.0112,9.009783783908976,9.132557878758652,8.88984212124135,0.5669053941051792,54.86899257391059,225777.85,0.6628159164342822,0.2515751028919923,0.8323437690745283,0.0039922413956939
2006-10-23,9.0913,9.1065,9.0562,9.0723,233496,0,-0.14748450862343,9.0592,9.05416,9.018335,9.015737709250978,9.136222748124435,8.90044725187556,0.504504196827647,65.55071978573832,223785.35,0.5554205958348977,-0.2089910133864257,-0.14748450862343,-0.001475933740778
2006-10-24,9.0685,9.1225,9.0685,9.0971,312639,0,0.2733595670337152,9.06416,9.06015,9.02671,9.023486498846122,9.141821331007296,8.911598668992704,0.4757825820206134,63.09182209469156,226685.65,0.5954678281965073,0.3153774053040643,0.6628159164342895,0.0027298661927359
2006-10-25,9.1474,9.174,9.0913,9.174,288360,0,0.84532433412845,9.095719999999998,9.07856,9.038135,9.037821118003636,9.164150124823031,8.91211987517697,0.483841779125106,65.77984702361167,231781.9,0.9096608845819532,0.2907930122220541,2.0478537024883448,0.0084177147605393
2006-10-26,9.1713,9.2212,9.1474,9.204,290583,0,0.3270111183780289,9.12662,9.09401,9.049125,9.053647678193764,9.192480074442356,8.905769925557644,0.4594808931121634,65.97784757811222,236553.75,0.8067866278942685,0.3565470543979607,1.7072766451185162,0.0032647759981392
2006-10-27,9.2096,9.2212,9.1128,9.1225,213682,0,-0.8854845719252546,9.13398,9.10064,9.05368,9.06020504217531,9.200413178539014,8.906946821460986,0.568976004092167,53.009486424599395,235951.65,1.189535598279339,-0.9457522585128508,0.7320951392416175,-0.0088942828446538
2006-10-30,9.1225,9.129,9.0723,9.0857,275579,0,-0.4033981912852979,9.13666,9.09793,9.057155,9.062633133396709,9.20344202104516,8.91086797895484,0.5510644310585402,54.04368851092203,242095.55,0.6249793326940171,-0.4033981912852976,-0.2973838995698474,-0.0040421403659827
2006-10-31,9.0857,9.1065,9.0723,9.0799,202010,0,-0.0638365783593886,9.13322,9.09869,9.066825,9.064277596882736,9.189233735068225,8.944416264931776,0.5319509485778293,58.06162665711214,235424.25,0.3769716609900491,-0.063836578359388,0.0837714802200073,-0.0006385696257859
2006-11-01,9.0857,9.1128,9.0857,9.0971,208310,0,0.1894293990021722,9.11784,9.10678,9.074125,9.06740354003676,9.184275153498476,8.96397484650152,0.485273415606559,54.61419154711122,231801.45,0.2982709092309981,0.1254718953960628,0.8972737960559751,0.0018925020777436
2006-11-02,9.0971,9.1027,8.9955,9.0059,277799,0,-1.0025172857284104,9.07822,9.10242,9.07521,9.06154606003326,9.182007021444525,8.968412978555476,0.5819463754759607,45.81042811927368,236490.1,1.1917069645934149,-1.002517285728406,-0.4817945742858653,-0.0100757633053461
2006-11-03,8.9899,9.0685,8.9353,8.9729,196810,0,-0.3664264537692085,9.0483,9.09114,9.07332,9.05310357812533,9.186094551067027,8.960545448932969,0.5668417576450473,37.8706433154152,235702.4,1.490716595973279,-0.1891011023482045,-1.2415113860241966,-0.0036709944000203
2006-11-06,8.9455,9.0753,8.9399,9.0685,209414,0,1.0654303513914165,9.04486,9.09076,9.07246,9.054569904018155,9.1850992920131,8.9598207079869,0.6796578485521275,49.699271921494145,233793.35,1.5145583283929422,1.3749930132468966,-0.0418857401100036,0.0105979463662665
2006-11-07,9.0314,9.1065,9.0314,9.0629,233882,0,-0.0617522192203678,9.04146,9.08734,9.073745,9.055363246492618,9.185271489182718,8.962218510817284,0.672793206125522,54.01685876483756,231532.75,0.831543282326116,0.348783134397781,-0.3759439821481414,-0.0006177129375629
2006-11-08,9.0314,9.0857,9.0229,9.0857,212564,0,0.2515751028919988,9.03918,9.07851,9.078535,9.05825246111237,9.18289803590403,8.974171964095968,0.6096463628520821,53.17098808689553,231310.6,0.6960068270733278,0.6012356888190045,-0.962502725092651,0.002512591824705
2006-11-09,9.0012,9.0266,8.9579,8.9692,291519,0,-1.2822347204948237,9.03184,9.05503,9.07452,9.049771274339763,9.18924989974146,8.95979010025854,0.6926193231916777,41.05360159729694,234748.6,0.7669208184954036,-0.3555081544682934,-2.5510647544545795,-0.0129052630452442
2006-11-10,8.9353,9.0372,8.9296,9.0012,242400,0,0.3567765241047071,9.0375,9.0429,9.07177,9.045145438688357,9.190901030912457,8.952638969087541,0.6784149604843153,44.69165297894581,237824.55,1.20498118616735,0.7375242017615633,-1.3296793642093685,0.0035614158642152
2006-11-13,9.0314,9.0372,8.9579,8.9579,245370,0,-0.481046971514909,9.01538,9.03012,9.064025,9.036836349289466,9.19175512462529,8.936294875374708,0.6823035253862988,39.88666085440285,239177.75,0.8852521238236633,-0.8138273135947831,-1.4066059852295254,-0.0048220772647273
2006-11-14,8.8941,9.0107,8.8505,8.9777,316529,0,0.2210339476886424,8.99834,9.019900000000002,9.059295,9.031204316023802,9.192618705397816,8.925971294602185,0.6916939699046778,34.44778957376013,243329.4,1.8100672278402312,0.9399489549251816,-1.1255630568618558,0.0022079002702401
2006-11-15,8.9511,8.9842,8.9052,8.924,231103,0,-0.5981487463381563,8.966000000000001,9.00259,9.054685,9.020994381164392,9.200109797349564,8.909260202650435,0.6984932385490386,28.61942577886363,243913.35,0.8871221308898041,-0.3027560858442067,-1.9028041903463744,-0.0059994482166804
2006-11-16,8.9511,9.0107,8.9296,9.0059,251300,0,0.9177498879426428,8.97334,9.00259,9.052505,9.0195568210535,9.199555159361942,8.905454840638058,0.7140016486625598,41.10195360195358,246980.6,0.9082153735889544,0.6122152584598561,0.0,0.0091356415388086
2006-11-17,9.0107,9.0372,8.9729,9.0162,309858,0,0.1143694689037078,8.976339999999999,9.00692,9.049029999999998,9.019237123810308,9.19606199938128,8.901998000618716,0.70250925247333,44.472721488786384,252160.35,0.7166022133312657,0.0610385430654623,0.4825641654314649,0.001143041168504
2006-11-20,9.0107,9.0372,8.9777,9.0266,215715,0,0.1153479292828496,8.99008,9.00273,9.046745,9.019938350114089,9.193674721474531,8.899815278525466,0.6078461246645774,45.791883783357,251271.3,0.6627532664268119,0.1764568790438062,-0.4620389259524682,0.0011528145467204
2006-11-21,9.0266,9.0971,9.0266,9.0857,216456,0,0.6547315711341817,9.01168,9.00501,9.046175,9.026201364388935,9.19236881331843,8.89998118668157,0.6465957869926734,49.15580568720379,246462.15,0.781024970642314,0.6547315711341927,0.2515751028919988,0.0065259751381636
2006-11-22,9.1128,9.1225,9.0059,9.0314,278353,0,-0.5976424491233479,9.03316,8.99958,9.039045,9.026696472542373,9.172329286198044,8.905760713801957,0.6691975566109496,51.997493341688795,245961.8,1.2947068033178253,-0.8932490562724998,-0.5976424491233479,-0.0059943547911654
2006-11-24,9.0372,9.0372,9.0107,9.0372,119354,0,0.0642203866510149,9.03942,9.00638,9.030705,9.02769680849072,9.139075193513069,8.922334806486935,0.5126260483635755,55.26100474554094,237400.35,0.2940947984063437,0.0,0.7581501137225111,0.0006419977418517
2006-11-27,9.0107,9.0857,9.0107,9.0562,178470,0,0.2102421103881813,9.04742,9.01188,9.02739,9.03041139815827,9.127693075462934,8.927086924537067,0.5057803724798258,48.84939195509824,235639.75,0.8323437690745369,0.5049552199052297,0.6110296404923776,0.0021002141094458
2006-11-28,9.0372,9.0857,9.0266,9.0753,183467,0,0.2109052361917829,9.05716,9.02362,9.02687,9.034686503095578,9.126001238902123,8.927738761097872,0.4692308621206175,51.13138686131382,231034.15,0.6547315711341927,0.4215907581994425,1.310575023163918,0.0021068314331403
2006-11-29,9.0685,9.1645,9.0685,9.1225,229250,0,0.5200929996804549,9.06452,9.0381,9.029,9.043049693276952,9.134551623687711,8.923448376312288,0.484856680408417,53.21453529000709,232396.15,1.058609472349342,0.5954678281965073,1.612885260144581,0.0051874518727102
2006-11-30,9.1185,9.204,9.1185,9.1847,161972,0,0.681830638531089,9.09518,9.06417,9.03338,9.056540198679148,9.15661843556275,8.910141564437252,0.4277094958917461,70.79714340860824,230079.25,0.9376542194440036,0.7259966003180377,2.921335723890639,0.0067951668563804
2006-12-01,9.179,9.2212,9.1405,9.1589,193478,0,-0.2809019347392971,9.11952,9.07947,9.04103,9.066288751185896,9.175563347069184,8.90649665293082,0.3989774233638468,65.40339910138681,225863.2,0.8828838684973493,-0.2189781021897932,1.6988862856571751,-0.0028129720461134
2006-12-04,9.1065,9.1185,9.0562,9.0913,226469,0,-0.7380799004247152,9.12654,9.08698,9.04695,9.068670774882476,9.179262031517023,8.914637968482973,0.4921984915294912,62.43938828795227,227346.15,0.6879265033899282,-0.1669137429308747,0.8329451431867252,-0.0074081718734854
2006-12-05,9.0913,9.129,9.0857,9.0913,195890,0,0.0,9.12974,9.09345,9.04809,9.070825939179384,9.181571540612037,8.914608459387965,0.4927354724045875,60.99922540666152,226669.95,0.4765730763727653,0.0,0.7167704340504732,0.0
2006-12-06,9.0799,9.1405,9.0799,9.1185,232954,0,0.2991871349531827,9.12894,9.09673,9.05087,9.075366325924204,9.187918544607006,8.913821455392993,0.4576358122832402,69.85098999795886,226623.55,0.667408231368177,0.4251148140397896,0.3610068569290137,0.0029874046095023
2006-12-07,9.1027,9.1474,9.0685,9.0685,244253,0,-0.5483358008444239,9.1057,9.10044,9.05001,9.0747123901219,9.186352323042346,8.913667676957655,0.4502443922391936,56.83406113537123,228208.0,0.8700446600871046,-0.3757127006272889,0.4107890249573698,-0.0054984467994087
2006-12-08,9.0439,9.0857,9.0372,9.0439,136023,0,-0.2712686772895156,9.0827,9.10111,9.053745,9.071777876776956,9.184754770226071,8.922735229773929,0.4607737500129947,52.93245818335819,220433.2,0.5366706502013774,0.0,0.0741380073474129,-0.0027163727751478
2006-12-11,9.0685,9.0971,9.0372,9.0857,178657,0,0.4621899844093668,9.08158,9.10406,9.05797,9.073103793274388,9.187284013568576,8.928655986431425,0.4795444499319538,55.866587254318034,217246.05,0.6628159164342822,0.1896675304625791,0.3257436894061438,0.0046112516622898
2006-12-12,9.0913,9.1185,9.0753,9.0913,251300,0,0.0616353170366679,9.08158,9.10566,9.06464,9.074836765343496,9.185720354353942,8.94355964564606,0.4757187827599604,50.62194580186598,217542.55,0.4760173217414167,0.0,0.1763027117560822,0.0006161633027643
2006-12-13,9.0857,9.1847,9.0857,9.1225,203483,0,0.3431852430345605,9.08238,9.10566,9.07188,9.079376121025067,9.18829849373772,8.955461506262282,0.4579566128605735,60.664949660501264,211890.25,1.089624354755277,0.405032083383793,0.0,0.0034259770632184
2006-12-14,9.1405,9.1474,9.0685,9.0857,226094,0,-0.4033981912852979,9.085820000000002,9.09576,9.079965,9.079978395213155,9.173315686293815,8.986614313706182,0.4040946809138497,55.29360401659019,211639.8,0.8700446600871046,-0.5995295662162922,-1.0778795170228728,-0.0040421403659827
2006-12-15,9.0857,9.1128,9.0685,9.1065,168640,0,0.2289311775647506,9.09834,9.09052,9.084995,9.082504262335712,9.17217977595224,8.997810224047763,0.4118842280996045,55.46858012611441,207506.8,0.488504162761204,0.2289311775647585,-0.5721211062463705,0.0022866952939784
2006-12-18,9.0971,9.1934,9.0971,9.1589,220912,0,0.5754131664195805,9.11298,9.09728,9.09213,9.089780046875168,9.178965188113365,9.005294811886639,0.3784947938616802,58.475263584752575,203059.5,1.0585791076277182,0.6793373712501771,0.7435680265748479,0.0057376398822714
2006-12-19,9.1405,9.1589,9.0857,9.1027,217944,0,-0.6136108047909539,9.11526,9.09842,9.095935,9.091010518601342,9.177168445924618,9.014701554075383,0.4371537771041947,48.028673835125424,203170.95,0.8056616441220812,-0.4135441168426119,0.125394608031848,-0.0061550113269436
2006-12-20,9.1027,9.1645,9.1027,9.1358,149193,0,0.3636283739989254,9.117920000000002,9.10015,9.09844,9.095276183496452,9.18141571997403,9.01546428002597,0.4422797134699936,44.831959416613806,199807.8,0.6789194414843931,0.363628373998915,0.1897241870921773,0.0036296884436807
2006-12-21,9.1065,9.2212,9.1065,9.179,244625,0,0.4728649926662109,9.13658,9.1112,9.10582,9.103249880306311,9.189937551832305,9.021702448167696,0.413471895084661,52.048929663608696,198121.4,1.2595398890902008,0.7961346291110721,1.2185036114020995,0.004717504981484
2006-12-22,9.179,9.204,9.1185,9.1358,159192,0,-0.4706395032138655,9.14244,9.12039,9.11075,9.106349891705712,9.189307883452749,9.032192116547252,0.4385836300765353,54.773653722377134,200113.3,0.9376542194440036,-0.4706395032138639,1.0161545351009993,-0.0047175049814841
2006-12-26,9.1065,9.174,9.1065,9.1713,134728,0,0.3885811861030319,9.14492,9.12895,9.116505,9.112535616305168,9.195100660118207,9.037909339881791,0.4324418357469922,57.97448165869222,197926.2,0.7412287926206446,0.7115796409158289,0.9421398461318508,0.0038782815952808
2006-12-27,9.1589,9.1713,9.1065,9.1713,128799,0,0.0,9.15864,9.13695,9.121305,9.118132224276104,9.201022804258098,9.041587195741904,0.4334029886267707,55.564924114671314,195192.8,0.7115796409158289,0.1353874373560285,0.8799621616270459,0.0
2006-12-28,9.1589,9.2212,9.1589,9.2096,141590,0,0.4176071004110548,9.1734,9.14566,9.12566,9.126843441011712,9.21463210443933,9.03668789556067,0.4388668571135765,65.2474605575967,190809.8,0.6802126892967547,0.553559925318552,0.95478213209097,0.0041673754201062
2006-12-29,9.2096,9.2909,9.2096,9.2665,158095,0,0.6178335649756894,9.1909,9.16374,9.12975,9.140144065677264,9.235993801057283,9.023506198942716,0.4284577632910537,72.48484848484844,190615.95,0.8827744961779078,0.6178335649756842,1.9899402357550944,0.006159327984371
2007-01-03,9.2398,9.3586,9.0799,9.1185,376579,0,-1.5971510278962042,9.18744,9.16494,9.12773,9.138082726088951,9.23317344655309,9.022286553446907,0.710286316060658,52.72787757817695,199771.0,3.0694170640645693,-1.3127989783328806,0.1317740075770013,-0.0161004293804782
2007-01-04,9.129,9.1713,9.0753,9.0799,320611,0,-0.4233152382518979,9.169160000000002,9.15704,9.12716,9.13254151408048,9.233551618189567,9.020768381810433,0.6928023290171853,49.10122989593189,204478.1,1.0578162705365122,-0.5378464234855872,-0.8625489960584654,-0.0042421375380527
2007-01-05,9.0857,9.1128,9.0012,9.1027,253152,0,0.2511040870494252,9.15544,9.15704,9.12773,9.129699465120437,9.233432603662324,9.022027396337675,0.6730970013496537,48.418024928092045,207341.2,1.239834688708164,0.1871072124327375,0.0,0.0025078934750922
2007-01-08,9.1027,9.152,9.0913,9.1128,195517,0,0.1109560899513306,9.13608,9.15474,9.127445,9.128089992251825,9.23328303862976,9.02160696137024,0.6626775762542362,52.261725922216726,205469.35,0.6676712901345117,0.1109560899513282,-0.2517568247991431,0.001108945791776
2007-01-09,9.1225,9.2665,9.1027,9.1645,324687,0,0.5673338600649558,9.11568,9.15329,9.132245,9.131557612037364,9.23550327556969,9.028986724430313,0.6711544329840984,54.603174603174594,209491.05,1.7994660924780577,0.4604001096190717,-0.1579692776990993,0.0056573058262002
2007-01-10,9.1713,9.1874,9.1027,9.1065,203672,0,-0.6328768618036995,9.11328,9.15036,9.135375,9.12917117279571,9.23086026202037,9.03988973797963,0.6852385028330099,45.87791063561999,212873.5,0.9304931503839496,-0.7065519610087988,-0.3207163028962845,-0.0063488801733041
2007-01-11,9.1065,9.129,9.0495,9.1027,254447,0,-0.0417284357327241,9.11784,9.1435,9.136225,9.126650108719929,9.23013808131483,9.042311918685169,0.6693598287901549,50.0,216663.0,0.8785015746726278,-0.0417284357327186,-0.747985563660547,-0.0004173714446723
2007-01-12,9.1225,9.1358,9.0799,9.1185,253518,0,0.1735748733892039,9.121,9.13822,9.137585,9.125873907889458,9.229525879745418,9.04564412025458,0.6737002952791756,48.47146138893793,216773.9,0.6156455467571162,-0.0438476294875454,-0.5757090052664449,0.0017342440629605
2007-01-16,9.1128,9.1589,9.0913,9.1065,225358,0,-0.1316005922026519,9.11974,9.12791,9.136785,9.124028773804747,9.229553263061888,9.044016736938111,0.6528964779387312,43.22049747521976,217867.65,0.7435680265748437,-0.0691335264682592,-1.1194840166782405,-0.0013168726182883
2007-01-17,9.1225,9.129,9.0799,9.1185,202739,0,0.1317740075770013,9.11054,9.11311,9.138425000000002,9.123502223918582,9.22851166879554,9.048338331204462,0.6092783781187384,48.28202581926508,216699.9,0.5407548541283412,-0.0438476294875454,-1.5971510278962042,0.0013168726182884
2007-01-18,9.1065,9.1589,9.0913,9.1589,190877,0,0.443055327082309,9.12102,9.11715,9.141045,9.12687344068824,9.230266037759533,9.05182396224047,0.3681359241417533,48.780487804877914,217811.75,0.7435680265748437,0.5754131664195757,0.443055327082309,0.0044207672639831
2007-01-19,9.1405,9.2434,9.1225,9.2434,185323,0,0.9225998755309162,9.149159999999998,9.1335,9.14527,9.137971208241742,9.245388458258956,9.045151541741046,0.4203033201571338,56.08028335301057,216032.3,1.3252946012606073,1.125758984738253,1.8006806242359286,0.0091836992001721
2007-01-22,9.256,9.2792,9.2212,9.2665,244625,0,0.249908042495206,9.17876,9.14988,9.15346,9.150212045552053,9.265056630773238,9.04186336922676,0.4202808240138693,54.924701402111886,217366.35,0.6289853815121659,0.1134399308556654,1.7994660924780526,0.0024959629163231
2007-01-23,9.2434,9.3046,9.2398,9.256,254633,0,-0.113311390492643,9.20866,9.1642,9.15947,9.16028708883281,9.279676630870352,9.03926336912965,0.4301995033024883,49.01185770750984,222638.35,0.7013138812528406,0.1363134777246558,1.5714160301992797,-0.0011337563638524
2007-01-24,9.2755,9.2862,9.2212,9.2755,243706,0,0.2106741573033588,9.24006,9.1753,9.164295,9.171259747039208,9.295083450721163,9.033506549278837,0.4065218668424704,69.4885799404173,222592.4,0.7048974103153549,0.0,1.21119537345189,0.0021045255049152
2007-01-25,9.256,9.3046,9.2398,9.2755,323939,0,0.0,9.26338,9.1922,9.17128,9.181187390178332,9.310322191248932,9.032237808751066,0.315054798436802,76.85337726523896,230829.75,0.7013138812528406,0.2106741573033596,1.8558172733761369,0.0
2007-01-26,9.2959,9.3046,9.2434,9.2862,310604,0,0.1153576626596875,9.27194,9.21055,9.177025,9.191188591113727,9.325261636923033,9.028788363076965,0.3063170449755968,76.05793808577116,239623.55,0.6620940346625837,-0.1043470777439568,2.0158853966405488,0.0011529117683409
2007-01-29,9.2504,9.3124,9.2398,9.2959,228134,0,0.1044560746053413,9.27782,9.228289999999998,9.183255,9.201161106245754,9.340667772503704,9.025842227496296,0.3077610709779055,76.03070798976412,244590.3,0.7857312928851226,0.4918706218109352,1.9454954213960596,0.0010440155720891
2007-01-30,9.2959,9.2959,9.2715,9.2862,181059,0,-0.1043470777439603,9.28386,9.24626,9.187085,9.209260048508064,9.35079812875347,9.02337187124653,0.30466948891294,69.64804649660958,246563.75,0.2631720865016446,-0.1043470777439568,1.973315763465644,-0.0010440155720891
2007-01-31,9.2715,9.3193,9.256,9.2989,202010,0,0.1367620770605926,9.28854,9.2643,9.188705,9.217797186745392,9.356321611097238,9.02108838890276,0.3045566862610279,86.38426626323759,248759.5,0.6838807260155565,0.295529310251848,1.9783955694467448,0.001366686429106
2007-02-01,9.2862,9.3124,9.261,9.2959,217007,0,-0.0322618804374674,9.29262,9.278,9.197575,9.225235549912496,9.36829563822433,9.026854361775673,0.2988417476216244,86.64643399089535,240780.9,0.5550156570564843,0.1044560746053335,1.4958128159495263,-0.0003226708570168
2007-02-02,9.3046,9.3526,9.2909,9.3124,171421,0,0.1774976064716771,9.29786,9.2849,9.2092,9.233536926111308,9.37783280569873,9.040567194301268,0.1293448914056392,86.68180098373075,233321.4,0.664090669364648,0.0838295036863442,0.746478568492126,0.001773402656268
2007-02-05,9.3428,9.3624,9.2959,9.332,198850,0,0.2104720587603692,9.30508,9.29145,9.220665,9.242914361719755,9.3899884373056,9.051341562694402,0.1238878167009761,91.46745126884856,230606.3,0.7153691412343028,-0.1155970372907447,0.7068472454540453,0.0021025087661947
2007-02-06,9.332,9.3722,9.2909,9.3046,255376,0,-0.2936133733390522,9.30876,9.29631,9.230255,9.248789184413113,9.395533323155796,9.064976676844203,0.1611367788422109,82.38774799860758,233599.25,0.8750497798921397,-0.2936133733390493,0.5250648228176447,-0.0029404526300178
2007-02-07,9.2959,9.3241,9.2665,9.2792,319496,0,-0.272983255594017,9.30482,9.29668,9.23599,9.251685452564244,9.399613108649538,9.07236689135046,0.1798805557803975,72.0896070510463,233339.7,0.6215939135595854,-0.1796490926107226,0.039890032882317,-0.0027335653436364
2007-02-08,9.2096,9.2096,9.1713,9.179,241107,0,-1.0798344684886496,9.28144,9.28703,9.239615,9.244763028510508,9.394117165203465,9.085112834796533,0.3872379986936083,38.81944444444474,235211.45,0.4176071004110601,-0.3322619874913106,-1.040375181930886,-0.0108570699485753
2007-02-09,9.1589,9.2212,9.152,9.2096,222942,0,0.3333696481098158,9.26088,9.27937,9.24496,9.241414168652364,9.386359522071444,9.103560477928555,0.4066031741332652,40.37225042301181,233636.2,0.7561188811188853,0.553559925318552,-0.824879929357536,0.003328152033903
2007-02-12,9.199,9.2096,9.1128,9.1128,297634,0,-1.0510771369006244,9.21704,9.26106,9.244675,9.229165200209282,9.38716649743768,9.10218350256232,0.5009593762929141,31.246726034573143,235842.0,1.0622421209726978,-0.9370583759104232,-1.9696855603007712,-0.0105663996672917
2007-02-13,9.1128,9.1589,9.0372,9.0753,284124,0,-0.4115090861206205,9.17118,9.23997,9.243115,9.214511371617922,9.39249270248577,9.09373729751423,0.5040136505181517,24.96248124062062,238780.3,1.3466560439073916,-0.4115090861206176,-2.2711119726045004,-0.0041235811478097
2007-02-14,9.0971,9.152,9.0723,9.1358,243236,0,0.6666446288276839,9.142500000000002,9.22366,9.24398,9.207015050511451,9.390492231930274,9.097467768069729,0.5701719720697014,34.82511405605052,240805.15,0.8784982859914133,0.4254102955887086,-1.753970899783841,0.0066443237997143
2007-02-15,9.152,9.152,9.1185,9.1405,279283,0,0.0514459598502492,9.1348,9.20812,9.24306,9.200680283796077,9.392032118903014,9.094087881096986,0.5731126289450089,33.964340744001845,245225.45,0.3673849865657738,-0.1256555944055927,-1.6717047300422785,0.0005143273095328
2007-02-16,9.1128,9.152,9.1027,9.1474,238691,0,0.0754882118046085,9.12236,9.19162,9.23826,9.195605971053594,9.393250803122507,9.083269196877492,0.5671774684920217,33.554817275747524,247893.85,0.5415975479802562,0.3796857167939524,-1.7718311069112258,0.0007545973378479
2007-02-20,9.1474,9.1589,9.1065,9.1225,285766,0,-0.2722084964033366,9.1243,9.17067,9.23106,9.188643497619918,9.393716427057424,9.06840357294258,0.550826690468614,32.4619670023571,249950.9,0.5754131664195757,-0.2722084964033366,-2.2449635662237455,-0.002725796574385
2007-02-21,9.1185,9.129,9.0723,9.0857,350635,0,-0.4033981912852979,9.12638,9.14878,9.222545,9.17883935498945,9.3970992952778,9.0479907047222,0.5534246227307643,28.28035859820696,254751.0,0.6249793326940171,-0.3597082853539501,-2.352599789351517,-0.0040421403659827
2007-02-22,9.0857,9.1128,9.0495,9.0562,371019,0,-0.324686045103828,9.11046,9.12648,9.21158,9.167159416419024,9.399191307031977,9.023968692968024,0.5540454702246522,26.831625749081795,261116.65,0.6994861594563225,-0.3246860451038307,-2.403224415897909,-0.0032521429398677
2007-02-23,9.0372,9.1128,9.0229,9.1065,209235,0,0.5554205958348879,9.10366,9.11923,9.203129999999998,9.161382329141023,9.393817676305176,9.01244232369482,0.5193820555064542,31.31917982217379,255381.45,0.9963537221957476,0.7668304342052863,-0.7898463884954743,0.0055388382338461
2007-02-26,9.1225,9.1474,9.0799,9.129,188474,0,0.2470762642068802,9.09998,9.11117,9.19527,9.15829829779426,9.384494201189284,9.006045798810717,0.5124576525807708,31.678700361010613,249274.95,0.7434002577120784,0.0712523979172273,-0.875173731758172,0.0024677153264822
2007-02-27,9.1027,9.1225,8.9626,9.0495,240732,0,-0.8708511337495839,9.08538,9.10484,9.18295,9.147936555147188,9.376620577609282,8.989279422390718,0.4766934862034885,28.95561788483731,249904.85,1.7840805123513308,-0.5844419787535605,-0.6946273373716116,-0.0087466520161545
2007-02-28,9.0059,9.1027,9.0012,9.0913,217385,0,0.461903972595179,9.0865,9.10644,9.173205,9.14254259751412,9.364601116937838,8.981808883062161,0.4868029201363668,34.907630522088326,251721.15,1.1276274274541138,0.948267247026948,0.1763027117560822,0.0046084046984583
2007-03-01,9.0314,9.1027,9.0107,9.0629,259487,0,-0.3123865673775983,9.08784,9.09915,9.161405,9.134957588227062,9.349238862481378,8.973571137518622,0.4380128681909467,39.458870528418345,254595.0,1.0210083567314474,0.348783134397781,-0.7979596751242268,-0.0031287551274694
2007-03-02,9.0266,9.1027,8.9399,8.9729,297439,0,-0.993059616679004,9.06112,9.08239,9.145255,9.119523532205436,9.339821286634338,8.950688713365663,0.5202166718538161,30.601540731027555,258616.6,1.8210494524547336,-0.5949083818935255,-1.8335977244133272,-0.0099802334287035
2007-03-05,8.9777,9.0162,8.8505,8.8505,371581,0,-1.3641074791873151,9.005419999999999,9.0527,9.12216,9.093902243423964,9.341293061235078,8.90302693876492,0.6284596928250809,29.369199307849513,268624.6,1.8722106095700728,-1.4168439578065672,-3.2457310273957485,-0.0137349691100001
2007-03-06,8.8505,8.8865,8.8237,8.844,290026,0,-0.0734421784080119,8.964319999999999,9.02485,9.09776,9.07010202976454,9.326957514453191,8.868562485546805,0.6335300781179193,30.874813957334055,273183.4,0.7117195734215725,-0.073442178408009,-3.052891203069341,-0.0007346916038743
2007-03-07,8.8505,8.9147,8.8505,8.9052,227019,0,0.6919945725915921,8.9271,9.0068,9.07779,9.05439707454887,9.30061642666658,8.85496357333342,0.7057385412583135,30.954740667327457,271765.55,0.7253827467374678,0.6180441782950162,-1.9866383437709632,0.0068961127867513
2007-03-08,8.8633,8.9147,8.8329,8.8744,197369,0,-0.3458653371064213,8.8894,8.988620000000001,9.05755,9.037254496020406,9.276856817039386,8.838243182960616,0.7061918916565931,28.931116389548738,265659.2,0.9260831663440028,0.1252355217582502,-2.007464499458944,-0.0034646483396384
2007-03-09,8.8598,8.9052,8.8598,8.9052,149925,0,0.3470657171189106,8.87586,8.96849,9.04386,9.024677877351795,9.265416991836249,8.822303008163754,0.6841461928319195,31.522734208117345,261100.1,0.5124269170861732,0.5124269170861732,-2.210508977104264,0.0034646483396383
2007-03-12,8.9052,8.924,8.869,8.9052,201445,0,0.0,8.886800000000001,8.946110000000001,9.02864,9.01329903188972,9.24399259117611,8.81328740882389,0.669665127725353,32.76764472640771,260025.25,0.620137557785542,0.0,-2.451528097272415,0.0
2007-03-13,8.8744,8.8997,8.7248,8.7498,234616,0,-1.745047837218705,8.86796,8.91614,9.01049,8.98820388599546,9.255168047538636,8.765811952461366,0.8039185165305587,27.579762381524645,256874.35,2.004630478635604,-1.4040385828901014,-3.3117851815017363,-0.0176045328165136
2007-03-14,8.7498,8.7955,8.7248,8.7433,173279,0,-0.0742874122837133,8.83558,8.88134,8.993889999999999,8.964879706376845,9.263801821078376,8.723978178921621,0.7617639469568741,28.4533810769867,251332.1,0.8103337612323541,-0.0742874122837189,-3.827835403077673,-0.0007431501905491
2007-03-15,8.7046,8.8744,8.6918,8.8179,288360,0,0.8532247549552174,8.82428,8.85684,8.977995,8.95088163910286,9.250152024914806,8.705837975085194,0.8575859345092852,30.77025586353952,253588.3,2.100830667985906,1.3016106426487215,-2.7033289565150387,0.0084960536565451
2007-03-16,8.8179,8.8598,8.7433,8.7525,196810,0,-0.74167318749363,8.79374,8.8348,8.958594999999999,8.931988149664493,9.23721671657522,8.67997328342478,0.8374963221581945,26.270011345014662,249464.65,1.332448846545358,-0.7416731874936249,-2.4562850360529964,-0.0074443725847499
2007-03-19,8.7672,8.8237,8.7672,8.8135,284098,0,0.6969437303627535,8.7754,8.831100000000001,8.9419,8.92070356398216,9.212794642561228,8.671005357438773,0.7834074790476568,34.7702632937533,251735.0,0.6444474860844941,0.5281047540833866,-0.4180554770916944,0.0069452630311874
2007-03-20,8.8329,8.844,8.7782,8.8237,221273,0,0.115731548193132,8.79018,8.82907,8.92696,8.911465129317193,9.188720987001012,8.665199012998986,0.7847691490426788,31.996770721205777,248510.35,0.7495841972158235,-0.1041560529384446,-0.2295341474445877,0.0011566463086156
2007-03-21,8.8135,8.8865,8.8024,8.8865,166237,0,0.7117195734215764,8.818819999999999,8.827200000000001,8.917,8.909087497953651,9.168278398761544,8.665721601238454,0.7867803208385404,38.65740740740745,239290.45,0.955421248750334,0.8282748056958121,-0.2099896689574776,0.0070919880314228
2007-03-22,8.8865,8.9729,8.869,8.9579,300774,0,0.803465931469094,8.84682,8.83555,8.912085000000001,8.913736307672352,9.155625544770938,8.668544455229064,0.816967758845663,49.011857707509975,235778.2,1.1714962227985053,0.8034659314690887,0.9409086811502876,0.0080025532988172
2007-03-23,8.9353,9.1128,8.9353,9.0913,239994,0,1.4891883142254425,8.91458,8.85416,8.911325,8.93064713551308,9.152393349119755,8.670256650880242,0.9281277784365868,65.63636363636351,237316.15,1.986502971360785,1.745884301590328,2.0897902349189312,0.0147820877485209
2007-03-26,9.0913,9.1027,8.9899,9.1027,257043,0,0.125394608031848,8.972420000000001,8.873909999999999,8.91001,8.947033122607072,9.14631874452038,8.67370125547962,0.925805588116892,66.69247644857394,240744.6,1.2547414320515249,0.1253946080318554,2.2178053272245313,0.0012531605465417
2007-03-27,9.0495,9.0971,9.0059,9.0372,219977,0,-0.7195667219616175,9.01512,8.90265,8.909395,8.955620444263541,9.144234667365582,8.674555332634418,0.7167167977533945,58.470225872689866,239706.85,1.0126694722348553,-0.1359191115531217,3.284646506205857,-0.0072216808986198
2007-03-28,9.0372,9.1027,9.0372,9.0799,151787,0,0.4724914796618407,9.0538,8.93631,8.908825,8.967456592428919,9.141854005422882,8.675795994577118,0.7035200624789487,62.98824421691314,236426.95,0.7247820121276515,0.4724914796618417,3.8498049935379086,0.0047137874235276
2007-03-29,9.0685,9.1065,9.0495,9.0723,255931,0,-0.0837013623498084,9.07668,8.96175,8.909295,8.97744167886426,9.143666504240503,8.674923495759495,0.6959450206683305,60.88032295871851,236249.15,0.6298690535388738,0.0419032916138283,2.8850406559384867,-0.0008373641149921
2007-03-30,9.0753,9.1225,9.0562,9.0723,145297,0,0.0,9.07288,8.993730000000001,8.914264999999999,8.98647580468671,9.158330791604508,8.67019920839549,0.6081162818805631,60.88032295871851,228642.05,0.7320951392416248,-0.0330567584542672,3.653813196229661,0.0
2007-04-02,9.0629,9.0971,9.0495,9.0913,128056,0,0.2094287005500295,9.0706,9.02151,8.926305000000001,8.996459061383215,9.180666826621176,8.671943173378827,0.5976583784864782,77.03879651623107,216465.8,0.5259959113763103,0.3133654790409199,3.151982753730076,0.0020920970435424
2007-04-03,9.0913,9.1065,9.0629,9.0723,154012,0,-0.2089910133864281,9.07762,9.04637,8.93772,9.003682007918147,9.196973621808851,8.67846637819115,0.6180071329391068,75.54347826086953,209665.1,0.4810822143022612,-0.2089910133864257,2.817412196697533,-0.0020920970435424
2007-04-04,9.0753,9.1358,9.0753,9.0913,153633,0,0.2094287005500295,9.0799,9.06685,8.947025,9.012026578592607,9.214589728027002,8.679460271972998,0.5991389138670695,73.23249490142757,205995.8,0.6666446288276897,0.1763027117560853,2.304619366454741,0.0020920970435424
2007-04-05,9.0913,9.1874,9.0913,9.1589,212936,0,0.7435680265748479,9.09722,9.08695,8.96125,9.02601452348855,9.242460282809583,8.680039717190414,0.5930338975246247,84.40568912969857,206774.15,1.057054546654492,0.7435680265748437,2.2438294689603344,0.0074081718734854
2007-04-09,9.1589,9.1847,9.0913,9.1225,256487,0,-0.3974276386902176,9.10726,9.09007,8.972114999999999,9.03520361648964,9.260896580364546,8.683333419635451,0.4208061787899919,77.29681978798601,212102.25,1.0273558236995703,-0.397427638690221,0.3431852430345605,-0.003982194810267
2007-04-10,9.0913,9.1065,9.0562,9.1027,184579,0,-0.2170457659632751,9.10954,9.09007,8.98199,9.041631843490627,9.27461867363184,8.68936132636816,0.4265328817446621,74.23558026407235,211258.95,0.5554205958348977,0.1253946080318554,0.0,-0.0021728165166765
2007-04-11,9.0753,9.0971,8.9899,9.0314,246476,0,-0.7832840805475416,9.10136,9.08949,8.99607,9.040657382205806,9.26802744326515,8.724112556734848,0.4387898362952624,62.403697996918325,211851.95,1.1924493042191664,-0.4837305653807666,-0.0641791705395578,-0.0078636786404716
2007-04-12,9.0059,9.0495,8.9899,9.0162,135843,0,-0.1683017029474931,9.086339999999998,9.08312,9.009715,9.038328107710017,9.254278140270351,8.765151859729647,0.4068479556136234,55.52187914377715,209980.15,0.6629662176442414,0.1143694689037085,-0.7015495765371971,-0.0016844348937187
2007-04-13,9.0162,9.129,8.9955,9.1225,200148,0,1.178988931035252,9.07906,9.08814,9.024945,9.0463444784043,9.256821223560284,8.793068776439714,0.5665829825729085,53.1150159744409,205569.55,1.4840753710188397,1.178988931035258,0.553332671979545,0.0117209300508669
2007-04-16,9.129,9.1474,9.0857,9.0857,156041,0,-0.4033981912852979,9.0717,9.08948,9.041605,9.050092623318177,9.235894555750251,8.847315444249748,0.5851208451871382,48.38464462181669,203531.1,0.6790891180646521,-0.4743126300799686,0.1477023467036931,-0.0040421403659827
2007-04-17,9.129,9.174,9.1065,9.1589,235551,0,0.8056616441220799,9.08294,9.096239999999998,9.058875,9.060455230621208,9.227501786596434,8.890248213403567,0.6352204715808905,61.39726540550651,201103.75,0.7412287926206446,0.3275276591083316,0.7435680265748479,0.0080243351762498
2007-04-18,9.1474,9.1847,9.0799,9.1358,245931,0,-0.2522136937841868,9.10382,9.10259,9.07448,9.067630922942996,9.204909308943666,8.944050691056333,0.6375174101020772,55.43457126190932,202336.65,1.1541977334552045,-0.1268119902923192,0.6999327623645524,-0.0025253228832629
2007-04-19,9.1027,9.179,9.0913,9.129,170130,0,-0.0744324525493111,9.12638,9.10636,9.086605,9.073475596948423,9.184478935565606,8.988731064434395,0.6370178521132371,55.52093476144102,202531.3,0.9646585196836523,0.2889252639326694,0.4146821686667357,-0.0007446016725261
2007-04-20,9.1225,9.1713,9.0314,9.0753,195890,0,-0.5882352941176339,9.11694,9.098,9.092475,9.073649349620004,9.169765153931008,9.01518484606899,0.6130961041592643,50.26445698166432,197287.1,1.549040015944381,-0.5174020279528652,-0.912773367980857,-0.0058997221271881
2007-04-23,9.0753,9.0753,9.0314,9.0723,213866,0,-0.033056758454264,9.114259999999998,9.09298,9.091525,9.073520840132383,9.16934124441387,9.013708755586132,0.6035462739692519,48.27648766328011,195980.7,0.4860818920654685,-0.0330567584542672,-0.5502877500685122,-0.0003306222340505
2007-04-24,9.0562,9.0857,9.0266,9.0857,196436,0,0.1477023467036931,9.09962,9.09128,9.090675,9.074680760119776,9.168348537456426,9.013001462543576,0.603588080951877,51.228005865102546,192950.35,0.6547315711341927,0.3257436894061388,-0.1867577751656246,0.001475933740778
2007-04-25,9.0685,9.1589,9.0685,9.1185,236475,0,0.3610068569290137,9.09616,9.09999,9.094739999999998,9.07885402106075,9.16906753686746,9.020412463132535,0.5481033091966656,52.43117626027876,193775.25,0.9968572531289512,0.5513591001819368,0.9644130478109636,0.0036035679122667
2007-04-26,9.1225,9.1589,9.1185,9.1405,109893,0,0.2412677523715656,9.09846,9.11242,9.09777,9.084725066674013,9.174453768954026,9.021086231045976,0.5413053930733278,48.209420007785155,191680.55,0.4430553270823051,0.1973143326938767,1.378629577870938,0.0024097716902531
2007-04-27,9.1185,9.179,9.1027,9.1065,180881,0,-0.3719708987473202,9.1047,9.11082,9.09948,9.086798869847916,9.175292666626325,9.023667333373677,0.4181957763604864,48.43566679702776,187928.05,0.8382128379491778,-0.1316005922026504,-0.1753905179501247,-0.0037266443085413
2007-04-30,9.1065,9.1474,9.0685,9.1225,199593,0,0.1756986767693424,9.11474,9.1145,9.10199,9.090198977481446,9.17733632739937,9.026643672600631,0.3983316952311173,51.950354609929086,190642.85,0.8700446600871046,0.1756986767693407,0.4050320833837828,0.0017554450720042
2007-05-01,9.129,9.179,9.1027,9.179,189218,0,0.61934776651138,9.1334,9.116510000000002,9.106375,9.098656217721308,9.18896183149742,9.02378816850258,0.3612284435232369,64.97564935064943,193700.95,0.8382128379491778,0.5477051155657873,0.2194586686174116,0.0061743769084883
2007-05-02,9.174,9.2096,9.1589,9.204,166050,0,0.2723608236191444,9.1505,9.12333,9.11296,9.108688958890706,9.204611591997796,9.021308408002206,0.3549345603133464,68.68284918424207,194302.85,0.553559925318552,0.3270111183780372,0.7465137152739887,0.0027199059361656
2007-05-03,9.2096,9.2156,9.179,9.2156,146956,0,0.1260321599304559,9.16552,9.131989999999998,9.119175,9.118870962805875,9.220941872388464,9.017408127611535,0.3512003183503277,61.412110811473426,193969.0,0.3987362457784069,0.0651494093120247,0.94862526015993,0.0012595280607102
2007-05-04,9.204,9.2398,9.199,9.199,155117,0,-0.1801293458917552,9.18402,9.14436,9.12118,9.126502299681508,9.227710857402386,9.014649142597612,0.2793430969985379,64.61181325767365,191078.05,0.4435264702685165,-0.0543242068665882,1.363040340264221,-0.0018029177388096
2007-05-07,9.2156,9.2338,9.1934,9.2212,200523,0,0.2413305794108033,9.20376,9.15925,9.126115,9.13552112828327,9.241665932492731,9.010564067507268,0.2743424696049127,59.2515592515594,188279.85,0.4394456892988447,0.0607665263249206,1.641259658520977,0.0024103984482836
2007-05-08,9.1934,9.2434,9.1874,9.2434,194032,0,0.2407495770615497,9.21664,9.17502,9.13315,9.145795306542006,9.25934097473751,9.006959025262491,0.2753321350944244,66.02144133412756,188752.5,0.6095304438687676,0.5438684273500438,1.7356945529788614,0.0024046023956009
2007-05-09,9.1589,9.1874,9.1474,9.1474,159861,0,-1.0385788779020744,9.20532,9.17791,9.13895,9.145948134490386,9.255764716087812,9.022135283912188,0.4616104057117369,52.16470588235293,184421.75,0.4372827251459532,-0.1255609298059793,0.316938092888086,-0.0104400974360541
2007-05-10,9.1474,9.1713,9.1474,9.1645,130840,0,0.1869383649999001,9.1951,9.18031,9.146365,9.147714978824634,9.248244769697536,9.044485230302463,0.4591951421999943,61.48300720906284,184171.6,0.2612764282747135,0.1869383649999016,0.2625676932334286,0.0018676385269147
2007-05-11,9.1589,9.1874,9.152,9.179,179021,0,0.1582192154509165,9.1911,9.18756,9.14919,9.15069450465086,9.251416227965963,9.046963772034037,0.438112559503313,63.34083520880224,183115.25,0.3868006993007101,0.2194586686174226,0.7961346291110782,0.0015809418071883
2007-05-14,9.179,9.2096,9.1645,9.179,162526,0,0.0,9.18266,9.19321,9.153855,9.153390266112682,9.25232847438693,9.05538152561307,0.4373795049233246,62.06985769728345,183439.5,0.4921163184025282,0.0,0.61934776651138,0.0
2007-05-15,9.1847,9.199,9.1713,9.1713,176608,0,-0.0838871336746871,9.16824,9.19244,9.154475,9.155095955054332,9.25323793519514,9.055712064804858,0.3921142075661589,57.30492529053698,180492.35,0.3020291561719646,-0.1458948033141961,-0.0838871336746871,-0.0008392233862032
2007-05-16,9.1713,9.199,9.1713,9.1847,155672,0,0.1461079672456344,9.1757,9.19051,9.15692,9.1579153879063,9.256156338844733,9.057683661155266,0.3840445151282659,56.26417233560093,175979.4,0.3020291561719646,0.1461079672456355,-0.2096914385050108,0.0014600133340955
2007-05-17,9.1847,9.204,9.1847,9.1847,198850,0,0.0,9.17974,9.18742,9.159705,9.160466303343796,9.258768370998682,9.06064162900132,0.3807619265813595,62.26474278544527,177415.4,0.2101320674600281,0.0,-0.3353010113286259,0.0
2007-05-18,9.1847,9.204,9.1847,9.1934,189591,0,0.0947227454353605,9.18262,9.18686,9.16561,9.16360284588248,9.257293825124236,9.073926174875766,0.3788707260914995,61.38041733547349,177100.45,0.2101320674600281,0.0947227454353549,-0.0608761821937142,0.000946779117524
2007-05-21,9.1847,9.204,9.1847,9.1847,186991,0,-0.0946331063589211,9.18376,9.18321,9.17123,9.16561209865558,9.251955815344877,9.090504184655122,0.3693327224969748,51.08077360637071,175756.7,0.2101320674600281,0.0,-0.39582700733094,-0.000946779117524
2007-05-22,9.1713,9.1934,9.1713,9.1874,194777,0,0.0293967141006268,9.18698,9.17761,9.176315,9.167687136878858,9.246477316320911,9.106152683679085,0.3573973746063804,46.56172328086159,175673.75,0.2409691101588652,0.1755476322876776,-0.6058376787761999,0.0002939239411322
2007-05-23,9.1847,9.2096,9.1713,9.204,245554,0,0.1806822387182549,9.19084,9.18327,9.18059,9.171145504795156,9.24619076700402,9.11498923299598,0.1062834223479497,47.646103896104,176127.7,0.4176071004110601,0.2101320674600281,0.6187550560815325,0.0018051920471409
2007-05-24,9.1934,9.2398,9.1847,9.1874,209974,0,-0.180356366797052,9.19138,9.18556,9.182935,9.172693551957522,9.245797633030406,9.120072366969596,0.120702467023861,47.646103896104,181131.75,0.599910721090523,-0.0652642112820091,0.2498772437121488,-0.0018051920471409
2007-05-25,9.174,9.204,9.0799,9.174,338656,0,-0.1458519276400394,9.1875,9.185060000000002,9.18631,9.172817975580616,9.238180969468678,9.134439030531324,0.1217165229237033,40.06734006734021,189020.5,1.3667551404751188,0.0,-0.0544721647238399,-0.0014595839509984
2007-05-29,9.1358,9.2909,9.129,9.2755,236102,0,1.1063876171789833,9.205659999999998,9.19471,9.19396,9.18259721600151,9.251071208227447,9.136848791772554,0.3722196658957655,55.06468917639624,190845.95,1.7734691642020053,1.5291490619321737,1.051312779169833,0.0110031192213105
2007-05-30,9.2398,9.2989,9.2156,9.2792,236661,0,0.039890032882317,9.22402,9.2055,9.19897,9.191797481144222,9.267076854125577,9.130863145874423,0.3672559819488877,79.34105075690064,193218.1,0.903902079083288,0.4264161561938436,1.176496243716807,0.0003988207892385
2007-05-31,9.2434,9.2959,9.2434,9.2755,223685,0,-0.0398741270799196,9.238319999999998,9.21458,9.202545,9.199769149606675,9.278784248767064,9.126305751232934,0.3703499750007948,76.27840909090841,196099.85,0.5679728238526973,0.3472748122985027,0.9886006075320974,-0.0003988207892386
2007-06-01,9.256,9.2909,9.2338,9.2398,206453,0,-0.3848849118645692,9.2488,9.22009,9.203755,9.203581611548898,9.281617536765207,9.12589246323479,0.400553770844461,63.08089500860583,199074.7,0.618380298468671,-0.1750216076058723,0.599910721090513,-0.0038562749985996
2007-06-04,9.1874,9.256,9.0753,9.204,266671,0,-0.3874542739020326,9.2548,9.221149999999998,9.204005,9.203621458068053,9.281835354651626,9.126174645348376,0.4243005304400744,54.66070096942583,204652.4,1.9911187508952857,0.1806822387182488,0.1153001065982151,-0.0038820682245714
2007-06-05,9.1645,9.2262,9.1645,9.2096,171421,0,0.0608431116905672,9.24162,9.22364,9.203425,9.20419084301395,9.280887843384413,9.125962156615588,0.4227914554068401,57.1965426531378,203197.3,0.6732500409187636,0.4921163184025282,0.2711030300390993,0.0006082460977374
2007-06-06,9.199,9.2262,9.1065,9.1474,194588,0,-0.6753822098679696,9.21526,9.21964,9.198625,9.198782191298337,9.277541794956782,9.119708205043215,0.4776882466886706,44.07748491584635,203225.1,1.3144457255806283,-0.560930535927824,-0.435378888477711,-0.0067767323680061
2007-06-07,9.0229,9.0723,8.6983,8.6983,500005,0,-4.909591796576073,9.09982,9.16907,9.17617,9.151117220698495,9.413345884990422,8.93899411500958,1.6020937319009414,18.167539267015854,220232.3,4.299690744168407,-3.597512994713454,-5.4943502824858825,-0.0503420816346798
2007-06-08,8.6655,8.9099,8.6492,8.8865,451261,0,2.163641171263353,9.02916,9.13898,9.16227,9.125915580631972,9.432594258311232,8.89194574168877,1.8192106994128592,33.736089030206685,236253.35,3.014151597835637,2.550343315446311,-3.2751376885734818,0.0214056669497384
2007-06-11,8.8376,9.0229,8.8376,8.9955,261679,0,1.2265796432791245,8.98746,9.12113,9.153095,9.113495049143213,9.43330392562504,8.87288607437496,1.8841845516478155,40.93696110365973,240386.25,2.0967230922422355,1.7866841676473215,-1.9457161543492416,0.0121911810766276
2007-06-12,8.9955,8.9955,8.7672,8.8376,347113,0,-1.7553221054971924,8.91306,9.07734,9.136025,9.087219330177192,9.449240673970817,8.822809326029184,1.8844203202552696,35.41284403669724,249615.6,2.6040240897892035,-1.75532210549719,-4.7210392970729265,-0.0177091057186087
2007-06-13,8.8329,8.9692,8.8237,8.9147,295407,0,0.8724087987688867,8.86652,9.04089,9.123195,9.070788917779364,9.45100833889553,8.795381661104468,1.9271661151686523,38.51528384279473,255555.55,1.648968119949683,0.9260831663440028,-3.928140356927312,0.008686253023215
2007-06-14,8.9147,8.9353,8.8068,8.844,254633,0,-0.7930721168407318,8.89566,8.99774,9.10616,9.049189973228948,9.455235678116614,8.757084321883385,1.926988476163726,36.92904993909862,260503.6,1.4590997865285793,-0.7930721168407286,-4.652040321276473,-0.0079623366039436
2007-06-15,8.8505,8.8633,8.7322,8.7828,421794,0,-0.691994572591581,8.87492,8.95204,9.086065,9.023819499588097,9.461388766339,8.710741233661,1.9281366951304904,35.632437197003085,271650.8,1.5013398685325574,-0.7649285351110142,-4.945994502045503,-0.0069439995821551
2007-06-18,8.7828,8.8237,8.7046,8.7248,275208,0,-0.660381655053055,8.82078,8.90412,9.062635,8.995341452008278,9.467119067866513,8.658150932133488,1.928472251596322,29.106912512330226,275931.65,1.3682420789008265,-0.6603816550530563,-5.2064319860930075,-0.0066257182233845
2007-06-19,8.7091,8.7672,8.7091,8.7368,274459,0,0.1375389693746509,8.800619999999999,8.85684,9.04024,8.970718456578918,9.465340069457277,8.615139930542725,1.931172897967529,29.550595686925064,280305.05,0.6671183015466738,0.3180581231126198,-5.133773453787349,0.0013744447117214
2007-06-20,8.7322,8.7553,8.7212,8.7322,303003,0,-0.052650856148706,8.76412,8.81532,9.01748,8.948002413095212,9.45787337726264,8.577086622737362,1.935231824057796,29.530555346243716,285716.35,0.3910012383616987,0.0,-4.538994687014874,-0.0005266472157903
2007-06-21,8.7322,8.7433,8.6008,8.6269,373243,0,-1.2058816793019125,8.720699999999999,8.80818,8.988624999999999,8.917421230895668,9.452556904599389,8.52469309540061,1.201398654713585,28.058996205341117,292100.8,1.6568226211515218,-1.2058816793019111,-0.8208500511594274,-0.0121321141733428
2007-06-22,8.5963,8.6555,8.5781,8.6008,340069,0,-0.3025420487081098,8.684299999999999,8.77961,8.959295000000001,8.887266827953223,9.44401903641004,8.474570963589962,0.907853282846754,28.255227108868027,298605.55,0.9022977116144696,0.0523481032537274,-3.2149890283013627,-0.0030300063233673
2007-06-25,8.5781,8.5963,8.3104,8.4343,890474,0,-1.9358664310296647,8.6262,8.72349,8.92231,8.844127130052916,9.449109935659152,8.395510064340847,0.8576955130462635,24.956392531817315,326196.45,3.4402676164805523,-1.6763618983224586,-6.23867489300205,-0.0195484971864741
2007-06-26,8.4245,8.5279,8.3373,8.3425,429766,0,-1.0884127906287566,8.54734,8.67398,8.87566,8.796353117666925,9.435006108462906,8.316313891537094,0.7839923515339643,24.48811410459588,335879.65,2.286111810778068,-0.9733515342156892,-5.602199692224142,-0.0109437933590151
2007-06-27,8.3522,8.5692,8.3522,8.5692,399185,0,2.7174108480671366,8.51474,8.63943,8.840160000000001,8.774719487412932,9.381501710936789,8.298818289063213,1.2439013459439237,45.23651391041254,344005.85,2.598117861162335,2.598117861162335,-3.875621165041998,0.0268114477175356
2007-06-28,8.5528,8.6655,8.5412,8.6655,206639,0,1.123792185968342,8.522459999999999,8.62158,8.80966,8.764317631468844,9.31528555898086,8.304034441019137,1.319849328148602,41.252374920835976,343153.55,1.4552990212148158,1.3176971284257817,-2.018317503392131,0.0111752455463651
2007-06-29,8.6555,8.7525,8.6555,8.7046,247033,0,0.4512145865789518,8.54322,8.613760000000001,8.7829,8.75863023799562,9.247673167084848,8.318126832915151,1.3216140069099522,37.8111120422358,345182.55,1.1206747154988104,0.5672693662988765,-0.8903766452612039,0.0045019966539964
2007-07-02,8.6983,8.7368,8.6764,8.6918,149193,0,-0.1470486869011633,8.59472,8.61046,8.75729,8.752265453424608,9.17879695018304,8.335783049816959,1.3065175850134243,43.04522037779053,339308.65,0.6961412567424432,-0.0747272455537181,-0.3782321657803011,-0.0014715690958913
2007-07-03,8.6918,8.8135,8.6855,8.8135,134358,0,1.400170275432,8.68892,8.618129999999999,8.737485,8.758097315003216,9.103013884451558,8.371956115548441,1.3832893721200206,45.36969253294288,337455.5,1.4737205687640336,1.400170275432003,0.8778957970881685,0.013904584412473
2007-07-05,8.8135,8.8329,8.7608,8.8329,168277,0,0.2201168661712271,8.74166,8.6282,8.72176,8.765221380241005,9.03658064668463,8.40693935331537,1.3827212688179449,49.46711473835818,336139.95,0.8229842023559574,0.2201168661712256,1.1532030874235488,0.0021987496391077
2007-07-06,8.8068,8.8329,8.8068,8.8135,144179,0,-0.2196334159789037,8.77126,8.64686,8.72752,8.769819344027576,9.044739662229889,8.410300337770114,1.3106776465560583,51.53546063819144,318348.65,0.2963619021665027,0.0760775764182063,2.163001773522355,-0.0021987496391076
2007-07-09,8.8135,8.8291,8.7828,8.7955,181242,0,-0.2042321438701866,8.789439999999999,8.666329999999999,8.72297,8.772265120786855,9.033120076406114,8.412819923593887,1.3066692915269873,53.68344274252373,304847.7,0.5271667349820155,-0.2042321438701867,2.2637429076365123,-0.0020444098210478
2007-07-10,8.7248,8.7525,8.589,8.589,243885,0,-2.347791484281736,8.76888,8.681799999999999,8.702645,8.754811299759536,8.990039952708095,8.415250047291906,1.3866413346776003,43.59729682897244,303958.0,1.903597624869008,-1.5564826700898553,1.834177110133628,-0.0237579122727354
2007-07-11,8.589,8.589,8.4597,8.5412,329882,0,-0.5565257887996333,8.71442,8.70167,8.687825,8.734467366449104,8.976484084114965,8.399165915885035,1.3416012233069468,42.02438617003504,303096.45,1.5284229937231892,-0.5565257887996333,2.3817800419538626,-0.0055808016324659
2007-07-12,8.5163,8.5692,8.4714,8.5647,315975,0,0.2751369830937156,8.660779999999999,8.701220000000001,8.670325,8.718299045834904,8.94307003903055,8.39757996096945,1.0265664723738213,47.21226245966301,304124.85,1.1544726963666128,0.5683219238401758,-0.0525136535499237,0.0027475917413251
2007-07-13,8.5357,8.5412,8.4343,8.5056,352666,0,-0.6900416827209432,8.5992,8.68523,8.653405000000001,8.698041993850627,8.92275017454861,8.384059825451391,0.964195479821778,45.85582448197806,309026.5,1.2674436527038349,-0.3526365734503427,-1.8452483988229185,-0.0069243347962124
2007-07-16,8.4491,8.5224,8.3006,8.3425,560600,0,-1.9175601956358144,8.508600000000001,8.649019999999998,8.63139,8.664180851579138,8.926908476757808,8.335871523242192,1.0758873500220845,45.99196646873904,315966.8,2.672095993060742,-1.2616728408942994,-4.159869494290369,-0.0193618384533424
2007-07-17,8.307,8.4085,8.3006,8.3425,433102,0,0.0,8.459299999999999,8.61409,8.612275,8.633544580000173,8.930906084319673,8.293643915680327,1.0810060781267878,50.0,323861.5,1.2999060308893429,0.427350427350415,-4.018730297521822,0.0
2007-07-18,8.3268,8.3468,8.099,8.1917,638809,0,-1.8076116272100484,8.3894,8.551910000000001,8.58502,8.59146414380968,8.948849790163647,8.221190209836353,0.9546985955840188,30.69053708439894,342079.0,3.059636992221259,-1.6224720180621557,-7.055085947693862,-0.0182414851105584
2007-07-19,8.1917,8.3104,8.1524,8.2027,449221,0,0.1342822613132677,8.317,8.48889,8.558544999999999,8.554438987256377,8.953048197105314,8.164041802894683,0.9456015087045356,24.0641111858327,349389.9,1.9380795839261993,0.1342822613132711,-7.134689626283553,0.0013419218331491
2007-07-20,8.1984,8.2449,8.1524,8.2139,262972,0,0.1365404074268328,8.25866,8.42893,8.537894999999999,8.52200670275577,8.959629511024975,8.116160488975023,0.9734025385243515,21.61286590304296,343876.35,1.1346351994504609,0.1890612802498192,-6.8031996369206205,0.0013644727577778
2007-07-23,8.1917,8.2139,8.0524,8.1048,549299,0,-1.3282362823993643,8.21112,8.359860000000001,8.513095,8.482272731064743,8.975616334813758,8.050573665186242,0.9749734406742516,19.4461794711638,354337.85,2.005613233321745,-1.0608298643749374,-7.852879313285221,-0.0133713623664299
2007-07-24,8.055,8.0828,7.6356,7.8795,1315603,0,-2.7798341723422992,8.11852,8.28891,8.485355000000002,8.424865804296672,9.027474087616277,7.943235912383727,1.0568181092086468,6.117271189626095,375594.3,5.856776153805863,-2.178770949720665,-8.260565840027944,-0.0281920286773415
2007-07-25,7.9268,7.9591,7.5431,7.7978,984624,0,-1.0368678215622928,8.039739999999998,8.214569999999998,8.458120000000001,8.365145251506513,9.079405877413688,7.836834122586314,1.0527344469368631,4.05681313803818,403337.2,5.514973949702382,-1.6273906242115412,-8.703695031143166,-0.0104228074504379
2007-07-26,7.6356,7.8353,7.5534,7.8287,887330,0,0.3962656133781328,7.96494,8.14097,8.421095,8.314055227553512,9.100087353960523,7.7421026460394735,1.0683571267993228,6.731107205623985,427744.45,3.732094156273999,2.5289433705275326,-8.593412495475617,0.0039548254919079
2007-07-27,7.748,8.1236,7.748,8.0661,383611,0,3.0324319491103147,7.93538,8.097019999999999,8.391125,8.290440443976987,9.077568014463168,7.704681985536833,1.6407019648910723,23.1324591130102,436593.05,4.8477026329375255,4.1055756324212735,-5.167183972911948,0.029873625971686
2007-07-30,8.0828,8.133,7.8893,7.9535,311157,0,-1.3959658323105415,7.905120000000001,8.05812,8.353570000000001,8.25835087788394,9.049915431823226,7.657224568176776,1.5989925292549425,24.85160269093791,439799.25,3.088993953836192,-1.5996931756322144,-4.6628708420737075,-0.014058010736867
2007-07-31,7.9762,8.1485,7.9652,8.0761,309677,0,1.541459734707984,7.94444,8.03148,8.322785,8.240993651418803,9.010557346898244,7.635012653101755,1.7186147572748527,32.62347754614068,447823.45,2.3012604831014913,1.2524761164464266,-3.1932873838777187,0.0152969993851606
2007-08-01,8.099,8.1485,7.9002,8.0306,356552,0,-0.5633907455331211,7.991,8.01537,8.28364,8.220956160807487,8.942318189614408,7.624961810385592,1.6415156651868337,30.368301110049273,458933.15,3.1429584061163065,-0.8445487097172547,-1.9666247543245088,-0.0056498377734066
2007-08-02,7.9863,8.2096,7.9863,8.2096,199223,0,2.2289741737852697,8.06718,8.01606,8.252475,8.219874621682965,8.85861737992148,7.646332620078521,1.8117915614020652,40.00135116876101,460480.45,2.7960382154439483,2.7960382154439483,0.0841186438611751,0.022044956237531
2007-08-03,8.1847,8.2638,8.1391,8.162,241843,0,-0.5798090040927573,8.08636,8.01087,8.219899999999999,8.214362752951255,8.766160944006986,7.6736390559930125,1.8209480701354932,43.386824943211025,465363.65,1.5321104299001207,-0.2773467567534377,-0.6318557567050909,-0.0058149642219492
2007-08-06,8.0828,8.162,7.7643,8.1109,597477,0,-0.6260720411663812,8.11784,8.01148,8.18567,8.204509157432087,8.661294049234861,7.710045950765139,1.779176589746467,41.820878655177346,486175.4,5.122161688754947,0.3476518038303587,0.0752640410621063,-0.006280400907421
2007-08-07,8.055,8.1485,7.8287,7.9535,414750,0,-1.940598453932374,8.09332,8.01888,8.153895,8.180603523390936,8.600065000524983,7.707724999475016,1.647246243474695,41.62682789651292,494718.65,4.084969407436737,-1.2600869025449994,0.9391458848911682,-0.0195967527199148
2007-08-08,7.8838,8.0661,7.8838,8.0364,347302,0,1.042308417677762,8.09448,8.04274,8.128655,8.16686985449656,8.538181090551202,7.7191289094487985,1.6179718591553,44.435521648932635,495589.65,2.312336690428481,1.93561480504326,3.0598373900331044,0.0103691383655897
2007-08-09,7.8174,7.9762,7.705,7.8085,383064,0,-2.8358468966203754,8.01426,8.04072,8.090845,8.132739392163556,8.469319013430454,7.712370986569546,1.898179459709068,38.15312682641732,498944.1,3.519792342634657,-0.1138485941617377,-0.258024959444092,-0.0287683377761042
2007-08-10,7.7106,7.7106,7.4941,7.5282,576908,0,-3.5896779150925373,7.8875,7.986930000000001,8.041974999999999,8.075164211957503,8.44647193187315,7.637478068126849,1.8739399733483837,34.68281797896084,510156.2,2.8889392989151452,-2.3655746634503196,-6.668650277085586,-0.0365569145341915
2007-08-13,7.5382,7.7755,7.5231,7.5534,376207,0,0.3347413724396286,7.776000000000001,7.94692,8.00252,8.025472382247266,8.436459290442262,7.568580709557739,1.8795462798371616,40.306759407883014,500936.55,3.3549999335380325,0.201639648722508,-5.030489721506259,0.0033418236065595
2007-08-14,7.5477,7.5863,7.1484,7.3879,839881,0,-2.1910662747901544,7.66288,7.878100000000001,7.95479,7.964751202985621,8.43842731474173,7.47115268525827,1.7982165378462625,38.39402004643527,521275.5,6.125846343237647,-2.117201266611017,-8.521439803865727,-0.0221542662356559
2007-08-15,7.1989,7.2048,6.8371,6.9222,1254827,0,-6.3035503999783415,7.440040000000001,7.76726,7.891315,7.865460612225085,8.546751093556736,7.235878906443265,2.476855065308732,29.404280456218487,552076.4,5.378011145076118,-3.843642778757865,-13.802206559908347,-0.0651098886033135
2007-08-16,6.6918,6.9933,5.7901,6.983,2696081,0,0.8783334777960672,7.274939999999999,7.6446,7.830330000000001,7.781416744394125,8.583467348485845,7.077192651514156,2.2834624237858727,23.244898967442325,664419.4,20.780297404189906,4.351594488777309,-14.94104463067628,0.0087449856847362
2007-08-17,7.2242,7.9444,7.2242,7.8458,1205335,0,12.355721036803669,7.33846,7.6129799999999985,7.811925,7.787548483023256,8.543270387121051,7.08057961287895,4.9825029852044045,48.05896983022744,711537.55,9.96926995376651,8.604412945378034,-3.874050477824076,0.1164997329026732
2007-08-20,7.9202,7.9202,7.6613,7.6893,559493,0,-1.9946978000968565,7.365640000000001,7.570819999999999,7.79115,7.778191484640089,8.510980823691877,7.071319176308124,5.011546777459427,43.113026137739475,712047.25,3.3793220471721583,-2.915330420948967,-5.1979435081187075,-0.0201486047004481
2007-08-21,7.6959,7.8681,7.6789,7.7978,371391,0,1.411051721223,7.447619999999999,7.555250000000001,7.787065,7.780058962293413,8.505711055257333,7.0684189447426675,5.010958023456354,45.945945945945944,664836.65,2.4638945682324356,1.3240816538676394,-1.9576287169170816,0.0140118905634277
2007-08-22,7.9202,7.9377,7.8229,7.9002,309484,0,1.3131908999974409,7.64322,7.54163,7.792184999999999,7.7915009658845165,8.512609980644704,7.071760019355293,5.018481300126112,44.46432405353181,631079.65,1.4674864819951767,-0.2525188757859708,-1.6947887113633042,0.013046432978665
2007-08-23,7.9591,7.9809,7.8229,7.8411,401047,0,-0.7480823270296977,7.814839999999999,7.54489,7.792805,7.796224683419324,8.51338362268719,7.07222637731281,4.932970135520582,44.282099711343136,606765.5,2.019711360237257,-1.4825796886582694,0.4174937568034664,-0.0075089449654339
2007-08-24,7.8947,7.9002,7.748,7.7698,234246,0,-0.9093111935825292,7.799639999999999,7.56905,7.77799,7.793708046903198,8.487000987666386,7.068979012333614,4.777778515001881,43.96560874641756,599297.25,1.964377903975215,-1.5820740496789012,3.209266491325957,-0.0091347066202461
2007-08-27,7.7538,7.8174,7.7106,7.7917,269084,0,0.2818605369507621,7.82012,7.592879999999999,7.7699,7.793516804340989,8.474155336470696,7.065644663529303,4.777906027489206,46.99345919429166,597193.6,1.3851062174149842,0.4887925920193918,3.1548706542748883,0.0028146405498205
2007-08-28,7.7698,7.788,7.6959,7.7538,274459,0,-0.486415031379539,7.811319999999999,7.62947,7.753785000000001,7.789734251546609,8.443131128855823,7.064438871144178,4.704668341448793,44.659460276664895,595432.7,1.1967411218960784,-0.2059255064480426,4.952692916796386,-0.0048760187952926
2007-08-29,7.8085,7.8085,7.5808,7.6195,280395,0,-1.7320539606386465,7.75518,7.699199999999999,7.733230000000001,7.773521465685027,8.412261301038152,7.05419869896185,4.151028568553102,46.29731212287438,591624.85,3.003640776699035,-2.420439264903631,10.07338707347376,-0.0174722950292851
2007-08-30,7.6312,7.7374,7.5382,7.5534,327093,0,-0.8675109915348811,7.69764,7.75624,7.700419999999999,7.752557516572168,8.345078570097453,7.055761429902545,4.194922761355518,50.538922155688624,598018.35,2.642540659573907,-1.0194988992556857,8.168408993269383,-0.0087129577296468
2007-08-31,7.6085,7.705,7.5863,7.6667,330620,0,1.4999867609288398,7.677020000000001,7.73833,7.675655000000001,7.7443806102319614,8.282604582489608,7.068705417510395,1.2867378222523755,52.33502328840525,602457.2,1.5646626155042704,0.7649339554445602,-2.2827500063728356,0.0148884820595435
2007-09-04,7.7643,7.9535,7.7157,7.9535,647892,0,3.7408533006378257,7.70938,7.764750000000001,7.667784999999999,7.7642967425908225,8.254724058165408,7.080845941834591,1.6393456054609798,61.101515270471864,604977.95,3.082027554207655,2.436794044537171,3.4359434538904665,0.0367258082786029
2007-09-05,7.8509,8.0178,7.8458,8.0018,292439,0,0.6072798139183933,7.758979999999999,7.785149999999999,7.6702,7.786916100439315,8.262462253433563,7.077937746566436,1.6008128905291727,75.34272300469485,598862.4,2.19225572917994,1.9220726286158167,2.6161224960886464,0.0060544330148539
2007-09-06,7.9954,8.0306,7.9326,8.0178,250367,0,0.1999550101227321,7.83864,7.79691,7.669269999999999,7.808905043254619,8.259164774202718,7.079375225797281,1.5583503317810743,74.8129675810474,594015.65,1.2354083150543311,0.2801610926282526,1.488569909622539,0.0019975536618011
2007-09-07,8.0178,8.0178,7.8738,7.9863,261857,0,-0.3928758512310004,7.92522,7.81143,7.67816,7.825799801039893,8.282081857615172,7.074238142384829,1.5393179405159092,55.60252013717205,587955.3,1.8288501104930177,-0.3928758512310037,1.8517810001147827,-0.0039364963574331
2007-09-10,8.0018,8.0415,7.8681,7.9954,334884,0,0.1139451310369077,7.990959999999999,7.83399,7.70152,7.841952200940856,8.317050079131706,7.085989920868296,1.4910676054205747,63.831902394939014,575854.1,2.2038357417927976,-0.0799820040490801,2.903549640917391,0.0011388026284389
2007-09-11,7.9134,7.9535,7.8174,7.8458,307079,0,-1.871075868624461,7.969420000000001,7.8394,7.71614,7.842318657994108,8.33074631267425,7.10153368732575,1.6412803740013198,52.09132101777624,572397.7,1.7409880522936,-0.8542472262238804,0.6943285804124955,-0.0188880195373673
2007-09-12,7.9134,7.9134,7.7643,7.8033,218869,0,-0.5416910958729426,7.92972,7.84435,7.73691,7.838602595328003,8.332595695648376,7.141224304351625,1.643496047394025,45.54564677760412,541347.1,1.920327653490975,-1.3913109409356292,0.6383966571229527,-0.0054316356197551
2007-09-13,7.9103,7.9103,7.6959,7.7017,312079,0,-1.302013250804146,7.866499999999999,7.85257,7.775885,7.825564252915812,8.23301638166762,7.318753618332381,1.59587507817846,43.832949920368065,494209.7,2.7858989851739286,-2.637068126366896,1.078810945600095,-0.0131056374345444
2007-09-14,7.705,7.7592,7.6195,7.6613,228871,0,-0.5245595128348324,7.8015,7.863359999999998,7.8098,7.809920038352401,8.08281890430031,7.5367810956996895,1.5758868607629823,45.06504138997543,370849.2,1.833453638690196,-0.5671641791044815,1.4284957767362938,-0.0052594015656252
2007-09-17,7.6613,7.6613,7.5751,7.6031,263526,0,-0.7596621983214202,7.72304,7.856999999999999,7.797664999999999,7.790222891842649,8.085138753676247,7.510191246323752,1.522376205984555,41.6960197252554,323758.75,1.1379387730855015,-0.7596621983214255,-0.8295616106016812,-0.0076256232839624
2007-09-18,7.6503,7.9134,7.6085,7.9103,515377,0,4.04045718193895,7.735940000000001,7.852679999999999,7.808714999999999,7.801658806905253,8.095639573070446,7.521790426929553,1.6064014731642102,55.56979144423092,321552.95,4.007360189262009,3.39855953361307,-0.5431571006475067,0.0396096488727752
2007-09-19,7.9444,8.1168,7.9202,8.0661,307079,0,1.9695839601532097,7.788500000000001,7.859110000000001,7.82213,7.826843682438087,8.131143977541253,7.513116022458745,1.7213315228368244,65.65479528883904,318337.35,2.482260548976026,1.5318966819394868,0.803569196930698,0.0195043863576858
2007-09-20,8.0661,8.0878,7.9103,7.9202,347661,0,-1.808804750746951,7.8322,7.849349999999999,7.823130000000001,7.8357347603011265,8.133334883737852,7.512925116262149,1.8217689595884032,62.176337803744545,320246.2,2.2439098390705703,-1.808804750746955,-1.2172915263538475,-0.0182536360603976
2007-09-21,7.9762,8.055,7.9202,8.0306,258713,0,1.393904194338513,7.906060000000001,7.85378,7.832604999999999,7.854293354558162,8.156399590345357,7.508810409654641,1.8774599368796152,62.1033725803233,313129.5,1.7019772227973962,0.6820290363832318,0.5546999236191841,0.0138427869352847
2007-09-24,8.0828,8.0922,8.0018,8.0828,305599,0,0.6500136976066662,8.002,7.862519999999999,7.848255,7.87605589221929,8.189077092655655,7.507432907344345,1.8864537269336523,55.09576732087967,316697.15,1.1297458071933904,0.0,1.093128548915634,0.0064791021891719
2007-09-25,8.0878,8.2948,8.0828,8.2096,386586,0,1.5687632998465872,8.061860000000001,7.8989,7.86915,7.907821997722214,8.244831357143704,7.493468642856297,1.7934417647416183,57.71229216152022,322572.25,2.6228534666204744,1.5059719577635495,4.636875780672467,0.0155658540483592
2007-09-26,8.2702,8.2702,8.1917,8.2192,234246,0,0.1169362697330145,8.09248,7.940490000000001,7.89242,7.937477045558194,8.294728551919341,7.490111448080659,1.764070471889179,57.51044152744636,320561.6,0.9582870466447748,-0.6166719063626049,5.32979636820321,0.0011686795253032
2007-09-27,8.2504,8.2702,8.2096,8.2397,175683,0,0.249416001557301,8.156380000000002,7.994290000000001,7.923430000000001,7.966260184076461,8.332712679819297,7.514147320180704,1.6490879167372974,59.52774853361406,315326.0,0.7381602026895449,-0.12969068166394,6.985470740226174,0.0024910547607445
2007-09-28,8.2192,8.2346,8.1423,8.2139,210891,0,-0.31311819605081,8.19304,8.04955,7.956455,7.989844928450132,8.346143428714203,7.566766571285796,1.6330682197529982,58.11362792424809,309515.9,1.1335863330999818,-0.0644831613782373,7.212875099526195,-0.0031360943678506
2007-10-01,8.2449,8.2541,8.1917,8.2096,161784,0,-0.0523502842742273,8.218399999999999,8.1102,7.9836,8.010773982883453,8.363823895259587,7.603376104740413,1.5766486532030328,65.1431901431902,301074.1,0.7617466459953178,-0.4281434583803253,7.977009377753808,-0.0005236399181971
2007-10-02,8.2948,8.3147,8.157,8.2287,194128,0,0.2326544533229446,8.222220000000002,8.14204,7.99736,8.031528841656458,8.39261867559313,7.602101324406871,1.085394494261857,68.05909322465617,278385.9,1.9333088145151425,-0.7968847952934427,4.025131790197589,0.0023238423188999
2007-10-03,8.2702,8.307,8.2192,8.307,212385,0,0.9515476320682614,8.23978,8.166129999999999,8.012620000000002,8.05776419007013,8.431462920436832,7.593777079563171,0.9627003130417328,76.21481160675624,274383.2,1.068230484718703,0.4449711010616369,2.986573436976969,0.0094704893324714
2007-10-04,8.3268,8.3268,8.1847,8.2027,235726,0,-1.2555675935957633,8.23238,8.19438,8.021865000000002,8.071567600539641,8.449264427505037,7.594465572494968,0.8356284562512399,72.21766250820752,273651.15,1.736166261439039,-1.490368448863913,3.5668291204767444,-0.0126351644909518
2007-10-05,8.3006,8.3147,8.2192,8.2638,257043,0,0.74487668694454,8.242360000000001,8.217699999999999,8.03574,8.089875448107295,8.476098979876584,7.595381020123417,0.7684052704159622,77.04904609841972,273410.45,1.1619135682304782,-0.4433414451967267,2.903892610763825,0.0074211618032213
2007-10-08,8.2948,8.3425,8.2702,8.2886,167160,0,0.3001040683462852,8.25816,8.23828,8.0504,8.1088015959066,8.504414537212245,7.596385462787755,0.758052376701639,70.14591543295349,265024.25,0.8742231143140248,-0.0747456237642831,2.5461473746721364,0.0029965465500108
2007-10-09,8.2702,8.2702,8.2192,8.2581,171421,0,-0.3679752913640421,8.26404,8.243129999999999,8.071015,8.123020491534543,8.523352150806835,7.618677849193164,0.6196961085818554,61.799410029498546,258241.35,0.6204983453377476,-0.146308432686032,0.5907717793802503,-0.00368653985903
2007-10-10,8.2581,8.2638,8.1917,8.2638,164757,0,0.0690231409161912,8.2554,8.247589999999999,8.09404,8.13642806376935,8.535755313891604,7.652324686108395,0.6193977387588434,75.51232551232555,255535.75,0.8801591855170346,0.069023140916181,0.5426318863149593,0.0006899933090193
2007-10-11,8.2702,8.2886,8.2096,8.2096,197184,0,-0.6558726009825988,8.256780000000001,8.24458,8.119435,8.14339681960084,8.522922247695229,7.71594775230477,0.6531996951449685,64.50097213221004,249791.0,0.9622880530111164,-0.7327513240308683,-0.3653045620592876,-0.0065803289636407
2007-10-12,8.2773,8.2886,8.157,8.1726,216456,0,-0.4506918729292652,8.23854,8.24045,8.145,8.14617807487695,8.486259820757137,7.803740179242862,0.6611166757504521,57.45847176079724,249170.25,1.6133382370969795,-1.2649052227175663,-0.5028062187268145,-0.0045171055063495
2007-10-15,8.1796,8.2192,8.1109,8.1485,322269,0,-0.2948877958054874,8.210519999999999,8.23434,8.172270000000001,8.146399210602954,8.399222506972462,7.94531749302754,0.6657095886187138,43.881434007610665,252107.4,1.335240232280016,-0.3802141914030068,-0.744250633404786,-0.0029532344653073
2007-10-16,8.1287,8.1287,8.0306,8.0306,308198,0,-1.44689206602443,8.16502,8.21453,8.178284999999999,8.135370714355053,8.381096214005407,7.97547378599459,0.7818545593103556,34.479921000658194,241748.45,1.2215774661918228,-1.2068350412735187,-2.4074276617205626,-0.0145746162658742
2007-10-17,8.0828,8.1391,7.9002,8.0018,333953,0,-0.3586282469554058,8.11262,8.18401,8.17507,8.122649693940286,8.387193897261731,7.962946102738267,0.6601884925316933,30.68679980516319,243092.15,3.0239740766056458,-1.0021279754540666,-3.6740098711929847,-0.0035927285969001
2007-10-18,8.0128,8.0828,7.9762,8.0524,208862,0,0.6323577195131325,8.08118,8.16898,8.18168,8.115959246898354,8.36689621618226,7.996463783817741,0.6491823036228983,37.39659747151557,236152.2,1.3364760161480436,0.4942092651757198,-1.8323235032367324,0.0063036672714043
2007-10-19,8.0415,8.0524,7.9268,8.0237,277799,0,-0.3564154786150797,8.0514,8.14497,8.181335,8.107172651955654,8.367757895307331,7.99491210469267,0.5618504839874747,36.02465794617354,237106.5,1.58449815814705,-0.2213517378598442,-2.9054430165299294,-0.003570521518335
2007-10-22,7.9809,8.055,7.9002,7.9052,324501,0,-1.4768747585278574,8.00274,8.10663,8.172455,8.08793716129321,8.392523606288394,7.952386393711604,0.6302687731540563,28.842380640941855,238051.6,1.9594440647072209,-0.9485145785563072,-4.625630383900791,-0.0148788913400589
2007-10-23,7.9326,8.0069,7.9052,7.9202,190319,0,0.1897485199615411,7.98066,8.072840000000001,8.157985,8.071962193551,8.404266236544156,7.9117037634558445,0.66413409887301,22.418710781517504,228238.25,1.286494965339272,-0.1563169704762565,-4.091740230803698,0.001895687248605
2007-10-24,7.9202,7.9492,7.8229,7.9202,260385,0,0.0,7.96434,8.03848,8.143035000000001,8.057508651308048,8.409170306109376,7.876899693890627,0.6588836563780031,26.336069693416107,229545.2,1.6144907898605445,0.0,-4.1578934630557285,0.0
2007-10-25,7.9492,7.9492,7.9134,7.9377,216087,0,0.2209540163127243,7.9414,8.011289999999999,8.127934999999999,8.046098303564424,8.405021779300629,7.85084822069937,0.6822053099096648,20.53135731068157,231565.4,0.4523971996866082,-0.1446686459014724,-3.3119762229584793,0.0022071027190211
2007-10-26,7.9762,8.0069,7.9103,7.9591,252966,0,0.2695995061541723,7.92848,7.98994,8.115195,8.037812750844003,8.398988946562119,7.831401053437881,0.7061367320813605,20.040007274049884,233669.15,1.2211926222772786,-0.2143878037160566,-2.612387734625443,0.0026923673855241
2007-10-29,7.9535,8.0306,7.9492,7.9591,194957,0,0.0,7.93926,7.971000000000001,8.10267,8.030316298382669,8.39099587630563,7.814344123694371,0.7107577743644035,21.216788602233407,235327.8,1.0240024153373857,0.070409253787644,-2.32435417561514,0.0
2007-10-30,7.9377,7.9535,7.8681,7.9052,264453,0,-0.6772122476159437,7.93626,7.95846,8.086495000000001,8.018400460441462,8.381275678328537,7.791714321671464,0.5972666315932421,18.410852713178457,238844.05,1.0853954576072993,-0.409438502336957,-1.561527158618281,-0.0067951573531503
2007-10-31,7.8838,7.8893,7.8287,7.8558,255741,0,-0.6249051257400162,7.92338,7.943859999999999,8.063934999999999,8.00291470230418,8.35671585409801,7.7711541459019875,0.613048690800237,18.56787491115868,241011.85,0.7740748783322899,-0.3551586798244448,-1.8245894673698304,-0.0062686583045167
2007-11-01,7.8287,7.8287,7.7106,7.7277,273905,0,-1.630642327961518,7.88138,7.91139,8.040185,7.97670377827521,8.361265408194525,7.719104591805473,0.6915749960848573,15.981036855788515,242920.8,1.5316577179467237,-1.2901247972204946,-4.032338184888983,-0.016440836198696
2007-11-02,7.7592,7.7698,7.4941,7.5641,316901,0,-2.1170594096561635,7.802379999999999,7.865430000000001,8.005199999999999,7.937408180344238,8.37279939293239,7.637600607067608,0.8762734336655124,13.1711620872197,245913.7,3.6788940633298144,-2.5144344777812155,-5.728030709024512,-0.0213979050538644
2007-11-05,7.4941,7.5641,7.3077,7.4258,332464,0,-1.8283735011435651,7.69572,7.817490000000001,7.962059999999999,7.888683591740024,8.38757067721164,7.536549322788359,0.9219021260670036,12.840992872941897,254178.9,3.5086278856548603,-0.911383621782478,-6.06436269797096,-0.0184529482345372
2007-11-06,7.5171,7.5231,7.3544,7.4514,606088,0,0.3447440006463909,7.60496,7.77061,7.921725,7.847037535383832,8.380700416725075,7.462749583274927,0.9381839633206728,16.04983962496928,275912.25,2.2938648972043985,-0.8740072634393654,-5.919042448423029,0.0034415112073768
2007-11-07,7.4258,7.4258,7.1659,7.1778,530465,0,-3.671793220066022,7.46936,7.69637,7.867425,7.783300627252038,8.406052272258952,7.328797727741048,1.317316675149581,7.691563467492287,294197.65,3.6268996218200087,-3.339707506261943,-9.373500669175016,-0.0374090047771283
2007-11-08,7.1484,7.2848,7.0462,7.1023,461100,0,-1.0518543286243798,7.34428,7.61283,7.81206,7.7184434246566065,8.425092793490535,7.199027206509465,1.2490215938450857,7.358385783043346,307393.45,3.386222360988901,-0.6448995579430367,-10.524459226224224,-0.0105742541719543
2007-11-09,6.9884,7.1023,6.9774,7.0693,498759,0,-0.4646382157892481,7.24532,7.52385,7.756895,7.656620241355977,8.429037451928377,7.084752548071624,1.179279528121717,7.990752839481402,321508.6,1.7900650672170055,1.157632648388755,-11.1796559912553,-0.0046572101451347
2007-11-12,7.0103,7.1224,6.983,7.0146,379803,0,-0.7737682655991507,7.163079999999999,7.429399999999999,7.700200000000001,7.595475456464932,8.42266572528433,6.977734274715671,1.117594948956994,6.234293446742669,324385.3,1.996276671917517,0.0613383164771799,-11.866919626590954,-0.0077677738469964
2007-11-13,7.1224,7.1659,7.04,7.1396,372506,0,1.78199754797137,7.10072,7.35284,7.65565,7.5520587463254145,8.401827429161164,6.909472570838835,1.4719264126974911,16.34184201448774,327600.7,1.7883522727272685,0.2414916320341441,-9.684764458837224,0.0176630611145244
2007-11-14,7.2793,7.3437,7.1778,7.2508,400446,0,1.5575102246624395,7.11532,7.29234,7.618100000000001,7.523367437151565,8.366514779454121,6.869685220545882,1.681230244023892,22.596345647490622,330925.35,2.3112931538911603,-0.3915211627491681,-7.701316224954812,0.0154550552334112
2007-11-15,7.3879,7.3879,7.0462,7.091,416676,0,-2.203894742649082,7.11306,7.228669999999999,7.57003,7.4821895859942735,8.324468886925484,6.8155911130745155,1.7225195098017745,18.811525472443776,341316.05,4.849422383696181,-4.0187333342357086,-8.239191480000507,-0.0222854332847672
2007-11-16,7.091,7.1435,7.0305,7.1278,310231,0,0.5189677055422282,7.12476,7.185040000000001,7.525235,7.448438196851962,8.27261142534268,6.777858574657322,1.7074676761003569,20.90304515225759,342937.65,1.6072825545836062,0.5189677055422295,-5.768035853571474,0.0051762570916135
2007-11-19,7.2242,7.2242,6.9614,7.0359,340997,0,-1.2893178820954532,7.12902,7.14605,7.48177,7.409148844770822,8.23717242910309,6.726367570896911,1.671781848146982,20.361404705080105,343762.45,3.775102709225148,-2.6065169845796063,-5.250612728594895,-0.012977017259969
2007-11-20,6.9884,7.091,6.9614,6.9714,403341,0,-0.9167270711636032,7.0953800000000005,7.098050000000001,7.43433,7.367458478602172,8.192964721339045,6.675695278660956,1.6462428261753257,20.153887688984867,354413.55,1.861694486741172,-0.2432602598592002,-6.441742491343905,-0.00920954871877
2007-11-21,6.9614,6.9714,6.7616,6.8955,518348,0,-1.0887339702211896,7.02432,7.06982,7.383094999999999,7.322510052068632,8.141974943282145,6.624215056717854,1.2820147509370474,20.88988386735691,367311.7,3.102815901561767,-0.9466486626253348,-3.932959959876292,-0.0109470405024788
2007-11-23,6.9614,6.9614,6.8638,6.9278,157707,0,0.4684214342687287,6.99168,7.052370000000001,7.332600000000001,7.284918618538287,8.070196534984529,6.595003465015473,1.2853460397377092,25.49110238040213,364392.7,1.421952854104139,-0.4826615335995611,-2.4569505653098234,0.0046732775509024
2007-11-26,6.9278,6.9614,6.6968,6.6968,493337,0,-3.3343918704350717,6.90548,7.0151200000000005,7.269485,7.22890732153464,7.997322518811453,6.541647481188548,1.6181071045994777,23.79206212251941,376411.25,3.951140843387896,-3.3343918704350695,-5.269262869025226,-0.0339125021194483
2007-11-27,6.6918,6.7721,6.6205,6.6746,797830,0,-0.3315016127105497,6.83322,6.98112,7.20526,7.176116148055151,7.902943793253481,6.507576206746519,1.6166865782928157,22.005189563211772,406554.9,2.2898572615361408,-0.2570309931558009,-4.847033330482131,-0.0033205229666094
2007-11-28,6.6694,7.0103,6.6694,6.9069,582665,0,3.480358373535508,6.820320000000001,6.957849999999999,7.155345,7.150476514907041,7.781342351516295,6.5293476484837045,1.938362354417794,39.93759750390016,422465.5,5.11140432422706,3.561039973610817,-3.25928623452294,0.0342116345391972
2007-11-29,7.0693,7.1125,6.8525,7.0693,484849,0,2.351271916489317,6.855079999999999,6.9397,7.116020000000001,7.142745418249228,7.648587301800934,6.583452698199068,2.037243399686882,48.848569434752285,433920.9,3.7942356804086073,0.0,-2.5031720637722743,0.0232405531693903
2007-11-30,7.1778,7.2891,7.1718,7.2793,625448,0,2.9705911476383795,6.92538,6.9585300000000005,7.0936,7.155750616511206,7.550059482262697,6.637140517737303,2.136205775794226,56.52173913043478,451498.05,1.6355726595833706,1.4140823093426913,2.655478775913122,0.0292732386336758
2007-12-03,7.2105,7.4575,7.2105,7.4159,462716,0,1.876554064264413,7.0691999999999995,6.9873400000000006,7.08619,7.180526748272044,7.514429076857227,6.657950923142773,2.1951991577409644,61.85944795791714,458788.8,3.4255599472990763,2.848623535122391,4.0419203681360205,0.0185916400751312
2007-12-04,7.3496,7.3496,7.1608,7.2954,521858,0,-1.6248870669777091,7.19336,7.0132900000000005,7.07967,7.191467057960421,7.489722633848971,6.669617366151029,2.2265500098096784,54.61656987080717,468258.5,2.636576918780019,-0.7374550995972544,3.688227518867526,-0.0163823312662041
2007-12-05,7.3496,7.4159,7.3325,7.3879,410126,0,1.2679222523782174,7.28956,7.054939999999999,7.0764949999999995,7.210174957202286,7.475256490380765,6.677733509619234,2.1915265143092797,54.10798825432973,458460.4,1.1374019774974449,0.5211167954718685,5.974409731187413,0.012599514234185
2007-12-06,7.4723,7.4723,7.3496,7.4575,450893,0,0.9420809702351152,7.3672,7.111140000000001,7.0904799999999994,7.23372972318302,7.522437954094404,6.6585220459055945,2.1098554690790983,61.609122584732326,454481.8,1.6694786110808757,-0.1980648528565521,8.150242912044071,0.009376710624291
2007-12-07,7.4575,7.4575,7.2687,7.3646,406978,0,-1.2457257794166845,7.38426,7.154819999999999,7.1035949999999985,7.246193559070352,7.552653301103133,6.654536698896864,2.207749005796493,57.24336229046863,451775.7,2.59743833147605,-1.2457257794166854,6.305031900459013,-0.0125354998971394
2007-12-10,7.3822,7.4159,7.2242,7.2954,556335,0,-0.939630122477808,7.360159999999999,7.21468,7.114899999999999,7.250879886777938,7.57164141019797,6.658158589802027,1.8262351224741709,58.04950679322539,454654.5,2.6535810193516234,-1.1758012516594,8.938597539123162,-0.0094407249613365
2007-12-11,7.3761,7.3761,7.04,7.1875,536145,0,-1.4790141733146855,7.33858,7.26597,7.123544999999998,7.244843707084801,7.578835849666045,6.668254150333952,1.9427812226119257,56.52751767051289,462471.6,4.774147727272728,-2.5569067664483955,7.6843556168159965,-0.0149006064248216
2007-12-12,7.2105,7.3077,7.0518,7.0639,438660,0,-1.7196521739130444,7.27378,7.281670000000001,7.119760000000001,7.227610973076724,7.575746977653564,6.663773022346438,1.826149762898545,54.944216089254255,465779.3,3.6288607164128246,-2.033146106372643,2.2730892296109584,-0.0173460992074018
2007-12-13,7.0693,7.1778,7.0195,7.1435,495552,0,1.1268562691997277,7.210980000000001,7.289089999999999,7.114395,7.219600404212274,7.566397801458657,6.662392198541343,1.705950775590381,56.16180083414272,470534.6,2.2551463779471552,1.0496088721655648,1.049608872165564,0.0112055454070086
2007-12-14,7.1778,7.1778,7.04,7.0639,546702,0,-1.1142997130258347,7.15084,7.26755,7.113040000000001,7.2047717942872955,7.5655003449912845,6.660579655008717,1.410321416090875,61.479767340046315,477035.9,1.9573863636363689,-1.5868371924545142,-2.9590757353042174,-0.0112055454070087
2007-12-17,7.0582,7.0639,6.9132,6.9388,583512,0,-1.770976372825217,7.07952,7.21984,7.10359,7.179441147212315,7.562599780425728,6.644580219574271,1.2500133015949884,57.76236925608179,490699.95,2.179887750969168,-1.6916494290329067,-6.433474022033736,-0.0178684580109502
2007-12-18,7.0195,7.0359,6.8371,6.8741,714411,0,-0.9324378855133376,7.01684,7.177709999999999,7.0954999999999995,7.150361037953999,7.565113987059867,6.625886012940132,1.2088633836198617,48.93103897796898,509370.65,2.907665530707455,-2.071372604886381,-5.774871837048002,-0.0093681230127337
2007-12-19,7.0305,7.0305,6.8371,6.8371,888076,0,-0.5382522802985124,6.97148,7.122630000000001,7.088785,7.120526653386952,7.569578222979816,6.6079917770201835,1.0214053477825826,41.75894378194209,533607.4,2.828684676251621,-2.750871204039536,-7.455433885136509,-0.0053970607696053
2007-12-20,6.8741,6.9222,6.7721,6.8805,915282,0,0.6347720524783718,6.91888,7.064930000000001,7.0880350000000005,7.097666972112004,7.570142737577132,6.605927262422869,0.9674662552317036,33.94783448720008,553454.1,2.216446892396747,0.0931030971327053,-7.737177338250079,0.0063276586004215
2007-12-21,6.9222,6.9614,6.8859,6.9069,830419,0,0.3836930455635601,6.887479999999999,7.019159999999999,7.08699,7.079498689053717,7.570648247765652,6.603331752234348,1.0194673834770012,27.51766784452296,587089.7,1.09644345691921,-0.2210279968796028,-6.2148657089319155,0.003829588213098
2007-12-24,6.9555,7.096,6.9336,7.0796,452929,0,2.5003981525720587,6.915640000000001,6.997580000000001,7.10613,7.079508337715268,7.553725861417478,6.658534138582523,1.410580572740283,40.88836345211958,585069.3,2.342217607015113,1.784199554309544,-2.958028346629382,0.0246964969981643
2007-12-26,7.1778,7.3015,7.096,7.2418,680627,0,2.291089892084286,6.98918,7.003010000000001,7.13449,7.09496468650429,7.536518325265701,6.732461674734298,1.5542508190674318,44.17417656910436,579209.15,2.895997745208565,0.8916381063835599,0.7554782608695687,0.0226523853471651
2007-12-27,7.2242,7.2242,6.9388,7.0462,852374,0,-2.7009859427214233,7.031000000000001,7.00124,7.141454999999999,7.090320430646739,7.5315305310127645,6.751379468987233,1.7046375797073503,35.09674614102471,592694.6,4.113103130224248,-2.4639406439467337,-0.2505697985532129,-0.027381329866191
2007-12-28,7.1224,7.1278,6.9933,7.0249,949536,0,-0.3022905963498079,7.05988,6.98938,7.139234999999999,7.084089913442288,7.531538594976816,6.746931405023183,1.657812871226184,37.01750363066572,615928.95,1.923269415011512,-1.368920588565654,-1.6602505774480414,-0.003027484172388
2007-12-31,7.0582,7.1224,6.9388,7.096,1187626,0,1.012114051445567,7.097700000000001,6.99259,7.130069999999999,7.085224207400165,7.517125318227997,6.743014681772001,1.657458739673711,42.39047473668142,644037.85,2.645990661209434,0.5355473066787543,0.4544231939863197,0.0100702647642304
2008-01-02,7.1484,7.2508,7.0249,7.2188,385491,0,1.7305524239007886,7.125539999999999,7.02059,7.120215,7.097945711457292,7.486084676395053,6.754345323604947,1.596967470211507,51.18104294015545,640176.6,3.215704138137201,0.9848357674444664,4.0352798754828,0.0171574890977275
2008-01-03,7.3176,7.4041,7.2295,7.4041,350264,0,2.566908627472708,7.1579999999999995,7.07359,7.12565,7.127103262747074,7.505441652024534,6.745858347975466,1.65305302825515,62.26564753389096,631596.9,2.4151047790303597,1.1820815567945775,7.710100231303008,0.0253451667278949
2008-01-04,7.2954,7.445,7.2741,7.3593,473453,0,-0.6050701638281475,7.220619999999999,7.1258099999999995,7.124219999999999,7.149217237723543,7.500048749355689,6.74839125064431,1.65899822274277,57.980769230769226,634763.25,2.349431544795926,0.8758943992104653,7.637741147562549,-0.0060690813108869
2008-01-07,7.4159,7.4347,7.2295,7.3496,510756,0,-0.1318060141589638,7.285559999999999,7.17272,7.118825000000001,7.168301310321301,7.477202307053173,6.760447692946829,1.682515656395023,61.141876608688854,637756.4,2.838370565045999,-0.8940250003371139,6.817818472494741,-0.0013189295468943
2008-01-08,7.3377,7.4723,7.3176,7.4159,527495,0,0.9020899096549462,7.34954,7.223620000000001,7.121390000000001,7.191882137909748,7.487817854032255,6.754962145967746,1.6805464213512746,69.50053134962809,643782.25,2.114081119492731,1.0657290431606612,7.369442152050842,0.008980453839375
2008-01-09,7.4575,7.4575,7.3132,7.4575,369035,0,0.5609568629566075,7.397279999999999,7.26141,7.129495,7.217179077156438,7.518598192780186,6.740391807219814,1.5606941990729766,74.3042826195634,634417.25,1.9731444511294567,0.0,5.337872196169258,0.0055938935922717
2008-01-10,7.4575,7.5991,7.4218,7.5534,356273,0,1.2859537378478114,7.42714,7.29257,7.1477900000000005,7.249200117427254,7.580357093183724,6.715222906816277,1.4642264561787617,78.44492097529982,625423.65,2.3889083510738605,1.2859537378478088,4.302797646993839,0.012777555611365
2008-01-11,7.6085,7.6085,7.4904,7.5382,371923,0,-0.2012338814308845,7.46292,7.34177,7.171504999999999,7.276723915767516,7.635566540723961,6.707443459276037,1.014173374557856,76.7162239012105,622086.8,1.5766848232404156,-0.9239666162844248,6.982487014277194,-0.0020143662884939
2008-01-14,7.5282,7.6555,7.5068,7.5282,461786,0,-0.1326576636332288,7.49864,7.392099999999999,7.19074,7.300674019027753,7.681062048411085,6.700417951588915,0.997159979257094,75.5784273363524,620398.5,1.980870677252622,0.0,7.164514797363664,-0.0013274573180656
2008-01-15,7.5122,7.6195,7.4514,7.5991,477483,0,0.9417921946813346,7.53528,7.442410000000001,7.217499999999999,7.32909554102511,7.736268213123656,6.698731786876342,0.9949502785831298,73.34411791138672,616937.55,2.2559519016560756,1.156784963126647,7.08990980834272,0.0093738498157553
2008-01-16,7.6195,7.6726,7.5068,7.6613,384720,0,0.8185179823926525,7.576040000000001,7.48666,7.253625,7.36073406092748,7.790968684491868,6.716281315508131,0.9287453261308632,70.71195813172707,606997.95,2.208664144508978,0.5485924273246197,6.129827672189281,0.0081518629193192
2008-01-17,7.6726,7.6893,7.3015,7.3646,370369,0,-3.8727108976283287,7.53828,7.48271,7.278149999999999,7.361102245601053,7.786553762046754,6.769746237953244,1.481728548577218,64.29340994792605,589795.85,5.311237416969121,-4.0142845971378645,-0.5334882024824017,-0.0394969446370195
2008-01-18,7.4218,7.4218,7.1928,7.2508,286141,0,-1.5452298834967348,7.4808,7.47186,7.298835000000001,7.3505972698295245,7.763461361601309,6.834208638398693,1.54959756225082,59.363342452126346,559699.1,3.1837392948504073,-2.3040232827615976,-1.474325003736776,-0.015572929903
2008-01-22,7.0146,7.2242,6.7668,7.1484,674267,0,-1.412257957742602,7.40484,7.451739999999999,7.31223,7.331340386988617,7.740065891312157,6.884394108687842,1.6011268718355758,52.11700064641239,547648.35,6.759472719749361,1.9074501753485575,-2.7375639490584525,-0.014223252166122
2008-01-23,7.2463,7.3646,6.9336,7.3077,421005,0,2.228470706731578,7.346559999999999,7.44092,7.332269999999999,7.32908892156113,7.715374477161493,6.949165522838506,1.7560404309641442,53.48873714779059,527177.65,6.216107072804893,0.8473289816872046,-1.4590272252862135,0.022040031329524
2008-01-24,7.4347,7.5282,7.3708,7.5282,300396,0,3.0173652448787003,7.31994,7.44799,7.354699999999999,7.348051881412451,7.727918513671942,6.9814814863280565,2.0163814164843408,54.739173604216,519551.0,2.1354534107559555,1.257616312695868,0.9480388870264812,0.029727382641543
2008-01-25,7.5534,7.6503,7.4941,7.6031,344554,0,0.9949257458622408,7.36764,7.45296,7.372764999999999,7.372342178420789,7.757764397265579,6.987765602734419,1.9995981017896336,59.10109004031656,502747.35,2.084306320972488,0.6579818359943935,0.6579818359943923,0.0099000894511121
2008-01-28,7.6613,7.6613,7.5534,7.6555,296427,0,0.689192566190111,7.44858,7.46469,7.403230000000001,7.399309589999762,7.7756470277074285,7.030812972292573,2.0053174977662924,61.066493017871366,474950.0,1.428495776736303,-0.0757051675303121,1.5560743944177613,0.0068682849003288
2008-01-29,7.6893,7.748,7.5382,7.6195,312187,0,-0.4702501469531661,7.5428,7.473820000000001,7.43296,7.42028010523788,7.771613764500916,7.094306235499083,2.013853593707717,57.53069980766388,443082.55,2.783157783025131,-0.90775493217848,1.2127733057038848,-0.0047135930152343
2008-01-30,7.6555,7.782,7.5751,7.6667,262612,0,0.6194632193713412,7.6146,7.480580000000001,7.461495000000001,7.4437486666437955,7.775909305788276,7.147080694211726,2.0021217851209014,57.70590835420658,396831.85,2.731317078322399,0.1463000457187598,0.8895790290955441,0.0061755243298967
2008-01-31,7.6726,7.7755,7.6263,7.7277,315150,0,0.7956487145708069,7.6545,7.487219999999999,7.48694,7.470791650772957,7.801024456627267,7.172855543372733,2.0012312931613807,56.58979206049148,393314.8,1.9563877633977216,0.7181398743580987,0.8666936420711924,0.0079250012032544
2008-02-01,7.7592,7.8353,7.6893,7.788,230534,0,0.7803097946349036,7.69148,7.529559999999999,7.506134999999999,7.501001969746961,7.844859749457199,7.167410250542798,1.4344239466242157,59.13278736472655,387328.3,1.8987424082816369,0.371172285802665,5.7491241886864275,0.0077728112290238
2008-02-04,7.788,7.9699,7.788,7.9134,271032,0,1.610169491525415,7.74306,7.595820000000001,7.53384,7.540277972628203,7.910512854847612,7.157167145152387,1.2530735424646957,62.98718813216454,377207.25,2.3356445814072897,1.610169491525423,9.13830198047112,0.0159734375678037
2008-02-05,7.8795,7.8893,7.7017,7.8229,332372,0,-1.143629792503864,7.78374,7.66327,7.557504999999999,7.567194356187422,7.944763175680873,7.170246824319125,1.2001067147836153,57.44709170770663,368288.05,2.4358258566290645,-0.7183196903356867,9.43567791393878,-0.0115021952764045
2008-02-06,7.8558,7.9202,7.7592,7.8174,340242,0,-0.0703064081095217,7.81388,7.714239999999999,7.57758,7.591023465121953,7.975412435501355,7.179747564498645,1.138540196928861,55.398021993222216,358925.4,2.074956181049599,-0.4888108149392832,6.9748347633318275,-0.0007033113465487
2008-02-07,7.7698,7.8122,7.7017,7.7917,232134,0,-0.3287538056131245,7.82668,7.74059,7.594290000000001,7.610135516062719,7.998902682372832,7.1896773176271696,0.8243811271052571,68.17601497999826,352080.35,1.4347481724814009,0.2818605369507527,3.500172684041325,-0.0032929538824475
2008-02-08,7.7978,7.8411,7.748,7.7755,242999,0,-0.2079135490329342,7.82418,7.75783,7.605395,7.625884514532936,8.017406218421728,7.19338378157827,0.8070182234874438,74.35254803675858,346416.65,1.2016004130098057,-0.2859780963861543,2.2674961528849957,-0.002081299893101
2008-02-11,7.8681,7.8681,7.6613,7.705,203902,0,-0.906694103273098,7.782500000000001,7.762779999999999,7.613735000000001,7.633419322672656,8.026770689932468,7.2006993100675345,0.8615048227442129,76.62138894203179,338015.6,2.6992808009084666,-2.072927390348369,0.6465939520606145,-0.0091082959071761
2008-02-12,7.788,7.8353,7.6263,7.6726,266246,0,-0.4205061648280384,7.75244,7.768089999999999,7.620955,7.637150815751451,8.032741625763864,7.209168374236138,0.8581900921369107,69.8639085465433,328238.6,2.740516370979381,-1.4817668207498738,0.6968961217927561,-0.0042139277838403
2008-02-13,7.6356,7.6613,7.3822,7.4159,389924,0,-3.345671610666534,7.672140000000001,7.74301,7.611794999999999,7.616079309489408,8.033655757646642,7.189934242353357,1.3516706355692878,44.11857127893578,323860.65,3.780715775784992,-2.877311540677883,-3.2712901248255433,-0.034029197173744
2008-02-14,7.3916,7.398,6.9714,7.2105,770120,0,-2.769724510848315,7.555899999999999,7.69129,7.589255,7.577452708585655,8.04665423123781,7.131855768762191,1.4870470199871575,31.911168448212266,343130.65,6.119287374128577,-2.4500784674495466,-6.692806397763884,-0.0280880467945067
2008-02-15,7.1396,7.3437,7.0146,7.1659,551615,0,-0.618542403439426,7.43398,7.62908,7.579320000000001,7.538257212529879,8.065021288318018,7.093618711681983,1.3974823389721658,27.278633747911613,352192.95,4.6916431442990385,0.3683679757969633,-7.987930148947109,-0.0062046330210866
2008-02-19,7.1875,7.3646,7.1484,7.1814,386117,0,0.2163022090735378,7.32926,7.555879999999999,7.57585,7.504270811336557,8.072306154845833,7.079393845154168,1.180869991423889,29.27429274292743,357191.75,3.024453024453033,-0.0848695652173912,-9.250132686329517,0.0021606861263414
2008-02-20,7.1546,7.2188,6.967,7.2188,423234,0,0.5207898181412984,7.238499999999999,7.49547,7.57937,7.477083115018789,8.063920748415036,7.094819251584964,1.2662524255219194,28.61235794097989,344640.1,3.6141811396583936,0.8973247980320296,-7.722200207084329,0.0051943839797631
2008-02-21,7.1875,7.2891,7.0639,7.2152,286646,0,-0.0498697844517059,7.198359999999999,7.435249999999999,7.574745,7.452141865969381,8.071817941698217,7.077672058301783,1.2675644073680004,24.10831565120749,337922.15,3.1880406008012576,0.38539130434783,-7.70332847238212,-0.0004988222356445
2008-02-22,7.1718,7.3761,7.1224,7.3496,245027,0,1.862734227741436,7.226180000000001,7.391039999999999,7.565814999999999,7.442375973972297,8.072728489037843,7.058901510962155,1.520566542546281,29.394623049445343,335153.7,3.5620015725036542,2.4791544661033424,-5.673986421448463,0.0184559781057583
2008-02-25,7.3496,7.4093,7.2848,7.3593,293738,0,0.1319799716991365,7.26486,7.34942,7.553625000000001,7.434463976451125,8.068427457259192,7.03882254274081,1.5333521059558954,20.778398903069306,332612.9,1.7090379969251082,0.1319799716991467,-5.352710436627872,0.0013189295468942
2008-02-26,7.3544,7.4302,7.3325,7.398,388824,0,0.5258652317475798,7.30818,7.318720000000001,7.54075,7.4309912167891135,8.057700118738028,7.023799881261972,1.561727706253032,26.296998772732323,337232.75,1.3324241391067244,0.5928423800717888,-3.98442569759897,0.0052448738882482
2008-02-27,7.4041,7.5171,7.3646,7.5171,216231,0,1.609894566098946,7.367839999999999,7.30317,7.53563,7.439192053285389,8.05132294046187,7.019937059538131,1.6851072038299753,35.13219130606991,332434.95,2.070716671645437,1.5261814400129718,-2.026692385892659,0.0159707318760429
2008-02-28,7.5007,7.5534,7.4786,7.5534,186419,0,0.4828989903021163,7.43548,7.31692,7.529965,7.450069000591542,8.042072271965653,7.017857728034346,1.2735535583823492,38.32435080842725,328625.3,1.000187200812983,0.7026010905648772,1.8541242465513363,0.0048173677318263
2008-02-29,7.5534,7.5534,7.3593,7.3916,295894,0,-2.142081711547106,7.44388,7.335029999999999,7.513159999999999,7.444500524344728,8.019977398446942,7.006342601553056,1.117295485621851,33.539147585970326,327662.5,2.637479108067339,-2.142081711547111,2.5116150058941855,-0.021653572696998
2008-03-03,7.4668,7.4786,7.1659,7.2418,244788,0,-2.0266248173602563,7.42038,7.342619999999999,7.485850000000001,7.425195712502373,7.989162377628243,6.982537622371759,1.3113514821930834,31.403565119640263,328375.2,4.363722630793068,-3.013339047517015,1.059183075398762,-0.0204744260395066
2008-03-04,7.0249,7.2355,7.0249,7.2355,310971,0,-0.08699494600789,7.38788,7.34803,7.451955000000001,7.407129454168814,7.924392043313552,6.97951795668645,1.312208768612261,32.075781185926346,330372.15,2.9979074435223327,2.9979074435223327,0.7533350043167131,-0.0008703280857164
2008-03-05,7.2048,7.2048,7.1125,7.1814,346000,0,-0.7477023011540296,7.320740000000001,7.344290000000001,7.419880000000001,7.385631410914641,7.87298816926287,6.966771830737132,1.32640569091149,38.46759122651717,331053.55,1.297715289982423,-0.3247834776815407,-0.5180916495816423,-0.0075051160706675
2008-03-06,7.1989,7.1989,7.0851,7.1778,340437,0,-0.0501295012114599,7.24562,7.340549999999999,7.387899999999999,7.365837943208485,7.812247047641698,6.963552952358301,1.3264058213741194,47.99361884893856,331063.3,1.6061876332020768,-0.2931003347733636,-0.5183501496839993,-0.0005014207024662
2008-03-07,7.1608,7.2295,7.04,7.2105,404469,0,0.4555713449803544,7.2094,7.32664,7.358839999999999,7.351043853379105,7.744602710811653,6.973077289188344,1.1666691376953924,52.77708592777086,339680.05,2.69176136363636,0.6940565299966432,-1.892620006530965,0.0045453675972115
2008-03-10,7.1814,7.1814,6.6419,6.6805,492373,0,-7.350391789751054,7.09714,7.25876,7.30409,7.287182534009666,7.747390890568785,6.860789109431214,2.5363541676970347,30.99051233396581,352148.75,8.1226757403755,-6.97496309911716,-9.223703341350395,-0.0763454619731763
2008-03-11,6.6746,6.9884,6.6694,6.967,494507,0,4.288601152608318,7.0434399999999995,7.21566,7.267189999999999,7.256688959342079,7.692474577913027,6.841905422086972,3.0114340487699667,41.96348780799181,366679.0,4.7830389540288465,4.380786863632275,-5.825898891592319,0.0419918810011699
2008-03-12,6.967,6.9714,6.7556,6.7616,265198,0,-2.9481842974020345,6.959480000000001,7.14011,7.221639999999999,7.209537629880929,7.659069344189475,6.784210655810523,2.9919542011025833,37.174847319610905,366626.6,3.1943868790336873,-2.9481842974020385,-10.05041837942824,-0.0299251676083813
2008-03-13,6.5832,6.8409,6.5672,6.8042,355696,0,0.6300283956460095,6.88476,7.065189999999999,7.191055,7.1709340460827455,7.655970704753518,6.726139295246483,3.000474541581796,33.73493975903614,364915.2,4.16768181264467,3.3570300157977897,-9.918712103158844,0.0062805201358447
2008-03-14,6.7987,6.8805,6.5724,6.6477,248334,0,-2.300049969136697,6.7722,6.9908,7.162915000000001,7.121102232170103,7.687212176779635,6.6386178232203665,3.0075757885259646,30.487002303389247,338825.9,4.687785283914546,-2.221012840690129,-10.064126846690836,-0.0232691383943131
2008-03-17,6.3836,6.4751,6.2157,6.2541,517450,0,-5.920844803465863,6.686919999999999,6.89203,7.117324999999999,7.038530591011046,7.780663065353949,6.453986934646049,3.3821104928584265,23.743286048753603,337117.65,4.173303087343345,-2.02863587944107,-13.638874313016093,-0.0610336815067679
2008-03-18,6.3296,6.6264,6.1729,6.3943,693291,0,2.2417294254968745,6.57238,6.80791,7.077969999999999,6.977175296629042,7.814643293579888,6.34129670642011,3.5583700244899883,24.474856779121552,352476.35,7.34662800304557,1.022181496461075,-11.626010641973592,0.0221697198491743
2008-03-19,6.3517,6.6642,6.3517,6.4478,795050,0,0.836682670503408,6.509620000000001,6.7345500000000005,7.03942,6.926758601711991,7.824186128353339,6.254653871646661,3.61410542741992,25.060904087340944,371067.15,4.919942692507517,1.5129807767999095,-10.21527835798034,0.008332018830013
2008-03-20,6.545,6.6918,6.4429,6.5988,424993,0,2.341884053475596,6.46854,6.6766499999999995,7.0085999999999995,6.895524449167992,7.8124820075766275,6.2047179924233715,3.7609920620638,32.02919575664154,377984.5,3.863167207313475,0.8220015278838785,-8.06653849368888,0.0231488269660806
2008-03-24,6.6589,7.1224,6.6477,6.8805,485043,0,4.268957992362243,6.5150999999999994,6.643649999999999,6.985145,6.894093549247231,7.774375232501839,6.195914767498161,4.079208519869242,42.27231894597253,389985.3,7.140815620440144,3.327876976677823,-4.576659038901598,0.041803509403567
2008-03-25,6.9069,6.9336,6.7556,6.9069,291328,0,0.3836930455635601,6.6456599999999995,6.666289999999999,6.962524999999999,6.895313211223685,7.732295675010055,6.192754324989944,3.2650904837850767,43.031639664093646,389864.8,2.634851086506009,0.0,3.3889678916248833,0.003829588213098
2008-03-26,6.9774,7.0693,6.9555,7.0249,249818,0,1.7084364910451733,6.77178,6.672079999999999,6.9438699999999995,6.907654810154762,7.686821400549944,6.2009185994500555,3.014424727034303,46.768798777718125,382914.5,1.636115304435344,0.6807693410152698,0.8310607147983262,0.0169400683067504
2008-03-27,7.1125,7.1165,6.9774,6.983,209420,0,-0.5964497715269967,6.87882,6.69422,6.917165,6.914830542520975,7.610071176606275,6.224258823393725,2.8344581410723175,46.04065040650404,382573.95,1.9935792702152664,-1.8207381370826037,3.2743729294841373,-0.0059823563791495
2008-03-28,6.9278,7.091,6.6642,6.6918,361570,0,-4.1701274523843646,6.897419999999999,6.682980000000001,6.874084999999999,6.893589538471359,7.504780820503184,6.243389179496814,3.170115157549495,40.4598123965422,391331.5,6.404369616758202,-3.4065648546436194,-1.651920872402346,-0.042595727617489
2008-03-31,6.6918,6.8525,6.6918,6.8309,217297,0,2.078663438835582,6.8875,6.701300000000001,6.84605,6.887619106235991,7.427837758370407,6.264262241629593,3.1378724701006457,53.23079566935898,387401.65,2.4014465465196255,2.07866343883559,2.7558403658408004,0.0205735402510757
2008-04-01,6.8741,7.0462,6.8741,6.9884,247877,0,2.3056991026072726,6.9037999999999995,6.77473,6.83338,6.897217286594468,7.389343007478376,6.277416992521624,2.282505629268883,50.48667333757847,387556.1,2.5036004713344213,1.6627631253545927,11.741097839817073,0.0227951951206674
2008-04-02,7.04,7.1165,7.0195,7.0753,284098,0,1.2434892106919948,6.913880000000001,6.842830000000001,6.8253699999999995,6.914177545014042,7.361190512367599,6.2895494876324,2.2505696947303817,57.54050286043942,386212.45,1.3818648051855609,0.5014204545454592,10.650110254445355,0.0123582138390294
2008-04-03,7.0518,7.1435,6.9993,7.1396,307820,0,0.9087953867680464,6.9452,6.9120099999999995,6.82328,6.9356463502508,7.353550630408545,6.293009369591454,2.2499609589659206,57.978875249785894,384303.45,2.060206020602068,1.24507218015258,10.729240981420007,0.0090469069160336
2008-04-04,7.1814,7.2295,7.1064,7.1546,221879,0,0.2100958036864941,7.0377600000000005,6.9675899999999995,6.82212,6.956499078798343,7.349217229021646,6.2950227709783535,2.214383471387955,62.929143498444105,378375.55,1.7322413599009343,-0.3731862867964424,8.422743529126508,0.0020987541108927
2008-04-07,7.1875,7.3377,7.1778,7.2687,239256,0,1.594778184664403,7.12532,7.00641,6.825030000000001,6.986232499865167,7.361710809185088,6.288349190814913,1.891408674909173,80.18205616373156,370114.9,2.2277020814176973,1.129739130434782,5.642031829082184,0.0158219520152474
2008-04-08,7.2295,7.2954,7.1396,7.2355,305133,0,-0.4567529269332904,7.17474,7.039269999999999,6.85278,7.00997226178277,7.414791487427249,6.290768512572751,1.9189170189100848,76.7251239039268,360752.9,2.1821950809569186,0.0829932913756169,4.757561279300404,-0.0045779923034455
2008-04-09,7.1928,7.1928,6.9614,6.9714,203950,0,-3.650058738165984,7.1539600000000005,7.03392,6.853,7.006298713041554,7.415203158634968,6.290796841365031,2.2569817903231053,64.6715982963461,346225.05,3.324044014135085,-3.0780780780780788,-0.7615766772480659,-0.0371834007611761
2008-04-10,6.9714,7.0693,6.9174,7.0693,229825,0,1.4043090340534192,7.1399,7.04255,6.868385000000001,7.012298835609025,7.4368624911992445,6.299907508800757,2.291883189566494,63.588055218621854,344456.4,2.195911758753294,1.4043090340534197,1.2358585135328726,0.0139453996709533
2008-04-11,7.0146,7.0359,6.9336,6.9614,172728,0,-1.526318023000861,7.101260000000001,7.069509999999999,6.876245,7.007451327455785,7.445332563237648,6.307157436762352,1.8480793123130617,52.59711075441414,335308.0,1.4754240221529884,-0.7584181564166093,4.028811381093278,-0.0153808615619049
2008-04-14,7.0639,7.0693,6.8525,6.8585,209683,0,-1.4781509466486598,7.01922,7.0722700000000005,6.886784999999999,6.9932654867457105,7.445768729261532,6.327801270738465,1.8337330598930217,48.51897184822521,333375.45,3.1638088288945654,-2.9077421820807205,0.4040463189330934,-0.0148918446074578
2008-04-15,6.8638,6.9336,6.7443,6.8409,207712,0,-0.2566158781074579,6.940300000000001,7.057519999999999,6.916124999999999,6.978754488008024,7.390477025066184,6.441772974933814,1.6546607915428737,44.001043296817976,317888.55,2.8068146434767174,-0.3336344299076301,-2.110640489954785,-0.0025694570102475
2008-04-16,6.9069,7.0851,6.8805,7.0044,276970,0,2.390036398719464,6.946900000000001,7.05043,6.946630000000001,6.981196917721546,7.353330925160606,6.539929074839396,1.7992518698778397,50.64644755920737,297072.5,2.973621103117508,1.411631846414457,-1.0020776504176545,0.0236192210895314
2008-04-17,6.983,7.1928,6.9774,7.1224,277053,0,1.6846553594883185,6.957520000000001,7.04871,6.98036,6.994644830319493,7.319084004401912,6.641635995598088,1.8625297592276144,64.52766531713901,271172.65,3.0871098116776996,1.996276671917517,-0.2409098548938337,0.0167062242617157
2008-04-18,7.3325,7.3822,7.2105,7.3132,270680,0,2.6788722902392426,7.027880000000001,7.064570000000001,7.01608,7.024983417908113,7.335507887257925,6.696652112742075,2.048993543672124,65.72341396622548,263457.0,2.3812495666042635,-0.2632117286055156,2.2167556537053157,0.0264361871948883
2008-04-21,7.3132,7.445,7.3132,7.398,277915,0,1.159547120275661,7.13578,7.077500000000001,7.041955,7.060508806678769,7.396994795990541,6.686915204009458,2.021419858691531,64.01779603011634,253100.6,1.8022206421265672,1.1595471202756595,1.7788600437492308,0.0115287589380494
2008-04-22,7.4258,7.4848,7.4093,7.4668,202963,0,0.9299810759664906,7.26096,7.10063,7.06995,7.099203206042695,7.46607119091876,6.6738288090812405,2.019309246413847,63.56642871993901,248682.35,1.0189896481448977,0.552129063535247,3.196738304194602,0.0092568337660426
2008-04-23,7.5477,7.5928,7.4723,7.5697,247101,0,1.3781003910644518,7.37402,7.1604600000000005,7.09719,7.14401242451482,7.55099547606372,6.64338452393628,1.4678569053651225,64.5156935538306,248546.5,1.6126226195415163,0.2914795235634729,8.582207304128286,0.0136869093688684
2008-04-24,7.5991,7.6789,7.4941,7.6555,258681,0,1.1334663196691963,7.480639999999999,7.21908,7.130815,7.19272552694198,7.644679632082628,6.616950367917372,1.4586847111934085,66.13412355859047,251009.55,2.4659398726998463,0.7421931544525011,8.292193003550551,0.0112709072178395
2008-04-25,7.6893,7.7327,7.5751,7.6451,222521,0,-0.1358500424531339,7.547020000000001,7.28745,7.17848,7.235808810090363,7.697707347426862,6.659252652573139,1.2646715452923425,62.99185420405911,244057.1,2.080500587450996,-0.5748247564797837,9.8213003131554,-0.0013594240228002
2008-04-28,7.6789,7.6838,7.5596,7.5808,223263,0,-0.8410615950085742,7.58358,7.35968,7.215975,7.268665113891281,7.737817476232188,6.694132523767813,1.1386140070566473,61.66790565655201,244355.4,1.642944071114875,-1.277526729088797,10.53145731573959,-0.0084461847578832
2008-04-29,7.6356,7.6789,7.5382,7.5596,264646,0,-0.2796538623891953,7.60214,7.43155,7.244535000000001,7.296373198282588,7.776362483999257,6.712707516000744,1.1414859859934845,73.77910737386804,245193.85,1.866493327319517,-0.995337629001002,10.505927582628004,-0.0028004562435839
2008-04-30,7.5641,7.6451,7.5068,7.6356,289294,0,1.0053441981057176,7.61532,7.494670000000001,7.27255,7.328680512731865,7.82545368248493,6.719646317515069,1.0344170809469004,73.30644497489506,245453.65,1.8423296211434976,0.945254557713414,9.011478499229051,0.0100032423058643
2008-05-01,7.6411,7.7755,7.6134,7.6263,237509,0,-0.1217978940751263,7.60948,7.545060000000001,7.296885,7.357025225805021,7.86770275237039,6.726067247629611,1.03433727556099,79.78142076502728,241938.1,2.129140725562819,-0.1936893902710362,7.074862405930582,-0.0012187212799315
2008-05-02,7.6789,7.7643,7.6356,7.6726,229450,0,0.6071096075423332,7.61498,7.581,7.322785,7.387079966204543,7.91309390138364,6.732476098616361,0.764024366065413,88.41181466452764,242316.65,1.685525695426689,-0.0820430009506508,4.914401356451337,0.0060527412235606
2008-05-05,7.6726,7.705,7.6411,7.6959,160957,0,0.3036780230951663,7.638,7.61079,7.344144999999999,7.416491397994586,7.956710179260321,6.731579820739677,0.726917070967698,90.12577435704893,238401.7,0.8362670296161586,0.3036780230951682,4.0267639902676455,0.0030321785277531
2008-05-06,7.7213,7.7213,7.6356,7.6411,227612,0,-0.7120674644940816,7.654300000000001,7.628220000000001,7.3644250000000016,7.437882693423673,7.98859171819746,6.740258281802543,0.7771075188518998,83.27584404724566,234525.65,1.1223741421761235,-1.0386851954981735,2.3343333154765,-0.0071461476439609
2008-05-07,7.6356,7.7157,7.5641,7.5808,238768,0,-0.7891533941448148,7.64334,7.62933,7.394895,7.451493865478562,7.997399511361239,6.792390488638761,0.7228077048071176,75.4949944382647,236266.55,2.004204069221721,-0.7176908167007201,0.146637251146009,-0.0079228368897016
2008-05-08,7.5534,7.6195,7.5007,7.5344,189707,0,-0.6120726044744673,7.62496,7.61722,7.41815,7.459389687813937,8.003396533747338,6.832903466252661,0.6277480332709471,64.65677179962888,234260.65,1.5838521737971154,-0.2515423517886002,-1.5818692443341442,-0.0061395344751762
2008-05-09,7.5171,7.6134,7.5122,7.5991,122308,0,0.8587279677213955,7.610259999999999,7.61262,7.450035,7.472695431831657,7.99885736134828,6.901212638651719,0.7055372102703493,63.68958475153163,231739.65,1.3471419823753414,1.090846203988238,-0.6016925874089307,0.0085506187201743
2008-05-12,7.6031,7.6356,7.5007,7.5122,180291,0,-1.1435564737929504,7.573519999999999,7.605759999999999,7.48272,7.476457771657214,7.955853579001805,7.009586420998196,0.7480407433277917,53.016210470369366,230270.05,1.7984988067780343,-1.1955649669213928,-0.9049176867876764,-0.0115014536076221
2008-05-13,7.5863,7.5928,7.4575,7.4621,231632,0,-0.6669151513537974,7.53772,7.5960100000000015,7.51378,7.475090364832717,7.87869119958019,7.14886880041981,0.7687820395725765,42.31208916833385,231466.05,1.8142809252430552,-1.6371617257424462,-1.2897507804645605,-0.0066914896776213
2008-05-14,7.4575,7.5863,7.4575,7.5282,197361,0,0.885809624636491,7.527200000000001,7.58527,7.539969999999999,7.480148425324839,7.815090070247035,7.264849929752963,0.7499160478692779,40.64108219379506,227485.6,1.7271203486423068,0.9480388870264892,-1.4065692283514064,0.0088190934694881
2008-05-15,7.5928,7.5928,7.5382,7.5641,148923,0,0.476873621848517,7.53314,7.57905,7.562054999999999,7.48814381338914,7.754542926894389,7.369567073105609,0.7749235679054997,44.26020408163264,221079.1,0.724310843437434,-0.3779896744284139,-0.8155986520330893,0.0047574018154931
2008-05-16,7.5808,7.5991,7.5431,7.5991,234392,0,0.4627120212583158,7.53314,7.5717,7.576350000000001,7.498711069256841,7.729459310796993,7.423240689203008,0.7619517370707463,51.35294987431613,219264.7,0.742400339383013,0.2413993246095396,-0.9579542788624495,0.0046164480002622
2008-05-19,7.5991,7.7157,7.5596,7.6893,250796,0,1.1869826690002805,7.56856,7.571039999999999,7.590915000000001,7.516862395994285,7.727071168463361,7.45475883153664,0.8582389651366277,58.701194150006735,217908.75,2.064924070056622,1.18698266900028,-0.0857599501033035,0.0117999328387959
2008-05-20,7.6411,7.6959,7.5808,7.5928,259872,0,-1.2549907013642336,7.5947,7.56621,7.597215,7.524094548756734,7.7202153042362145,7.474214695763786,0.9226732980862375,47.20553669365372,220754.2,1.5183094132545376,-0.6321079425737046,-0.6321079425737008,-0.0126293222319779
2008-05-21,7.6195,7.7157,7.5928,7.7157,207378,0,1.6186387103571676,7.6322,7.579700000000001,7.604514999999999,7.542342686970379,7.737559452801113,7.471470547198885,1.020142897307902,55.083011143961826,218768.05,1.6186387103571749,1.262550036091602,1.7794955677501,0.016056784204647
2008-05-22,7.7643,7.7978,7.6667,7.7157,214311,0,0.0,7.662519999999999,7.59783,7.607525,7.558852907258914,7.747945689359135,7.467104310640865,0.9850147679478896,52.58672428279919,216549.55,1.7099925652497163,-0.62594181059465,2.406296453599488,0.0
2008-05-23,7.6726,7.7277,7.6451,7.6451,205546,0,-0.9150174319893178,7.671719999999999,7.602430000000001,7.607525,7.567066916091399,7.747945689359135,7.467104310640865,1.0207581416103997,47.11494775102227,215700.8,1.0804306026081978,-0.3584182676015934,0.6053348422839555,-0.00919229429858
2008-05-27,7.6893,7.8122,7.6789,7.8122,267599,0,2.185713725131122,7.696299999999999,7.632429999999999,7.619095,7.5904129240826945,7.785898186578449,7.45229181342155,1.120792433523908,58.6179107484638,217917.6,1.735925718527396,1.5983249450535104,3.9935039003221378,0.0216216945850084
2008-05-28,7.9052,7.9052,7.7698,7.788,252357,0,-0.3097718952407735,7.735339999999999,7.665020000000001,7.630515,7.609230740836724,7.810889817649796,7.450140182350204,1.088308398716357,60.830022998118366,217303.15,1.7426445983165555,-1.4825684359661937,4.367403277897641,-0.0031025268152677
2008-05-29,7.8509,7.8509,7.6085,7.6134,275533,0,-2.2419106317411397,7.714880000000001,7.67354,7.629405,7.609627813137988,7.809921236039245,7.448888763960755,1.3595722862556077,53.641224188790595,216615.1,3.1859104948412953,-3.0251308767147695,1.131744640153021,-0.0226742348611664
2008-05-30,7.6893,7.748,7.6411,7.7213,185978,0,1.417238027688028,7.715999999999999,7.68926,7.634155,7.620263259505799,7.819268239596134,7.4490417604038655,1.418184852463644,55.41666666666669,214038.55,1.3990132310793006,0.4161627196233731,2.0782379926230554,0.0140728909936399
2008-06-02,7.7327,7.9052,7.7213,7.9052,270371,0,2.3817232849390635,7.76802,7.71987,7.645785000000001,7.647400091933818,7.866811345417264,7.424758654582738,1.576439667989083,66.04081632653063,216084.6,2.381723284939058,2.230786141968516,4.0281085918069115,0.0235380271417155
2008-06-03,7.9103,7.9591,7.8033,7.9002,307513,0,-0.0632495066538507,7.78562,7.740959999999999,7.656000000000001,7.671476273654407,7.904014693962155,7.407985306037846,1.5571542134791294,68.5651326383592,223412.4,1.9965911857803769,-0.1276816302795145,2.742772424017792,-0.0006326951759263
2008-06-04,7.8893,7.8947,7.8229,7.8411,164397,0,-0.7480823270296977,7.79624,7.765790000000001,7.666,7.687630914258749,7.927259548302133,7.404740451697866,1.5090748330039645,63.33873305482141,220251.65,0.9178182004116188,-0.6109540770410615,3.270203350542622,-0.0075089449654339
2008-06-05,7.8509,7.8947,7.8287,7.8795,189621,0,0.4897272066419322,7.84946,7.782169999999999,7.680935000000001,7.705904160519821,7.955499054649091,7.40637094535091,1.4429502501208051,63.41670920537693,217794.3,0.8430518476886308,0.3642894445222835,2.1229441269100757,0.0048853194372068
2008-06-06,7.9326,7.9326,7.8033,7.8229,144465,0,-0.7183196903356892,7.86978,7.79289,7.695359999999999,7.717046621422695,7.967814994062427,7.422905005937571,1.4726722841011337,59.34837092731829,215532.2,1.6569912729229908,-1.382900940423066,1.3893749108959683,-0.0072091202786363
2008-06-09,7.9268,7.9268,7.8122,7.8458,183306,0,0.2927303174014684,7.857900000000001,7.81296,7.707695000000001,7.729308847953868,7.984109581647661,7.431280418352341,1.4245630552865856,56.926617686111335,218582.1,1.4669363303550889,-1.021849926830504,2.625210919412435,0.0029230269652188
2008-06-10,7.6613,7.7017,7.5991,7.6195,218469,0,-2.8843457646129056,7.80176,7.793690000000001,7.71306,7.718850862434452,7.97739959338635,7.448720406613651,1.5620288235529316,51.05994442238984,220491.0,1.3501598873550789,-0.5455993108219153,-2.466654719541228,-0.029267606018793
2008-06-11,7.7017,7.7017,7.5431,7.5534,218004,0,-0.8675109915348811,7.74422,7.77023,7.717625000000001,7.703093637440694,7.96641231457777,7.468837685422232,1.5747647690703104,43.252681466699904,219809.6,2.102583818324029,-1.9255489047872536,-3.0123266563944595,-0.0087129577296468
2008-06-12,7.5382,7.6031,7.4848,7.5171,195362,0,-0.4805782826276861,7.67174,7.760599999999999,7.717070000000001,7.685379957684438,7.967679422261809,7.466460577738194,1.423996243849749,41.985472154963674,219709.65,1.5805365540829484,-0.2799076702661069,-1.2648750886594673,-0.0048173677318262
2008-06-13,7.5344,7.6085,7.5171,7.6031,124231,0,1.144058213938881,7.62778,7.748779999999999,7.71902,7.677543771238301,7.965185298337,7.472854701663001,1.3935655170688872,48.32589285714286,218475.05,1.2158944273722598,0.9118177957103506,-1.5308303005970525,0.0113756335763787
2008-06-16,7.6789,7.6789,7.5007,7.5596,146568,0,-0.572135050176914,7.570539999999999,7.71422,7.717045000000001,7.666311031120367,7.967851425461376,7.466238574538625,1.0750471060360982,38.830916165546505,214083.85,2.375778260695661,-1.5536079386370438,-4.3718058999139835,-0.0057377801239387
2008-06-17,7.6312,7.6312,7.4258,7.4514,244599,0,-1.43129266098736,7.536919999999999,7.669340000000001,7.705149999999999,7.645843313870809,7.982642915035355,7.427657084964642,1.108201452110721,36.14586763253209,213774.0,2.7660319426863103,-2.3561169933955366,-5.680868838763575,-0.0144163445388405
2008-06-18,7.4786,7.4848,7.4218,7.4848,202391,0,0.4482379150226867,7.5232,7.633709999999999,7.69975,7.630505855406922,7.99034264669959,7.40915735330041,1.1514770741094411,44.01080476900147,210899.95,0.848850683122689,0.0829032171796828,-4.544005305378073,0.004472363207818
2008-06-19,7.5477,7.5534,7.4258,7.4575,153973,0,-0.3647392047883779,7.511279999999999,7.59151,7.686840000000001,7.614029107272929,7.996748885761235,7.376931114238767,1.1040678380477509,36.71701913393754,208229.7,1.7183333782218777,-1.1950660466102294,-5.355669776001026,-0.0036540600009563
2008-06-20,7.445,7.5068,7.3761,7.4258,166474,0,-0.4250754274220614,7.475820000000001,7.5518,7.672345,7.596102525627888,8.002994628363513,7.3416953716364866,1.10279899242601,21.49143672692678,205837.85,1.7719391006087233,-0.2578912021491007,-5.076122665507676,-0.0042598144142386
2008-06-23,7.5231,7.5282,7.1608,7.2848,266838,0,-1.8987853160602253,7.420859999999999,7.495699999999999,7.65433,7.56645466604428,8.027727381661506,7.280932618338493,1.14172129998049,18.49918099918105,208902.45,5.130711652329348,-3.167577195570983,-7.150322465522951,-0.0191704373941473
2008-06-24,7.2463,7.2793,7.1778,7.1989,238192,0,-1.179167581814189,7.37036,7.45364,7.623665,7.531449459754348,8.040661358812942,7.206668641187058,0.8827041952885434,18.005181347150312,207432.1,1.4140823093426913,-0.6541269337454931,-5.520047247194704,-0.0118617490258622
2008-06-25,7.3132,7.3916,7.2295,7.2954,296930,0,1.3404825737265424,7.332479999999999,7.427840000000001,7.599034999999999,7.508968558825362,8.033007471962392,7.1650625280376055,1.0569434836590317,22.492229443345593,209660.75,2.2422020886645075,-0.2433955040201315,-3.415680355866235,0.0133157759757721
2008-06-26,7.1875,7.2242,7.0753,7.1546,247354,0,-1.929983277133529,7.2719,7.391590000000001,7.576095,7.475219172270566,8.053228711701664,7.098961288298337,1.1712702788621017,20.83951479186669,208251.8,2.1045044026401616,-0.4577391304347786,-4.822338401777282,-0.0194885060641821
2008-06-27,7.0753,7.1023,6.8638,6.9884,324892,0,-2.3229810192044287,7.18442,7.330120000000001,7.53945,7.428855441578131,8.078222982169573,7.0006770178304265,1.147771535380662,16.746819733167882,215197.5,3.4747515953261936,-1.228216471386372,-8.084860122844628,-0.0235038748659558
2008-06-30,6.9714,7.1778,6.9222,7.1484,340993,0,2.2895083280865425,7.157140000000001,7.289,7.50161,7.402145399523071,8.03852561191299,6.964694388087009,1.5174040645119558,30.73840870062962,218728.6,3.69246771257693,2.538944831741108,-5.439441240277265,0.0226369238223525
2008-07-01,7.0518,7.2418,7.0305,7.2418,192696,0,1.3065860891947834,7.16572,7.268039999999999,7.46869,7.386874409092302,7.98296516656697,6.954414833433031,1.5856622922947412,37.53799392097263,212987.75,3.0054761396771155,2.6943475424714185,-2.812894221220174,0.0129812388411218
2008-07-02,7.2418,7.2418,7.1064,7.1125,150151,0,-1.7854677014002007,7.12914,7.23081,7.432259999999999,7.3607435129882735,7.938622509629233,6.925897490370766,1.629407225370793,34.93895175699819,212275.45,1.9053247776651996,-1.7854677014002012,-4.974080803762293,-0.0180159948291775
2008-07-03,7.091,7.1125,6.8914,6.9555,176791,0,-2.2073813708260115,7.089320000000001,7.18061,7.386059999999999,7.322148892703676,7.889208379914566,6.882911620085432,1.714747430745793,27.103662848253393,211633.95,3.2083466349362952,-1.9108729375264473,-6.731478377472344,-0.0223210859349611
2008-07-07,6.9132,6.9774,6.6205,6.7077,472926,0,-3.5626482639637636,7.03318,7.1088,7.330300000000001,7.263629950541421,7.875066766124569,6.785533233875434,1.9355094255377336,23.682421995674986,228057.0,5.390831508194252,-2.9725742058670344,-9.670338549381883,-0.0362765932757576
2008-07-08,6.5724,6.8101,6.5562,6.8101,383228,0,1.526603753894773,6.96552,7.06133,7.278514999999999,7.220436621918428,7.813775980221339,6.743254019778658,2.0570741869359987,30.117194766540592,238053.1,3.8726701442909106,3.6166392794108737,-6.516307928838117,0.0151506840996894
2008-07-09,6.7721,6.8805,6.7556,6.7987,195312,0,-0.1673984229306535,6.876900000000001,7.02131,7.237474999999999,7.180271229354768,7.788294779008992,6.686655220991006,2.0531670226467673,28.43402275727665,236895.25,1.8488365208123532,0.3927880568804385,-5.559182652905303,-0.001675386906498
2008-07-10,6.7778,6.8688,6.7721,6.8101,162492,0,0.1676791151249412,6.816420000000001,6.97278,7.200309999999999,7.145016826559076,7.761582534983201,6.639037465016798,1.9646902920640124,29.445008890017775,234119.65,1.427917484975122,0.4765558145711029,-6.652136963017785,0.0016753869064979
2008-07-11,6.7885,6.7885,6.4914,6.5724,317651,0,-3.4904039588258606,6.7398,6.91456,7.153074999999999,7.090481890696307,7.759300550782225,6.546849449217774,2.1309421873628205,26.038858939802324,240234.1,4.576824721939803,-3.1833247403697427,-8.137422078103606,-0.035527741745881
2008-07-14,6.5562,6.6264,6.2107,6.3517,436709,0,-3.3579818635506076,6.6686000000000005,6.85089,7.090505,7.020121710629993,7.756529976535107,6.424480023464894,2.2344277604918465,24.923407686105875,255858.0,6.693287391115336,-3.119184893688409,-9.110812203079387,-0.0341565689851825
2008-07-15,6.1566,6.3296,5.8763,6.0917,978240,0,-4.093392320166256,6.52492,6.745220000000001,7.01711,6.931700595331898,7.781704673219718,6.252515326780282,2.122002696017386,22.79072053474883,297441.6,7.714037744839448,-1.0541532664132758,-14.782328912763688,-0.0417953047013705
2008-07-16,6.0759,6.5724,6.0759,6.5724,420038,0,7.891064891573785,6.47966,6.678280000000001,6.97316,6.897481491014574,7.733686264884476,6.212633735115524,3.611399530264416,35.05457251529684,306213.55,8.17162889448477,8.17162889448477,-9.243558231378934,0.0759518736865531
2008-07-17,6.5832,6.8371,6.5832,6.7127,469609,0,2.134684437952638,6.460179999999999,6.638299999999999,6.9345550000000005,6.87988325377509,7.663455823446676,6.205654176553325,3.7167870013588713,40.863416449572,319574.45,3.856786972900728,1.967128448171105,-5.621089630931452,0.0211221919538639
2008-07-18,6.6314,6.8256,6.6205,6.7502,363987,0,0.558642573033219,6.4957400000000005,6.61777,6.89919,6.867532467701272,7.5888366796389555,6.209543320361044,3.679660166184201,44.7982180293501,330075.15,3.0979533267880046,1.7914769128690808,-2.951621019337203,0.0055708795257164
2008-07-21,6.8914,6.9336,6.784,6.8805,412554,0,1.9303131759058845,6.6015,6.63505,6.871925,6.868767470777342,7.515487976512043,6.228362023487957,3.535605722288521,44.07274658170715,342379.15,2.205188679245289,-0.1581681516092572,2.576143834697442,0.0191191896480799
2008-07-22,6.8525,7.0146,6.7502,7.0146,274408,0,1.948986265533037,6.78608,6.655500000000001,6.858414999999999,6.882656283084262,7.476316914461297,6.240513085538701,3.5542290448782157,45.06215769799183,342757.65,3.916920980119097,2.3655600145932096,3.00289276222081,0.0193023675354919
2008-07-23,7.0693,7.1224,6.9714,7.0518,312409,0,0.5303224702762899,6.881960000000001,6.680809999999999,6.851060000000001,6.898765208504808,7.455246967925268,6.246873032074735,3.5497407342445704,48.62576409327599,346468.5,2.16599248357575,-0.2475492623031993,3.72277052966008,0.0052892121260352
2008-07-24,6.983,7.0305,6.8805,6.9132,368681,0,-1.96545562835021,6.922059999999999,6.691120000000001,6.831950000000001,6.900139950551969,7.400062014529561,6.263837985470441,3.629908723224147,49.03429067165883,350056.05,2.180074122520171,-0.9995703852212496,1.5139278424692648,-0.0198502758405257
2008-07-25,6.8741,6.9222,6.8101,6.8741,193112,0,-0.5655846785858842,6.94684,6.721290000000001,6.817925,6.897659955261306,7.365994929748879,6.26985507025112,3.409903136457523,54.19905117593621,347343.95,1.646084492151361,0.0,4.590408374414223,-0.0056719016518176
2008-07-28,6.8805,6.9614,6.8042,6.8309,168161,0,-0.6284459056458358,6.936920000000001,6.769209999999999,6.810050000000001,6.8913018642840385,7.352301522528446,6.2677984774715565,3.167279798431261,50.541046717303075,339507.4,2.3103377325769445,-0.7208778431799996,7.544436922398723,-0.006304289394898
2008-07-29,6.9497,6.9497,6.8309,6.9222,189391,0,1.3365735115431487,6.9184399999999995,6.852259999999999,6.79874,6.8942445438760345,7.320319174592534,6.277160825407465,2.665838351565569,53.084261525398325,331927.3,1.7391558945380583,-0.3957005338359909,13.63330433212404,0.013277201681677
2008-07-30,7.1224,7.1224,6.8805,6.9278,182361,0,0.0808991361127997,6.89364,6.8878,6.78304,6.897440301602127,7.265934232290216,6.300145767709783,1.3404690000054462,52.94795371437159,331410.55,3.5157328682508573,-2.732225092665386,5.40746150569047,0.0008086643039958
2008-07-31,7.0146,7.0146,6.8409,6.8472,165259,0,-1.1634285054418547,6.88044,6.90125,6.769775,6.892655510973353,7.228535549283785,6.311014450716216,1.3088095378419748,57.47063940843845,332165.95,2.5391395868964506,-2.386451116243261,2.003664695279106,-0.011702492897895
2008-08-01,6.8309,7.1023,6.8309,7.0851,192625,0,3.4744128987031164,6.9226399999999995,6.93474,6.776255000000001,6.910983557547319,7.249494044859106,6.3030159551408955,1.670767960070501,69.7532859297565,332957.65,3.973122136175319,3.7213251548112254,4.961334478978396,0.0341541777838156
2008-08-04,7.2188,7.2188,6.9132,6.9555,215105,0,-1.8291908371088628,6.94756,6.94224,6.788645,6.9152232187332885,7.267271523887499,6.310018476112501,1.7343920223191955,75.02317497103125,320066.6,4.420528843372101,-3.647420623926416,1.0900370612600965,-0.0184612738515903
2008-08-05,7.0195,7.0249,6.8585,6.983,281084,0,0.3953705700524779,6.95972,6.93908,6.797290000000001,6.921678150282499,7.283730289623126,6.310849710376877,1.6182376734983543,66.12979258328093,314959.4,2.4261864839250484,-0.5199800555595155,-0.4504889801271616,0.00394591034641
2008-08-06,7.1224,7.1224,6.9884,7.0359,183304,0,0.7575540598596664,6.98134,6.9374899999999995,6.809150000000001,6.932556421684166,7.307163800274014,6.311136199725987,1.628595998668908,63.632529104099866,314359.0,1.9174632247724723,-1.2144782657531172,-0.2254743469752407,0.007546990289606
2008-08-07,7.0044,7.0044,6.8805,6.9015,196967,0,-1.91020338549438,6.9921999999999995,6.93632,6.813720000000001,6.9295986672380545,7.313445021650272,6.313994978349729,1.6213048883845262,55.89955548623567,316082.75,1.8007412252016686,-1.4690765804351549,-0.1692414511369477,-0.0192868348720081
2008-08-08,6.9336,6.9336,6.8309,6.8914,205036,0,-0.1463449974643205,6.95346,6.93805,6.82967,6.925960698929669,7.317178165006057,6.342161834993943,1.6105894096418312,50.46897857327254,310452.0,1.503462208493763,-0.6086304372908768,0.2516693094368749,-0.0014645218634554
2008-08-11,6.9222,6.983,6.8741,6.9222,239001,0,0.4469338595931127,6.946799999999999,6.94718,6.858195,6.925602537126843,7.291721049603033,6.424668950396968,1.5970866019006948,45.63656970154894,300566.6,1.5842073871488531,0.0,1.3365735115431487,0.0044593807611213
2008-08-12,6.9497,6.9497,6.8805,6.8859,146969,0,-0.5243997573025849,6.927380000000001,6.94355,6.897905,6.921821343114763,7.138278949679257,6.657531050320743,1.550459928862289,42.15899423385955,259003.05,1.005740861855975,-0.9180252384994984,-0.5243997573025849,-0.0052577955872733
2008-08-13,6.8859,6.9174,6.7778,6.8955,176532,0,0.1394153269725029,6.899299999999999,6.94032,6.914060000000001,6.919314548532404,7.099467584016189,6.728652415983813,1.551084927363077,49.047260200236856,246827.75,2.0596653781462972,0.1394153269725065,-0.4662374779872413,0.0013931823403667
2008-08-14,6.9497,7.1484,6.8955,7.0249,431733,0,1.8765861793923475,6.92398,6.95809,6.92967,6.929370305815032,7.095200777549013,6.764139222450987,1.6026169398734766,57.39795918367344,244933.95,3.667609310419831,1.0820610961624202,2.595221404369674,0.0185919553107924
2008-08-15,7.0796,7.1435,7.0103,7.0462,151254,0,0.3032071630912902,6.954940000000001,6.9542,6.94447,6.940496943356458,7.094656580100536,6.794283419899464,1.1464929967868107,60.79414418931115,234297.3,1.9000613383164833,-0.4717780665574371,-0.5490395336692488,0.003027484172388
2008-08-18,7.0518,7.0753,6.9336,6.967,174186,0,-1.1240101047373052,6.9639,6.95535,6.948795,6.943021043989177,7.096180901990157,6.8014090980098425,1.0417403287287554,52.27365002030042,222378.9,2.043671397253954,-1.2025298505346214,0.1653367838401198,-0.011303748367454
2008-08-19,6.9278,6.9614,6.8859,6.9555,132201,0,-0.1650638725419817,6.9778199999999995,6.9525999999999994,6.94584,6.944209515990208,7.090005393322282,6.801674606677717,1.0344362142614274,51.39743719099987,215268.55,1.09644345691921,0.399838332515364,-0.3938135471860171,-0.0016520025304936
2008-08-20,7.0103,7.0146,6.9069,6.9614,174622,0,0.0848249586658189,6.991,6.94515,6.941319999999999,6.945846704943521,7.076911004204712,6.8057289957952865,0.9984420394741522,56.23090353557401,208379.2,1.559310254962421,-0.6975450408684325,-1.0588552992509823,0.0008478900262944
2008-08-21,6.9774,6.9933,6.9132,6.9614,157874,0,0.0,6.9783,6.95114,6.9437299999999995,6.947327971139376,7.078929409840583,6.808530590159416,0.7708245372567261,40.88430361090645,197838.85,1.158653011629923,-0.229311778026199,0.867927262189383,0.0
2008-08-22,6.9884,7.0305,6.9497,7.0305,186196,0,0.9926164277300532,6.97516,6.96505,6.95155,6.955249116745149,7.08787957743791,6.81522042256209,0.815044960946512,56.06796116504856,197493.05,1.1626401139617537,0.6024268788277657,2.018457787967609,0.0098772235049509
2008-08-25,6.9439,7.0103,6.9336,6.9714,219282,0,-0.8406229997866443,6.97604,6.969970000000001,6.958574999999999,6.956787296102754,7.08265724564537,6.834492754354628,0.8719440565208333,49.10714285714289,200049.1,1.106207453559475,0.3960310488342266,0.710756695848147,-0.0084417616139993
2008-08-26,6.9614,6.9774,6.8585,6.8955,229545,0,-1.0887339702211896,6.96404,6.97093,6.9572400000000005,6.950950410759635,7.083525047663395,6.830954952336606,0.931240918239474,39.562890276538816,202056.8,1.733615221987315,-0.9466486626253348,0.1394153269725029,-0.0109470405024788
2008-08-27,7.2295,7.2295,6.8741,7.0103,219700,0,1.6648538902182652,6.973820000000001,6.98241,6.961364999999999,6.956602752592051,7.088983613970557,6.833746386029441,1.068234261209974,58.330781010719726,203923.75,5.1701313626511025,-3.0320215782557556,1.6648538902182652,0.0165114712042266
2008-08-28,7.0305,7.0851,7.0103,7.0195,161675,0,0.1312354678116412,6.98544,6.981870000000001,6.969980000000001,6.962592966630903,7.088054545588691,6.851905454411312,0.8854275869786894,59.82211317282626,203744.55,1.067001412207748,-0.1564611336320335,-0.0768694216287779,0.0013114942933868
2008-08-29,7.0693,7.0796,7.0249,7.0753,94403,0,0.7949284137046764,6.994400000000001,6.984780000000001,6.96949,6.973326969808912,7.085618311975554,6.853361688024447,0.9174684976191796,61.30556786294494,198833.45,0.7786587709433646,0.0848740327896712,0.4129885612103035,0.0079178550273131
2008-09-02,7.1165,7.1718,7.0195,7.0582,279299,0,-0.2416858649103237,7.01176,6.993900000000001,6.9746250000000005,6.981410115541397,7.097059822618647,6.852190177381354,0.8308954722756113,63.09469524243806,202043.15,2.1696702044305196,-0.819222932621373,1.309028276159041,-0.002419783966304
2008-09-03,7.1278,7.1278,7.0518,7.0851,238706,0,0.3811169986682072,7.04968,7.0068600000000005,6.979729999999999,6.991285342632692,7.11177243496605,6.847687565033948,0.827050799086562,64.04028436018956,199924.25,1.077739016988565,-0.5990628244339061,1.8632736683200424,0.0038039258782005
2008-09-04,7.0462,7.0462,6.8371,6.8409,282312,0,-3.4466697717745576,7.0158000000000005,6.994810000000001,6.96998,6.976962929048627,7.112907785962653,6.827052214037346,1.4184543647068029,38.354430379746866,204874.65,3.058314197539884,-2.9136272033152535,-1.7309736547246213,-0.0350746854430013
2008-09-05,6.8409,6.8472,6.7502,6.7987,250726,0,-0.6168778961832544,6.971640000000001,6.97854,6.96484,6.959985507234472,7.124546051034483,6.8051339489655165,1.4238704878871784,34.739178690344076,207562.6,1.4369944594234174,-0.6168778961832542,-2.3371735570431262,-0.0061878844911551
2008-09-08,6.8914,6.9933,6.6746,6.7885,245735,0,-0.1500286819539065,6.914280000000001,6.95434,6.959694999999999,6.943653554164523,7.135210211217172,6.784179788782827,1.3595177980265565,37.97007682976144,209597.55,4.774817966619719,-1.4931653945497283,-3.442144939904701,-0.001501413376723
2008-09-09,6.7885,6.8191,6.6264,6.6477,267743,0,-2.07409589747366,6.832179999999999,6.92197,6.945970000000001,6.915467501386949,7.170044255549784,6.721895744450218,1.461955980709014,32.334710743801665,211034.65,2.9080647108535467,-2.0740958974736627,-4.64325673465874,-0.0209590738770668
2008-09-10,6.6375,6.7282,6.6049,6.7127,235841,0,0.9777817891902352,6.7577,6.90369,6.937309999999999,6.896156310778668,7.183459555737287,6.691160444262711,1.5092195642249409,36.633344082553975,215478.25,1.8667958636769733,1.132956685499054,-2.651004278152425,0.0097303243682709
2008-09-11,6.6531,6.6531,6.4751,6.5777,280786,0,-2.0111132629195394,6.7050600000000005,6.860429999999999,6.92142,6.8658271383235565,7.215330853652821,6.62750914634718,1.4346842231941683,31.99098845395659,220690.95,2.7489922935553106,-1.1333062782762942,-6.170919932099905,-0.0203161143898945
2008-09-12,6.4857,6.5021,6.3886,6.4375,377240,0,-2.1314441218054925,6.632820000000001,6.80223,6.89205,6.8250340775308365,7.252324915497928,6.531775084502073,1.4797872093910822,23.90883491728262,217966.3,1.776602072441539,-0.7431734431133044,-8.291188831113327,-0.0215448741696538
2008-09-15,6.0812,6.2595,6.0004,6.0703,603975,0,-5.704077669902919,6.48918,6.70173,6.843254999999999,6.753154641575518,7.3501407173182685,6.33636928268173,2.0087860626373084,18.80927656628587,240602.35,4.318045463635759,-0.1792409392883041,-14.20434469209787,-0.0587322387460036
2008-09-16,6.0436,6.0436,5.4392,5.6384,904833,0,-7.114969606115018,6.28732,6.559749999999999,6.7768250000000005,6.64698753285404,7.512178293895063,6.041471706104938,2.614358225513528,15.0902527075812,277134.7,11.111928224738934,-6.704613144483417,-20.115610212235424,-0.0738076899241822
2008-09-17,5.5416,5.5955,5.072,5.1639,1237342,0,-8.415507945516454,5.9775599999999995,6.36763,6.687245,6.505741101153656,7.710927412665288,5.663562587334711,3.090109561402199,7.263216368854714,332391.75,10.32137223974764,-6.815721091381549,-27.116060464919332,-0.0879082293562357
2008-09-18,4.7538,5.5582,4.6514,5.5149,1442709,0,6.797188171730673,5.765,6.23503,6.61492,6.411375281996165,7.754842500782272,5.474997499217728,4.379728884349394,19.932054356514783,395796.1,19.49520574450704,16.010349615044802,-19.383414463009263,0.0657614122113658
2008-09-19,5.9357,6.0976,5.7412,6.0436,582667,0,9.586755879526375,5.6862200000000005,6.15952,6.56903,6.376349064663197,7.724019270581392,5.414040729418607,5.7297569741284615,32.65992134189382,417035.75,6.207761443600638,1.8178142426335544,-11.106535072881584,0.0915463407087502
2008-09-22,6.1944,6.1944,5.5473,5.6657,473977,0,-6.252895625124088,5.6053,6.04724,6.500789999999999,6.30866820136194,7.701352815209353,5.3002271847906455,5.947218363638873,29.1273196030818,431424.8,11.6651343897031,-8.535128503164144,-16.539736318774388,-0.0645694082825644
2008-09-23,5.5362,5.6277,5.3424,5.552,456593,0,-2.0068129269110724,5.588019999999999,5.93767,6.429820000000001,6.236604563136994,7.680033579395747,5.179606420604255,5.946703482383971,27.602629656683703,443290.35,5.3402964959568795,0.2853943137892343,-16.482392406396208,-0.020272229396481
2008-09-24,5.477,5.6277,5.2828,5.4498,595898,0,-1.8407780979827093,5.6452,5.81138,6.357535,6.161670795219185,7.660445942184243,5.054624057815758,5.875873962389684,28.797439414723357,461608.0,6.528734761868706,-0.4966222384517172,-18.813592146230285,-0.0185793124504175
2008-09-25,5.5473,5.7362,5.4122,5.7304,344233,0,5.148812800469749,5.6883,5.72665,6.293539999999999,6.120597386150691,7.587150154242062,4.999929845757936,6.284143430370604,34.820540509818414,467834.65,5.986475000923836,3.30070484740325,-12.88140231387871,0.0502064255640186
2008-09-26,5.272,5.655,5.2666,5.6228,545784,0,-1.877704872260233,5.60414,5.64518,6.223705,6.0731881112791966,7.50302348876052,4.94438651123948,6.280446040058864,33.882697785028896,487040.1,7.374776895910072,6.6540212443095506,-12.655533980582522,-0.0189555758426307
2008-09-29,5.4069,5.4606,4.6945,4.7861,835844,0,-14.88048659031087,5.4282200000000005,5.51676,6.109245,5.950608291157368,7.474497032988507,4.743992967011493,7.557422256771446,28.414730300078844,524112.15,16.31909681542232,-11.48162533059609,-21.155461838788845,-0.1611138769326058
2008-09-30,5.072,5.423,5.0182,5.3961,953750,0,12.745241428302778,5.39704,5.49253,6.02614,5.897797977713809,7.349892136760981,4.702387863239019,8.623287367534653,36.44692415383348,557834.7,8.066637439719418,6.389984227129329,-4.297318388195237,0.1199605868770296
2008-10-01,5.3961,5.6979,5.2882,5.655,319217,0,4.79790960137878,5.43808,5.54164,5.954635000000001,5.874674360788685,7.189020249553848,4.720249750446153,8.20989982653871,40.73798960069061,561860.25,7.747437691464014,4.797909601378785,9.510253877883002,0.0468636391481861
2008-10-02,5.5149,5.5416,5.3961,5.477,338886,0,-3.1476569407603905,5.3874,5.53785,5.88644,5.836800612142143,7.064061721767768,4.708818278232233,8.060450571571911,40.43117017673196,564688.95,2.696391838550068,-0.6872291428674971,-0.6872291428674959,-0.0319826037664995
2008-10-03,5.4122,5.6336,5.1586,5.2287,337440,0,-4.533503742924971,5.30858,5.45636,5.80794,5.7788862681286055,6.937860813993211,4.6780191860067895,7.452543918582506,41.412244897959184,569024.65,9.207924630713771,-3.390488156387429,-13.483685220729358,-0.0463948245879758
2008-10-06,5.1262,5.1262,4.5542,4.9912,2255899,0,-4.542238032398105,5.3496,5.38891,5.718075000000001,5.703868528306834,6.804689919201801,4.631460080798201,7.342099433961621,43.12308738524312,669532.85,12.559834877695316,-2.6335297101166515,-11.904972024639504,-0.0464863193991689
2008-10-07,4.8507,5.1476,4.7269,4.9481,774082,0,-0.8635197948389184,5.260000000000001,5.328519999999999,5.633095,5.631890573229993,6.678657429307458,4.587532570692542,7.333813889389025,47.47555098030041,694849.8,8.900124817533692,2.007957614364945,-10.877161383285294,-0.0086726973024874
2008-10-08,4.5812,4.8024,3.9176,4.8024,1327236,0,-2.944564580343978,5.08948,5.26378,5.53758,5.552891471017612,6.514659288061247,4.5605007119387535,7.3578236756643856,41.24456241244562,749419.55,22.58525627935469,4.828429232515489,-11.879335021468684,-0.0298878715564559
2008-10-09,4.5868,4.592,4.0469,4.263,999730,0,-11.231884057971008,4.84668,5.11704,5.421844999999999,5.43004466425403,6.428095094423204,4.4155949055767945,7.651933951581779,28.176782037454657,785366.75,13.469569299957984,-7.059387808493946,-25.607287449392725,-0.1191426551724229
2008-10-10,4.2091,4.2091,3.5071,4.0739,1521451,0,-4.4358433028383715,4.6157200000000005,4.962149999999999,5.3036650000000005,5.30088802956317,6.361530959621882,4.245799040378119,7.666074436459826,29.544052636989832,842577.3,20.016537880299975,-3.2120880948421324,-27.54677384932773,-0.0453723661805492
2008-10-13,4.4187,4.5322,3.9766,4.1499,1717111,0,1.865534254645418,4.44746,4.89853,5.207644999999999,5.191270121985726,6.319748695420909,4.09554130457909,6.499367591661057,31.80555916015676,898234.1,13.971734647688972,-6.083237151198329,-13.292659994567613,0.0184834659642181
2008-10-14,4.9372,4.9372,3.966,4.0417,1801471,0,-2.607291741969686,4.26618,4.76309,5.12781,5.081787253225181,6.334901747963026,3.9207182520369743,4.258646582709457,31.756108937316995,943066.0,24.48814926878466,-18.137810904966383,-25.09960897685366,-0.0264188420226343
2008-10-15,4.0249,4.0417,3.8688,3.9928,710617,0,-1.2098869287675895,4.104259999999999,4.59687,5.069255,4.97807418148945,6.37828889602707,3.7602211039729303,3.413118326191902,26.04896068809616,916729.75,4.4690860215053725,-0.7975353424929763,-29.393457117595055,-0.0121726563708452
2008-10-16,4.3495,4.5868,3.9391,4.1766,666443,0,4.60328591464636,4.08698,4.46683,5.002339999999999,4.901743307061883,6.3516585342786245,3.653021465721374,4.246362449615227,30.47575332109298,877916.45,16.44284227361581,-3.9751695597195145,-23.742924958919133,0.0450047792472762
2008-10-17,4.333,4.9105,4.0739,4.7104,685605,0,12.780730737920807,4.21428,4.415,4.93568,4.883520134960752,6.197280726896478,3.6740792731035214,6.366474053354384,48.88699385420649,883063.35,20.535604703110035,8.709900761597039,-9.912597777650278,0.1202753116918267
2008-10-20,4.7001,4.8784,4.7001,4.7753,612710,0,1.3778023097825942,4.33936,4.393409999999999,4.89116,4.8732134554406805,6.106277478228011,3.676042521771989,6.260237512495153,39.13013027034599,890000.0,3.793536307738136,1.5999659581710968,-4.325613079019086,0.0136839690719115
2008-10-21,4.7431,4.8077,4.6945,4.7485,526589,0,-0.5612212845266251,4.48072,4.37345,4.850985,4.861335983493949,6.026595619882032,3.6753743801179666,6.257763990979125,32.7234610253478,893499.8,2.4113324102673337,0.1138495920389586,-4.033871587073834,-0.0056280204834068
2008-10-22,4.6894,4.7485,4.484,4.6299,335305,0,-2.4976308307886663,4.608140000000001,4.356199999999999,4.80999,4.83929446125643,5.954447944595539,3.6655320554044617,6.237836758988453,33.481533481533475,880470.15,5.898751115075824,-1.2688190386829847,-3.591954022988497,-0.0252935091081116
2008-10-23,4.8134,4.8507,4.4406,4.8134,502593,0,3.963368539277301,4.7355,4.411239999999999,4.76414,4.8368283220891515,5.823661892970925,3.704618107029075,4.971954889630517,41.6916736686272,888388.15,9.235238481286313,0.0,12.911095472671818,0.0388684255234083
2008-10-24,4.5812,4.5868,4.4142,4.5322,194251,0,-5.842024348693231,4.699859999999999,4.45707,4.70961,4.807816100937804,5.692550304232511,3.7266696957674887,5.169056649061228,40.975226110892635,870811.5,3.910108286892304,-1.0695887540382514,11.249662485578927,-0.0601962222974795
2008-10-27,4.4897,4.7753,4.3495,4.5542,414398,0,0.4854154715149494,4.65564,4.4975,4.698015,4.783662186562775,5.682625846503899,3.713404153496101,5.167359041264649,42.190411990959184,849739.2,9.789630992068048,1.4366216005523706,9.742403431407997,0.0048424112937401
2008-10-28,4.7969,4.8024,4.4355,4.6945,316765,0,3.0806727855605898,4.644839999999999,4.56278,4.662934999999999,4.775170549747272,5.591205097433915,3.734664902566083,5.031406117883937,47.856149413868465,817889.95,8.2718971931011,-2.1347120015009753,16.151619368087687,0.0303417266040378
2008-10-29,4.7594,4.8242,4.5705,4.8242,343299,0,2.762807540739165,4.6837,4.645919999999999,4.621395,4.779840021199913,5.429291232198482,3.8134987678015175,4.939303035648478,63.318777292576435,819094.05,5.550815009298769,1.3615161574988437,20.822480464836723,0.0272533072188209
2008-10-30,4.8567,4.9318,4.8024,4.8456,381123,0,0.4435968658015765,4.69014,4.712819999999999,4.589824999999999,4.7861028763237305,5.300433663863875,3.8792163361361234,4.871833794889502,69.89840647723172,821205.9,2.6944860902881977,-0.2285502501698661,16.01781353253844,0.0044261587493143
2008-10-31,4.8567,4.9047,4.7001,4.7164,466639,0,-2.6663364701997705,4.72698,4.713419999999999,4.56421,4.779464507150042,5.212011073755213,3.916408926244787,3.035430648521484,64.21723635998596,827665.85,4.353098870236806,-2.888792801696623,0.1273777173913082,-0.0270252799642191
2008-11-03,4.8675,4.9105,4.7753,4.9047,743003,0,3.9924518700704015,4.797079999999999,4.726360000000001,4.5598849999999995,4.791391696945276,5.196745468152365,3.923024531847634,3.2659266362887824,70.8212700250917,752021.05,2.8312357338805985,0.7642526964560934,2.709777396184543,0.0391481323469583
2008-11-04,4.8456,5.1101,4.8456,4.9318,614733,0,0.55253124554,4.84454,4.74469,4.55907,4.804763916283821,5.193877067582855,3.924262932417145,3.2516428576676217,72.89573783282943,744053.6,5.458560343404324,1.7789334654119164,3.860166368326845,0.0055101039121186
2008-11-05,5.0611,5.0611,4.7485,4.7969,560250,0,-2.735309623261284,4.83908,4.76139,4.558795,4.804014971875838,5.1931628443935445,3.924427155606455,3.2761757800455413,65.4943298196533,705704.3,6.583131515215326,-5.22020904546442,3.606989351821843,-0.0277341570391293
2008-11-06,4.8024,4.8401,4.6135,4.7212,501692,0,-1.5781025245471092,4.8142,4.75217,4.581705,4.796127831697187,5.204075766040278,3.959334233959723,3.069304180349995,50.349831562580974,680802.4,4.911672266175343,-1.6908212560386462,-1.9154859350978493,-0.0159068713675518
2008-11-07,4.7001,4.7485,4.5868,4.7212,314098,0,0.0,4.8151600000000006,4.77107,4.61407,4.7889918477260265,5.190909589487845,4.037230410512155,2.3333597184986328,48.170690471359976,620434.75,3.5253335658847065,0.4489266185825764,4.170160187105609,0.0
2008-11-10,4.9589,4.9589,4.5384,4.6676,374082,0,-1.135304583580432,4.767740000000001,4.78241,4.639955,4.777430719371167,5.173965563566397,4.105944436433602,2.3850872667884073,47.31318498837596,553283.3,9.265379869557544,-5.87428663614914,2.490009222256395,-0.0114179836229615
2008-11-11,4.6299,4.6299,4.3116,4.5384,393610,0,-2.7680178250064302,4.68906,4.7668,4.66479,4.754665888954865,5.12238403244231,4.2071959675576895,2.3363461003098456,46.982389024470685,482890.25,7.382410242137484,-1.976284584980235,-3.3251677494940735,-0.0280704939195948
2008-11-12,4.5112,4.5112,4.0249,4.036,514612,0,-11.069980609906594,4.53688,4.6879800000000005,4.66695,4.686221518578211,5.111407424401664,4.222492575598336,3.8907211185932353,28.817438692098108,473090.0,12.082287758702078,-10.533782585564818,-16.338460262841526,-0.117320424538858
2008-11-13,3.9987,4.036,3.6152,3.966,666645,0,-1.7343904856293224,4.38584,4.600019999999999,4.65642,4.617628992999334,5.156314003923225,4.156525996076774,3.8178918812655582,32.56558689493782,473100.1,11.639743306041142,-0.8177657738765032,-18.15255076770679,-0.0174960723937581
2008-11-14,3.8313,3.9281,3.7232,3.7555,612984,0,-5.3076147251639005,4.1927,4.50393,4.608675,4.5355214698565405,5.249422569558591,3.967927430441408,3.96426205022452,27.964465044418706,469469.05,5.503330468414275,-1.9784407381306628,-20.373590026291243,-0.0545365979536748
2008-11-17,3.7501,3.7555,3.4805,3.6152,840832,0,-3.7358540806816665,3.98222,4.37498,4.550669999999999,4.44787180606068,5.324190314026101,3.7771496859738978,3.3302043256402407,20.222921149920012,480875.15,7.901163625915814,-3.59723740700248,-26.29110852855424,-0.0380742530289965
2008-11-18,4.0417,4.0417,3.513,3.6259,568283,0,0.2959725603009389,3.79972,4.24439,4.49454,4.369588776912043,5.364523214357424,3.624556785642575,3.3010732294685066,14.616429457272758,482959.85,15.04981497295758,-10.287750204122016,-26.479175960095706,0.0029553542384225
2008-11-19,3.61,3.7232,3.4592,3.4592,653025,0,-4.597479246531899,3.68436,4.11062,4.436005,4.282885083872801,5.417970368614607,3.4540396313853927,3.3382472459740873,12.297400195801131,498845.85,7.631822386678995,-4.177285318559552,-27.88676019929538,-0.0470651848906035
2008-11-20,3.254,3.2914,3.1028,3.1136,1354481,0,-9.990749306197966,3.5138800000000003,3.94986,4.351014999999999,4.17152459969444,5.478852047347248,3.223177952652751,3.9061596935592937,11.002433090024326,541440.25,6.078380817326289,-4.314689612784268,-34.050665085147834,-0.1052577354532032
2008-11-21,3.0433,3.2265,2.7519,3.1947,1174881,0,2.6047019527235316,3.40172,3.7972100000000006,4.28414,4.078493685437826,5.520166655137773,3.048113344862226,4.272509163500356,6.104322825752135,590471.75,17.246266216068904,4.974862813393362,-32.3328814708125,0.0257135736977618
2008-11-24,3.1839,3.394,3.1839,3.3723,664403,0,5.559207437318059,3.35314,3.66768,4.225045,4.011237143967557,5.518391893630518,2.931698106369481,5.159134509818147,12.83896487632846,602972.0,6.59882533999184,5.9172712710826385,-27.750878395749424,0.0541018174464133
2008-11-25,3.4857,3.5287,3.2213,3.4104,611798,0,1.1297927230673466,3.31004,3.55488,4.16084,3.95401455882779,5.4832267758120805,2.83845322418792,5.3292927716037415,15.36347739195604,617723.65,9.542731195480096,-2.1602547551424367,-24.85457429931254,0.0112345823151395
2008-11-26,3.421,3.68,3.3294,3.6584,439463,0,7.271874266948153,3.34988,3.51712,4.10255,3.925860791320382,5.404435451344174,2.800664548655826,5.278763590146951,25.554328825098903,622531.85,10.530425902565026,6.939491376790414,-9.35579781962338,0.0701963068928448
2008-11-28,3.6961,3.7769,3.6584,3.7178,155976,0,1.6236606166630363,3.47072,3.4923,4.0461599999999995,3.9060454778612974,5.309665135307311,2.782654864692688,5.3229101620047485,27.534479670428084,611274.5,3.239120927181282,0.5871053272368186,-6.258194654563798,0.0161062021291984
2008-12-01,3.772,3.7769,3.4431,3.5071,475802,0,-5.66733014148152,3.5332,3.46746,3.9856950000000007,3.868050670445936,5.229742598471918,2.741647401528083,5.359985659995675,25.724804417855495,611732.65,9.694751822485555,-7.0227995758218436,-6.614299028092141,-0.0583426103396214
2008-12-02,3.5344,3.68,3.4482,3.5886,349913,0,2.3238573180120348,3.57646,3.4648000000000003,3.91989,3.841436320879657,5.09667123155834,2.74310876844166,5.302095118992454,29.72765303508922,592078.15,6.722347891653622,1.5334993209597043,-0.7357822527107816,0.0229726691451441
2008-12-03,3.5344,3.8255,3.5071,3.8255,301227,0,6.601460179457175,3.65948,3.48476,3.864575,3.8399185760339742,4.940788582549375,2.788361417450625,5.694321200345248,44.93283905445092,576402.85,9.07872601294517,8.236192847442272,5.504840177611059,0.0639270233933402
2008-12-04,3.7769,3.7769,3.4431,3.5612,384683,0,-6.908900797281403,3.64004,3.4949600000000003,3.802789999999999,3.8133739497450247,4.79200321399254,2.813576786007458,5.972718340568623,41.089196090516865,567624.5,9.694751822485555,-5.711032857634568,2.9486586493987055,-0.0715916109723904
2008-12-05,3.4321,3.7611,3.3829,3.5775,533963,0,0.457710883971707,3.61198,3.54135,3.745605,3.7909097640550224,4.638849162943256,2.852360837056744,4.726222889373681,45.715386096668595,569238.05,11.17975701321352,4.236473296232626,14.899152106885929,0.0045666657310899
2008-12-08,4.0417,4.0417,3.6259,3.6854,569920,0,3.0160726764500323,3.64764,3.5904200000000004,3.693815,3.7808612150974015,4.459960423258257,2.927669576741743,4.738684285656581,51.716549295774634,582029.15,11.467497724702818,-8.81559739713486,15.359814693085427,0.0297148354701545
2008-12-09,3.5396,3.7932,3.5396,3.7501,478725,0,1.755576056873065,3.67994,3.6282,3.64794,3.777931575564315,4.263692822589509,3.0321871774104903,4.528275064998675,52.95883361921098,587261.3,7.164651373036503,5.946999660978645,11.203036503276698,0.0174034383748133
2008-12-10,3.7449,3.8036,3.6317,3.7017,503533,0,-1.290632249806667,3.65518,3.65733,3.606105,3.7706714255105713,4.059382558631058,3.152827441368942,4.59429770536197,56.12219136581671,592757.45,4.733320483520113,-1.1535688536409432,8.54152005629838,-0.0129903327029761
2008-12-11,3.7932,3.7932,3.5071,3.61,484388,0,-2.477240186941143,3.66494,3.65249,3.584805,3.755369384985755,3.9905711368203542,3.1790388631796462,4.104551493955556,64.37507239661763,591246.25,8.157737161757584,-4.829695244121066,-1.322982724688393,-0.0250844012456712
2008-12-12,3.5886,3.6584,3.5287,3.6475,520750,0,1.038781163434899,3.67894,3.64546,3.56888,3.7450961102252065,3.9346864406221447,3.203073559377855,4.082054083541294,63.45216874628639,583951.5,3.6755745742057897,1.6413085883074168,-1.8909032223357936,0.010334229070014
2008-12-15,3.5071,3.6693,3.394,3.6368,751864,0,-0.2933516106922496,3.66922,3.65843,3.5629450000000005,3.734782194965663,3.919743569003225,3.206146430996776,3.5945121441274916,58.72303937734977,590895.5,8.111373011196218,3.698212198112405,3.698212198112394,-0.0029378272986618
2008-12-16,3.8313,3.8313,3.5724,3.7017,619737,0,1.7845358556973112,3.65954,3.66974,3.5672700000000006,3.731631509730838,3.928801258604304,3.2057387413956975,3.5667503647963987,59.440015555123466,579840.75,7.247228753778975,-3.3826638477801247,3.151646881792347,0.0176879994743189
2008-12-17,3.6693,3.912,3.6426,3.885,977863,0,4.951778912391602,3.6962,3.67569,3.580225,3.7462380326136153,3.9682039135624025,3.1922460864375974,3.2724363275059964,57.66472737112704,600319.75,7.395816175259433,5.878505437004334,1.5553522415370449,0.04833081022915
2008-12-18,3.885,4.0739,3.885,4.0092,671978,0,3.1969111969111896,3.776040000000001,3.72049,3.607725,3.7712820295075566,4.035510922236573,3.179939077763427,2.224670519933942,59.442644199611145,601267.4,4.8622908622908705,3.1969111969111994,12.580029203639231,0.0314687363489632
2008-12-19,4.0417,4.2037,4.0202,4.0632,1050845,0,1.3469021251122593,3.85918,3.769060000000001,3.655205,3.7990837409830274,4.062368417212819,3.248041582787181,2.208796267569458,70.0569862223184,586085.6,4.564449529874146,0.5319543756340283,13.576519916142548,0.0133791203363242
2008-12-22,4.1283,4.2843,4.1223,4.2251,871759,0,3.9845442016144927,3.97684,3.82303,3.706725,3.8396567180322623,4.129022968514117,3.284427031485883,2.311118660776524,71.69837049157974,570929.5,3.929844989447637,2.344790833999467,14.644271992185388,0.0390720886631944
2008-12-23,4.279,4.2843,4.1389,4.1981,457196,0,-0.6390381292750491,4.0761199999999995,3.86783,3.748015,3.8737941734577617,4.193484830156392,3.302545169843607,2.392771489645625,64.82336091661362,560569.15,3.513010703326981,-1.8906286515540955,11.946348097384064,-0.0064108871862841
2008-12-24,4.1714,4.3116,4.1546,4.2843,431419,0,2.053309830637673,4.1559800000000005,3.92609,3.79171,3.912889966461784,4.268108474963953,3.3153115250360465,2.241038288405018,83.51719662556779,551550.2,3.778943821306504,2.7065253871601804,15.738714644622732,0.0203251361630516
2008-12-26,4.2414,4.425,4.2091,4.4033,466617,0,2.7775832691454783,4.2348,4.00542,3.828955,3.959595683941614,4.373123245945446,3.2847867540545534,1.7735180672431687,84.9500592517352,552907.9,5.129362571571108,3.817135851369835,21.97506925207755,0.0273970816699012
2008-12-29,4.3868,4.3868,4.2146,4.263,515756,0,-3.1862466786273913,4.27476,4.0669699999999995,3.856215,3.988491333090032,4.430715809491045,3.2817141905089553,2.4190695773366704,73.79304663041685,570896.9,4.085796991410813,-2.8221026716513204,16.874571624400268,-0.0323811220316881
2008-12-30,4.3275,4.4033,4.2091,4.4033,446693,0,3.2911095472671903,4.3104,4.14362,3.901025,4.0279969204147905,4.500148060463828,3.3019019395361715,2.3728523159529504,75.32961067163019,569441.45,4.61381292912973,1.7515886770652824,21.076220853497563,0.0323811220316882
2008-12-31,4.468,4.5757,4.425,4.5757,458616,0,3.915245384143718,4.3859200000000005,4.231019999999999,3.95038,4.080159118470525,4.601510798082164,3.299249201917836,2.4501362964341205,80.91835290788168,574876.6,3.4056497175141356,2.4104744852282978,23.61077342842477,0.0384054326730619
2009-01-02,4.6894,4.7701,4.6403,4.7269,614433,0,3.304412439626714,4.4744399999999995,4.3152099999999995,3.99545,4.141753488139999,4.7296700946371635,3.2612299053628377,2.2925755512779817,87.91499762373549,590536.9,2.797232937525599,0.7996758647161608,21.67052767052766,0.0325099040328659
2009-01-05,4.7753,4.7753,4.6403,4.7322,860380,0,0.1121242251792997,4.54022,4.38751,4.054,4.197986489269523,4.828092528129447,3.2799074718705534,2.321651946755041,87.64489484278477,614321.75,2.909294657672991,-0.9025610956379688,18.03352289733613,0.0011206141291739
2009-01-06,4.8024,4.9426,4.7212,4.8999,834811,0,3.5438062634715273,4.667599999999999,4.4711799999999995,4.12012,4.264835395053378,4.946952748568796,3.293287251431204,2.387944568749397,89.52869750266007,629364.15,4.689485723968484,2.030234882558724,20.592144122858812,0.0348245860952029
2009-01-07,4.9589,4.9643,4.8675,4.8831,1052164,0,-0.3428641400844867,4.76356,4.53698,4.1800049999999995,4.323717738381628,5.0467935809733655,3.3132164190266336,2.3633482181699215,88.11951471347444,653476.35,1.9887005649717515,-1.5285648026780152,15.573595891221492,-0.003434532661641
2009-01-08,4.8891,5.0831,4.8723,5.0776,618760,0,3.983125473572135,4.8639399999999995,4.624930000000001,4.24638,4.395516049011949,5.17561593650093,3.3171440634990703,2.3542017035774423,88.20476678626346,660478.1,4.326498778810826,3.855515330019847,20.949953550415668,0.0390584449266983
2009-01-09,5.1101,5.1152,4.9912,5.024,595783,0,-1.0556168268473387,4.92336,4.6989,4.312495,4.455371663391763,5.266392265736457,3.3585977342635434,2.5365509637118255,84.04912092336598,665090.6,2.4843724955922357,-1.68489853427526,17.265364236864823,-0.0106122798442258
2009-01-12,5.072,5.0884,4.835,4.9047,693102,0,-2.3746019108280225,4.95786,4.74904,4.37723,4.498164838306834,5.305784632579442,3.4486753674205577,2.789189109422109,77.04918032786884,675526.3,5.240951396070322,-3.298501577287066,11.386914359684797,-0.024032500098558
2009-01-13,4.8891,5.0129,4.8456,4.9643,503698,0,1.2151609680510544,4.97074,4.81917,4.4430700000000005,4.542558663229992,5.339960805065506,3.5461791949344947,2.346453763332831,75.43352601156067,674673.7,3.4526168070001653,1.5381153995622856,16.450856204550778,0.0120783715818495
2009-01-14,4.8567,4.8999,4.5054,4.5275,877525,0,-8.798823600507621,4.89962,4.83159,4.487605,4.541124504827136,5.300443054629057,3.674766945370943,3.9331195265560264,58.84057971014492,680956.75,8.75615927553602,-6.7782650771099755,2.82061181386688,-0.0921023898737575
2009-01-15,4.5275,4.5275,4.1331,4.4622,803076,0,-1.4422970734400795,4.77654,4.82024,4.52563,4.533607885319789,5.2500074564196035,3.801252543580396,3.754375224656307,54.82872808208025,690123.7,9.542474171929063,-1.4422970734400815,-2.480494787682763,-0.0145279928202588
2009-01-16,4.5757,4.7753,4.5542,4.7701,528132,0,6.900183765855417,4.72576,4.82456,4.569885,4.556130943860762,5.23520985227379,3.9045601477262104,4.263447761343005,59.03003446578042,667637.15,4.8548592508014545,4.248530279520072,0.913918212782172,0.0667253510859153
2009-01-20,4.7538,4.7861,4.565,4.5757,615050,0,-4.075386260246116,4.65996,4.80891,4.59821,4.55799466349307,5.209031972169237,3.987388027830763,4.470806253448612,57.49844132175915,664790.75,4.8433734939759,-3.7464765030081137,-3.307129876167525,-0.0416075765532644
2009-01-21,4.6135,5.0129,4.6135,4.8242,1469045,0,5.430863037349476,4.63194,4.80134,4.63626,4.583347552684207,5.199730686297246,4.072789313702754,4.683258991309249,59.595130625085496,685700.75,8.657201690690366,4.567031537877969,-1.5449294883568945,0.0528852254474626
2009-01-22,4.8289,4.8289,4.6083,4.7375,745109,0,-1.7971891712615706,4.67394,4.78678,4.66188,4.598028738142854,5.192260314789573,4.131499685210427,4.71562533800995,53.83848927690262,679368.25,4.787014734283796,-1.8927706102839188,-2.981712436771722,-0.0181353475267413
2009-01-23,4.5705,4.7918,4.565,4.7753,449692,0,0.7978891820580536,4.73656,4.75655,4.69074,4.614911715462582,5.175736969714319,4.205743030285681,4.504411206532932,51.21351920569652,678993.05,4.968236582694411,4.480910184881296,-5.953600126043812,0.0079472287757323
2009-01-26,4.8401,4.8507,4.6786,4.7485,371481,0,-0.5612212845266251,4.73224,4.729000000000001,4.71395,4.62763440922805,5.159908093382239,4.26799190661776,4.500590528719932,50.40432604058144,675996.15,3.678450818620944,-1.8925228817586348,-5.48367834394905,-0.0056280204834068
2009-01-27,4.8456,4.8616,4.6945,4.7485,360069,0,0.0,4.766800000000001,4.713379999999999,4.73121,4.639145417872998,5.152587584896397,4.309832415103603,4.451340987537183,45.90367965367965,670668.75,3.5594845031419844,-2.0038798084860527,-3.18470038942239,0.0
2009-01-28,4.8723,4.9643,4.8077,4.9481,391150,0,4.203432662946205,4.791580000000001,4.71176,4.765465,4.668569663789855,5.134748273240504,4.396181726759496,4.655011724948944,51.60035454008273,664438.45,3.2572747883603403,1.5557334318494365,-0.3263299961726584,0.041174885811082
2009-01-29,4.9269,4.9426,4.8616,4.9105,380209,0,-0.7598876336371574,4.82618,4.7500599999999995,4.790825,4.691610648190821,5.123206270452847,4.458443729547152,3.5065153490233065,45.54138427877687,661114.25,1.6661181504031497,-0.3328665083521072,8.459414688017674,-0.0076278948962602
2009-01-30,4.9372,4.9589,4.8024,4.8507,373160,0,-1.2177985948477743,4.84126,4.78891,4.804575,4.70676201502979,5.121896758506301,4.487253241493699,3.490752171556503,45.391202595606615,656841.45,3.258787273030158,-1.7520051851251728,8.70646766169154,-0.0122527451839503
2009-02-02,4.8456,4.8456,4.7269,4.7538,368680,0,-1.99764982373678,4.842319999999999,4.78728,4.8059199999999995,4.711241823122191,5.1220814284548055,4.4897585715451935,2.8675268546368655,45.938526134467345,644553.8,2.5111595337324775,-1.8945022288261535,-0.3417119137963609,-0.0201787262146273
2009-02-03,4.8024,4.8567,4.7538,4.8567,317682,0,2.16458412217595,4.86396,4.815379999999999,4.812145,4.72509498282484,5.12709518470003,4.49719481529997,2.542058476273618,47.169910573382445,617418.9,2.164584122175943,1.1306846576711742,6.141136875232189,0.0214148967163186
2009-02-04,4.8567,4.8567,4.7753,4.8179,234113,0,-0.7988963699631424,4.83792,4.81475,4.808045,4.73393355588914,5.120308609792237,4.495781390207763,1.9213695400972988,59.660678642714565,587384.0,1.7046049462861048,-0.7988963699631471,-0.130591600679919,-0.008021046456359
2009-02-05,4.8077,4.8831,4.7485,4.835,316895,0,0.3549264202245883,4.82282,4.8245,4.80564,4.743558931518746,5.116205971634564,4.495074028365437,1.8148631622278308,62.8127577673907,550620.55,2.8345793408444737,0.5678390914574605,2.058047493403703,0.003542980428184
2009-02-06,4.8024,4.9047,4.7753,4.8289,420154,0,-0.1261633919338201,4.81846,4.82986,4.7932049999999995,4.751686652326485,5.076653504374355,4.509756495625644,1.8055881890576888,52.54986990459668,540690.25,2.7097773961845415,0.5518074296185327,1.1224425690532502,-0.0012624304494348
2009-02-09,4.7861,4.9209,4.7647,4.9209,581148,0,1.905195800285764,4.8518799999999995,4.8471,4.78805,4.767802209247772,5.057215458799986,4.5188845412000145,1.8686188455041484,66.42870740529219,539958.5,3.278275652192147,2.8164894172708332,3.63062019585132,0.0188727421485896
2009-02-10,4.9481,4.9481,4.7485,4.8723,504792,0,-0.9876242150825942,4.8549999999999995,4.85948,4.78643,4.777754379795603,5.053017030127236,4.519842969872764,1.9160088966351303,52.82708357822968,530543.0,4.203432662946198,-1.5319011337685189,2.6071390965568098,-0.0099253357378827
2009-02-11,4.8999,4.8999,4.7212,4.7811,498269,0,-1.8718059232805784,4.84764,4.842779999999999,4.77727,4.778073010291259,5.030372276810773,4.524167723189226,1.4342301461723304,52.54911131898974,530271.55,3.785054647123615,-2.4245392763117484,-3.3750328408884145,-0.0188954593149691
2009-02-12,4.7753,4.8289,4.5705,4.8289,718901,0,0.9997699274225448,4.84642,4.83462,4.79234,4.782913675977806,5.017133298271654,4.567546701728347,1.4832153479740833,53.097549699491466,522340.35,5.6536483973307075,1.1224425690532598,-1.6617452397922785,0.0099480529042621
2009-02-13,4.8891,4.9047,4.7001,4.7164,580970,0,-2.329723125349459,4.82392,4.82119,4.80505,4.776579040170396,4.972740636214914,4.637359363785086,1.6079638519790542,48.31212535492692,511235.05,4.353098870236806,-3.5323474668139303,-2.768672562722896,-0.0235729017354416
2009-02-17,4.592,4.592,4.3223,4.4187,1067648,0,-6.31201764057332,4.72348,4.78768,4.78748,4.74249532205893,5.0282862912284845,4.546673708771516,2.470731781396115,36.793208393400604,538210.85,6.239733475233079,-3.773954703832739,-7.049097564054019,-0.0652002615389112
2009-02-18,4.3815,4.4622,4.2091,4.2684,865501,0,-3.4014529160160345,4.6027000000000005,4.72885,4.772115,4.697343386624746,5.095033613015821,4.4491963869841795,2.3789030069218944,21.662636537980447,550733.4,6.013161958613477,-2.581307771311199,-12.113163259003034,-0.0346064854211973
2009-02-19,4.4355,4.4355,4.0525,4.1389,757596,0,-3.033923718489373,4.474259999999999,4.66095,4.73785,4.644158302184294,5.1658390874167885,4.309860912583211,2.435425290914931,20.12081784386615,515160.95,9.450956199876618,-6.686957501972735,-14.093277153946747,-0.0308089977107687
2009-02-20,3.9987,4.0525,3.8527,4.036,885447,0,-2.486167822368257,4.3156799999999995,4.581049999999999,4.702775,4.586238463881028,5.233527755899796,4.172022244100204,2.362162439440745,19.470883609383165,522177.85,5.185973473148707,0.9328031610273256,-16.525336091003105,-0.0251759495581415
2009-02-23,4.1173,4.236,3.9715,4.0469,1226100,0,0.2700693756194416,4.18178,4.5028500000000005,4.666355,4.5348728958923585,5.270977827972745,4.061732172027256,2.3957796697994738,21.68549226948649,560998.25,6.6599521591338275,-1.709858402351061,-16.194164302429126,0.0026970534355998
2009-02-24,3.9605,4.3599,3.9068,4.263,898183,0,5.339889792186603,4.15064,4.43706,4.642079999999999,4.508980239140706,5.271300666171527,4.012859333828471,3.112892232503986,28.196841718692596,587333.35,11.597727040032751,7.6379245044817505,-13.369505578247876,0.052021981856111
2009-02-25,4.1654,4.4947,3.885,4.3653,521694,0,2.3997185080929073,4.17002,4.386360000000001,4.62292,4.495296406841591,5.26175997040728,3.984080029592719,3.336741331477945,34.11929824561405,595414.6,15.693693693693698,4.799058913909839,-10.405763191921668,0.0237137776691324
2009-02-26,4.4622,4.5167,4.279,4.4355,584471,0,1.6081368978076993,4.22934,4.3518,4.59729,4.489601510951916,5.2221773073986,3.9724026926014,3.4210485683480196,36.48602936201881,605080.65,5.555036223416692,-0.598359553583433,-7.228462069398256,0.0159534335262988
2009-02-27,4.2468,4.3758,4.1874,4.3758,609768,0,-1.3459587419682228,4.2973,4.306489999999999,4.570555000000001,4.478763271813638,5.184680276008151,3.95642972399185,3.372032598841729,35.2092446301495,616558.6,4.499211921478714,3.03758123763774,-9.383089316407467,-0.0135509887423993
2009-03-02,4.1546,4.2091,3.7769,3.9876,1051203,0,-8.871520636226515,4.2854399999999995,4.23361,4.5274,4.431985817355196,5.178806581742429,3.875993418257571,4.20549457769439,24.47070408665684,650460.75,11.443247107416145,-4.019640879988453,-15.452463743533206,-0.0928998140696934
2009-03-03,3.8904,3.9391,3.5829,3.7662,1091414,0,-5.55221185675594,4.1860800000000005,4.168360000000001,4.47802,4.368577644273749,5.202766174369812,3.7532738256301874,4.116490638435569,22.35717498875395,686597.45,9.94166736442546,-3.1924737816162883,-14.766786611446816,-0.0571230105970078
2009-03-04,3.7501,4.036,3.7392,3.9497,677870,0,4.872285061866077,4.10296,4.13649,4.43267,4.328684535295297,5.171026904427877,3.6943130955721233,4.506488774975352,30.138557095078824,704606.85,7.9375267436884815,5.322524732673789,-7.466497985193509,0.0475730910922387
2009-03-05,3.7992,3.8744,3.6368,3.7071,788080,0,-6.1422386510367915,3.95728,4.09331,4.37713,4.269486008124316,5.159288646177366,3.594971353822635,4.785453638396966,25.48299676545153,732305.2,6.533216014078312,-2.4241945672773175,-10.432723670540469,-0.0633897268655253
2009-03-06,3.6854,3.7178,3.4592,3.5724,1490971,0,-3.633568018127375,3.7966,4.046950000000001,4.314,4.203096864493429,5.142969582325912,3.4850304176740883,4.838750347421192,25.23809523809524,791009.0,7.475716928769656,-3.0661529277690343,-11.486620416253713,-0.0370122609685234
2009-03-09,3.3996,3.5396,3.3566,3.4372,936269,0,-3.784570596797676,3.68652,3.98598,4.244415,4.130154305970246,5.12352579302987,3.36530420697013,4.88037383563322,27.147846332945292,816814.75,5.451945420961696,1.1060124720555318,-15.065852875040154,-0.0385804523706631
2009-03-10,3.4592,3.8958,3.4592,3.8958,1234653,0,13.342255324101028,3.712439999999999,3.94926,4.193160000000001,4.107834848258793,5.02443409476787,3.361885905232131,6.511896954813963,42.41387735157587,849490.0,12.621415356151708,12.621415356151708,-8.613652357494717,0.1252418633034282
2009-03-11,3.9176,4.079,3.8904,3.9766,789237,0,2.074028440885045,3.71782,3.91039,4.148375,4.0953362912817655,4.919960124069132,3.376789875930867,6.495405004258411,46.62872336005984,863712.25,4.847830557269166,1.506024096385535,-8.904313563787147,0.0205281330814846
2009-03-12,4.0314,4.2573,3.9391,4.2573,646672,0,7.058793944575759,3.82786,3.89257,4.122185,4.1107614063977875,4.836797522980511,3.4075724770194884,6.928888152024268,54.28062981159813,871132.4,8.077987357518216,5.603512427444566,-4.0175853905985885,0.0682079736846206
2009-03-13,4.3116,4.3116,4.2301,4.3008,308415,0,1.0217743640335453,3.97354,3.88507,4.0957799999999995,4.128860320074189,4.735549740157838,3.4560102598421607,6.925766100569527,54.85004775549188,850608.1,1.926668400274228,-0.2504870581686749,-1.7139723022076003,0.0101658953801742
2009-03-16,4.4574,4.4574,4.2091,4.3275,383695,0,0.6208147321428603,4.1516,3.91906,4.076335,4.147778384829028,4.65765166983853,3.495018330161471,6.179142806242936,51.32819900333593,840744.35,5.899123328027358,-2.914254946829993,8.523924164911211,0.0061889561615886
2009-03-17,4.3815,4.3815,4.279,4.3384,375823,0,0.2518775274408025,4.24012,3.97628,4.0723199999999995,4.16593282436912,4.6447212122541774,3.499918787745821,5.754593079134047,49.42440193435185,806153.1,2.3954194905351724,-0.9836813876526286,15.19303276512134,0.0025156084764867
2009-03-18,4.3653,4.3709,4.2843,4.333,441697,0,-0.1244698506361774,4.311400000000001,4.014609999999999,4.07555,4.181843983953014,4.653313927387348,3.497786072612652,5.651832772591588,47.74417888111272,784962.9,2.0213337067899024,-0.7399262364556896,9.704534521609244,-0.0012454737869414
2009-03-19,4.3436,4.479,4.3008,4.3223,355857,0,-0.2469420724671156,4.3244,4.07613,4.084719999999999,4.1952207473860605,4.672453120960748,3.4969868790392504,5.096289107240514,48.796617031805305,764875.95,4.143415178571437,-0.4903766461000114,16.595182217906192,-0.0024724747728848
2009-03-20,4.2684,4.333,4.182,4.252,195922,0,-1.6264488813826028,4.31464,4.14409,4.0955200000000005,4.200628295254055,4.687407206894005,3.5036327931059956,4.900493468496792,56.939632545931744,730399.7,3.610712577714007,-0.3842189110673782,19.023625573843916,-0.016398207505186
2009-03-23,4.3653,4.4516,4.3116,4.4516,371158,0,4.6942615239887076,4.33946,4.2455300000000005,4.115755,4.224530362372716,4.727965777171379,3.503544222828621,4.535516402318446,68.19774851316907,687652.6,3.2470544577418976,1.9769546193846836,29.51239380891424,0.0458741216374314
2009-03-24,4.425,4.5006,4.3758,4.4731,285450,0,0.4829724144127967,4.3664000000000005,4.30326,4.12626,4.2482036611943625,4.756066474537214,3.4964535254627873,2.591209065192905,65.20450848245409,657015.95,2.852049910873451,1.08700564971751,14.81852251142255,0.0048180984440628
2009-03-25,4.5167,4.5757,4.4142,4.4622,416309,0,-0.2436788804184853,4.39224,4.35182,4.131105,4.268584264890138,4.770078355758276,3.4921316442417236,2.629644366498189,75.3474320241692,651746.7,3.658647093471075,-1.2066331613788828,12.21143690589952,-0.0024397626060232
2009-03-26,4.4463,4.5432,4.4463,4.5167,304528,0,1.2213706243557,4.43112,4.37776,4.135165,4.292214334900601,4.783248900595514,3.487081099404485,1.6456360142392426,83.50244802384162,637749.55,2.1793401254975997,1.5833389559858813,6.093063678857491,0.0121397207489958
2009-03-27,4.565,4.592,4.4574,4.565,398132,0,1.0693648017357835,4.493720000000001,4.40418,4.144625,4.318193922052925,4.8127131784698,3.4765368215301993,1.6470429313329795,92.64216575922568,627167.75,3.019697581549779,0.0,6.143043154761929,0.0106368753427634
2009-03-30,4.3168,4.4622,4.3168,4.3868,151520,0,-3.903614457831328,4.480760000000001,4.41011,4.164585,4.32472783423836,4.8367609584016655,3.4924090415983335,2.179182103962685,73.56046065259116,582183.6,3.3682357301705066,1.6215715344699844,1.37030618139804,-0.039818482143015
2009-03-31,4.4082,4.5322,4.3436,4.3974,220739,0,0.2416339928877686,4.4656199999999995,4.41601,4.196145,4.331648992882326,4.848544459405157,3.543745540594842,2.179135202288785,71.65054537970776,538649.85,4.342020443871424,-0.2449979583503402,1.3599483680619695,0.0024134252738058
2009-04-01,4.3384,4.4516,4.333,4.4298,200292,0,0.7367990176013084,4.45914,4.42569,4.220149999999999,4.340996707845914,4.869692953484688,3.5706070465153106,2.183813978394134,61.921216309606095,514770.95,2.737133625663508,2.1067674718790372,2.234018001384719,0.0073409791333153
2009-04-02,4.5757,4.6299,4.4947,4.5812,256124,0,3.417761524222307,4.47204,4.45158,4.2638549999999995,4.3638732118605885,4.885057228196538,3.6426527718034616,2.3902717669203524,66.86312244407026,488173.15,3.0079871849066726,0.1202001879493764,5.989866506258235,0.0336065362303862
2009-04-03,4.5054,4.5595,4.479,4.5489,218456,0,-0.7050554439884782,4.468819999999999,4.48127,4.312679999999999,4.3814948107310085,4.853332824103485,3.772027175896514,2.310967276873584,63.22580645161289,424547.4,1.797276177718236,0.965508056998266,6.982596425211662,-0.0070755270485579
2009-04-06,4.5275,4.5489,4.4897,4.5218,253646,0,-0.5957484226955967,4.49582,4.48829,4.36691,4.3948572097090075,4.724356822840036,4.009463177159963,1.8560425803179124,60.74777308954523,390416.25,1.3185736240728712,-0.1258972943125353,1.5769610926408495,-0.0059753008327873
2009-04-07,4.5167,4.592,4.4897,4.5868,327558,0,1.4374806492989611,4.5337000000000005,4.49966,4.40146,4.413137475451006,4.695051921587754,4.107868078412246,1.8978739790670025,63.9022787028922,345061.5,2.2785486780853867,1.5520180662873349,2.541861348952646,0.0142724685219335
2009-04-08,4.479,4.5868,4.4463,4.5868,268267,0,0.0,4.5651,4.51212,4.431970000000001,4.429676763503291,4.658922219410321,4.205017780589681,1.8921352199886736,64.6602372242545,319013.0,3.1599307289206826,2.4067872292922554,2.79234458338935,0.0
2009-04-09,4.6403,4.8289,4.5974,4.8289,422770,0,5.278189587511983,4.61464,4.543340000000001,4.4605500000000005,4.467698024122026,4.7340717532011185,4.187028246798882,2.462477666247403,76.86004283452836,307817.9,5.035454822290851,4.0643923884231645,6.912126109770411,0.0514360852738105
2009-04-13,4.7269,4.7918,4.6403,4.7918,305113,0,-0.7682909151152328,4.66322,4.56602,4.4851,4.498564878967547,4.785106898167183,4.185093101832817,2.499942082082958,68.6635944700461,307652.8,3.264875115833038,1.3729928705917331,4.9682365826944075,-0.0077125747407001
2009-04-14,4.8567,4.8567,4.6024,4.6135,325641,0,-3.720939939062573,4.68156,4.58869,4.4994,4.509511080970637,4.7950095077177926,4.203790492282207,2.464491977578312,56.57180303313989,304750.1,5.525378063618976,-5.0075153911091865,5.167776055439055,-0.0379193356786492
2009-04-15,4.6189,4.7322,4.6135,4.6945,297139,0,1.75571691774139,4.7031,4.618399999999999,4.517205,4.527129073259148,4.814873593362159,4.2195364066378405,2.491025183078607,60.20381270315381,300815.9,2.5728839276037623,1.63675333953971,6.756265065720646,0.0174048226799914
2009-04-16,4.8616,4.8616,4.7431,4.8456,442498,0,3.2186601341996024,4.75486,4.65998,4.542835,4.557459637710657,4.8612703740937135,4.224399625906287,2.6173489057409456,63.31686776257186,300855.95,2.498366047521664,-0.3291097581043281,9.3864282811865,0.0316794659681353
2009-04-17,4.835,4.9158,4.8179,4.9047,436630,0,1.21966319960376,4.77002,4.69233,4.571955000000001,4.590530148404881,4.911306167129413,4.232603832870589,2.473733912601744,63.634904070000786,304894.6,2.032005645613236,1.4415718717683577,7.0614686108443125,0.012122852382739
2009-04-20,4.8616,4.8938,4.7538,4.8507,459513,0,-1.100984769710689,4.7818,4.72251,4.601889999999999,4.615308229509178,4.927761062006344,4.276018937993654,2.5019414949936767,70.68212215782432,318074.15,2.945012411123726,-0.2242060227085805,6.634570995185651,-0.0110709046355979
2009-04-21,4.7701,4.8831,4.7212,4.8675,376696,0,0.3463417651060618,4.832599999999999,4.75708,4.622685,4.639326493365447,4.961016729302974,4.284353270697025,2.466369557166208,70.84330939079541,318351.05,3.429212911971536,2.0418859143414076,7.645185545579203,0.003457433832476
2009-04-22,4.7647,4.9047,4.7594,4.8567,410491,0,-0.2218798151001455,4.86504,4.78407,4.641865,4.660028732092547,4.9878965183400465,4.295833481659954,2.4720306250066346,69.29753186872796,324603.1,3.0529058284657675,1.9308665813167591,5.884276619865703,-0.0022212633307848
2009-04-23,4.8999,4.9105,4.8401,4.9047,312639,0,0.9883254061399782,4.87686,4.81586,4.66399,4.683330757607543,5.018143406547115,4.309836593452885,2.4650953665850706,66.13144509823476,319419.6,1.454515402574332,0.0979611828812906,6.9307578268073655,0.0098347341339067
2009-04-24,4.9269,4.9372,4.8242,4.8675,533699,0,-0.7584561746895924,4.86942,4.81972,4.68153,4.7008706854544435,5.039693726748534,4.323366273251467,1.891711323736901,65.8098451766574,330878.15,2.34235728203639,-1.2056262558606856,0.7993538901198916,-0.0076134708031218
2009-04-27,4.8507,4.9372,4.8024,4.9318,292201,0,1.321006676938885,4.88564,4.8337200000000005,4.69987,4.722863953506401,5.0702651466097794,4.32947485339022,1.9010243535082652,69.62098009188361,325581.6,2.8069298683991395,1.6719236398870303,2.921657832129876,0.0131235747152403
2009-04-28,4.8784,4.9643,4.8242,4.9047,433681,0,-0.5494951133460435,4.89308,4.86284,4.725765000000001,4.740181672220078,5.075861577803859,4.375668422196143,1.33511634494106,65.78607607508192,339689.65,2.904108453215029,0.5391111839947522,6.311910696867895,-0.0055101039121186
2009-04-29,4.9426,4.9589,4.8024,4.8784,405391,0,-0.5362203600628002,4.89742,4.88123,4.749815,4.753345322484832,5.0697169538948765,4.429913046105123,1.3154288931386384,64.11149825783971,348922.25,3.258787273030158,-1.2989115040666772,3.91735009053149,-0.0053766318154861
2009-04-30,4.9269,4.9643,4.8024,4.8024,500019,0,-1.5578878320760992,4.8769599999999995,4.87691,4.768445,4.7580171965338955,5.051107539920271,4.4857824600797285,1.0061114591204152,48.471917887210225,363908.6,3.3712310511411,-2.5269439201120436,-0.8915304606240793,-0.015701504296357
2009-05-01,4.8567,5.0129,4.8289,5.0129,279164,0,4.383225054139617,4.90604,4.8877299999999995,4.79003,4.782291749244953,5.07836290043659,4.501697099563409,1.7117943095388175,60.62469966362323,365060.6,3.8103916005715623,3.2161755924804933,2.206047260790678,0.0428987969920541
2009-05-04,4.9858,5.1152,4.9858,5.1152,569773,0,2.040734903947805,4.94272,4.91418,4.818345,4.81399729693591,5.117977198924063,4.518712801075937,1.7283125040092375,76.00829445308446,382626.45,2.5953708532231436,2.5953708532231436,5.452821242294936,0.0202019093758895
2009-05-05,5.0611,5.1801,5.0073,5.1801,320457,0,1.2687675946199797,4.9978,4.94544,4.85126,4.848864221037252,5.158270100297527,4.544249899702473,1.7410665296644838,75.60101223112609,385967.0,3.4509615960697486,2.351267511015405,6.422187981510019,0.0126078617809175
2009-05-06,5.2123,5.261,5.191,5.2503,548963,0,1.3551861933167375,5.07218,4.9848,4.884435,4.887096199986085,5.213706740441106,4.555163259558894,1.725902528336206,73.32564841498555,397037.25,1.348487767289545,0.7290447595111612,8.104268330347765,0.0134608567237272
2009-05-07,5.2394,5.2503,5.1262,5.2016,480140,0,-0.9275660438451184,5.15202,5.01449,4.915175,4.917048942844553,5.2422360815323525,4.588113918467647,1.8065755878058951,67.32003266830004,407630.9,2.420896570559095,-0.7214566553422116,6.053377372724111,-0.0093189472605805
2009-05-08,5.2016,5.2394,5.1693,5.2394,395701,0,0.7266994770839696,5.1973199999999995,5.05168,4.935700000000001,4.9477490435260245,5.290325222483585,4.581074777516417,1.7420245957504987,73.11214175288379,406277.45,1.356083028649915,0.726699477083971,7.6404725218284675,0.0072407173925905
2009-05-11,5.1801,5.2394,5.1368,5.2181,355264,0,-0.406535099438865,5.2179,5.08031,4.957015,4.973496753666403,5.326170920702825,4.587859079297175,1.7648852607204062,70.73574639224033,408785.0,1.997352437315056,0.7335765718808395,5.805182691917743,-0.0040736369983766
2009-05-12,5.2181,5.3151,5.1586,5.272,591407,0,1.032943025239086,5.23628,5.11704,4.98994,5.001925634269603,5.347370398967039,4.632509601032961,1.7228318197744026,73.37084974676415,422073.3,3.0337688520141186,1.0329430252390814,7.488735294717319,0.0102764462384885
2009-05-13,5.2287,5.2287,4.9481,5.0504,390238,0,-4.203338391502287,5.1963,5.13424,5.007735,5.006542240529641,5.337609204253759,4.677860795746241,2.3132775793293647,56.8590528198851,426728.25,5.670863563792157,-3.410025436532984,3.525746146277453,-0.0429423491289273
2009-05-14,5.1368,5.1368,4.7538,5.0292,591006,0,-0.4197687311895959,5.1618200000000005,5.15692,5.016915,5.008700122383961,5.337889911464969,4.695940088535031,2.2344759886193732,57.7287066246057,434153.65,8.056712524717069,-2.0946893007319676,4.7226386806596965,-0.0042065223343896
2009-05-15,5.0398,5.1043,5.0182,5.0671,460096,0,0.7535989819454247,5.12736,5.16234,5.025035,5.01426201549025,5.342251806318639,4.707818193681361,1.7793496752281708,56.63430420711973,435326.95,1.7157546530628522,0.5416881622286663,1.0812104769694075,0.0075077361058544
2009-05-18,5.0831,5.261,5.0831,5.2343,398251,0,3.2997177872945205,5.130599999999999,5.17425,5.044215,5.035218014014989,5.363430349024918,4.724999650975082,1.965039681253409,64.20934643904121,432263.85,3.4998327792095405,2.9745627668155303,2.328354707538316,0.0324644581617901
2009-05-19,5.2503,5.3151,5.2073,5.2936,362226,0,1.1329117551534873,5.13492,5.1856,5.06552,5.059825822204037,5.3918727997355065,4.739167200264494,1.9576538443949976,67.4044265593561,431540.35,2.0701707218712215,0.8247147782031398,2.191077392328311,0.0112654237111787
2009-05-20,5.369,5.4447,5.2123,5.3151,366931,0,0.4061508236361089,5.187860000000001,5.19208,5.08844,5.084137648660795,5.417419944358222,4.759460055641779,1.9199224041519665,72.52042519546693,429362.35,4.45868426606297,-1.0039113428943864,1.234215187703569,0.0040532825766518
2009-05-21,5.2882,5.3151,5.1586,5.3151,377779,0,0.0,5.2450399999999995,5.20343,5.108960000000001,5.106134063074053,5.4408683665560975,4.777051633443904,1.8847264863677673,66.28583746497088,432619.35,3.0337688520141186,0.5086797019779957,2.1820209166410365,0.0
2009-05-22,5.5308,5.5582,5.4069,5.4713,1039386,0,2.938797012285743,5.32588,5.22662,5.13915,5.140911771352714,5.48799279372993,4.79030720627007,2.0699269311947583,68.13690536823879,457903.7,2.798276276609517,-1.0757937368915869,4.426079322059784,0.0289644218683069
2009-05-26,5.5259,5.5473,5.4879,5.5416,686282,0,1.2848865900243034,5.38734,5.25897,5.16964,5.179072555033408,5.547560300147552,4.7917196998524485,2.0609330931088254,68.31121466923308,477607.75,1.0823812387251976,0.2841166144881345,6.199574557789234,0.0127670195655868
2009-05-27,5.6011,5.6174,5.5091,5.5198,456719,0,-0.3933881911361347,5.43258,5.2837499999999995,5.200394999999999,5.211522787887369,5.587534101752481,4.813255898247518,2.0786583976441273,64.35495898583146,478759.65,1.965838340200756,-1.4515005980967972,4.70030349013657,-0.0039416399777028
2009-05-28,5.5848,5.6277,5.477,5.5904,411590,0,1.279031848980039,5.48764,5.337750000000001,5.235995,5.247606331898096,5.629358410254142,4.842631589745858,1.2730983964418408,70.23735165521549,479069.6,2.751506299068826,0.1002721673112624,10.692222398225892,0.012709213209045
2009-05-29,5.6336,5.6605,5.5904,5.6444,309854,0,0.9659416141957644,5.5535000000000005,5.39927,5.278095,5.285396205050658,5.655992783311874,4.9001972166881265,1.1691533643373864,70.73095823095825,469561.35,1.2539353176874652,0.1917069014484468,12.232561838861056,0.0096130622438681
2009-06-01,5.7255,5.774,5.6657,5.6874,532914,0,0.761817022181277,5.5967199999999995,5.4613000000000005,5.31182,5.323682280760119,5.709917230123528,4.913722769876472,1.16883352391464,73.50025037556337,482248.85,1.9115025504350716,-0.6654440660204353,12.241716169011864,0.0075892985034453
2009-06-02,5.7037,5.8009,5.6605,5.774,408193,0,1.5226641347540149,5.6432,5.515269999999999,5.34476,5.3665696825924885,5.781503144555508,4.908016855444492,0.9165061096013224,74.34057408844066,474169.85,2.480346259164394,1.232533267878738,10.310834304491534,0.0151118795358294
2009-06-03,5.7255,5.7901,5.6714,5.7845,439011,0,0.1818496709387052,5.69614,5.56436,5.37498,5.406372569964632,5.846043770853765,4.903916229146235,0.948792007409612,94.7567369832948,480097.55,2.092957647141792,1.0304776875382091,9.273462294090985,0.0018168452460633
2009-06-04,5.8168,5.8168,5.7519,5.7901,263933,0,0.0968104416976256,5.736079999999999,5.61186,5.40197,5.44291803949181,5.903806715319381,4.90013328468062,0.9712695698496212,97.29024238657551,465846.05,1.1283228150697984,-0.459015266125704,8.936802694210822,0.00096763610612
2009-06-05,5.8275,5.8543,5.7255,5.8275,383925,0,0.6459301221049651,5.7726999999999995,5.6631,5.4332650000000005,5.479544892873543,5.959938878021221,4.90659112197878,0.927950099377351,97.28855721393036,461035.3,2.2495851890664573,0.0,9.640458316870792,0.0064385293348483
2009-06-08,5.7037,5.8706,5.6657,5.7194,458579,0,-1.854997854997842,5.7791,5.6879100000000005,5.457265,5.502388236409396,5.990448117650779,4.9240818823492205,1.0087235754355712,82.56141763995174,464179.2,3.616499285172166,0.2752599189999443,4.534571308464175,-0.0187241871428398
2009-06-09,5.7845,5.7901,5.7194,5.7412,208342,0,0.3811588628177764,5.772539999999999,5.70787,5.483420000000001,5.525132213894215,6.0185220821452905,4.948317917854711,0.9650579424843112,81.63698049194241,456833.1,1.23614365143196,-0.7485521652692598,3.6018478417785493,0.003804342930153
2009-06-10,5.8009,5.8009,5.6228,5.7088,253752,0,-0.5643419494182345,5.7574,5.72677,5.50526,5.542624383999528,6.039684559789028,4.970835440210972,0.9812391560116194,77.40498398997639,439950.35,3.16746105143346,-1.5876846696202362,3.4240371027935756,-0.0056594037515896
2009-06-11,5.7147,5.8225,5.7147,5.7845,246611,0,1.3260229820627911,5.756279999999999,5.74618,5.541964999999999,5.565660156951954,6.044752569561632,5.039177430438366,0.9863266942471196,79.55919395466002,432769.0,1.886363238665199,1.221411447670057,3.4720234688036644,0.0131730825233081
2009-06-12,5.8009,5.806,5.7037,5.7577,247897,0,-0.4633071138387179,5.74232,5.75751,5.57839,5.583949665813672,6.027448875052689,5.129331124947311,0.9901040602531876,71.54679506470056,415613.55,1.79357259322895,-0.7447120274440271,2.007299270072993,-0.0046438370782544
2009-06-15,5.7788,5.7788,5.4177,5.5416,396019,0,-3.753234798617499,5.70676,5.742929999999999,5.6021149999999995,5.579916364307608,5.982290700516991,5.221939299483008,1.567976722369549,50.0,412409.7,6.665190025287491,-4.104658406589612,-2.5635615571262815,-0.0382548216822939
2009-06-16,5.5742,5.6819,5.5683,5.6228,396992,0,1.4652807853327454,5.68308,5.72781,5.6215399999999995,5.5840005200878355,5.959997120972905,5.283082879027094,1.5608648853862666,55.92090135663369,412346.75,2.0401199648007458,0.8718739908865761,-2.618635261517155,0.0145464927492154
2009-06-17,5.6011,5.6277,5.4823,5.6277,355057,0,0.0871451945649859,5.666860000000001,5.71213,5.6382449999999995,5.588162375317565,5.939484533821951,5.337005466178048,1.5582124056756337,52.31936326327572,411988.3,2.652171533845275,0.4749067147524625,-2.71069236753394,0.0008710724518608
2009-06-18,5.5904,5.6874,5.5904,5.6605,174161,0,0.5828313520621187,5.64206,5.6991700000000005,5.655514999999999,5.595051672906369,5.915534232285456,5.395495767714543,1.578146664594792,51.02822838165793,402349.8,1.7351173440183243,1.2539353176874652,-2.2383033108236416,0.0058113946086924
2009-06-19,5.6764,5.7471,5.655,5.7194,226406,0,1.0405441215440403,5.6344,5.68836,5.67573,5.60689437072481,5.881526783772119,5.46993321622788,1.6067338876997108,52.00300450676014,394781.15,1.628647214854101,0.7575223733352151,-1.854997854997842,0.0103516772489081
2009-06-22,5.6874,5.6874,5.4931,5.5042,405685,0,-3.7626324439626546,5.62692,5.66684,5.677375,5.5971139544653035,5.876716176722884,5.478033823277115,1.9124749827251517,35.45395729997844,363096.1,3.5371648067575707,-3.221155536800651,-3.7626324439626546,-0.0383524676047707
2009-06-23,5.4177,5.4661,5.2394,5.369,732518,0,-2.456306093528582,5.57616,5.62962,5.6687449999999995,5.575388815944798,5.904461622686965,5.433028377313034,1.9978809612647832,30.253778157969748,365407.9,4.326831316562968,-0.898905439577684,-6.4829652337490495,-0.024869765739732
2009-06-24,5.4177,5.5582,5.3905,5.5198,255061,0,2.808716707021808,5.55458,5.610720000000001,5.668745,5.570094642997675,5.9044616226869655,5.433028377313035,2.278889493424735,38.71210223001756,355325.0,3.1110286615341796,1.8845635601823667,-3.3106782511210797,0.0276999563081231
2009-06-25,5.5091,5.5473,5.477,5.5308,214570,0,0.1992825827022759,5.52864,5.58535,5.665765,5.566352296045515,5.907092174948956,5.4244378250510445,2.215858475289212,37.33025877530108,345474.0,1.2835493883512796,0.3938937394492758,-4.385858760480598,0.0019908427837704
2009-06-26,5.5362,5.5416,5.4069,5.4284,423221,0,-1.851450061473936,5.47044,5.55242,5.654965,5.553213982136419,5.918618363140242,5.391311636859758,2.2615233549926113,37.51287332646757,351142.35,2.4912611662875137,-1.94718398901774,-5.719297636208898,-0.0186880393072473
2009-06-29,5.477,5.5308,5.4447,5.5091,296520,0,1.4866258934492782,5.47142,5.54917,5.646050000000001,5.549012650504379,5.917041252530027,5.375058747469974,2.0362939937336972,40.51956539498409,339322.65,1.5813543445919898,0.5860872740551359,-0.5864732207304657,0.0147568392154747
2009-06-30,5.5308,5.5362,5.3529,5.5149,309884,0,0.1052803543228453,5.5006,5.53838,5.633095,5.5457638266468186,5.903102683907044,5.3630873160929555,1.9688892928622872,41.90396659707726,334407.2,3.4243120551476776,-0.2874810154046475,-1.918972753788151,0.0010522497342454
2009-07-01,5.5259,5.5848,5.4661,5.5042,218537,0,-0.1940198371684021,5.49748,5.52603,5.61908,5.5418053669661695,5.88506644682608,5.35309355317392,1.966720380234559,37.62472406181016,323383.5,2.1715665648268505,-0.3926962123816944,-2.1945021945021903,-0.0019420829946342
2009-07-02,5.3961,5.4823,5.2988,5.4014,284315,0,-1.867664692416704,5.4716000000000005,5.50012,5.599645,5.528433427255106,5.869786915725802,5.329503084274197,2.0099622020204833,35.2585850227555,324402.6,3.463048237336764,0.0982190841533715,-4.577334157759916,-0.0188532579525506
2009-07-06,5.369,5.3905,5.3095,5.3744,240260,0,-0.4998704039693491,5.4608,5.4656199999999995,5.57699,5.513763577040334,5.842633820894401,5.3113461791056,1.940950246534144,41.79909750833824,317219.35,1.5255673792259234,0.1005773887129791,-6.032101269363932,-0.0050112393517226
2009-07-07,5.369,5.3852,5.2988,5.3365,225879,0,-0.7051949985114492,5.42628,5.44885,5.557845,5.496881331607921,5.835206914245836,5.280483085754165,1.5985830951065128,35.334494416555714,305584.35,1.6305578621574743,-0.6053268765133126,-3.046764289088333,-0.0070769325040085
2009-07-08,5.3314,5.3314,4.835,5.0884,1017204,0,-4.649114588213243,5.34098,5.42079,5.525205,5.457978347645262,5.859512740201041,5.190897259798958,2.021953160704854,27.884851964241804,346027.45,10.266804550155127,-4.557902239561847,-5.226299124604205,-0.0476065680719637
2009-07-09,5.094,5.1531,5.0884,5.1207,343377,0,0.6347771401619351,5.264279999999999,5.380879999999999,5.4958,5.425856600250475,5.863865211613967,5.127734788386033,1.718829557001576,27.85526747620615,350508.7,1.2715195346277848,0.5241460541813888,-7.230334432406971,0.006327709156341
2009-07-10,5.0992,5.2123,5.0611,5.1531,315245,0,0.6327259944929331,5.21462,5.34311,5.464230000000001,5.399879781179001,5.8363234523256144,5.092136547674387,1.7501628041491717,26.25178226956305,353940.4,2.9874928375254437,1.057028553498598,-6.829030158385763,0.0063073268726923
2009-07-13,5.2073,5.3635,5.1962,5.3474,305330,0,3.770545885001253,5.20922,5.3350100000000005,5.443715,5.394881706781001,5.792173743462084,5.095256256537916,2.184880791908198,43.30715383302034,356812.05,3.219660521150071,2.690453786031155,-1.492152383759482,0.0370119861433621
2009-07-14,5.3798,5.5091,5.3257,5.5091,422447,0,3.02389946516064,5.243740000000001,5.33501,5.44209,5.405759639468524,5.7889260808044725,5.095253919195528,2.358348903612832,55.84773353368395,358133.45,3.4436787652327348,2.4034350719357547,0.0,0.0297908089682386
2009-07-15,5.6493,5.6493,5.5042,5.6174,416073,0,1.965838340200765,5.34954,5.345260000000001,5.441820000000001,5.425915864281046,5.788071673604796,5.095568326395205,2.437439895721603,54.22364549073913,359087.5,2.636168743868323,-0.5646717292407956,1.858601243902891,0.0194676529652166
2009-07-16,5.6118,5.655,5.552,5.6174,266033,0,0.0,5.448880000000001,5.35658,5.441305,5.444152448635232,5.786421367713262,5.096188632286737,2.4346266009852786,53.78364208318769,354636.3,1.855187319884738,0.0997897287857776,2.0566113149958154,0.0
2009-07-17,5.6384,5.6657,5.6118,5.6493,271413,0,0.5678783778972463,5.54812,5.38137,5.440745000000001,5.463690310669972,5.784397030097178,5.097092969902823,2.3205493444254572,60.284942732097974,359498.9,0.9604761395630724,0.1933172531214591,4.589550857185176,0.0056627202717986
2009-07-20,5.6657,5.7147,5.6228,5.7147,197111,0,1.1576655514842438,5.62158,5.4154,5.44051,5.4875959953680695,5.7833652058974225,5.097654794102577,2.3023727726675074,59.710938976006034,358034.15,1.6344170164330916,0.8648534161709848,6.331869604048834,0.0115101587530565
2009-07-21,5.7412,5.8225,5.6714,5.763,293569,0,0.845188723817536,5.672359999999999,5.45805,5.45345,5.513824948190158,5.824779205621919,5.082120794378081,2.2534115083022774,61.266006720552184,352428.35,2.664245159925231,0.3797115585591831,7.992129673006643,0.0084163700239043
2009-07-22,5.7519,5.774,5.6928,5.7194,283650,0,-0.7565504077737262,5.69276,5.52115,5.4709699999999994,5.533403524553,5.858244998717984,5.083695001282015,1.3725464396472913,59.48853615520285,329984.95,1.4263631253513198,-0.5650306855126088,12.400754657652712,-0.0075942676695941
2009-07-23,5.7194,5.8655,5.7194,5.7901,288101,0,1.2361436514319646,5.7273,5.588089999999999,5.484484999999999,5.557850807928904,5.896979497699077,5.071990502300922,1.3589058415921658,67.6377166712043,331636.95,2.5544637549393236,1.23614365143196,13.072431503505369,0.0122856578079914
2009-07-24,5.7845,5.9083,5.774,5.9083,244958,0,2.041415519593781,5.7791,5.66361,5.50336,5.5912269214594845,5.957248321066354,5.049471678933646,1.361472283158668,72.37448663146428,333156.35,2.3259438863872473,2.1402022646728196,14.655256059459344,0.0202085793922978
2009-07-27,5.9083,6.033,5.8923,5.984,406470,0,1.2812484132491695,5.83296,5.72727,5.53114,5.628633881320486,6.031356927258786,5.0309230727412135,1.0741272555975403,76.30189292387686,332318.8,2.38786212514639,1.2812484132491635,11.904850955604584,0.0127310986869516
2009-07-28,5.9571,6.0489,5.7577,5.8009,408321,0,-3.059826203208549,5.84054,5.75645,5.54573,5.645040178337583,6.060063081102334,5.0313969188976655,1.517552284430623,80.55579380735917,337908.85,5.057575073379994,-2.6220812140135172,5.296690929552916,-0.0310761627440029
2009-07-29,5.8009,5.8009,5.6118,5.6384,490635,0,-2.8012894550845657,5.82434,5.75855,5.551905,5.6444077804006705,6.067643119898287,5.036166880101712,1.7470601120132263,69.97145281999846,346946.4,3.369685305962449,-2.801289455084565,0.3738384305906672,-0.0284127406085045
2009-07-30,5.7037,5.7471,5.6764,5.7362,379728,0,1.7345346197502831,5.813560000000001,5.77043,5.563505,5.653149896552987,6.085128027725062,5.041881972274938,1.8257463598039907,71.41388174807199,355005.95,1.2455077161581205,0.569805564808804,2.114857407341475,0.01719663287328
2009-07-31,5.7471,5.9249,5.7412,5.8923,283761,0,2.721313761723776,5.81036,5.7947299999999995,5.588050000000001,5.675926096881274,6.123569275784981,5.05253072421502,1.9903093852181384,70.58867981561248,354978.25,3.199679509510206,2.5264916218614606,4.301417874780933,0.0268494436081791
2009-08-03,5.914,6.0653,5.914,5.9948,346925,0,1.7395584067342096,5.812519999999999,5.8227400000000005,5.61907,5.706295040035439,6.174002652528693,5.0641373474713065,2.0218789241117783,69.21129657463808,360311.5,2.558336151504904,1.3662495772742642,4.901394648887947,0.0172460129875759
2009-08-04,6.0004,6.1299,5.9571,6.0976,389000,0,1.714819510242216,5.87186,5.856199999999999,5.657125,5.7435621790796825,6.234404495839071,5.079845504160929,2.056861991778394,69.07675194660735,368467.55,2.9007402930956423,1.619892007199519,5.806003817456196,0.0170028243487547
2009-08-05,6.0544,6.0917,5.9734,6.0164,301011,0,-1.3316714773025429,5.9474599999999995,5.8858999999999995,5.703525,5.769546733453046,6.235752964118659,5.171297035881341,2.105998951194337,64.89028213166145,332657.9,1.9804466468008255,-0.6276427061310824,5.192852397104586,-0.0134061773385375
2009-08-06,5.9898,6.0056,5.8331,5.8543,319794,0,-2.694302240542512,5.97108,5.89232,5.740205,5.777618473124185,6.199416234389895,5.280993765610106,2.31543270872705,56.972789115646265,331478.75,2.957261147588766,-2.2621790376974107,1.1087891400839434,-0.0273126398317191
2009-08-07,5.8763,6.0164,5.8763,5.9734,281328,0,2.0344020634405435,5.987299999999999,5.898829999999999,5.781219999999999,5.796264332826643,6.158941443450751,5.4034985565492475,2.314791925232195,58.48920391153115,329782.9,2.3841532937392635,1.6524003199292103,1.1018397847096573,0.0201398455634781
2009-08-10,5.9898,6.0653,5.9681,6.0113,263831,0,0.6344795258981462,5.9906,5.901560000000001,5.814415,5.816743920176487,6.145409649504206,5.483420350495795,2.2880527357543783,58.20392519659025,327707.95,1.628659037214523,0.3589435373468316,0.4562165775401139,0.0063247517820383
2009-08-11,6.0271,6.0436,5.9357,5.9571,342986,0,-0.901635253605726,5.9625,5.91718,5.836815,5.830111165873964,6.140305045098837,5.533324954901162,2.049460557636938,57.79906818032677,323734.9,1.8178142426335544,-1.1614209155315207,2.6926856177489578,-0.0090572458337592
2009-08-12,5.9464,6.022,5.9194,5.9194,286537,0,-0.6328582699635543,5.9431,5.94528,5.851915,5.838614864362158,6.139050260809969,5.564779739190031,1.7841766908650785,54.33630692870081,317258.1,1.7332837787613575,-0.4540562357056243,4.983683314415455,-0.0063486930707915
2009-08-13,6.0759,6.0759,5.9625,5.9948,164209,0,1.2737777477446866,5.9712,5.97114,5.870785,5.853489639184809,6.142201915852594,5.599368084147406,1.7545091914281374,52.98667219114702,312166.9,1.9018867924528216,-1.3347816784344737,4.508211010773677,0.0126573343805361
2009-08-14,5.9681,6.0004,5.8706,5.9357,310079,0,-0.985854407152864,5.96366,5.975479999999999,5.885104999999999,5.861319197357684,6.136825826774396,5.633384173225603,1.608178458640943,48.31295843520781,314100.2,2.2110176131911623,-0.5428863457381744,0.7365544863635609,-0.0099074612843251
2009-08-17,5.7194,5.768,5.6384,5.6444,448505,0,-4.907593038731739,5.89028,5.940440000000001,5.88159,5.840660226180762,6.145020789073688,5.618159210926312,2.1355991206307507,44.91784113788399,326669.9,2.2985244040862645,-1.311326362905203,-5.84506572362714,-0.0503210623029102
2009-08-18,5.6714,5.774,5.6493,5.7471,281921,0,1.8195025157678344,5.848280000000001,5.90539,5.880795,5.83174972844926,6.145823812535715,5.615766187464285,2.1483145253993374,53.67254544225961,326087.5,2.2073531233958157,1.334767429558829,-5.748163211755452,0.0180314765555593
2009-08-19,5.6764,5.763,5.6657,5.7471,301043,0,0.0,5.81382,5.8784600000000005,5.88218,5.823687849549331,6.143926736571194,5.620433263428806,2.1370416432709227,50.39432747268647,326957.15,1.7173517835395402,1.2455077161581205,-4.476098663652683,0.0
2009-08-20,5.7304,5.8225,5.7304,5.8225,242924,0,1.3119660350437543,5.77936,5.87528,5.8838,5.823574721020823,6.143540526397092,5.624059473602908,2.039962574651448,47.31827262947595,324698.3,1.6072176462375996,1.6072176462375996,-0.5431904753770866,0.0130343430193309
2009-08-21,5.8384,5.9194,5.8009,5.9083,381787,0,1.4735938170888696,5.77388,5.86877,5.883799999999999,5.831643795209316,6.143540526397091,5.624059473602907,1.9836716206782872,46.63345528138865,331539.75,2.042786464169354,1.197245820772808,-1.08983158670104,0.0146284192088655
2009-08-24,5.9083,5.9898,5.9083,5.9625,312190,0,0.9173535534756416,5.8375,5.86389,5.882725,5.8441062909036665,6.140892614872253,5.624557385127747,1.9971450154226913,44.5352317773643,326825.75,1.3794153986764404,0.9173535534756307,-0.8118044349807896,0.0091317142292352
2009-08-25,5.9194,6.0703,5.914,6.0653,392167,0,1.7241090146750349,5.90114,5.874709999999999,5.895944999999999,5.86517235843665,6.163382307755207,5.628507692244792,2.0466560192968903,51.94402480718772,326018.05,2.6428812986134576,2.4647768354900705,1.8163200214869724,0.0170941490967431
2009-08-26,6.0164,6.0976,5.9518,6.0812,504719,0,0.2621469671739262,5.96796,5.89089,5.918085,5.885746419537922,6.168524313166586,5.6676456868334135,2.025679260867402,60.20692757534863,326722.25,2.449679088679046,1.077056046805398,2.7333851403858356,0.002618039613341
2009-08-27,6.0597,6.0597,5.9304,5.9518,365783,0,-2.127869499440893,5.99382,5.88659,5.928865,5.892037236724787,6.1644604005010395,5.693269599498961,2.1250898006477987,49.03726154394725,326025.0,2.1802913800081045,-1.7806162021222154,-0.7172883165409871,-0.0215083501088555
2009-08-28,5.9734,6.0164,5.9357,5.9464,198681,0,-0.0907288551362683,6.0014400000000006,5.88766,5.93157,5.897214642750997,6.1666394419245485,5.696500558075451,2.1000538120163537,47.02102267511243,321771.0,1.35957005913372,-0.4520038838852268,0.1802651751267703,-0.0009077003867415
2009-08-31,5.9518,5.9518,5.7788,5.8009,319767,0,-2.446858603524815,5.969119999999999,5.903309999999999,5.921875,5.888041819631855,6.161905944277878,5.681844055722122,1.5202676563956463,43.38471963408438,320413.1,2.993701114418219,-2.5353674518633023,2.7726596272411586,-0.0247729165007735
2009-09-01,5.768,5.8543,5.7471,5.774,324518,0,-0.4637211467186208,5.91086,5.906000000000001,5.905695,5.8771806939526305,6.139394064026197,5.671995935973802,1.4330387185405542,43.78526243802357,317189.0,1.8652885803274808,0.1040221914008361,0.4680621530859019,-0.0046479966874297
2009-09-02,5.7471,5.7952,5.7194,5.7255,333327,0,-0.8399722895739536,5.839720000000001,5.90384,5.8911500000000006,5.8627349135761895,6.131940780555249,5.650359219444752,1.461029821507861,38.21856680374487,318804.8,1.3253138441095234,-0.3758417288719423,-0.3758417288719395,-0.0084351993694863
2009-09-03,5.7304,5.8384,5.7255,5.8275,381940,0,1.781503798794848,5.81486,5.9043399999999995,5.88981,5.8593792075213145,6.131759728576621,5.6478602714233785,1.515410465922567,45.43767920391296,321912.1,1.9718801851366652,1.694471590115861,0.0858737655646146,0.0176582100565179
2009-09-04,5.8225,6.0056,5.8225,6.0056,297380,0,3.0561990561990715,5.8267,5.914070000000001,5.89142,5.873304997281189,6.136124604736718,5.646715395263282,1.748860937798723,66.83759090061534,322714.7,3.144697294976393,3.144697294976393,1.646835807254221,0.0301042753488805
2009-09-08,5.9948,6.0489,5.9681,6.0436,306644,0,0.6327427734114766,5.87524,5.92218,5.893034999999999,5.889523568968695,6.141468833403087,5.644601166596912,1.7377581996818403,64.70880047623774,324855.35,1.353864714063102,0.8140388336558344,1.3601677148846747,0.0063074936068932
2009-09-09,6.0164,6.022,5.9518,6.022,270418,0,-0.3574028724601108,5.9248400000000006,5.91785,5.89628,5.902140371924057,6.149878958989199,5.642681041010801,1.650569561558497,63.351141330743125,321226.95,1.1794751167713935,0.0930789176251624,-0.7138970867063388,-0.0035804308240066
2009-09-10,6.0271,6.0436,5.9409,6.0164,232652,0,-0.0929923613417482,5.98302,5.91137,5.90113,5.913022241264623,6.160240982928338,5.642019017071663,1.6466985587904182,60.10211524434721,318532.7,1.7286943055765889,-0.1775314828026734,-1.0655791620075017,-0.0009303562606209
2009-09-11,6.0378,6.0436,5.9898,5.9898,193718,0,-0.4421248587195059,6.015479999999999,5.915170000000001,5.90088,5.920334408763231,6.159619833566634,5.642140166433366,1.494731697366456,54.525263742365354,320008.15,0.8981935957794893,-0.7949915532147479,0.6384623139218171,-0.0044310512106237
2009-09-14,5.9734,6.0653,5.9518,6.0653,252346,0,1.2604761427760458,6.027419999999999,5.927059999999999,5.90736,5.934140655547685,6.176071008139118,5.638648991860881,1.5386475636675538,55.57604686482964,317121.5,1.9069861218454796,1.5384872936685954,1.9995291268666728,0.0125259827229053
2009-09-15,6.0976,6.1245,6.0597,6.0759,334294,0,0.1747646447826101,6.03388,5.95456,5.928935,5.947641545495524,6.1772661818824615,5.680603818117539,1.2278414078737632,50.63886210221794,311410.95,1.0693598693004598,-0.3558777223825776,4.740643693220004,0.0017461210907041
2009-09-16,6.1566,6.2378,6.1353,6.2324,392960,0,2.5757500946361978,6.075959999999999,6.0004,5.9532,5.974761398305474,6.220811666806452,5.6855883331935475,1.3416864152136738,57.79220779220781,316962.9,1.670659951428619,1.231199038430304,7.939037062694832,0.0254313649591554
2009-09-17,6.2217,6.3517,6.2053,6.2324,476956,0,0.0,6.11916,6.05109,5.977465,5.999298407990667,6.25424180367587,5.700688196324129,1.252695470249953,66.68648905803995,325758.55,2.359273524245401,0.1719787196425403,8.853375251069773,0.0
2009-09-18,6.2595,6.2647,6.1245,6.1515,216959,0,-1.2980553237917911,6.1515,6.08349,5.993914999999999,6.0137937977058415,6.271019436136837,5.716810563863162,1.3734001622858685,61.1917494270436,324460.3,2.2891664625683745,-1.725377426312,5.5598455598455665,-0.0130655368429758
2009-09-21,6.1299,6.1676,6.0004,6.0703,297399,0,-1.3200032512395432,6.152500000000001,6.08996,6.002015,6.019175340781476,6.278050911280014,5.725979088719987,1.1683324166575952,65.80985915492953,320240.9,2.7864809012732525,-0.9722833977715876,1.0773278273611189,-0.0132879272742357
2009-09-22,6.2001,6.2001,6.0759,6.1515,255954,0,1.337660412170738,6.16762,6.10075,6.011464999999999,6.031777689278478,6.294653033311656,5.728276966688343,1.223134888893305,70.82643716208761,317429.1,2.0441416086505715,-0.7838583248657204,1.78535971937257,0.0132879272742357
2009-09-23,6.1353,6.2647,6.1031,6.2001,493342,0,0.7900512070226684,6.16116,6.11856,6.018205,6.04780838553767,6.312968008998892,5.723441991001108,1.2205412656809722,76.1804942630185,322487.85,2.647834706952204,1.0561830717324332,2.9574892062437685,0.0078694664351458
2009-09-24,6.2432,6.2595,6.0544,6.0653,245817,0,-2.174158481314825,6.12774,6.12345,6.01741,6.049474253581701,6.311542722638459,5.723277277361541,1.4504925032579394,62.65971039182281,309542.75,3.387618921775896,-2.849500256278834,0.8127784056911169,-0.0219814156420296
2009-09-25,6.0436,6.1082,6.0271,6.0917,341250,0,0.4352628888925736,6.11578,6.13364,6.024405,6.053495753240587,6.318622073282505,5.730187926717495,1.44120551407795,55.46666666666667,308316.1,1.345589089280088,0.7958832483950079,1.701225416541452,0.004343183597783
2009-09-28,6.1404,6.2541,6.1353,6.2324,264089,0,2.3097000837204673,6.148200000000001,6.15035,6.038704999999999,6.07053425293196,6.3445308360577055,5.732879163942293,1.5618933199074427,60.60435857110762,311586.5,1.9363356315094655,1.4982737280958982,2.755016239922181,0.0228343024520766
2009-09-29,6.2862,6.2973,6.2324,6.2595,241186,0,0.4348244656954048,6.1698,6.16871,6.061635,6.088530990747964,6.361090071931762,5.762179928068238,1.5620541596897546,63.25778720553752,307657.45,1.0413323920159123,-0.4247399064617725,3.0217745519182326,0.0043388183565175
2009-09-30,6.2595,6.3079,6.2001,6.2107,275997,0,-0.7796149852224654,6.17192,6.1665399999999995,6.08347,6.100166134486253,6.357196525838765,5.809743474161236,1.3695859270628166,60.34721482586003,305231.4,1.738681634167193,-0.7796149852224611,-0.3481804762210383,-0.0078266987077048
2009-10-01,6.2001,6.2378,6.0378,6.1082,318953,0,-1.65037757418649,6.1805,6.154120000000001,6.102605,6.100931264535181,6.3183268430742165,5.886883156925783,1.4623425720516694,55.83366180528183,304512.7,3.312464805061449,-1.4822341575135864,-1.992811757910273,-0.0166414802471896
2009-10-02,6.119,6.119,5.9625,6.0489,449339,0,-0.9708261026161624,6.17194,6.14386,6.113675,6.095975906008022,6.288871826155971,5.938478173844029,1.4382925769753123,49.17885039054677,307882.65,2.6247379454926523,-1.145612028109169,-1.667885881492326,-0.009755693432683
2009-10-05,6.0544,6.2107,6.0544,6.2053,248570,0,2.585594074955777,6.16652,6.15736,6.123659999999999,6.106387724483448,6.295655769838949,5.951664230161049,1.6081632551060887,55.65361761621811,305442.15,2.581593551797038,2.4924022198731506,2.2239428034858344,0.0255273282642018
2009-10-06,6.2217,6.281,6.2107,6.2267,252534,0,0.344866485101436,6.15996,6.16488,6.132815,6.117846036437405,6.306353071358745,5.959276928641255,1.56229949209502,49.71762607747944,302736.65,1.1319174972225283,0.0803638876834288,1.2224660651873442,0.0034427318431112
2009-10-07,6.1944,6.2107,6.1625,6.1785,236304,0,-0.7740857918319577,6.15352,6.16272,6.140639999999999,6.123622604395748,6.307108576457403,5.974171423542596,1.5674462539009253,47.45153664302599,301030.95,0.782150101419886,-0.2566834560248006,-0.3483814777181071,-0.0077709738752077
2009-10-08,6.2483,6.2973,6.1785,6.2001,332182,0,0.3495994173343009,6.1719,6.1762,6.149825,6.130906165881867,6.307467912606694,5.992182087393306,1.3739986779896736,52.434381887397294,306007.45,1.9227967953386784,-0.7714098234719918,2.2224786902544036,0.0034898973911243
2009-10-09,6.1515,6.2432,6.1515,6.1785,310338,0,-0.3483814777181071,6.19782,6.18488,6.15926,6.135438911988356,6.29803470420325,6.02048529579675,1.3832117963601636,55.76390368634135,311838.45,1.490693326830845,0.4389173372348085,1.4248896038872472,-0.0034898973911244
2009-10-12,6.2001,6.2107,6.1353,6.1625,307351,0,-0.2589625313587418,6.18926,6.17789,6.1641200000000005,6.138016158465655,6.29565915726931,6.032580842730691,1.1577412938004572,50.629722921914315,314588.7,1.228953759392371,-0.6064418315833664,-1.1215583081958913,-0.0025929841932995
2009-10-13,6.1299,6.1729,6.0703,6.1729,305347,0,0.1687626774848016,6.1785,6.16923,6.16897,6.141338429087974,6.293794914855985,6.044145085144015,1.146919391345953,48.371647509578565,313141.35,1.690196530649238,0.7014796326204367,-1.383497084431662,0.0016862043329249
2009-10-14,6.2053,6.2757,6.1515,6.2757,514139,0,1.6653436796319363,6.19794,6.17573,6.1711350000000005,6.154134769174834,6.3019503906137775,6.0403196093862235,1.249828377893918,63.09760956175295,319200.3,2.019019751280162,1.1345140444458663,1.0465809007036198,0.016516288879314
2009-10-15,6.3406,6.3406,6.1896,6.2432,411702,0,-0.5178705164364139,6.20656,6.18923,6.1716750000000005,6.162617172110564,6.303639347259974,6.039710652740027,1.116694602510405,59.359940689484695,315937.6,2.4395760630735395,-1.5361322272340217,2.2101437412003433,-0.0051921611343923
2009-10-16,6.2483,6.2595,6.2053,6.2267,451180,0,-0.2642875448487958,6.2162,6.20701,6.175435,6.168720298576225,6.309251264845587,6.0416187351544135,1.0532165696888165,49.58400233542548,327648.65,0.8734468921728168,-0.3456940287758315,2.939377407462529,-0.0026463740093392
2009-10-19,6.2378,6.3134,6.2107,6.2541,256658,0,0.4400404708754246,6.234520000000001,6.21189,6.1846250000000005,6.176851698711823,6.313182140686287,6.056067859313714,0.6910145526564112,49.60606944849724,325611.6,1.6535978231117194,0.2613100772708359,0.7864245080817955,0.0043907512370482
2009-10-20,6.2432,6.3021,6.2432,6.2595,237778,0,0.0863433587566575,6.25184,6.21517,6.190025,6.184722965501173,6.321757390215769,6.058292609784232,0.6848335060728538,53.800623052959494,324702.8,0.9434264479754036,0.2610840594566921,0.5267637753545218,0.0008630610432159
2009-10-21,6.2699,6.3517,6.2699,6.3079,243953,0,0.7732246984583524,6.25828,6.22811,6.195415,6.196454111643918,6.337312461497122,6.053517538502877,0.6507347513539007,66.98418098316037,312233.35,1.304646007113356,0.6060702722531501,2.0943594723638492,0.0077025063723286
2009-10-22,6.3349,6.4105,6.3243,6.3349,357016,0,0.4280346866627482,6.27662,6.24159,6.208895,6.209639434344497,6.349968082591816,6.067821917408184,0.6530811107991871,75.73794096472282,317793.3,1.3629966952864323,0.0,2.174158481314814,0.0042712122389515
2009-10-23,6.362,6.4105,6.3243,6.3453,243670,0,0.1641699158629217,6.30034,6.25827,6.221575,6.22255948821645,6.363878365719556,6.079271634280444,0.6231878576120036,67.08984374999994,312914.3,1.3629966952864323,-0.26249607041811,2.6996843894149025,0.0016403530436413
2009-10-26,6.3994,6.4213,6.2862,6.3185,346089,0,-0.4223598569019549,6.313219999999999,6.2738700000000005,6.22588,6.231696679814883,6.374625839040813,6.077134160959187,0.640456619414459,61.06024096385543,317014.3,2.149152110973236,-1.2641810169703371,2.5314401622718252,-0.004232543155903
2009-10-27,6.281,6.3406,6.1944,6.3406,367288,0,0.3497665585186382,6.32944,6.290640000000001,6.229935,6.242068424594418,6.386743166746093,6.073126833253907,0.6403961449213258,70.84083311905384,323319.4,2.360196306341217,0.9488934882980504,2.7167133762089124,0.0034915629786913
2009-10-28,6.2973,6.3296,5.9625,5.9681,440863,0,-5.8748383433744555,6.261480000000001,6.259880000000001,6.217805,6.215976193680664,6.41357159007566,6.022038409924341,1.9385335894497244,34.32008650986751,331562.7,6.156813417190771,-5.22763724135741,-4.901445257102788,-0.0605447824020393
2009-10-29,6.0436,6.1625,5.9083,6.1625,450783,0,3.257318074429038,6.226999999999999,6.25181,6.22052,6.210883222853934,6.41132969411641,6.029710305883589,2.2703558790454914,49.123383738768354,338154.2,4.302422016485283,1.9673704414587336,-1.2926063557150202,0.0320539205755578
2009-10-30,6.1676,6.2324,5.9357,5.9409,544942,0,-3.595943204868146,6.146120000000001,6.223229999999999,6.215120000000001,6.185170534963084,6.430863674421777,5.999376325578225,2.5261647167994408,40.09121802897515,342934.35,4.99856798692657,-3.675659900123226,-4.589911188912266,-0.0366219023200009
2009-11-02,5.9788,6.0703,5.9464,6.033,382859,0,1.550270161086709,6.08902,6.2011199999999995,6.206505,6.170678103061838,6.437145859803516,5.975864140196484,2.5926335495195163,44.17034752896075,349648.8,2.0836136149603104,0.906536428714804,-3.5352808557586157,0.0153837624098172
2009-11-03,6.0056,6.1135,5.9734,6.0865,236146,0,0.8867893253770909,6.0382,6.18382,6.199495,6.162661140865472,6.435999273690907,5.962990726309092,2.619082587485778,41.778202676864254,348829.4,2.3453979308266706,1.34707606234181,-2.7637990254812728,0.0088288044088892
2009-11-04,6.1245,6.2324,6.1245,6.2001,301777,0,1.8664256962129369,6.0846,6.173039999999999,6.200575,6.166226746497332,6.436872777124677,5.964277222875323,2.6883598842138627,48.25038564585533,352103.05,1.761776471548696,1.2343864805290172,-1.708968119342413,0.0184922170857185
2009-11-05,6.2699,6.2699,6.1944,6.2107,298126,0,0.1709649844357397,6.094240000000001,6.16062,6.201105,6.170462294449967,6.437445837508171,5.9647641624918295,2.6835596676330877,49.3473649861315,350400.25,1.2188428257781203,-0.9441936872996332,-1.9605676490552335,0.0017081900566426
2009-11-06,6.1082,6.2595,6.0976,6.2483,333176,0,0.6054067979454958,6.1557200000000005,6.15092,6.204595,6.1778754092642565,6.441590886929355,5.967599113070645,2.6931788529227436,49.76537216828479,351542.15,2.655143007084757,2.2936380603123725,-1.5286905268466322,0.0060358157397259
2009-11-09,6.2699,6.3079,6.2217,6.2217,347093,0,-0.4257157946961576,6.19346,6.14124,6.207555,6.182049179810518,6.443814825527476,5.971295174472524,2.6932208388443266,48.496659242761694,353529.25,1.3854734236623405,-0.7687522927000363,-1.532009179393845,-0.0042662454442992
2009-11-10,6.2324,6.281,6.146,6.1896,212502,0,-0.5159361589276212,6.21408,6.1261399999999995,6.20839,6.182768305542849,6.444251831990367,5.9725281680096325,2.690320769746021,45.23329841244259,348887.0,2.196550602017569,-0.686733842500477,-2.381478093555811,-0.0051727170521939
2009-11-11,6.2378,6.3134,6.2378,6.281,361303,0,1.4766705441385364,6.23026,6.15743,6.208655,6.192123705014959,6.4448469333271134,5.972463066672887,1.8395062998889593,47.93534053474295,341245.2,1.211965757157967,0.692551861233122,5.242874616712179,0.0146587392191358
2009-11-12,6.281,6.2973,6.2541,6.2595,283733,0,-0.3423021811813309,6.24002,6.16713,6.20947,6.1985404950135345,6.446275521806974,5.972664478193026,1.5798689669138402,46.74111212397448,334846.75,0.69074687005324,-0.3423021811813347,1.574036511156196,-0.0034288937546636
2009-11-13,6.2862,6.2973,6.2378,6.2757,226075,0,0.2588066139467937,6.2455,6.20061,6.21192,6.20588901929796,6.45048348686154,5.9733565131384605,0.8706025575771318,48.36115791085922,323591.5,0.9538619385039578,-0.1670325474849734,5.635509771246783,0.0025847228634673
2009-11-16,6.3349,6.3406,6.1837,6.2157,328443,0,-0.9560686457287582,6.2443,6.21888,6.209999999999999,6.20682339841244,6.447750847030112,5.972249152969886,0.9114578094018384,45.35238520503087,327180.75,2.537315846499673,-1.881639804890372,3.028344107409242,-0.0096066832286378
2009-11-17,6.2595,6.2973,6.2053,6.2595,443744,0,0.7046672136686194,6.258280000000001,6.23618,6.21,6.211840217611255,6.447750847030113,5.972249152969887,0.900236212861973,64.3546798029557,337479.05,1.482603580809947,0.0,2.8423560338453946,0.0070219603651704
2009-11-18,6.2483,6.3406,6.2157,6.3296,322640,0,1.1198977554117695,6.268,6.24913,6.211085,6.223055434981611,6.450906058511635,5.971263941488364,0.7769732271088783,59.38026271471881,341413.4,2.0094277394340176,1.3011539138645662,2.088675989096944,0.0111367332886212
2009-11-19,6.2973,6.2973,6.1404,6.1566,448464,0,-2.7331900910010143,6.24742,6.243720000000001,6.20217,6.216726345935744,6.435787357863486,5.968552642136514,1.2132840157424514,62.807267545422185,345985.8,2.555208129763538,-2.2342908865704323,-0.8710773342779365,-0.0277123658921198
2009-11-20,6.1299,6.1625,6.0544,6.0812,393197,0,-1.2247019458792252,6.20852,6.22701,6.1889650000000005,6.203819074894244,6.418335390188267,5.959594609811734,1.2360920235998825,52.91979646232127,353462.15,1.7854783298097154,-0.7944664676422158,-2.6743274170574427,-0.0123226321895376
2009-11-23,6.1135,6.1676,6.0597,6.0976,485550,0,0.2696836150759774,6.184900000000001,6.2146,6.17792,6.193702972523363,6.402245699305281,5.95359430069472,1.245495159012464,50.70404668273499,360435.2,1.7806162021222154,-0.260080150486632,-1.9946316923027507,0.0026932062129149
2009-11-24,6.0653,6.1299,6.0436,6.0759,399732,0,-0.3558777223825804,6.148179999999999,6.2032300000000005,6.164685,6.1824836418068525,6.379636443967101,5.9497335560329,1.2419251422359632,41.08271108558298,362057.4,1.4279568469124446,0.1747646447826185,-1.836952307095785,-0.0035651247355516
2009-11-25,6.1135,6.1404,6.0865,6.1135,281957,0,0.6188383613950244,6.10496,6.1864799999999995,6.171955,6.175913771158581,6.367907072282897,5.9760029277171025,1.1403906437546447,43.281725186618736,354112.1,0.8855664174813047,0.0,-2.6667728068778818,0.0061693142002006
2009-11-27,5.9898,6.0436,5.9194,6.0378,399640,0,-1.2382432321910608,6.081200000000001,6.16431,6.16572,6.162760078667287,6.370667968750902,5.960772031249099,1.181671167184865,36.17859487852916,351554.95,2.0981856269216337,0.8013623159370937,-3.5418164390127016,-0.0124597334169023
2009-11-30,6.0164,6.0703,5.9571,6.0597,533459,0,0.3627148961542259,6.0769,6.14271,6.171660000000001,6.152944833079927,6.354910170102209,5.988409829897793,1.1880941840380672,39.29704016913318,350980.8,1.9002534790418153,0.7196994880659587,-3.4418471246235316,0.003620586720112
2009-12-01,6.0976,6.2001,6.0976,6.1896,234526,0,2.1436704787365812,6.0953,6.1401,6.17949,6.156435801358029,6.350786626692329,6.008193373307671,1.396517975657994,50.0,343564.15,1.6809892416688537,1.5087903437418086,-0.419904435542251,0.0212101703477902
2009-12-02,6.1785,6.2541,6.1676,6.2157,269810,0,0.4216750678557535,6.12326,6.13572,6.18595,6.1620800107525024,6.352149898664742,6.019750101335259,1.3827021191526745,45.86342328645637,345247.35,1.402490433880278,0.6020878854090855,-0.6997364006709805,0.0042078850993018
2009-12-03,6.1896,6.2217,6.0759,6.0976,340802,0,-1.900027350097333,6.12008,6.11252,6.1808250000000005,6.155939057347502,6.351450238770954,6.010199761229047,1.425129699192252,40.8623998193927,347198.6,2.399644497111545,-1.4863642238593855,-3.665318503538928,-0.0191830982149507
2009-12-04,6.1353,6.1676,6.0489,6.0976,368964,0,0.0,6.13204,6.1066199999999995,6.17517,6.15038295664774,6.349091290123656,6.001248709876343,1.1570494356428114,39.760837070254134,350740.5,1.9623402602126088,-0.6144768796961855,-0.9583211512848022,0.0
2009-12-07,6.0976,6.1299,6.0917,6.1031,335262,0,0.0901994227237024,6.14072,6.10881,6.16791,6.145879817919384,6.341098584771399,5.994721415228601,1.0863544402495495,43.093719332679136,350844.8,0.6270827519411624,0.0901994227237028,0.3601262908636604,0.0009015876748975
2009-12-08,6.0812,6.1515,6.0703,6.146,531650,0,0.7029214661401495,6.132000000000001,6.11365,6.164125,6.145891263831823,6.3356647867010345,5.992585213298966,1.1049554976969844,43.03082402063122,360072.65,1.3376604121707465,1.065579162007498,0.7937549199685145,0.0070046248959366
2009-12-09,6.1566,6.1625,6.0917,6.1515,388335,0,0.0894890986007146,6.11916,6.12121,6.16222,6.146425429181173,6.333414473596134,5.991025526403865,1.0941521040786353,38.12191543283985,368864.3,1.1622371423412068,-0.0828379300263077,1.2442601096134045,0.0008944908097936
2009-12-10,6.2267,6.2267,6.146,6.2217,425679,0,1.1411850768105358,6.143980000000001,6.13203,6.159255,6.1535944359258234,6.323708935000736,5.994801064999264,1.1319443688301496,55.031689596537326,372083.1,1.313049137650508,-0.0802993559991631,1.7698536026825806,0.011347226787215
2009-12-11,6.2053,6.2217,6.1625,6.2053,576723,0,-0.2635935516016485,6.16552,6.14878,6.156545,6.158518775361459,6.315745905513047,5.997344094486953,1.033838669555021,60.55451607416228,386732.6,0.9606490872211048,0.0,2.7741892742389584,-0.0026394157110972
2009-12-14,6.2267,6.2324,6.1896,6.2217,384612,0,0.2642902035356886,6.18924,6.16498,6.1538450000000005,6.164536034850844,6.3062225570585175,6.001467442941483,1.0334196873908046,60.55451607416228,394659.45,0.6914824867519667,-0.0802993559991631,2.673399673251154,0.0026394157110973
2009-12-15,6.1566,6.2001,6.1353,6.146,593514,0,-1.216709259527149,6.189240000000001,6.16062,6.150360000000001,6.162770698198383,6.299943610136399,6.000776389863603,0.8928858270267755,55.4603520797632,407913.0,1.0561830717324332,-0.1721729526037125,-0.7044073930464134,-0.0122417175970088
2009-12-16,6.1896,6.2157,6.1785,6.2107,298375,0,1.0527172144484176,6.20108,6.160120000000001,6.147920000000001,6.16733539360806,6.291478366638677,6.004361633361325,0.9516313313374116,57.26457399103137,400644.55,0.6020878854090855,0.3408944035155692,-0.0804414627475602,0.0104721473015821
2009-12-17,6.1785,6.2157,6.1625,6.1837,414528,0,-0.4347336049076666,6.19348,6.16873,6.140625,6.16889392755015,6.257695394928895,6.023554605071105,0.7091610418379732,61.7604384975012,405238.95,0.863286004056801,0.0841628226915969,1.4120309630018424,-0.0043568131912935
2009-12-18,6.2001,6.2157,6.1299,6.1625,406143,0,-0.3428368129113734,6.18492,6.17522,6.14092,6.168284982069183,6.258189453106789,6.0236505468932116,0.7249313255156719,58.2956746287927,403122.9,1.39969656927519,-0.6064418315833664,1.0643531881395996,-0.0034342584497731
2009-12-21,6.1785,6.2483,6.1785,6.1837,332022,0,0.3440162271805436,6.17732,6.18328,6.146045,6.169753079014975,6.261266461361504,6.030823538638496,0.7286612262377637,49.42258759052648,400064.15,1.129724043052533,0.0841628226915969,1.32064033032393,0.0034342584497732
2009-12-22,6.1944,6.2483,6.1944,6.2483,257897,0,1.0446819865129298,6.19778,6.193510000000001,6.15358,6.177233738156406,6.275005369760349,6.032154630239651,0.7654147080718549,52.96687295231164,388681.5,0.870140772310482,0.870140772310482,1.6644972339733275,0.0103926289310193
2009-12-23,6.2217,6.3185,6.2217,6.3079,346427,0,0.9538594497703334,6.217219999999999,6.209149999999999,6.165179999999999,6.1896781440462725,6.299048633173539,6.0313113668264595,0.8034434747915818,71.41984110816861,386016.25,1.5558448655512158,1.3854734236623405,2.5424693164268763,0.0094933893403076
2009-12-24,6.3296,6.3562,6.2973,6.3406,156384,0,0.5183975649582395,6.248600000000001,6.22104,6.176535,6.204051654137103,6.329158710306592,6.023911289693409,0.7493755460488849,73.2047364400305,379737.6,0.9353214869864924,0.1737866531850373,1.9110532491119825,0.0051705851053813
2009-12-28,6.3406,6.362,6.3243,6.3453,242949,0,0.0741254770841859,6.285159999999999,6.23504,6.19191,6.217503877552617,6.347610723726003,6.036209276273997,0.7340141420229451,73.1637337413924,371903.05,0.5961134038549731,0.0741254770841829,2.256135883841237,0.0007409801772117
2009-12-29,6.3296,6.3406,6.2483,6.2647,317394,0,-1.2702315099364814,6.301360000000001,6.23934,6.20216,6.22199874635713,6.347885443360054,6.056434556639946,0.8724222443251354,60.58876003568245,361099.8,1.477201798889295,-1.0253412537917046,0.6911294340774976,-0.0127836792468146
2009-12-30,6.2595,6.3079,6.1944,6.2053,276576,0,-0.948169904384888,6.29276,6.24527,6.202945,6.220408389561213,6.348554665310918,6.057335334689081,0.8315094953570845,54.378255208333314,363202.3,1.832300142063802,-0.865883856538059,0.9648551903677304,-0.0095269365314824
2009-12-31,6.2053,6.2757,6.2053,6.2267,194489,0,0.344866485101436,6.2765200000000005,6.2468699999999995,6.203495,6.2210075905553825,6.349390340643324,6.0575996593566765,0.7691047772281423,50.44200848656293,359436.25,1.1345140444458663,0.3448664851014433,0.257619914019358,0.0034427318431112
2010-01-04,6.2862,6.3134,6.2217,6.2647,421935,0,0.6102751055936606,6.26134,6.25497,6.21185,6.225168772407251,6.351203446883357,6.072496553116643,0.7701793555423108,55.05790190735696,363492.9,1.4738737001141078,-0.3420190258025457,1.3098953700858784,0.006084204688371
2010-01-05,6.2862,6.3562,6.281,6.3349,293787,0,1.1205644324548736,6.25926,6.27221,6.223715,6.235619365511322,6.362517961823237,6.084912038176764,0.8078498220938615,58.82995319812791,359734.05,1.1972615825505588,0.7747128630969455,2.797565922920908,0.0111433262031735
2010-01-06,6.3562,6.367,6.3243,6.3453,495499,0,0.1641699158629217,6.27538,6.2883700000000005,6.235825,6.2460651402245295,6.372566506039898,6.099083493960102,0.8082492865149494,67.30936251519888,367745.9,0.6751735369922357,-0.1714861080519863,2.613322121060202,0.0016403530436413
2010-01-07,6.3517,6.4429,6.3453,6.4429,364521,0,1.5381463445384824,6.3229,6.30783,6.25067,6.264811317346003,6.409096926208085,6.0922430737919155,0.8738005253544578,69.07656917515607,359389.45,1.5381463445384758,1.4358360753813897,3.1144471296192577,0.0152643679433948
2010-01-08,6.4213,6.5507,6.4213,6.5403,440655,0,1.5117416070403067,6.38562,6.33107,6.270110000000001,6.291048334741622,6.467840948514318,6.072379051485684,0.9350924516549688,76.25920471281296,362005.45,2.0151682681077103,1.853207294473092,3.6842689326083145,0.0150042866607761
2010-01-11,6.5507,6.5884,6.5021,6.5237,300007,0,-0.2538109872635918,6.43742,6.34938,6.28521,6.313205636194801,6.5114457494211715,6.058974250578829,0.9528606731363136,76.77935943060498,355721.85,1.3272634994847756,-0.4121696917886658,2.8877393306627086,-0.002541336334064
2010-01-12,6.4698,6.5182,6.4587,6.5021,234738,0,-0.331100449131616,6.47086,6.36506,6.300050000000001,6.33119557560482,6.542566877329892,6.057533122670109,0.9714570827715316,73.59217545939543,338622.6,0.9212380200349898,0.4992426350119048,2.4711203567995277,-0.0033164979960511
2010-01-13,6.5078,6.5403,6.4698,6.5021,259019,0,0.0,6.5022199999999994,6.388800000000001,6.31407,6.34747218745198,6.56958716061507,6.05855283938493,0.8223981992746017,70.79646017699119,332342.95,1.0896781971621998,-0.0875872030486362,3.789487126279001,0.0
2010-01-14,6.5078,6.5562,6.4966,6.5343,268436,0,0.4952246197382326,6.5205,6.4216999999999995,6.3334850000000005,6.365265312456553,6.594187583316185,6.072782416683816,0.6782704033433824,69.423472889499,316089.05,0.9174029492349792,0.4072036632963584,5.301919327026883,0.0049400241605975
2010-01-15,6.5672,6.5724,6.4804,6.5295,283072,0,-0.0734585188926217,6.518339999999999,6.451980000000001,6.349425,6.380906711270215,6.6174005595696705,6.08144944043033,0.7027315587970508,67.02108488015855,315323.9,1.4196654527498247,-0.5740650505542707,4.862928999309424,-0.0007348551288301
2010-01-19,6.5507,6.5777,6.4914,6.5777,240752,0,0.7381882226816794,6.52914,6.483280000000001,6.369125,6.39964892924448,6.643652221352488,6.094597778647513,0.7065569885113949,69.41844919786098,306635.1,1.3294512739932909,0.4121696917886658,4.996248822768834,0.0073547694811835
2010-01-20,6.5672,6.5884,6.5132,6.5182,313509,0,-0.9045715067576788,6.53236,6.5016099999999994,6.38691,6.410939507411672,6.650962633509904,6.122857366490097,0.7912030426582484,71.95565563831629,302003.4,1.154578394644717,-0.7461322938238442,2.8934947670839373,-0.0090868759559156
2010-01-21,6.5021,6.545,6.4052,6.4105,322049,0,-1.6522966463134003,6.51404,6.5081299999999995,6.39825,6.4108976495629415,6.644432769075802,6.152067230924198,1.00305798251891,66.40025575447567,301504.75,2.1826016361706135,-1.4087756263361153,1.027532189179392,-0.0166609931929744
2010-01-22,6.3779,6.4318,6.2757,6.3406,352210,0,-1.0903985648545331,6.4753,6.4979,6.402865,6.4042026353188515,6.64052501612285,6.1652049838771505,0.9278869670537888,58.44830143895565,306220.4,2.4873719266376715,-0.5848319979930715,-1.587794316224056,-0.0109638698153285
2010-01-25,6.3296,6.3453,6.2757,6.3021,288549,0,-0.6071980569662183,6.429819999999999,6.474080000000001,6.402575000000001,6.394478574812294,6.640736553970891,6.16441344602911,0.7243227289324746,52.77201304476725,303326.5,1.1090396290453708,-0.4344666329625862,-3.6420347690472865,-0.0060904900076823
2010-01-26,6.2699,6.3243,6.1837,6.3079,419883,0,0.0920328144586646,6.37586,6.452500000000001,6.40094,6.386232996258742,6.641331517497116,6.160548482502884,0.7384955442396808,47.787610619469014,316501.45,2.2737196177046117,0.6060702722531501,-3.307938746416905,0.000919904902301
2010-01-27,6.3349,6.3517,6.2483,6.3453,282460,0,0.5929073067106216,6.341279999999999,6.43682,6.40094,6.382334615662671,6.641331517497116,6.160548482502884,0.7944924273918997,50.0,318477.0,1.6548501192324263,0.164169915862914,-2.4115285830731636,0.0059115652825928
2010-01-28,6.3517,6.367,6.1896,6.2217,326405,0,-1.9478984445179817,6.303520000000001,6.40878,6.39879,6.367036080837655,6.645010516483087,6.152569483516913,0.9520225143322136,33.32328106151992,318927.55,2.866097970789704,-2.0466961600831257,-4.312452899832364,-0.0196712000671997
2010-01-29,6.2432,6.2483,6.1353,6.2217,614651,0,0.0,6.279739999999999,6.37752,6.399610000000001,6.353194549329308,6.643212617737941,6.156007382262061,0.9101748599013992,21.845174973488824,335831.3,1.841800726940825,-0.3443746796514549,-4.783986042881406,0.0
2010-02-01,6.2862,6.2862,6.1944,6.2267,289126,0,0.0803638876834211,6.26466,6.34724,6.39961,6.341147449393183,6.64321261773794,6.15600738226206,0.9191633359141852,23.204619271021254,340563.15,1.4819837272375065,-0.9465177690814782,-4.637414809709773,0.0008033161320139
2010-02-02,6.2267,6.3453,6.2267,6.3296,342039,0,1.6525607464628056,6.269,6.32243,6.402855000000001,6.340047692308119,6.640548172189735,6.165161827810266,1.0834862612593732,36.42800944138471,336568.35,1.904700724300188,1.6525607464628131,-3.771835139942537,0.0163905455688854
2010-02-03,6.3296,6.362,6.2917,6.3243,243955,0,-0.083733569261879,6.2648,6.30304,6.402325,6.3385479120882975,6.6407024527935805,6.16394754720642,1.070210700729597,36.126716604244656,334076.75,1.1173450736684911,-0.0837335692618819,-2.9747476297137254,-0.0008376864539668
2010-02-04,6.3079,6.3079,6.2267,6.2324,543495,0,-1.453125247062914,6.26694,6.28523,6.39668,6.328438587127507,6.645846370968092,6.1475136290319075,1.0436972544228218,28.451106352605297,336476.55,1.3040615414264367,-1.1969118090014097,-2.7782544263317943,-0.0146378651911718
2010-02-05,6.1944,6.1944,5.763,6.033,1236709,0,-3.1994095372569142,6.2292000000000005,6.25447,6.376185,6.300301578829649,6.6723444113779395,6.080025588622061,1.3840410911593122,22.265668640375395,380085.95,7.485684539302446,-2.605579232855475,-4.851275904488528,-0.0325170919024377
2010-02-08,6.033,6.0544,5.9788,6.0113,301509,0,-0.3596883805735085,6.186120000000001,6.22539,6.349735,6.272777618941111,6.6770332433586,6.0224367566414,1.383872806913032,17.395809348376673,373128.65,1.2644677861778375,-0.3596883805735132,-4.614334904238271,-0.0036033681459061
2010-02-09,6.0378,6.1031,6.022,6.0653,405545,0,0.8983081862492304,6.13326,6.20113,6.326815000000001,6.253017845708625,6.6667755504982935,5.986854449501708,1.4420425137109536,23.763179237631704,378405.55,1.3467286615742309,0.4554639106959465,-3.845970925347586,0.0089429739984843
2010-02-10,6.0917,6.119,6.022,6.0436,265307,0,-0.3577729048851674,6.07712,6.17096,6.30389,6.23307328897447,6.65571153909161,5.95206846090839,1.4013960139051624,26.39299961394923,379934.0,1.6107605446695372,-0.7895989625227883,-4.754700329377659,-0.003584144427654
2010-02-11,6.0653,6.1135,6.033,6.0812,295630,0,0.6221457409490982,6.04688,6.15691,6.282845,6.218609166214997,6.635098846716663,5.930591153283337,1.3358088133785393,32.585929108485445,381764.55,1.3343278634178648,0.2621469671739279,-2.2582252439043993,0.0062021840409949
2010-02-12,6.0865,6.119,6.033,6.0812,216775,0,0.0,6.056520000000001,6.142860000000001,6.26019,6.205522578956426,6.602491583864525,5.917888416135474,1.3358088133785393,34.362169049978704,379181.5,1.4254931211669053,-0.0870779594183863,-2.2582252439043993,0.0
2010-02-16,6.1245,6.1837,6.0917,6.1837,354412,0,1.6855225942248309,6.090999999999999,6.13856,6.2429,6.203444238103433,6.562077640689577,5.923722359310422,1.4660121200401113,42.26650062266499,382748.5,1.5102516538897128,0.966609519144415,-0.6905744615928189,0.0167147528940377
2010-02-17,6.1944,6.2647,6.1625,6.2053,453315,0,0.349305432022895,6.119,6.12613,6.22428,6.203620977331678,6.501974217289751,5.946585782710249,1.3502590748694492,41.10772357723578,393376.65,1.658417849898592,0.1759653880924763,-1.9637891809908936,0.0034869677756227
2010-02-18,6.1896,6.2595,6.1566,6.2001,361208,0,-0.0837993328283936,6.1503,6.113709999999999,6.208374999999999,6.203285646157232,6.449175505989066,5.9675744940109325,1.3502585007980363,48.38516746411481,395761.6,1.6713770587662018,0.1696393951143774,-1.963853707129648,-0.0008383446409718
2010-02-19,6.2157,6.281,6.1837,6.2378,259116,0,0.6080547087950139,6.181620000000001,6.11425,6.19974,6.20657272747559,6.421668508166984,5.977811491833016,1.2920581775883664,51.13941967445152,392614.95,1.5734915988809246,0.3555512653442091,0.0866439894743553,0.0060621351602044
2010-02-22,6.2647,6.3134,6.2541,6.3134,245630,0,1.2119657571579625,6.228060000000001,6.14229,6.19838,6.2167467534302965,6.416982408616677,5.979777591383323,0.68050870002585,55.5784326341526,387285.95,0.9481779952351173,0.7773716219451737,4.647770595060496,0.0120468025827233
2010-02-23,6.3296,6.3349,6.2541,6.281,407776,0,-0.5131941584566202,6.24752,6.1692599999999995,6.197325,6.222866110246459,6.4140150660787745,5.980634933921226,0.7023684769737494,46.560996320407554,393247.3,1.2919524791736616,-0.7678210313447994,4.486550330211414,-0.0051451552239168
2010-02-24,6.3243,6.3517,6.3021,6.3406,281539,0,0.9488934882980526,6.274579999999999,6.19679,6.1989600000000005,6.234078861651558,6.419620113965162,5.978299886034839,0.7061913365528731,51.07110001314234,386330.1,0.7870392408879558,0.2577360340274845,4.538934595156063,0.0094441977230461
2010-02-25,6.3021,6.3453,6.281,6.3453,240308,0,0.0741254770841859,6.30362,6.22696,6.1989600000000005,6.244671351018076,6.419620113965162,5.978299886034839,0.6634071428662788,58.37910048983225,384222.5,1.023722337207455,0.685485790450797,4.99205771394533,0.0007409801772117
2010-02-26,6.3243,6.367,6.3134,6.362,263512,0,0.2631869257560648,6.32846,6.255039999999999,6.205975,6.255845508063974,6.4382916792851175,5.973658320714882,0.6651895849770648,83.50305498981663,381077.85,0.8489878670763822,0.5961134038549731,4.617509702032496,0.0026284119544508
2010-03-01,6.3994,6.454,6.3779,6.4478,444245,0,1.3486325055014126,6.35534,6.2917000000000005,6.21728,6.274126888248357,6.473585094514453,5.960974905485546,0.6986947896584508,89.31724013691222,372557.55,1.1931827090421516,0.7563209050848517,6.028415444320201,0.0133961940265991
2010-03-02,6.4375,6.5132,6.4318,6.5021,369953,0,0.8421477092962038,6.399559999999999,6.3235399999999995,6.231050000000001,6.295838613177085,6.517325491166259,5.944774508833742,0.594849918892432,89.32301044292399,376598.9,1.2655866164992748,1.0034951456310746,5.14902081278199,0.0083862142930058
2010-03-03,6.5182,6.5237,6.4857,6.4857,331019,0,-0.2522262038418543,6.428579999999999,6.35158,6.238855,6.313920650017362,6.544312734005106,5.933397265994894,0.6409630376937734,90.18360298127595,376047.9,0.5859043742387138,-0.4986039090546568,4.518717870207722,-0.0025254483001661
2010-03-04,6.4914,6.5295,6.4804,6.5295,495716,0,0.6753318839909372,6.46542,6.38452,6.249115,6.334452016682375,6.579430429950725,5.918799570049274,0.6158674616923215,90.29300737012386,388635.95,0.7576692796740826,0.5869304002218323,5.312817535201031,0.0067306173319335
2010-03-05,6.5182,6.5777,6.4966,6.5777,389132,0,0.7381882226816794,6.50856,6.41851,6.26638,6.357618491284054,6.62766176844521,5.905098231554789,0.6192839515484375,91.06699751861026,380917.8,1.2483452883046542,0.9128286950385058,5.449036519285655,0.0073547694811835
2010-03-08,6.5672,6.6531,6.5672,6.6531,476084,0,1.1462973379752883,6.54962,6.4524799999999995,6.297385,6.385759587352239,6.68013168976581,5.91463831023419,0.6115930036151263,90.6477312088672,342886.55,1.30801559264223,1.30801559264223,5.380619000855336,0.0113977713004475
2010-03-09,6.5988,6.6049,6.5403,6.5946,331924,0,-0.8792893538350555,6.56812,6.483840000000001,6.32655,6.405649150461549,6.706392507530004,5.946707492469996,0.6870839011172495,81.68647240761825,344407.3,0.98772227573658,-0.0636479359883612,4.992835535742723,-0.0088317791391832
2010-03-10,6.5832,6.5946,6.5182,6.5507,427157,0,-0.6656961756588697,6.58112,6.50485,6.35082,6.419463517084259,6.722315575379678,5.979324424620321,0.753866080860161,76.84532924961707,345487.9,1.1721027277469174,-0.4936808846761416,3.3135665394442126,-0.0066792181548205
2010-03-11,6.5343,6.5724,6.5021,6.5672,395081,0,0.2518814783152967,6.58866,6.5270399999999995,6.377,6.43353365831433,6.730708443719193,6.023291556280807,0.7492684067934159,76.06837606837597,351976.6,1.0811891542732284,0.5034969315764459,3.4970765763636003,0.0025156478859672
2010-03-12,6.5724,6.5724,6.5078,6.5343,376087,0,-0.5009745401388654,6.579980000000001,6.54427,6.399655,6.443130452760585,6.730921014747471,6.068388985252529,0.7962435414159419,68.74893905958237,355999.45,0.9926549678846988,-0.5796969143691806,2.7082678403017812,-0.0050223362447643
2010-03-15,6.5614,6.5672,6.4429,6.4804,530840,0,-0.8248779517316285,6.545439999999999,6.54753,6.419615,6.446679933450053,6.716401191160424,6.122828808839577,0.765273733799914,66.32820176875205,371702.7,1.9292554594980496,-1.2344926387661097,0.5055988088960683,-0.0082829889530287
2010-03-16,6.5078,6.5562,6.4804,6.5507,417360,0,1.0848095796555768,6.53666,6.55239,6.437965,6.45658660645481,6.718259073205331,6.157670926794669,0.7962931788378865,66.90809592789309,374850.1,1.1696808838960433,0.6592089492608928,0.7474508235800759,0.010789677311826
2010-03-17,6.5295,6.6419,6.5295,6.5946,635670,0,0.6701573877600842,6.545439999999999,6.563280000000001,6.45743,6.469730739173399,6.723396536083278,6.191463463916721,0.8072227212508242,68.87206661619982,383967.85,1.7214181790336176,0.997013553870896,1.6790785882788262,0.0066792181548205
2010-03-18,6.6049,6.6859,6.5946,6.6531,481601,0,0.8870894368119497,6.56262,6.57564,6.480080000000001,6.487194478299742,6.730475061327472,6.22968493867253,0.8245555174808867,70.72476149793533,389987.5,1.384466078306499,0.7297612378688619,1.8929473926028173,0.0088317791391834
2010-03-19,6.6419,6.6642,6.5182,6.5672,403529,0,-1.2911274443492604,6.5691999999999995,6.574590000000001,6.496549999999999,6.494814051795005,6.721928787588984,6.271171212411014,0.9191494151913768,58.49943052391796,397208.15,2.239882176060874,-1.1246781794366068,-0.159630265898425,-0.0129953494080366
2010-03-22,6.5182,6.5988,6.4857,6.5672,313787,0,0.0,6.58656,6.566,6.50924,6.501707951624052,6.719255472112552,6.299224527887448,0.8253090781345674,55.02237309057238,400616.0,1.7438364401683737,0.7517412782669983,-1.2911274443492604,0.0
2010-03-23,6.5832,6.6694,6.5832,6.6205,413656,0,0.811609209404307,6.60052,6.56859,6.5262150000000005,6.513021480040809,6.712043526223062,6.340386473776939,0.8272231204910099,59.83941605839417,400910.0,1.309393607971818,0.566593753797547,0.3927455797167356,0.008083333745755
2010-03-24,6.6205,6.6642,6.6099,6.6314,314837,0,0.1646401329204794,6.60788,6.5766599999999995,6.540755,6.524295624798827,6.710219089971334,6.371290910028666,0.7890547742219144,57.8132188314676,402574.9,0.8214950301820068,0.1646401329204796,1.2319294121238888,0.0016450474963008
2010-03-25,6.6694,6.6859,6.6205,6.6375,305958,0,0.0919866091624754,6.604759999999999,6.58369,6.555365,6.535076993865606,6.702834008698956,6.407895991301044,0.7878242777716843,54.9016393442623,405857.4,0.9878407975228508,-0.4783038954028887,1.0704714337921972,0.0009194432740819
2010-03-26,6.6375,6.6642,6.4857,6.5562,375217,0,-1.2248587570621527,6.6025599999999995,6.58588,6.565075,6.537088708735548,6.681172742397557,6.448977257602444,0.8782047852598351,42.133463224549395,411442.65,2.752208705305527,-1.224858757062156,0.3351544924475425,-0.0123242197454396
2010-03-29,6.5884,6.6205,6.5562,6.6099,231067,0,0.8190720234282134,6.611099999999999,6.5988299999999995,6.573180000000001,6.5440231174274,6.676763977628722,6.469596022371279,0.852442679664231,51.25184094256259,400783.75,0.9807510448125476,0.3263311274360942,1.9983334362076333,0.0081573583334982
2010-03-30,6.6314,6.6531,6.6049,6.616,296336,0,0.0922858137036852,6.610199999999999,6.60536,6.578874999999999,6.550878058624791,6.678451278618414,6.479298721381585,0.7939203949717043,55.695098552241376,397102.9,0.7297612378688619,-0.2322284887052586,0.9968400323629556,0.0009224325652744
2010-03-31,6.616,6.6642,6.616,6.6264,283430,0,0.1571946795646983,6.6091999999999995,6.60854,6.58591,6.558070624470049,6.677314869156936,6.494505130843065,0.7693290409780827,55.2186177715092,394723.45,0.7285368802902126,0.1571946795647012,0.4822127194977765,0.0015707125805271
2010-04-01,6.6805,6.6918,6.5988,6.6477,280882,0,0.3214415067004816,6.61124,6.608,6.59182,6.566606755472901,6.683152696631693,6.500487303368307,0.7202363310472446,60.20518358531318,383981.75,1.4093471540280047,-0.4909812139809885,-0.0811651711232319,0.0032092598792147
2010-04-05,6.8371,6.8371,6.7443,6.784,862463,0,2.050333197948162,6.6568,6.6296800000000005,6.602135,6.587310873999292,6.727143366458177,6.477126633541823,0.8251317475446871,73.79310344827576,407648.3,1.3759767507376663,-0.7766450688157346,3.3012547204287923,0.02029596830847
2010-04-06,6.7721,6.8191,6.7721,6.8191,545064,0,0.5173938679245316,6.69864,6.65487,6.610435,6.609386028856502,6.767598853820459,6.4532711461795405,0.8184480350439282,72.26277372262764,411097.3,0.6940240102774576,0.6940240102774576,3.835729077841399,0.005160599848263
2010-04-07,6.8409,6.8688,6.7987,6.8309,417618,0,0.1730433634937078,6.74162,6.675909999999999,6.622249999999999,6.630482597536835,6.807432385203891,6.437067614796107,0.8058551596969501,70.70264587348862,415382.0,1.0310794710753537,-0.146179596251965,3.1780077033456644,0.0017289381596199
2010-04-08,6.8309,6.8741,6.8191,6.8741,420878,0,0.6324203252865646,6.79116,6.7001800000000005,6.638420000000001,6.653684254914279,6.851650338515619,6.425189661484382,0.8096443734340072,69.89557075981267,415068.05,0.8065580501825842,0.6324203252865739,3.6598606629067776,0.0063042893948979
2010-04-09,6.8525,6.8688,6.816,6.816,421359,0,-0.8452015536579371,6.82482,6.718030000000001,6.65086,6.669142897303395,6.875329614870979,6.426390385129021,0.8943181929735013,73.57846853677019,416381.95,0.7746478873239495,-0.53265231667275,2.689265536723151,-0.0084879363653684
2010-04-12,6.8688,6.8688,6.8309,6.8409,439815,0,0.3653169014084634,6.8362,6.7465,6.66619,6.685500716607834,6.898870118347074,6.433509881652927,0.7243425125310496,74.7692307692307,419568.35,0.5548317205639153,-0.4061844863731629,4.342454470577484,0.0036465123990626
2010-04-13,6.8638,6.8688,6.8191,6.8525,478603,0,0.16956833165227,6.842879999999999,6.77076,6.684794999999999,6.701405410264231,6.914410582407928,6.4551794175920705,0.7144649484482153,72.7094753328112,416956.5,0.7288351835286258,-0.1646318365919798,3.670252197461399,0.0016942472687267
2010-04-14,6.8914,6.8914,6.8309,6.8525,488917,0,0.0,6.847200000000001,6.794410000000001,6.699884999999999,6.715795371191447,6.9320487740913075,6.467721225908691,0.7189376960061324,72.11442288457681,420534.35,0.8856812425888276,-0.5644716603302657,3.574667472793225,0.0
2010-04-15,6.8409,6.8741,6.8309,6.8741,532027,0,0.3152134257570216,6.847199999999999,6.81918,6.7138599999999995,6.730872002506548,6.952886538056039,6.47483346194396,0.7158576850461489,72.95304617772595,415352.2,0.6324203252865739,0.4853162595564895,3.738077991066046,0.0031471766975791
2010-04-16,6.8741,6.9015,6.8042,6.8309,438296,0,-0.6284459056458358,6.85018,6.8375,6.72275,6.740398478458305,6.965458814057855,6.480041185942146,0.7828926637802005,78.776450869474,413186.95,1.429999118191714,-0.6284459056458384,2.7558403658408004,-0.006304289394898
2010-04-19,6.816,6.8585,6.8101,6.8409,477920,0,0.1463935938163407,6.85018,6.84319,6.736435,6.749970051938466,6.973002108761308,6.499867891238693,0.4735662583977802,76.63745387453866,416906.5,0.7107090938459053,0.3653169014084593,0.838738207547185,0.0014628654285921
2010-04-20,6.8525,6.8955,6.8409,6.8859,437829,0,0.6578081831337901,6.85686,6.84987,6.752369999999999,6.76291576127766,6.983818437818739,6.520921562181259,0.4896346528910841,78.56084656084647,423108.6,0.7981405955356716,0.4874133527909569,0.9796014136763008,0.0065565406658113
2010-04-21,6.9015,6.9336,6.8955,6.9069,433687,0,0.3049710277523543,6.86774,6.857470000000001,6.76669,6.776628545917883,6.999222228893108,6.534157771106892,0.4936240649408939,79.03125646863991,424110.15,0.5525342614748753,0.0782438600304259,1.112591313004141,0.0030450693444086
2010-04-22,6.9132,6.9555,6.9132,6.9555,322543,0,0.7036441819050498,6.88402,6.865610000000001,6.782895000000001,6.7936639224971325,7.020838898518992,6.54495110148101,0.5024062714923409,80.15282131661428,424495.45,0.6118729387259156,0.6118729387259156,1.1841550166567183,0.0070118015811909
2010-04-23,6.9614,6.9884,6.9446,6.967,487091,0,0.1653367838401198,6.911239999999999,6.8807100000000005,6.799369999999999,6.810172120354548,7.040533234520768,6.5582067654792295,0.3715134434855588,73.72925311203305,433552.1,0.6307058721884637,0.0804435889332516,2.215375586854451,0.0016520025304936
2010-04-26,6.9614,6.9933,6.9614,6.9884,366832,0,0.3071623367303155,6.940740000000001,6.89546,6.8209800000000005,6.8271462041303055,7.047402730866268,6.594557269133733,0.3694350000981352,72.76149502554442,433132.85,0.4582411583876716,0.3878530180710796,2.156149044716349,0.0030669155701707
2010-04-27,6.983,7.0195,6.9222,6.9555,375349,0,-0.4707801499628017,6.95466,6.905760000000001,6.83826,6.839370375165514,7.049067144591522,6.627452855408478,0.428757455704244,65.85241730279886,440346.95,1.4056224899598353,-0.3938135471860212,1.5031010580080162,-0.0047189181006643
2010-04-28,6.9884,6.9884,6.9388,6.9714,374377,0,0.228596075048526,6.967560000000001,6.91765,6.85603,6.851944625149751,7.0469279567597285,6.665132043240271,0.4259484495280205,63.30325403336053,444249.0,0.7148210065141056,-0.2432602598592002,1.735133163079161,0.002283351917246
2010-04-29,7.0249,7.0462,6.9933,7.0146,430509,0,0.6196746707978207,6.979379999999999,6.931699999999999,6.875439999999999,6.867435613230727,7.045875471969786,6.705004528030213,0.4475760381672391,78.30672748004541,451602.95,0.7564383052350131,-0.1466213042178533,2.0439039292416306,0.0061776258239569
2010-04-30,7.0103,7.0249,6.983,7.0044,207043,0,-0.1454109999144526,6.98686,6.94905,6.893275,6.880479840542087,7.035721752748947,6.750828247251053,0.3665534923567378,74.32311811960719,447911.0,0.6000286409852505,-0.0841618760965946,2.5399288527134134,-0.0014551682430824
2010-05-03,7.0195,7.0462,7.0195,7.04,312638,0,0.5082519559134191,6.99718,6.96896,6.9060749999999995,6.8956722366809355,7.0531109909405725,6.759039009059427,0.3728061525793979,76.03443487920015,420419.75,0.3803689721490127,0.2920435928484961,2.9104357613764176,0.0050696471543423
2010-05-04,7.0044,7.0249,6.9933,7.0146,275266,0,-0.3607954545454594,7.009,6.9818299999999995,6.915849999999999,6.90699869033037,7.064524869572504,6.767175130427494,0.3987661521208078,71.02464332036305,406929.85,0.4518610670212928,0.1456227514133876,1.8690367272251815,-0.0036144789112598
2010-05-05,6.9884,6.9884,6.7443,6.7616,624514,0,-3.606763037094063,6.96704,6.9673,6.912385,6.893151196013192,7.072208234923304,6.752561765076697,1.259293005676956,40.881828497325294,417274.65,3.6193526385243895,-3.2453780550626865,-2.1036934080412406,-0.0367341428190906
2010-05-06,6.7443,6.7778,5.4447,6.2917,2836559,0,-6.949538570752489,6.8224599999999995,6.900919999999999,6.883265,6.835870129726222,7.203842145818838,6.562687854181162,2.428459888511696,24.1663472594864,538058.7,24.484360938160044,-6.710852126981308,-9.543526705484872,-0.0720282439734112
2010-05-07,6.3185,6.3886,6.0544,6.3243,882126,0,0.5181429502360224,6.686439999999999,6.836650000000001,6.85868,6.7871491649903914,7.264942801126622,6.452417198873377,2.449267249181544,25.77377602701181,561097.05,5.519952431289641,0.0917939384347519,-9.22491746806372,0.005168052086045
2010-05-10,6.4804,6.6099,6.4645,6.5672,479035,0,3.8407412678082897,6.591880000000001,6.79453,6.844995,6.766201625467497,7.271704275984048,6.418285724015952,2.8675839978841133,37.39419349734987,563058.05,2.249207208600813,1.3394234923770032,-6.0271306736878305,0.0376882054996849
2010-05-11,6.5988,6.6099,6.5295,6.5988,328803,0,0.4811791935680265,6.508719999999999,6.75886,6.83231,6.750258613518212,7.272936658533991,6.391683341466008,2.8874112966273793,37.9148034831725,555568.05,1.2313347116930855,0.0,-5.128315721371579,0.0048002522677128
2010-05-12,6.6205,6.7182,6.616,6.7182,347885,0,1.8094198945262765,6.50004,6.73354,6.825595000000002,6.747205412230763,7.2690106727523425,6.382179327247661,2.9729254731754393,41.18171683389078,548516.45,1.544740024183808,1.4757193565440765,-3.6319820982872786,0.0179324471924369
2010-05-13,6.7338,6.7395,6.616,6.6477,366326,0,-1.0493882289899117,6.57124,6.6968499999999995,6.814274999999999,6.737728706304024,7.26399163066318,6.364558369336819,2.9606044352962133,38.63296546813817,540231.4,1.8666868198307127,-1.2786242537645784,-5.2305192028055725,-0.0105493313309373
2010-05-14,6.616,6.6264,6.4804,6.5507,578513,0,-1.45915128540699,6.6165199999999995,6.651479999999999,6.800265,6.719916448560784,7.265007999834366,6.335522000165635,2.972471814214739,35.213836902911964,547242.25,2.252947348929077,-0.9870012091898382,-6.477357089829261,-0.0146990160151798
2010-05-17,6.5832,6.5832,6.2757,6.362,631507,0,-2.880608179278543,6.575480000000001,6.583679999999999,6.77632,6.685829167745471,7.27996806258704,6.2726719374129605,3.021464621441268,31.86013815025369,554921.6,4.899851809359914,-3.3600680520111745,-9.630681818181818,-0.0292291208389996
2010-05-18,6.4375,6.5132,6.3517,6.367,475973,0,0.0785916378497342,6.529120000000001,6.51892,6.750375,6.655464485103045,7.282889143622691,6.2178608563773095,3.034405388915257,31.403076923076924,556828.8,2.5426263834878884,-1.0951456310679613,-9.232172896530088,0.0007856077079359
2010-05-19,6.3779,6.5946,6.1515,6.5562,1551915,0,2.971572168996373,6.496720000000001,6.49838,6.73284,6.646010724617041,7.2667467665508045,6.198933233449196,3.099992694771218,37.05815923207228,612740.2,7.203121189953659,2.795591025259086,-3.0377425461429297,0.0292827657877292
2010-05-20,6.4052,6.4052,6.0271,6.2107,643656,0,-5.269820932857439,6.409319999999999,6.49028,6.695600000000001,6.604552560367798,7.266717910215342,6.124482089784659,2.7196597351378253,31.158904239661965,628795.85,6.2733321166066585,-3.036595266346089,-1.2874103978256946,-0.0541375558127424
2010-05-21,6.1135,6.2647,5.9948,6.2053,629258,0,-0.0869467209815288,6.34024,6.47838,6.657514999999999,6.566528506999437,7.253477062639547,6.061552937360451,2.7111973744887723,29.897403785944803,635904.2,4.502235270567837,1.5015948311114762,-1.8816311686668863,-0.0008698454156707
2010-05-24,6.1515,6.2862,6.1515,6.2483,425959,0,0.6929560214655295,6.3175,6.44649,6.62051,6.536221030142348,7.2218498790248224,6.019170120975178,2.3548643298339784,31.699861489229605,638860.55,2.189709826871488,1.5735999349752092,-4.855950785722973,0.0069056611553966
2010-05-25,6.1353,6.2157,5.984,6.2157,680351,0,-0.5217419138005552,6.287240000000001,6.40818,6.58352,6.505695217747839,7.189096449518022,5.977943550481978,2.331031674037335,35.429456040143066,654110.65,3.871991978609626,1.310449366779131,-5.805601018366968,-0.0052310773971913
2010-05-26,6.2595,6.3886,6.1837,6.1837,424880,0,-0.5148253615843701,6.21274,6.35473,6.544135,6.475029006533759,7.145941936256675,5.942328063743324,2.178111930091733,46.237982443918085,656635.8,3.313550139883893,-1.2109593418004647,-7.956000119079521,-0.0051615515338278
2010-05-27,6.3517,6.362,6.281,6.3406,476431,0,2.537315846499677,6.238720000000001,6.32402,6.510434999999999,6.462226244006734,7.075690494258841,5.945179505741158,2.415570296528826,50.52253638520229,658931.9,1.2896035663111034,-0.1747563644378652,-4.619642884004993,0.0250566033767082
2010-05-28,6.3349,6.3836,6.2973,6.3406,284429,0,0.0,6.26578,6.30301,6.477245000000001,6.450642792196569,6.996455211865676,5.958034788134325,2.391471061335958,41.39580801944109,662801.2,1.3704285963825844,0.0899777423479461,-3.2072908238814146,0.0
2010-06-01,6.281,6.3296,6.2217,6.2595,292792,0,-1.2790587641548168,6.26802,6.2927599999999995,6.438219999999999,6.432438716749276,6.892616555769381,5.983823444230618,2.248768708464252,37.58325404376785,661808.9,1.7342526962084297,-0.3423021811813347,-1.6111285759195182,-0.0128730914777098
2010-06-02,6.2757,6.2917,6.1944,6.2757,515698,0,0.2588066139467937,6.2800199999999995,6.2836300000000005,6.401275,6.417511219916012,6.770530945325513,6.032019054674487,2.251428513135664,32.48357216372413,673830.5,1.570773601963059,0.0,-1.4339563373645392,0.0025847228634673
2010-06-03,6.3185,6.3517,6.2757,6.3079,383228,0,0.5130901732077753,6.30486,6.2588,6.37859,6.407072056114487,6.708264441645133,6.048915558354867,1.9959172342860931,36.128347485303706,661766.2,1.211020284589775,-0.1677613357600722,-3.787254812238794,0.0051177835088612
2010-06-04,6.2324,6.3453,6.1837,6.2053,346965,0,-1.6265318093184655,6.2778,6.25826,6.37427,6.387855669817869,6.710928872170142,6.037611127829858,1.1582911813059729,35.96391417425228,537286.5,2.613322121060206,-0.4348244656953966,-0.0869467209815288,-0.0163990504957041
2010-06-07,6.2432,6.2541,6.1676,6.1837,267097,0,-0.3480895363640823,6.2464200000000005,6.2561,6.36724,6.368412272692358,6.714012392515426,6.020467607484574,1.1633345920782985,41.61572463086616,506535.05,1.402490433880278,-0.9530369041517152,-0.3480895363640823,-0.0034869677756228
2010-06-08,6.1245,6.1676,6.0436,6.1404,331082,0,-0.7002280188236898,6.2226,6.24531,6.345899999999999,6.346696818150228,6.693389389463652,5.998410610536347,1.150646778215407,39.7149600580973,499137.4,2.051757230789605,0.2596130296350618,-1.726869708560741,-0.0070269112016722
2010-06-09,6.1944,6.2157,6.1245,6.146,286490,0,0.0911992704058395,6.19666,6.23834,6.323259999999999,6.327582835469254,6.660214586351794,5.986305413648205,1.1460331634441052,27.657952069716817,497021.75,1.489101151114372,-0.7813508975849154,-1.1213539907009684,0.0009115770913835
2010-06-10,6.1944,6.2267,6.1404,6.1896,286261,0,0.7094044907256736,6.173,6.23893,6.29683,6.314441613043611,6.582348498617838,6.011311501382162,1.1628718304439687,48.287615646810615,493940.55,1.4054458992899566,-0.0774893452150244,0.095412131895145,0.0070690005448147
2010-06-11,6.1837,6.2541,6.1785,6.2378,181506,0,0.778725604239372,6.1795,6.22865,6.276335,6.307142411801363,6.5099328305152,6.042737169484801,0.8222227121408415,52.46623159811804,484699.55,1.2235979606700746,0.8748807348351317,-1.621297668990318,0.0077570918603294
2010-06-14,6.2595,6.3243,6.2267,6.2483,248008,0,0.1683285773830478,6.19242,6.21942,6.261215,6.301538372582185,6.455953834827135,6.066476165172865,0.827573977197988,50.0,468174.3,1.567443429103697,-0.1789280293953136,-1.455698198908617,0.0016818706361637
2010-06-15,6.3134,6.3562,6.2541,6.3562,461835,0,1.72686970856073,6.235580000000001,6.22909,6.260925,6.3067442418600725,6.4550481933873,6.066801806612701,0.910967007802524,60.01140088356847,459690.7,1.6325290609360272,0.6779231475908483,1.5448518252256571,0.0171212877608398
2010-06-16,6.3349,6.4105,6.3185,6.4052,463933,0,0.7709008527107208,6.28742,6.24204,6.262835,6.316120980730542,6.462037898679867,6.063632101320133,0.931478651622716,65.40976763600943,459088.7,1.456041782068523,1.109725488957988,2.063514827031243,0.0076794459557436
2010-06-17,6.3779,6.4429,6.3779,6.4429,290583,0,0.5885842752763493,6.33808,6.255540000000001,6.25717,6.328195173041919,6.4252596139449025,6.089080386055098,0.934523725661658,58.53211009174308,396022.1,1.019144232427594,1.019144232427594,2.1401734333137856,0.0058685888497118
2010-06-18,6.4698,6.4857,6.4213,6.454,278525,0,0.1722826677427846,6.38132,6.280410000000001,6.269335,6.340176585133165,6.457304709486838,6.081365290513162,0.6785381919356033,59.285948247625235,377765.55,1.0029121828913152,-0.2442115675909685,4.007864245080817,0.0017213443138737
2010-06-21,6.5132,6.5182,6.3886,6.4318,259965,0,-0.3439727300898587,6.41802,6.30522,6.280659999999999,6.348902624644292,6.479371209654764,6.081948790345234,0.6780377795524188,65.6153706724669,359300.9,2.02861346773941,-1.2497696984585205,4.012161003929693,-0.0034456567639127
2010-06-22,6.4213,6.4966,6.4052,6.4429,288082,0,0.1725799931589833,6.43536,6.33547,6.29039,6.35785475563055,6.5011232451986,6.079656754801401,0.5685530042979189,65.29454811562385,352407.05,1.4269655904577554,0.3363804837026815,4.926389160315292,0.001724312450039
2010-06-23,6.4857,6.5295,6.4105,6.5237,272530,0,1.254093653479016,6.459059999999999,6.37324,6.30579,6.373649540808593,6.5375122193656034,6.074067780634397,0.5975856682018154,68.12836021505373,332016.0,1.856329459480536,0.5859043742387138,6.1454604620891695,0.0124629503267121
2010-06-24,6.4645,6.5182,6.454,6.4857,328252,0,-0.5824915308797141,6.467619999999999,6.402849999999999,6.32089,6.384321013112537,6.55840058835197,6.083379411648031,0.7018092362838297,76.4229174519411,327184.6,0.9947319491788114,0.3279449300023117,4.783830942225653,-0.0058419462962172
2010-06-25,6.5295,6.545,6.4966,6.5182,638517,0,0.5011024253357421,6.480459999999999,6.43089,6.32977,6.3970713928161045,6.583134410744543,6.076405589255457,0.693709985132456,80.88642659279775,335288.9,0.7450050795800881,-0.1730607244046163,4.49517458078168,0.0049985108572013
2010-06-28,6.5562,6.5724,6.5182,6.5614,435192,0,0.6627596575741634,6.50638,6.4622,6.34081,6.412721736357428,6.614581621304928,6.067038378695073,0.6895792510507768,88.8806797192464,342827.05,0.8315179037157467,0.0793142369055293,5.010962981931066,0.0066057306168876
2010-06-29,6.5132,6.5403,6.4213,6.5021,354850,0,-0.9037705367756832,6.5182199999999995,6.476789999999999,6.35294,6.421233951942435,6.632969016542236,6.072910983457764,0.6676947524547183,79.9193412871787,345929.95,1.853207294473092,-0.1704231406988866,2.295396620622392,-0.0090787931739231
2010-06-30,6.5133,6.5133,6.4469,6.4746,328240,0,-0.4229402808323623,6.5084,6.4837299999999995,6.362885,6.426316432709823,6.6454798431390225,6.080290156860978,0.6668070201334964,74.61139896373052,336557.05,1.029952380213743,-0.5941688544977262,1.08349466058828,-0.0042383720309515
2010-07-01,6.4318,6.4645,6.3406,6.4375,365789,0,-0.5730083711735001,6.49876,6.483189999999999,6.369365,6.427381534356506,6.652593940500771,6.086136059499229,0.675261302102855,67.58232083113225,335685.1,1.954073746964008,0.0886221586492123,-0.0838131897127003,-0.0057465636257512
2010-07-02,6.4052,6.4318,6.362,6.4318,257170,0,-0.0885436893203861,6.48148,6.480970000000001,6.3806899999999995,6.427802340608268,6.654245227947096,6.107134772052903,0.672627568103803,66.29373113123776,331195.35,1.0971392643822675,0.4152875788421936,-0.3439727300898587,-0.0008858291239972
2010-07-06,6.4587,6.5132,6.4213,6.4751,355136,0,0.6732174507913857,6.46422,6.4853,6.39526,6.432306879597957,6.655347713140511,6.13517228685949,0.6967576003376301,61.92577733199599,335597.3,1.4311743727905684,0.2539210677071232,0.6732174507913857,0.0067096146159307
2010-07-07,6.4645,6.5021,6.4264,6.4914,390947,0,0.251733563960399,6.46208,6.49015,6.41281,6.437934795826723,6.646519634511505,6.1791003654884955,0.698508659104832,59.25289823958779,338590.55,1.1779534420515425,0.4161188026916154,0.752766611308564,0.0025141724576577
2010-07-08,6.4587,6.545,6.4587,6.545,350237,0,0.8257078596296763,6.47616,6.492279999999999,6.43276,6.448131481938463,6.636809781336564,6.228710218663436,0.6278779144719,60.59788249948101,341777.9,1.3361822038490656,1.3361822038490656,0.3265018317825774,0.0082231754224177
2010-07-09,6.5021,6.545,6.4751,6.5343,218020,0,-0.1634835752482799,6.495520000000001,6.49714,6.4499949999999995,6.456338007468133,6.623512885928748,6.276477114071251,0.5952722649483848,58.34199044255145,338365.85,1.0795200074130071,0.4952246197382317,0.7493408575789839,-0.0016361735547083
2010-07-12,6.5614,6.5614,6.5021,6.5078,185935,0,-0.405552239719642,6.510719999999999,6.4961,6.463495,6.461239149614025,6.606900842574664,6.320089157425336,0.5924171716624956,57.825370675453,338587.3,0.912013041940288,-0.8168988325662254,-0.1595532508974928,-0.0040637683300814
2010-07-13,6.5777,6.5946,6.545,6.5777,231927,0,1.0740957005439755,6.5312399999999995,6.49773,6.479965,6.472330659174594,6.591408679900705,6.368521320099295,0.655571933755121,62.38060249816311,337783.25,0.7578304048892264,0.0,0.2484225927393613,0.010683682682435
2010-07-14,6.5343,6.5672,6.5182,6.5343,293407,0,-0.6598050990467841,6.539820000000001,6.5009500000000005,6.48887,6.478232501157966,6.586248352724226,6.391491647275775,0.6207084408419993,51.04536489151875,329361.85,0.7517412782669983,0.0,0.4952246197382326,-0.0066199143523535
2010-07-15,6.5562,6.5562,6.4966,6.545,205839,0,0.1637512816981212,6.539820000000001,6.5079899999999995,6.49586,6.484591310571493,6.587872342423342,6.403847657576659,0.5982397052395227,56.18094642484888,316457.15,0.9174029492349792,-0.1708306641042014,1.087325857968069,0.0016361735547084
2010-07-16,6.545,6.5777,6.5343,6.5562,253273,0,0.1711229946524062,6.544199999999999,6.5198599999999995,6.501524999999999,6.49141118575516,6.593759366812959,6.409290633187039,0.5480429822426847,54.1448516579406,314591.65,0.6641874416540426,0.1711229946524011,1.8438834951456151,0.0017097674607543
2010-07-19,6.5777,6.5988,6.5343,6.5343,333988,0,-0.3340349592751868,6.5495,6.5301100000000005,6.505540000000001,6.495495834730859,6.5960383489254335,6.415041651074568,0.5667964304565907,46.90002287805995,317364.8,0.9870988476194816,-0.6598050990467809,1.593644080972667,-0.0033459410154627
2010-07-20,6.4804,6.5884,6.4804,6.5562,260925,0,0.3351544924475425,6.5451999999999995,6.53822,6.51176,6.501277183804111,6.59791450991841,6.4256054900815895,0.5423162761790861,56.767575681761215,317412.8,1.666563792358491,1.1696808838960433,1.2524903090299633,0.0033459410154627
2010-07-21,6.5614,6.5884,6.5237,6.5562,256566,0,0.0,6.549580000000001,6.544700000000001,6.517425,6.506507928203719,6.59930902260654,6.435540977393461,0.5416668338097503,60.96184846856529,315837.0,0.9917684749452028,-0.0792513792788172,0.9982438302985396,0.0
2010-07-22,6.6099,6.6859,6.5988,6.6859,334515,0,1.9782801012781848,6.57776,6.558789999999999,6.5255350000000005,6.523592887422413,6.636869229381228,6.414200770618773,0.7822662966740308,76.7211703958692,318936.25,1.3199369582348366,1.1497904658164348,2.152788388082505,0.0195896644376526
2010-07-23,6.6805,6.7014,6.6531,6.7014,190642,0,0.2318311670829631,6.6068,6.5755,6.536319999999999,6.540526898144088,6.67079212350644,6.401847876493558,0.7708665946124933,78.40286557100714,312055.75,0.7259773639355991,0.3128508345183631,2.557274688949085,0.0023156285324286
2010-07-26,6.6968,6.7987,6.6968,6.7987,421441,0,1.4519354164801437,6.65968,6.60459,6.550345,6.565114812606556,6.728330209025664,6.372359790974336,0.8163344579317537,80.60915626182367,301201.95,1.5216222673515791,1.5216222673515791,4.470020590675805,0.0144149576422231
2010-07-27,6.8638,6.8638,6.7721,6.7987,356657,0,0.0,6.7081800000000005,6.626689999999999,6.56221,6.587361020929741,6.772080344938344,6.352339655061656,0.7941746914899943,79.9921920749561,297275.2,1.3540851434562444,-0.9484542090387272,3.3598370250999654,0.0
2010-07-28,6.8191,6.8191,6.7778,6.8042,395627,0,0.0808978187006204,6.7577799999999995,6.65368,6.5773150000000005,6.608012352269766,6.8110936382126015,6.343536361787399,0.7225133934204672,77.91900043084875,299314.05,0.609342264451587,-0.2185039081403691,4.130511301899209,0.0008086511405231
2010-07-29,6.816,6.8191,6.7778,6.816,339763,0,0.1734222979924204,6.783799999999999,6.68078,6.594385,6.627820699672645,6.845777586877911,6.342992413122089,0.7221566770289448,80.27079303675046,299890.2,0.609342264451587,0.0,4.140565317035905,0.0017327209515694
2010-07-30,6.784,6.816,6.784,6.7945,281412,0,-0.3154342723004633,6.802420000000001,6.70461,6.612235,6.64369491875144,6.867393264819283,6.357076735180717,0.7555721022454173,81.14273300021736,295671.35,0.4716981132075475,0.1547759433962322,3.634727433574336,-0.0031593281485994
2010-08-02,6.8472,6.8688,6.8101,6.8638,306984,0,1.019942600632873,6.815440000000001,6.737559999999999,6.6338349999999995,6.66465730744178,6.897672759358814,6.369997240641185,0.738463969939904,81.11812051337839,298162.05,0.8619550373709632,0.2424348638859737,5.042621244815826,0.0101477628536025
2010-08-03,6.8688,6.8805,6.8409,6.8472,386877,0,-0.241848538710343,6.82514,6.76666,6.65244,6.682042325780658,6.921572770208907,6.383307229791094,0.7740771616062412,86.1399861399862,299749.1,0.5788712011577306,-0.3144654088050356,4.438546719136083,-0.0024214146467547
2010-08-04,6.8688,6.8805,6.8472,6.8805,379869,0,0.4863301787591867,6.8404,6.79909,6.671894999999999,6.70094305665869,6.948171623199708,6.39561837680029,0.7586313590645003,86.82766190998908,299195.2,0.4863301787591959,0.1703354297693829,4.946462890088776,0.0048515141379363
2010-08-05,6.8688,6.8805,6.8409,6.8585,254478,0,-0.3197442046362853,6.8489,6.81635,6.687569999999999,6.7159484798340525,6.969057268853552,6.406082731146446,0.5846545133357403,82.41475444992511,294407.25,0.5788712011577306,-0.1499534125320285,2.58155222184,-0.0032025647868746
2010-08-06,6.8042,6.8688,6.7987,6.8409,275687,0,-0.2566158781074579,6.85818,6.830299999999999,6.7029,6.727848624611762,6.982631021180778,6.423168978819222,0.6069447401313042,83.18181818181831,297290.6,1.0310794710753537,0.5393727403662535,2.081654579640091,-0.0025694570102475
2010-08-09,6.8472,6.8805,6.8371,6.8638,293823,0,0.3347512754169779,6.85818,6.83681,6.720700000000001,6.740796374648737,6.993375963467528,6.448024036532473,0.4293494749312527,83.21814254859625,302685.0,0.6347720524783784,0.2424348638859737,0.9575359995293242,0.0033419223059404
2010-08-10,6.8309,6.8741,6.8191,6.8371,425692,0,-0.3889973484075826,6.85616,6.840649999999999,6.733669999999999,6.749968148491715,7.0023542803861565,6.464985719613842,0.455835696200554,78.68082499489498,312373.25,0.8065580501825842,0.0907640281661369,0.5648138614735121,-0.0038975591092399
2010-08-11,6.7987,6.8101,6.6694,6.6746,439096,0,-2.376738675754353,6.81498,6.82769,6.740684999999999,6.742790229587742,6.994359082447485,6.487010917552514,0.8938008611602264,48.91866028708131,319657.7,2.1096350496296488,-1.8253489637724905,-1.9047059169336575,-0.0240543877256776
2010-08-12,6.6375,6.6746,6.5777,6.6746,581976,0,0.0,6.778200000000001,6.813550000000001,6.747165,6.736295922007957,6.985977794112646,6.508352205887354,0.8876597899665535,47.35700197238661,338464.55,1.4731593110053631,0.5589453860640254,-2.074530516431927,0.0
2010-08-13,6.6968,6.7338,6.6589,6.7338,212837,0,0.8869445360021544,6.756780000000001,6.807480000000001,6.7560449999999985,6.736058215150057,6.97753933615259,6.534550663847407,0.950382608796258,43.079547878012285,336442.75,1.1248104041207934,0.5525026878509127,-0.8933696372065758,0.0088303428710279
2010-08-16,6.6642,6.7556,6.6642,6.7182,218067,0,-0.2316671121803337,6.72766,6.79292,6.76524,6.7343574327548135,6.96184497825333,6.568635021746671,0.8674040705240342,41.69246646026831,330646.7,1.371507457759373,0.8102998109300482,-2.121273929893064,-0.0023193587560587
2010-08-17,6.7721,6.7721,6.6968,6.7443,210207,0,0.3884969188175269,6.709100000000001,6.78263,6.774645,6.735304343921022,6.945448604979494,6.603841395020505,0.88756316944019,44.070481092852894,328110.8,1.1244176323020003,-0.4105078188449675,-1.5028040658955466,0.0038774421838669
2010-08-18,6.7338,6.784,6.7225,6.784,234884,0,0.5886452263392794,6.73098,6.77298,6.786035,6.739942025452353,6.922417238001915,6.649652761998085,0.8962318352764663,46.99812382739211,327026.7,0.9148382298252088,0.7454928866316233,-1.402514352154638,0.0058691947936656
2010-08-19,6.784,6.7987,6.7556,6.7885,228958,0,0.0663325471698117,6.75376,6.765980000000001,6.791165000000001,6.744566594456891,6.919147947467273,6.663182052532729,0.895824076449503,49.41860465116276,321748.85,0.6379892237551056,0.0663325471698138,-1.0206313333819383,0.0006631055685969
2010-08-20,6.7885,6.7885,6.7502,6.7778,580471,0,-0.157619503572215,6.762559999999999,6.75967,6.794985,6.747731680699092,6.9160611269888514,6.673908873011148,0.894433255557002,40.59903804110181,341240.3,0.5673905958341909,-0.1576195035722167,-0.9223932523498402,-0.0015774385379572
2010-08-23,6.7987,6.8191,6.7556,6.784,505263,0,0.0914751099176713,6.77572,6.751689999999999,6.79425,6.751185806346797,6.9154096163409395,6.67309038365906,0.8848849658306583,42.930648769574894,345431.4,0.93996092130972,-0.2162178063453363,-1.1626212884990883,0.0009143329693603
2010-08-24,6.7443,6.7668,6.7127,6.7282,288428,0,-0.8225235849056545,6.772499999999999,6.7408,6.790725,6.748996681932816,6.915390985316934,6.666059014683066,0.9101511514300192,33.78061767838123,342019.95,0.8059350186959054,-0.2387201043844399,-1.5927805648593751,-0.0082592497447267
2010-08-25,6.7014,6.7616,6.6642,6.7616,363575,0,0.4964180612942348,6.76802,6.7495,6.788594999999999,6.750196997939215,6.913746352160788,6.66344364783921,0.486217380445351,39.92514036182146,340417.35,1.4615407700849237,0.8983197540812372,1.3034488958139745,0.0049518996947251
2010-08-26,6.7127,6.7395,6.6968,6.7395,286635,0,-0.3268457169900651,6.75822,6.75599,6.784769999999999,6.749178236230718,6.91106561145974,6.658474388540258,0.5065368594086379,39.555006180469576,337760.95,0.6376179667901082,0.3992432255277268,0.9723429119347982,-0.0032738102434132
2010-08-27,6.7282,6.7502,6.6918,6.7502,492499,0,0.1587654870539578,6.7527,6.757630000000001,6.7825549999999994,6.749275547065888,6.90968323985538,6.655426760144619,0.4265365389734259,37.9966187658495,348315.3,0.8727098837383167,0.326981956541129,0.2435474769075574,0.0015863958789322
2010-08-30,6.7182,6.7443,6.7014,6.7225,244838,0,-0.4103582116085524,6.740399999999999,6.75806,6.77549,6.746725494964375,6.899268340084164,6.6517116599158355,0.4419551620767787,37.91649093209611,345208.0,0.6401647416957708,0.0640052394986714,0.0640052394986767,-0.0041120249142366
2010-08-31,6.6962,6.7449,6.6736,6.7449,251911,0,0.3332093715135764,6.74374,6.75812,6.770375,6.746551638301101,6.890063435444928,6.6506865645550715,0.4369740751518519,60.52080215504352,338459.7,1.0683888755694064,0.727278157761121,0.0088964014056447,0.0033265545920467
2010-09-01,6.7338,6.7502,6.7127,6.7338,459364,0,-0.1645687853044641,6.73818,6.753100000000001,6.763039999999999,6.745337196558139,6.871793171038064,6.654286828961935,0.386580406363368,58.574739281575866,342434.45,0.5586425730332136,0.0,-0.7399764150943455,-0.0016470434848014
2010-09-02,6.7395,6.7502,6.6746,6.7502,491511,0,0.2435474769075574,6.74032,6.74927,6.757625,6.745800320695459,6.85672118666142,6.65852881333858,0.3976109898457118,52.71164021164036,354286.1,1.1326521439487094,0.1587654870539479,-0.5641894380201795,0.0024325138069913
2010-09-03,6.7182,6.7721,6.7182,6.7225,492788,0,-0.4103582116085524,6.734780000000001,6.74374,6.751704999999999,6.7435812425339865,6.843750034174032,6.659659965825967,0.4125505804753172,50.68362480127181,365141.15,0.8022982346461793,0.0640052394986714,-0.8158989642656933,-0.0041120249142366
2010-09-07,6.6918,6.7282,6.6805,6.6918,702657,0,-0.4566753439940507,6.72864,6.734520000000001,6.743105,6.738649695625988,6.822294964145482,6.663915035854518,0.4233442793197507,41.773738639924815,385582.85,0.7140184117955221,0.0,-1.3590801886792514,-0.0045772129144735
2010-09-08,6.7338,6.7395,6.6419,6.6531,601925,0,-0.578319734600552,6.71028,6.72701,6.733905,6.730502105566369,6.809800398239915,6.658009601760085,0.3846097810437831,29.42470921094015,394394.5,1.4694590403348426,-1.198431791856,-1.1161974971017452,-0.0057999847864532
2010-09-09,6.6968,6.7127,6.6531,6.6746,340122,0,0.3231576257684221,6.69844,6.71831,6.733905,6.72517809551243,6.809800398239915,6.658009601760085,0.3570989103453235,33.005073112503794,389445.8,0.895822999804597,-0.331501612710545,-1.2866777094178827,0.003226365937144
2010-09-10,6.6805,6.7282,6.6746,6.7282,147975,0,0.8030443771911422,6.694039999999999,6.717180000000001,6.736585000000001,6.725465895939817,6.807269391936755,6.665900608063247,0.4532872717533731,43.43915343915349,367745.75,0.8030443771911472,0.7140184117955221,-0.1676682246457339,0.007998371347775
2010-09-13,6.7282,6.7556,6.6968,6.7182,296788,0,-0.148628162064146,6.69318,6.713979999999999,6.735804999999999,6.724773905850311,6.806961505789001,6.664648494210997,0.4505442515445932,41.38292299633328,371943.3,0.878031298530651,-0.1486281620641447,-0.4740600278510309,-0.0014873872328058
2010-09-14,6.7182,6.7668,6.6968,6.7668,298452,0,0.7234080557292133,6.7081800000000005,6.71841,6.738235,6.7287763910074245,6.810175158613693,6.666294841386308,0.489778799166398,55.15216230646016,375962.55,1.0452753553936251,0.7234080557292062,0.6589810338415658,0.0072080401069304
2010-09-15,6.7778,6.7778,6.7127,6.7443,482388,0,-0.3325057634332329,6.72642,6.718349999999999,6.738235,6.730254829959098,6.810175158613693,6.666294841386308,0.494759033967748,47.621666208413586,389571.6,0.9698035067856474,-0.4942606745551667,-0.0088956100164572,-0.0033305979230633
2010-09-16,6.7338,6.816,6.7338,6.816,335906,0,1.0631199679729475,6.7547,6.72657,6.739834999999999,6.73842103662966,6.817274070108426,6.662395929891573,0.5920756073032528,59.254778611178295,394622.7,1.2207074757195089,1.2207074757195089,1.220707475719518,0.0105750858310782
2010-09-17,6.8101,6.8741,6.7945,6.8741,333696,0,0.852406103286385,6.783880000000001,6.7389600000000005,6.744114999999999,6.751342842664931,6.840116409530739,6.648113590469259,0.6355608150384223,63.44692858693286,399859.6,1.1715358010155288,0.9397806199615286,1.835501170335685,0.0084879363653683
2010-09-20,6.8741,6.9222,6.8638,6.9132,384462,0,0.5688017340451657,6.82288,6.75803,6.750884999999999,6.7667578100301755,6.872553821851925,6.629216178148074,0.6086996890660091,70.19699216267732,390059.15,0.8508406422098513,0.5688017340451763,2.836742283376714,0.0056719016518175
2010-09-21,6.9132,6.9388,6.8805,6.9336,444943,0,0.2950876583926565,6.85624,6.782210000000001,6.7583649999999995,6.782647542408254,6.90453350081973,6.612196499180269,0.5510578219948209,70.07019783024882,387043.15,0.8473221422861714,0.2950876583926462,3.613377566574027,0.0029465312937976
2010-09-22,6.9336,6.9614,6.8585,6.8859,399074,0,-0.6879543094496343,6.8845600000000005,6.805490000000001,6.766250000000001,6.7924811097979445,6.922250425101623,6.610249574898379,0.5724098812913462,65.00888099467147,392575.45,1.500328060071444,-0.6879543094496344,3.4991207106461752,-0.0069033162461095
2010-09-23,6.8585,6.9336,6.8585,6.9336,292901,0,0.6927199058946565,6.90808,6.831390000000001,6.774849999999999,6.805921004102903,6.947812928794435,6.601887071205563,0.5826107501995769,67.04460966542752,389041.75,1.0949916162426176,1.0949916162426176,3.880382345009448,0.0069033162461096
2010-09-24,6.9439,6.9884,6.8805,6.9015,328739,0,-0.462962962962965,6.913560000000001,6.84872,6.78295,6.815023765616912,6.963929923284007,6.601970076715992,0.6176775015571231,66.50073746312691,391146.95,1.568199985466184,-0.6106078716571346,2.5757260485716804,-0.0046403795565022
2010-09-27,6.9278,6.9336,6.8741,6.8805,313275,0,-0.3042816778961232,6.90702,6.86495,6.789465,6.82125959746292,6.974809496035981,6.604120503964019,0.6308378015002635,67.71165759339218,382185.75,0.8655678561557132,-0.6827564306129043,2.4158256675895107,-0.0030474555582967
2010-09-28,6.9015,6.9278,6.8585,6.8859,244859,0,0.0784826684107287,6.89748,6.876860000000001,6.797635,6.827415826275976,6.984945710347356,6.6103242896526435,0.6085894152851827,73.30796956347616,382186.8,1.0104250200481175,-0.2260378178656822,1.760063841106585,0.0007845188686892
2010-09-29,6.8914,6.9497,6.8741,6.9497,244039,0,0.9265310271714622,6.91024,6.8974,6.807875,6.839061938059216,7.0051729672856275,6.610577032714373,0.6217267565580429,75.39228355178142,381793.2,1.0997803348801976,0.8459819485155414,3.045534747861156,0.0092226505855307
2010-09-30,6.9222,6.9884,6.9168,6.967,411942,0,0.2489316085586335,6.91692,6.9125,6.819534999999999,6.85124651538691,7.025761939636608,6.613308060363391,0.5613908690434933,73.62485160269088,379422.1,1.035160767985197,0.6471930889023649,2.215375586854451,0.0024862228705625
2010-10-01,6.9774,6.983,6.9439,6.9614,403008,0,-0.0803789292378232,6.9289000000000005,6.9212299999999995,6.830095,6.8617373234453,7.042897567011344,6.617292432988656,0.5208077711526485,74.27145708582836,374996.95,0.5630841457970228,-0.229311778026199,1.2699844343259548,-0.0008041125041992
2010-10-04,6.9555,6.9884,6.9388,6.9497,293547,0,-0.1680696411641369,6.942740000000001,6.92488,6.841454999999999,6.870114721212414,7.0543306046449,6.628579395355098,0.5032648330806725,69.70480499892264,365034.9,0.7148210065141056,-0.083387247501974,0.5279754672221193,-0.0016821103663632
2010-10-05,6.9555,6.9774,6.9439,6.9555,332610,0,0.0834568398635937,6.956659999999999,6.9270700000000005,6.854639999999999,6.878246652525518,7.0610549464199766,6.648225053580021,0.4963942119177665,73.60303978542689,346532.55,0.4824378231253343,0.0,0.3158532364139876,0.0008342203400689
2010-10-06,6.9555,7.0044,6.9336,7.0044,404481,0,0.7030407591114951,6.9676,6.93892,6.872204999999999,6.890261257046897,7.065798697973446,6.678611302026552,0.4659921887295222,72.18558643429112,336660.35,1.0211145725164446,0.7030407591115032,1.7209079423169182,0.0070058094981204
2010-10-07,6.983,7.0044,6.9439,7.0044,306975,0,0.0,6.97508,6.946,6.888695,6.901131613518621,7.066998319035971,6.71039168096403,0.4300434862266064,67.77626193724419,335003.0,0.871268307435306,0.3064585421738616,1.021114572516435,0.0
2010-10-08,6.9774,6.9933,6.9555,6.9933,242501,0,-0.1584718177145894,6.98146,6.95518,6.901950000000001,6.9099095550882765,7.069081848362713,6.734818151637289,0.3949034038204913,61.83161004431307,339729.3,0.5434548199266743,0.2278785794135259,1.3301456205172757,-0.0015859751711594
2010-10-11,6.9993,6.9993,6.9555,6.9993,232108,0,0.0857964051306225,6.9913799999999995,6.967060000000001,6.916005000000001,6.918422930794155,7.064289299840681,6.767720700159321,0.3650562109170078,60.13576056772591,336495.3,0.6297174897563089,0.0,1.726618705035965,0.0008575962105306
2010-10-12,6.967,7.0044,6.967,7.0044,212904,0,0.072864429300079,7.0011600000000005,6.978910000000001,6.927885000000001,6.926611223099473,7.063355303991133,6.792414696008868,0.3652202961497172,71.04795737122544,332217.9,0.536816420266984,0.536816420266984,1.7209079423169182,0.0007283789606287
2010-10-13,6.9933,7.0462,6.983,6.9933,507043,0,-0.1584718177145894,6.99894,6.98327,6.940334999999999,6.932962535185238,7.047596201600166,6.833073798399832,0.2627371438174775,62.1886484279295,333450.65,0.9050551338966082,0.0,0.6273652100090565,-0.0015859751711594
2010-10-14,6.9884,7.04,6.9774,7.04,277634,0,0.6677820199333606,7.00606,6.99057,6.951535000000002,6.94315657945331,7.050597665442135,6.852472334557868,0.3223237683705175,76.68593448940226,330537.05,0.8971823315274997,0.7383664358079052,1.0477967561360657,0.0066556223255017
2010-10-15,7.0639,7.0639,6.967,6.9933,356353,0,-0.66335227272728,7.00606,6.99376,6.957495,6.9479321433149,7.051136432014694,6.863853567985306,0.4023212811392151,69.77559607293105,331669.9,1.3908425434189846,-0.9994478970540446,0.4582411583876622,-0.0066556223255018
2010-10-18,6.9993,7.0359,6.9714,6.9993,291408,0,0.0857964051306225,7.00606,6.9987200000000005,6.961799999999999,6.952824320142052,7.054781446934173,6.868818553065825,0.3952274425927242,69.83904828551407,327017.2,0.9252087098717584,0.0,0.7136998719369236,0.0008575962105306
2010-10-19,6.9774,7.0146,6.9614,6.983,296436,0,-0.2328804309002397,7.001779999999999,7.001469999999999,6.964270000000001,6.9556981944142375,7.056720318950085,6.871819681049916,0.4066882284420116,56.98699118757852,319591.85,0.7642140948659676,0.0802591223091607,0.3953705700524779,-0.0023315201910817
2010-10-20,6.9884,7.0103,6.9497,7.0044,490838,0,0.3064585421738597,7.004,7.00147,6.9701949999999995,6.960336461612882,7.056480925547889,6.88390907445211,0.3502973425430906,57.714521452145235,324180.05,0.8719800854713151,0.2289508328086545,0.0,0.0030598991517104
2010-10-21,7.0195,7.0639,7.0103,7.0518,252276,0,0.6767174918622443,7.006360000000001,7.00621,6.976105,6.969047274792607,7.067855932307166,6.884354067692833,0.4103898779185249,65.9042927515831,322148.8,0.7645892472504787,0.4601467340978734,0.6767174918622443,0.0067443803691176
2010-10-22,7.0582,7.0693,7.0359,7.0693,194145,0,0.248163589438155,7.021559999999999,7.013809999999999,6.984495000000001,6.978595153383788,7.078188980597935,6.890801019402066,0.405549117282052,70.62068965517213,315419.1,0.4747082818118552,0.1572638916437602,1.0867544649879155,0.002478561720961
2010-10-25,7.0582,7.096,7.0518,7.096,266550,0,0.3776894459140312,7.040900000000001,7.023480000000001,6.99527,6.989776567347237,7.088170129739135,6.9023698702608645,0.4141164555426308,72.59568993245388,313082.85,0.6267903230380898,0.5355473066787543,1.381566728101391,0.0037697799015909
2010-10-26,7.0796,7.1125,7.0753,7.091,272044,0,-0.0704622322435177,7.0625,7.03214,7.005525,6.999416894266548,7.092695368578886,6.918354631421115,0.4190748478780972,66.21722846441921,314442.1,0.5257727587522713,0.1610260466693044,1.2363657129804029,-0.0007048706854187
2010-10-27,7.0796,7.1165,7.0462,7.096,267651,0,0.0705119165138823,7.08082,7.042409999999999,7.01284,7.008615285288782,7.104712689947437,6.920967310052562,0.4080520188893414,66.83823529411735,315622.7,0.997700888422135,0.2316515057347868,1.4685484678192084,0.0007048706854186
2010-10-28,7.091,7.1224,7.0639,7.1023,236976,0,0.0887824126268199,7.09092,7.048640000000001,7.019605000000001,7.017537639070802,7.117023564643115,6.922186435356887,0.3646604701242892,70.39670658682616,306874.4,0.8281544189470342,0.1593569313213851,0.8849431818181763,0.0008874302435437
2010-10-29,7.1064,7.1518,7.0893,7.1173,361019,0,0.2111991889951259,7.10052,7.06104,7.0274,7.027038816302155,7.130018906641426,6.9247810933585745,0.2515861718869163,71.36133236784922,304774.95,0.8816103141353872,0.1533828661488285,1.7731257060329186,0.0021097647703008
2010-11-01,7.1435,7.1484,7.1125,7.1484,336343,0,0.4369634552428447,7.111,7.075950000000001,7.037335000000001,7.038597024273378,7.146542832282578,6.928127167717423,0.2618640485565842,73.8252812706814,306914.75,0.5047451669595757,0.0685938265555993,2.130213021302118,0.0043601154193819
2010-11-02,7.147,7.159,7.1058,7.1321,458014,0,-0.2280230541100047,7.11922,7.090860000000001,7.046165,7.047502069580675,7.156068522764602,6.936261477235399,0.2609514666061545,72.57644762524407,313184.95,0.7486841734920694,-0.208479082132362,2.1351854503794954,-0.0022828342255138
2010-11-03,7.1165,7.1278,7.0753,7.1165,352130,0,-0.2187294064861733,7.123320000000001,7.10207,7.05177,7.054073301049183,7.164112148439794,6.939427851560207,0.2909131567377405,63.8436482084691,310567.4,0.74201800630361,0.0,1.6004225915138948,-0.0021896896864482
2010-11-04,7.1278,7.2295,7.1125,7.2295,573523,0,1.5878592004496594,7.14876,7.119840000000001,7.0630250000000006,7.070780605711165,7.198173368762725,6.927876631237276,0.5219355964518918,84.47168709865744,323894.8,1.6449912126537785,1.4268077106540604,2.5199239910377536,0.0157538459575009
2010-11-05,7.3274,7.3274,7.2242,7.2508,891021,0,0.2946261843834286,7.175460000000001,7.13799,7.0759,7.087925309929149,7.230711736262103,6.9210882637378965,0.5221202927412743,85.13551271304844,356320.8,1.428531878962379,-1.0453912711193605,2.5674394918874466,0.002941930120583
2010-11-08,7.2048,7.2569,7.1875,7.2295,267696,0,-0.2937606884757526,7.19168,7.15134,7.08741,7.101408613745421,7.252153818988793,6.922666181011207,0.5471688221600768,83.96252411132556,358100.2,0.9655652173913032,0.3428270042194116,1.88134160090192,-0.0029419301205829
2010-11-09,7.2295,7.2954,7.2048,7.2793,370318,0,0.688844318417603,7.221119999999999,7.170170000000001,7.101155,7.118350650531571,7.281837978839677,6.9204720211603235,0.5598698279010473,85.12650140557128,365970.9,1.257495003331116,0.6888443184175986,2.655478775913122,0.0068648262533194
2010-11-10,7.2463,7.2463,7.1814,7.2152,283477,0,-0.880579176569174,7.24086,7.1820900000000005,7.11225,7.127574398099993,7.292297765592938,6.932202234407063,0.6669104585477612,70.02450980392166,354792.6,0.903723507951092,-0.4291845493562158,1.6798196166854629,-0.0088447918700019
2010-11-11,7.1659,7.1989,7.1659,7.1814,324100,0,-0.4684554828695009,7.23124,7.19,7.119319999999999,7.132700645899994,7.298525058669957,6.940114941330041,0.6969357734417282,63.20999292953101,357115.9,0.4605143806081632,0.2163022090735328,1.113723723300919,-0.0046955617441186
2010-11-12,7.1659,7.1989,7.096,7.1023,380385,0,-1.1014565405074284,7.20154,7.1885,7.124770000000001,7.12980534629047,7.294201397078761,6.95533860292124,0.7933344392234672,50.66079295154181,358317.5,1.4501127395715896,-0.887536806262997,-0.2107540780914241,-0.0110756748744205
2010-11-15,7.0851,7.1064,6.9388,7.1064,642294,0,0.0577277783253338,7.17692,7.184299999999999,7.130125000000001,7.127576265691378,7.28931998636729,6.970930013632713,0.778072485699703,51.61832702816305,375861.8,2.4154032397532745,0.300630901469282,-0.5875440658049347,0.0005771112225319
2010-11-16,7.0796,7.0796,6.7182,6.8409,718293,0,-3.736068895643352,7.089239999999999,7.15518,7.1230199999999995,7.10027376419696,7.318427898348847,6.927612101651152,1.4035622054015848,32.67689800353118,396954.65,5.379417105772375,-3.371659415786198,-4.082948921075136,-0.0380764845472769
2010-11-17,6.784,7.0249,6.7721,6.983,372764,0,2.0772120627402746,7.0428,7.141830000000001,7.12195,7.08910483427344,7.320304902557745,6.923595097442255,1.6103349363548063,43.16018805182891,391050.95,3.7329631871945144,2.9333726415094317,-1.8759221527436365,0.020559321937821
2010-11-18,6.983,7.0044,6.9222,6.9388,397373,0,-0.6329657740226313,6.994280000000001,7.11276,7.116300000000001,7.07479008815216,7.328987871131826,6.9036121288681755,1.4883539931102645,40.09763674692106,398305.8,1.1874837479414098,-0.6329657740226267,-4.02102496714849,-0.0063497749587814
2010-11-19,6.9278,7.0462,6.9222,7.0195,227184,0,1.163025306969501,6.97772,7.08963,7.113809999999999,7.069524365471002,7.329952671205992,6.8976673287940065,1.557099135202512,43.222210537385635,399957.75,1.7913380139262036,1.3236525303848183,-3.1899928283775636,0.0115631415247519
2010-11-22,6.983,7.04,6.9774,7.0249,261651,0,0.0769285561649679,6.9614199999999995,7.06917,7.110255,7.065274425902335,7.329940847231807,6.890569152768194,1.562003391196464,44.2978723404255,399712.8,0.8971823315274997,0.6000286409852505,-2.830071235908438,0.0007689898131789
2010-11-23,7.0044,7.0195,6.9336,6.9555,508631,0,-0.9879144187105892,6.98434,7.036789999999999,7.10348,7.054819718673541,7.333767797972472,6.8731922020275285,1.5367660667195422,41.89977862749041,411542.15,1.238894657897768,-0.6981326023642369,-4.4482299122168385,-0.0099282667255596
2010-11-24,6.9614,6.9884,6.9497,6.9714,299926,0,0.228596075048526,6.98202,7.01241,7.09725,7.046874983561775,7.335010228625528,6.859489771374472,1.54171452878412,35.608341697334694,413155.9,0.5568585694346576,0.1436492659522479,-3.378977713715492,0.002283351917246
2010-11-26,6.9497,7.0796,6.9497,7.0753,161572,0,1.4903749605531311,7.00932,7.0018,7.0958999999999985,7.049582127984463,7.333846035457091,6.857953964542906,1.6435734339664836,41.03951802307774,409385.7,1.8691454307380193,1.8072722563563948,-1.477427799593389,0.0147937800224479
2010-11-29,7.0582,7.0639,7.0249,7.0462,317061,0,-0.4112899806368753,7.014659999999999,6.99619,7.092345,7.049260020557371,7.331068080929967,6.853621919070033,1.6127504023774233,40.7152264208287,407187.8,0.5551680450967358,-0.1700150179932625,-0.7898849668417252,-0.0041213810417462
2010-11-30,7.0159,7.0601,6.9948,7.0601,235777,0,0.1972694502001104,7.0217,6.99156,7.08793,7.050292399551908,7.325551593029672,6.850308406970328,1.6145563876242122,38.477712363330554,402159.5,0.9335506376165236,0.6299975769323967,-0.6515253855679304,0.001970751295351
2010-12-01,7.0582,7.1064,7.0359,7.1064,303675,0,0.65579807651448,7.05188,7.01811,7.086645,7.055635980546964,7.323537704782613,6.849752295217387,0.9703335343005908,44.17184486822367,394442.55,1.0020040080160322,0.6828936556062393,3.881068280489397,0.0065365707625671
2010-12-02,7.0753,7.096,7.0249,7.0359,290820,0,-0.9920634920634884,7.064780000000001,7.0234000000000005,7.082615,7.053756363352015,7.320110770821651,6.845119229178349,0.8543301152857975,42.50077311617358,391377.05,1.0121140514455778,-0.556866846635486,0.7575540598596664,-0.0099701723198499
2010-12-03,6.8859,6.9933,6.8859,6.9714,255453,0,-0.9167270711636032,7.044,7.02666,7.069709999999999,7.045912900175632,7.301582441339862,6.837837558660135,0.8847672265767068,43.15018315018316,375473.55,1.5597089705049345,1.241667755848904,0.4698218712169355,-0.00920954871877
2010-12-06,6.9278,6.9714,6.9174,6.9614,305293,0,-0.1434432108328276,7.0270399999999995,7.02085,7.0552399999999995,7.037864052539858,7.27535135363783,6.835128646362169,0.7940242692876303,42.45891408362806,346187.15,0.7806401249024238,0.4850024538814609,-0.8276942802193821,-0.0014354618909516
2010-12-07,6.9497,7.0146,6.9278,7.0146,347134,0,0.7642140948659781,7.01794,7.01982,7.0444949999999995,7.035648428488443,7.249232958068267,6.839757041931732,0.8376849879335192,61.593912695234245,350159.05,1.2529230058604366,0.9338532598529394,-0.1466213042178532,0.0076130877149087
2010-12-08,7.0044,7.0305,6.9278,6.9774,322851,0,-0.5303224702762677,6.992140000000001,7.02201,7.0294,7.030100959108592,7.203465879846099,6.855334120153901,0.7895367719745018,49.565352375038856,347785.7,1.4824330956436325,-0.3854719890354653,0.3148587448781548,-0.0053173367137755
2010-12-09,6.9555,6.9884,6.8371,6.9884,364355,0,0.1576518473930033,6.982640000000001,7.0237099999999995,7.01806,7.026129439193488,7.169201180428547,6.8669188195714534,0.7879134055486746,54.05891980360072,351829.6,2.212926533179272,0.4730069728991531,0.2438534584158214,0.0015752770732368
2010-12-10,6.967,6.967,6.8585,6.9174,283460,0,-1.0159693205884168,6.97184,7.00792,7.004860000000001,7.015774254508393,7.141338298256611,6.868381701743391,0.6587988508007634,41.51006153334443,349797.6,1.5819785667419897,-0.7119276589636842,-2.2317074894350863,-0.0102116551333266
2010-12-13,6.8914,6.8955,6.7668,6.7945,619844,0,-1.7766790990834669,6.938460000000001,6.98275,6.98947,6.9947005159837845,7.147413882106974,6.831526117893025,0.8230598079484525,33.97328881469119,361770.55,1.9019329668380955,-1.4061003569666508,-3.572138173767414,-0.0179265151064107
2010-12-14,6.7616,6.7668,6.5614,6.6099,922945,0,-2.716903377731994,6.857519999999999,6.93773,6.964644999999999,6.9580528477948524,7.187813536502119,6.741476463497879,1.079706386530541,29.280575539568343,375803.1,3.1304294815130924,-2.243551822053951,-6.376680216994101,-0.0275449362222993
2010-12-15,6.5343,6.5988,6.4698,6.5403,689291,0,-1.052966005537137,6.770100000000001,6.88112,6.949615,6.918266862290581,7.238645235352043,6.660584764647957,0.980489796008045,25.718148022980746,374353.0,1.9938792543818904,0.0918231486157695,-7.966058763931095,-0.010585489179443
2010-12-16,6.4807,6.573,6.4752,6.5348,1307625,0,-0.0840940018042024,6.67938,6.831010000000001,6.927205000000001,6.881746208739097,7.269863501012424,6.584546498987577,1.0047646238627803,15.760800709489374,421096.05,1.510378057820613,0.8347863656703758,-7.12204550945863,-0.0008412938064561
2010-12-17,6.5078,6.6746,6.5078,6.6694,373791,0,2.0597416906408927,6.629779999999999,6.80081,6.913735,6.861522760287754,7.275141808400433,6.552328191599567,1.3315360415220725,28.945015645954427,419916.95,2.563078152371005,2.4831740373090887,-4.331984967151503,0.0203881586886316
2010-12-20,6.6375,6.6859,6.6314,6.6694,309622,0,0.0,6.604760000000001,6.77161,6.89623,6.843225354546064,7.269777866869027,6.5226821331309734,1.33577833883044,27.82381655125441,424038.85,0.8218475736646861,0.4806026365348438,-4.194558565805728,0.0
2010-12-21,6.6805,6.7014,6.6264,6.6859,357350,0,0.2473985665876865,6.619960000000001,6.73874,6.87928,6.828241987446439,7.258959153192162,6.499600846807837,1.2942421627414389,25.29667489131714,428823.8,1.1318362911988302,0.0808322730334533,-4.685940752145523,0.0024709304014221
2010-12-22,6.6968,6.7338,6.6805,6.6968,450183,0,0.1630296594325342,6.651260000000001,6.710680000000001,6.866345,6.81572370292773,7.252659682065341,6.480030317934659,1.3092093786380223,28.578648136449743,425901.4,0.7978444727190963,0.0,-4.021555307134472,0.0016289691034393
2010-12-23,6.6642,6.7885,6.6642,6.7778,299120,0,1.2095329112411957,6.699859999999999,6.68962,6.856665000000001,6.812111921696518,7.241595622731018,6.471734377268985,1.3983796569141365,38.01980198019802,425861.1,1.8651901203445251,1.7046307133639436,-3.0135653368439153,0.012022765156532
2010-12-27,6.784,6.8585,6.7778,6.8371,249851,0,0.8749151642125863,6.7334000000000005,6.68159,6.844755000000001,6.814491738677802,7.215688272336975,6.473821727663027,1.4180168422825836,42.750495742447235,430275.05,1.1906518339284164,0.7827240566037823,-1.1608407783271102,0.0087110996025361
2010-12-28,6.8256,6.8585,6.7945,6.8101,280051,0,-0.394904272279184,6.761539999999999,6.68315,6.832950000000001,6.814073477851345,7.1917178651341755,6.474182134865827,1.2996897575167106,37.69702803513421,428424.55,0.9419383324747966,-0.2270862634786598,0.2295974685407431,-0.0039568607813576
2010-12-29,6.7622,6.834,6.7511,6.795,342884,0,-0.2217294900221822,6.78336,6.7016599999999995,6.819695,6.8122569561512165,7.162354103115139,6.477035896884861,0.8878921275618123,38.72682323856614,433779.9,1.2279480380974883,0.4850492443287679,2.800344937139742,-0.0022197567383129
2010-12-30,6.8224,6.834,6.774,6.8009,264324,0,0.0868285504047161,6.80418,6.72772,6.80442,6.8111753412796725,7.119383480590319,6.489456519409682,0.7619831480327692,38.33810175394952,431812.35,0.8857395925597816,-0.3151383677298257,3.984526703668023,0.0008679087622527
2010-12-31,6.8137,6.8371,6.7792,6.8301,158869,0,0.4293549383169726,6.81464,6.757250000000001,6.79413,6.812977689729228,7.090127248209631,6.498132751790369,0.7432514278837778,44.27240519616849,425214.8,0.854083077649281,0.2406915479108263,4.518883515945404,0.0042843583985896
2011-01-03,6.816,6.8472,6.7443,6.8309,512162,0,0.0117128592553639,6.8134,6.7734,6.787105000000001,6.814684576421682,7.071842600164916,6.502367399835086,0.486988032755989,52.84374999999996,438050.25,1.5257328410657889,0.2186032863849752,2.421507182055338,0.0001171217335356
2011-01-04,6.784,6.7987,6.7182,6.7945,640126,0,-0.5328726814914475,6.8102800000000006,6.785909999999999,6.778760000000001,6.8127622358100925,7.051520464800533,6.505999535199469,0.5422593883011967,68.7677917852786,454791.9,1.1982376231728704,0.1547759433962322,1.8757309503103723,-0.0053429751190698
2011-01-05,6.8042,6.8042,6.6968,6.7721,972015,0,-0.3296784163661859,6.8057,6.79453,6.766635000000001,6.808889641923417,7.015791609173921,6.5174783908260805,0.5653701818666925,76.06837606837597,486035.95,1.6037510452753578,-0.4717674377590282,1.2892804259710733,-0.0033022305301971
2011-01-06,6.7885,6.8256,6.7668,6.7987,445272,0,0.3927880568804331,6.80526,6.8047200000000005,6.7577,6.807919199835473,6.987062925468039,6.528337074531961,0.5715139549992215,78.333691217522,492157.0,0.8689483951055113,0.150254106209033,1.5216222673515745,0.0039201865867038
2011-01-07,6.7721,6.8371,6.6968,6.7338,724160,0,-0.9545942606674852,6.786,6.800319999999999,6.74497,6.800860228422571,6.947060434160696,6.542879565839304,0.5354186779075281,58.13131313131301,510147.25,2.0950304623103686,-0.5655557360346192,-0.6491781994157453,-0.0095917971667938
2011-01-10,6.6918,6.7885,6.6918,6.7778,500732,0,0.6534200599958462,6.77538,6.79439,6.737989999999999,6.79866401619185,6.924008605748249,6.5519713942517495,0.4953520564790025,62.31818181818174,521010.85,1.4450521533817544,1.2851549657790178,-0.867326790598355,0.0065129452521135
2011-01-11,6.7668,6.8042,6.7668,6.8042,288415,0,0.3895069196494294,6.7773200000000005,6.7938,6.738474999999999,6.799191252745008,6.925163345703112,6.551786654296887,0.5030426078068982,63.147366081351336,504439.4,0.552698468995683,0.552698468995683,-0.0866360259027088,0.0038875030552034
2011-01-12,6.8101,6.8472,6.7502,6.7778,490703,0,-0.3879956497457426,6.77846,6.79208,6.746870000000001,6.797153990578816,6.924073399041583,6.56966660095842,0.5135471684367735,58.70219166308553,482827.3,1.4369944594234174,-0.4742955316368367,-0.2531272994849121,-0.0038875030552035
2011-01-13,6.7556,6.8371,6.7556,6.8042,254102,0,0.3895069196494294,6.779559999999999,6.792409999999999,6.760065,6.79782503909512,6.909652760195511,6.610477239804489,0.5294874282614872,53.21324245374875,461067.85,1.206406536799102,0.7194031618212968,0.048522989604316,0.0038875030552034
2011-01-14,6.8042,6.8914,6.8042,6.8914,272950,0,1.281561388554131,6.81108,6.79854,6.777894999999999,6.806736940133679,6.896158532219106,6.659631467780892,0.6581302222805905,56.188739457487976,409334.1,1.2815613885541308,1.2815613885541308,0.8974978404415745,0.0127341888425953
2011-01-18,6.8982,6.8982,6.8273,6.8662,290160,0,-0.3656731578489114,6.82876,6.8020700000000005,6.787735,6.812400088692376,6.900615789938542,6.674854210061457,0.6738359219937872,56.420233463035,405152.55,1.038477875587713,-0.4638891304978114,0.5167693861716671,-0.0036634337651279
2011-01-19,6.8382,6.8774,6.8172,6.8496,285458,0,-0.2417640033788748,6.83784,6.80758,6.796745,6.815942937388341,6.898026628719604,6.695463371280395,0.6516057690648018,56.227189781021856,403944.35,0.8830604940444763,0.1667105378608417,0.810950033115021,-0.0024205672443679
2011-01-20,6.8409,6.8585,6.816,6.8525,316373,0,0.0423382387292781,6.85278,6.81562,6.8050749999999995,6.819424562398975,6.894705325579367,6.715444674420632,0.6358754582837981,55.9255856683509,401895.5,0.6235328638497716,0.1695683316522622,1.18722405162357,0.0004232927862592
2011-01-21,6.8472,6.9069,6.8472,6.8914,282281,0,0.5676760306457584,6.870219999999999,6.824890000000001,6.814805,6.826279365980025,6.896876406010347,6.732733593989653,0.6465302246031621,56.88609301280611,393500.4,0.8718892393971304,0.6455193363710716,1.3634959624634124,0.0056607082232368
2011-01-24,6.8688,6.9497,6.8638,6.9497,542309,0,0.8459819485155506,6.88188,6.84648,6.8233999999999995,6.8380337120771655,6.923236139434304,6.723563860565695,0.5525142263689862,61.81854357341822,405659.85,1.2514933418805856,1.1777894246447669,3.206213430752336,0.0084242357593788
2011-01-25,6.9222,6.9993,6.9222,6.9884,315034,0,0.5568585694346595,6.906320000000001,6.86754,6.830964999999999,6.852354310926959,6.9551356682047265,6.706794331795272,0.5468045594737044,69.20182214299857,408919.0,1.1138077489815337,0.9563433590477052,3.107202927203523,0.0055531384407332
2011-01-26,6.9993,7.0146,6.9614,7.0146,297507,0,0.3749069887241552,6.9393199999999995,6.88858,6.841189999999999,6.867806281314867,6.989466156298367,6.692913843701631,0.5465816030979503,73.83526636524466,409791.8,0.7642140948659676,0.2185932879002167,3.0922077540342707,0.0037420596405385
2011-01-27,6.9993,7.0249,6.9884,7.0249,278138,0,0.1468365979528485,6.9738,6.913289999999999,6.852684999999999,6.882767587856309,7.02027207744518,6.685097922554818,0.4948061482049403,72.96913078797716,406554.5,0.5222940873447328,0.3657508608003635,3.6457257517188424,0.0014672889843567
2011-01-28,7.0146,7.0249,6.9614,6.983,188124,0,-0.5964497715269967,6.99212,6.93117,6.861789999999999,6.892313531869994,7.037138121717268,6.68644187828273,0.5792584764683891,76.54452492543672,402744.5,0.9121728387967858,-0.4504889801271644,2.627788718732549,-0.0059823563791495
2011-01-31,7.0119,7.0639,6.9884,7.0395,249753,0,0.8091078333094748,7.010079999999999,6.9459800000000005,6.87226,6.9063312907395185,7.06389136102062,6.680628638979379,0.5007365261170235,77.1529362938369,407288.7,1.0803617423158365,0.393616566123312,2.149055344342221,0.0080585210565468
2011-02-01,7.0359,7.096,7.0359,7.0851,262940,0,0.6477732793522151,7.02942,6.96787,6.88497,6.92335688209766,7.097618255157082,6.672321744842918,0.4721230028337549,78.02833765715425,394827.6,0.8541906508051602,0.6992708821899105,3.1880807433514846,0.0064568424486334
2011-02-02,7.0518,7.1023,7.0518,7.0796,285438,0,-0.0776276975624878,7.04242,6.990869999999999,6.8992249999999995,6.9382371790407396,7.124203828244331,6.674246171755668,0.4530722587226178,81.42440649729281,377093.2,0.7161292152358198,0.3942255877931882,3.357860313010974,-0.0007765784346168
2011-02-03,7.0557,7.0948,7.0557,7.0948,251506,0,0.2147013955590804,7.056399999999999,7.0150999999999994,6.91536,6.953147923894003,7.148103612270945,6.6826163877290545,0.4440275172634988,80.9808102345416,341067.75,0.5541618833000319,0.5541618833000319,3.5359357898577137,0.0021447124148327
2011-02-04,7.0851,7.096,7.0518,7.0851,205234,0,-0.1367198511586065,7.07682,7.034470000000001,6.92968,6.96571478828505,7.167391196734456,6.691968803265545,0.4610251926532172,74.73818646232432,329065.85,0.6267903230380898,0.0,2.8107496299735857,-0.0013681339802158
2011-02-07,7.0851,7.1989,7.0851,7.1484,381849,0,0.8934242283101135,7.098599999999999,7.054340000000001,6.95041,6.98311337987695,7.188508262776392,6.712311737223607,0.4677090166156762,82.84450651769077,311950.3,1.6061876332020768,0.8934242283101144,2.8591162208440712,0.0088945680714264
2011-02-08,7.096,7.1337,7.091,7.1224,331675,0,-0.3637177550220971,7.106060000000001,7.067740000000001,6.96764,6.996378772269622,7.203003149645009,6.7322768503549915,0.497525257103327,81.07061503416858,303497.45,0.6021717670286273,0.3720405862457688,1.9174632247724643,-0.0036438081631805
2011-02-09,7.0851,7.1165,7.0639,7.0851,355620,0,-0.5236998764461487,7.107159999999999,7.07479,6.981685000000001,7.004828413005848,7.209382437981743,6.753987562018258,0.5400009113168703,74.56696239966199,306857.7,0.7446311527626379,0.0,1.0050466170558492,-0.0052507599082459
2011-02-10,7.0343,7.1379,7.0283,7.1379,315357,0,0.7452258965999103,7.115779999999999,7.08609,6.999689999999999,7.017501897481481,7.216178491490099,6.7832015085099,0.5774554968699712,75.29242766263081,298090.4,1.5594098146066668,1.4727833615285122,1.6085638229725865,0.0074246280742777
2011-02-11,7.1278,7.1989,7.096,7.1989,318058,0,0.8545930876028063,7.138540000000001,7.10768,7.019425,7.03477790724515,7.232817841344622,6.806032158655378,0.5474483015903423,75.42857142857142,301288.2,1.4501127395715896,0.9975027357670024,3.0917943577259077,0.0085096211291621
2011-02-14,7.1928,7.2508,7.1435,7.2295,327567,0,0.4250649404770046,7.1547600000000005,7.126679999999999,7.0363299999999995,7.053322868459897,7.260324324176854,6.812335675823145,0.5210930750468595,75.01556339489517,304019.05,1.502064814166718,0.5102324546768954,2.6990553306342813,0.0042416409135254
2011-02-15,7.2188,7.2418,7.1608,7.2152,433293,0,-0.1978006777785368,7.1733199999999995,7.13969,7.053780000000001,7.068739738130383,7.276341230842146,6.831218769157855,0.5212078708224062,71.34042553191496,311175.7,1.131158529773203,-0.0498697844517039,1.8362479005236352,-0.0019799656166824
2011-02-16,7.2048,7.2954,7.2048,7.2508,316862,0,0.4934028162767445,7.20646,7.15681,7.07384,7.086078810689394,7.291174797756996,6.856505202243003,0.5207196983051328,72.80436099333743,312745.9,1.257495003331116,0.6384632467244096,2.4182157184021724,0.0049218957372655
2011-02-18,7.2457,7.2954,7.2182,7.2891,341471,0,0.5282175759916186,7.236699999999999,7.17624,7.09567,7.105414162052309,7.3070205255064735,6.884319474493527,0.5283791360709087,81.12670327435437,314000.8,1.0695187165775328,0.598975944353204,2.7386254721768033,0.0052682740023996
2011-02-22,7.2242,7.2463,7.1608,7.1718,461851,0,-1.609252171049924,7.23128,7.1849099999999995,7.1096900000000005,7.111736622809232,7.300155522782219,6.919224477217782,0.7935357885439692,61.97285067873303,322979.3,1.1940006703161614,-0.7253398300157742,1.223694796121455,-0.0162234124791733
2011-02-23,7.1928,7.2105,7.1224,7.1659,402790,0,-0.0822666555118756,7.218559999999999,7.186660000000001,7.1205,7.116895039684543,7.29674261985375,6.94425738014625,0.7471197677402529,57.8783151326053,316003.35,1.2369426036167563,-0.3739850962073235,0.2448100274187181,-0.0008230051309519
2011-02-24,7.1396,7.2242,7.1396,7.1989,304318,0,0.4605143806081679,7.215299999999999,7.19431,7.131025000000001,7.1247050359050625,7.298999044048376,6.963050955951626,0.7446899726474977,61.04016287247823,315467.55,1.1849403327917531,0.8305787439072266,1.0740761541053525,0.004594572573617
2011-02-25,7.2042,7.2627,7.198,7.2508,213143,0,0.7209434774757328,7.215300000000001,7.21088,7.142835000000001,7.13671408010458,7.309552110226832,6.976117889773169,0.731005763145846,63.5181975736568,311249.35,0.8988607946651752,0.6468448960328663,2.338710815655398,0.0071835710341086
2011-02-28,7.2592,7.3045,7.2373,7.3045,407261,0,0.7406079329177473,7.218380000000001,7.22754,7.156815,7.152693691523192,7.328703841376492,6.984926158623508,0.7306481997312333,67.66505636070855,317705.5,0.9285230679949664,0.6240357064139316,2.334019809747967,0.0073787889838047
2011-03-01,7.3124,7.3267,7.228,7.2671,507502,0,-0.5120131425833341,7.237439999999999,7.23436,7.17102,7.163589530425745,7.328805938938152,7.013234061061849,0.7293548535137935,59.973113762392906,333674.4,1.365522966242391,-0.6194956512225824,0.947366958840945,-0.0051332842139533
2011-03-02,7.228,7.3124,7.2079,7.284,287522,0,0.232554939384344,7.261059999999999,7.239810000000001,7.183244999999999,7.175057194194721,7.33593034517712,7.030559654822879,0.7222318536361572,63.78839590443685,335562.85,1.4497981381539673,0.7747648035417827,0.7538557299951565,0.0023228494888832
2011-03-03,7.3368,7.4677,7.3061,7.4575,685924,0,2.381933003844039,7.312779999999999,7.26404,7.201865,7.2019565090333195,7.390703636491199,7.013026363508801,1.0145461653435142,75.78233176405428,356712.05,2.2118503716072864,1.6451313924326594,3.358188269209439,0.0235400755414049
2011-03-04,7.463,7.4677,7.3822,7.4041,459277,0,-0.7160576600737545,7.343439999999999,7.27937,7.218089999999999,7.221208270077765,7.418127048148221,7.018052951851777,1.064487852020749,68.41449916989484,365404.0,1.1581913250792404,-0.7892268524722015,2.1142494621283037,-0.0071863365738656
2011-03-07,7.4041,7.4159,7.3496,7.3544,413810,0,-0.6712497129968464,7.35342,7.2859,7.23107,7.233893196737026,7.431112512324547,7.031027487675453,1.0924241507783556,60.927617709065366,373519.2,0.9020899096549476,-0.6712497129968482,0.8958581992289716,-0.006735127265493
2011-03-08,7.3646,7.4218,7.2784,7.398,340872,0,0.5928423800717786,7.379600000000001,7.30852,7.246714999999999,7.249522416095404,7.44763071707732,7.045799282922678,0.9189880739942036,61.628709454796414,380301.1,1.9702132336777276,0.4535208972652884,3.154019911319317,0.0059109198428542
2011-03-09,7.4302,7.4302,7.2891,7.3646,356272,0,-0.4514733711813878,7.39572,7.328389999999999,7.257524999999999,7.26048218599108,7.459430531584656,7.055619468415342,0.9437937159246356,60.04572350726198,379022.25,1.935767104306427,-0.8828833678770407,2.772854770510347,-0.0045249559006351
2011-03-10,7.3267,7.3708,7.2607,7.2671,313651,0,-1.323900822855284,7.357639999999999,7.335210000000001,7.26476,7.261112453991929,7.456386702897665,7.073133297102335,1.0661759990190294,51.01179391682186,378121.05,1.5163827179197609,-0.8134630870651133,0.947366958840945,-0.0133274251331487
2011-03-11,7.2508,7.3006,7.1207,7.2508,633454,0,-0.2242985510038431,7.326980000000001,7.335210000000001,7.273044999999999,7.260130315516507,7.445316578436819,7.100773421563178,1.046673721464365,47.555839183152486,392012.75,2.5264370075975666,0.0,0.0,-0.0022455047698513
2011-03-14,7.2287,7.2687,7.1419,7.2563,303900,0,0.0758536989021951,7.30736,7.33039,7.278965,7.259765523562554,7.439413978938402,7.1185160210615965,1.015398337031142,56.29001042131906,391439.9,1.7754379086797667,0.3818113907064965,-0.6598672051475019,0.0007582494452393
2011-03-15,7.1058,7.2095,7.0173,7.2095,335064,0,-0.6449567961633318,7.26966,7.324630000000001,7.279495,7.25497833084231,7.438897020393513,7.120092979606486,1.0227943677783633,53.05921975863041,392290.2,2.738945178344956,1.4593712178783511,-0.792613284528898,-0.0064704562873015
2011-03-16,7.165,7.2508,7.0738,7.1207,349275,0,-1.2317081628406945,7.220879999999999,7.3083,7.274055,7.242189918381138,7.447452777865497,7.100657222134503,1.077255627232963,44.91150442477877,393375.6,2.502191184370488,-0.6182833217027186,-2.2419000549148804,-0.0123935655665027
2011-03-17,7.1659,7.1936,7.1321,7.1936,333146,0,1.023775752383882,7.206180000000001,7.281909999999999,7.272975,7.237562307106744,7.448175947787203,7.097774052212796,0.7478298438365721,46.376995186217385,388368.25,0.862298621724312,0.3865529800862457,-3.538719409989932,0.0101857066390636
2011-03-18,7.2334,7.284,7.2022,7.2439,234487,0,0.6992326512455627,7.2048000000000005,7.265890000000001,7.27263,7.238165896906102,7.448041853408088,7.097218146591911,0.8041543327850321,46.145038167938935,384249.5,1.1357640720890758,0.1451599524428401,-2.1636660769033367,0.006967993560873
2011-03-21,7.3176,7.3274,7.2734,7.3216,295557,0,1.0726266237800042,7.21786,7.26261,7.274255000000001,7.246112001962664,7.450907051398871,7.097602948601131,0.8798824160284311,53.29783371656783,381953.8,0.7424313251024318,0.0546627309500443,-0.4459915152833615,0.0106691479252338
2011-03-22,7.3061,7.3325,7.2938,7.3209,293768,0,-0.0095607517482498,7.240139999999999,7.254900000000001,7.28171,7.25323466844241,7.452648855181603,7.110771144818396,0.8518241308062304,52.27749660535737,373549.65,0.5305876223641931,0.2025704548254218,-1.042173560421733,-9.561208817252898e-05
2011-03-23,7.3132,7.3216,7.2508,7.3077,280440,0,-0.1803057001188435,7.27754,7.249210000000001,7.2888,7.258421842876466,7.45105619767664,7.1265438023233605,0.8437207886768873,38.47337642351493,367432.15,0.9764439785954682,-0.0752064759612824,-0.772614941748373,-0.0018046844650308
2011-03-24,7.3216,7.3593,7.2891,7.3496,225115,0,0.573367817507564,7.30874,7.257459999999999,7.296334999999999,7.267105476888231,7.454969107636198,7.1377008923638,0.7382323730192928,45.73084756384145,363472.0,0.963081861958264,0.3824300699300642,1.1352534023200356,0.0057173032050906
2011-03-25,7.3486,7.463,7.3486,7.3916,808665,0,0.5714596712746323,7.33828,7.27154,7.303375,7.278962098136971,7.465948680462788,7.1408013195372115,0.7404316535327936,52.94957183634635,393248.1,1.5567591105788834,0.5851454698854224,1.941854691896072,0.0056983303460138
2011-03-28,7.3923,7.4041,7.3544,7.3544,354310,0,-0.5032739866875913,7.34484,7.281350000000001,7.30587,7.286146660219164,7.470040156914471,7.14169984308553,0.7727280827339307,46.50752963793659,390600.55,0.675785924072659,-0.5126956427634106,1.3519286688808307,-0.0050454467537255
2011-03-29,7.3437,7.3923,7.3377,7.3822,278781,0,0.3780050038072469,7.3571,7.29862,7.311625000000001,7.295294597341148,7.478125828195367,7.145124171804635,0.7238650628960256,51.42256708697057,379164.5,0.7441023754037336,0.5242588885711559,2.3954504473264526,0.0037729236021378
2011-03-30,7.4258,7.4258,7.3708,7.3761,276031,0,-0.0826311939530199,7.370780000000001,7.324159999999999,7.31623,7.302990349975325,7.4845978691695345,7.1478621308304655,0.5295092399743447,60.3376327769347,378589.95,0.7461876594128143,-0.6692881575049104,3.5867260241268406,-0.0008266535234237
2011-03-31,7.3829,7.414,7.3717,7.4079,255724,0,0.4311221377150565,7.38244,7.34559,7.313750000000001,7.31298174521577,7.474652016605254,7.152847983394747,0.4767906945171709,64.47392666298133,357079.95,0.5738160804156437,0.3386203253464013,2.979036921708178,0.0043019546865587
2011-04-01,7.4102,7.4102,7.3486,7.3817,326868,0,-0.3536764805140313,7.380459999999999,7.35937,7.31263,7.319526340909506,7.471178629100799,7.154081370899202,0.4935684772210115,61.12886048988284,350459.5,0.8382549056963154,-0.3846050039135152,1.9022902027913124,-0.0035430339437945
2011-04-04,7.3708,7.387,7.343,7.3646,325969,0,-0.2316539550510032,7.3825,7.363670000000001,7.31314,7.323819070346696,7.472318726429247,7.1539612735707525,0.3972668086987059,64.53063518830803,346067.45,0.5992101320985919,-0.0841156997883508,0.5873033216783341,-0.0023192268792589
2011-04-05,7.3403,7.4072,7.3403,7.4072,247645,0,0.5784428210629189,7.3875,7.3723,7.313600000000001,7.331760111266058,7.473860774332781,7.153339225667221,0.4282520337625377,79.38461538461533,341406.1,0.9114068907265304,0.9114068907265304,1.1788168121405818,0.0057677626420732
2011-04-06,7.4102,7.4404,7.4041,7.4404,317732,0,0.4482125499513989,7.400360000000001,7.38557,7.31739,7.342106767335957,7.486091953316789,7.148688046683212,0.4257074032779403,77.55694506476104,339479.1,0.490268905066121,0.407546355024165,1.8158928253759752,0.0044721106889584
2011-04-07,7.4339,7.4608,7.3838,7.4339,347457,0,-0.087360894575561,7.40556,7.394000000000001,7.32573,7.350848979970627,7.500352023088832,7.1511079769111685,0.4089780337665227,73.51485148514851,341169.4,1.0428234784257422,0.0,1.1470011973440777,-0.0008739907644403
2011-04-08,7.4258,7.463,7.398,7.4458,267156,0,0.1600774828824702,7.418380000000001,7.399419999999999,7.335480000000001,7.359891934259139,7.514213610659034,7.156746389340968,0.3774194361719953,68.36191602602008,322854.5,0.878615842119497,0.2693312505050023,0.7332647870555764,0.0015994949544767
2011-04-11,7.4302,7.4404,7.3368,7.3708,395793,0,-1.007279271535633,7.41962,7.401059999999999,7.341205,7.3609307976630305,7.5165630454542365,7.165846954545764,0.4821537915314682,56.04848484848484,327449.15,1.412059753571041,-0.7994401227423235,0.2229957576416863,-0.0101238665521264
2011-04-12,7.3319,7.3817,7.2825,7.3817,317819,0,0.1478808270472642,7.41452,7.401009999999999,7.349815000000001,7.362908816933218,7.514532049576902,7.185097950423101,0.4686471571170795,59.01999024865927,326586.9,1.3621695846206745,0.6792236664438998,-0.0067730486846717,0.0014777159103171
2011-04-13,7.4159,7.4159,7.343,7.3817,305157,0,0.0,7.40278,7.401570000000001,7.362865000000001,7.364698453415769,7.487674349768914,7.238055650231088,0.4677498051091472,54.3578604398589,324381.0,0.9927822415906272,-0.4611712671422125,0.075920879597624,0.0
2011-04-14,7.343,7.3916,7.3325,7.3817,237273,0,0.0,7.39234,7.398950000000001,7.37227,7.366317648328553,7.468436042810019,7.276103957189981,0.4437280261806347,48.48299111247318,319587.35,0.8060006818956812,0.5270325480049081,-0.3536764805140313,0.0
2011-04-15,7.3916,7.4218,7.3325,7.3368,328029,0,-0.608260969695329,7.37054,7.39446,7.376915000000001,7.363506443725834,7.454068716015506,7.299761283984496,0.4705646225648305,47.365269461077865,324264.45,1.2178656665530256,-0.741382109421508,-0.608260969695329,-0.0061011841262885
2011-04-18,7.3209,7.3537,7.2998,7.3486,238663,0,0.1608330607349328,7.3661,7.392860000000001,7.378265000000001,7.362086782418611,7.452222093537232,7.304307906462769,0.4710240064169225,44.716981132075496,321419.75,0.7383763938737994,0.3783687797948378,-0.2172555196480408,0.0016070386287783
2011-04-19,7.3585,7.387,7.343,7.3646,215507,0,0.217728546934115,7.36268,7.388599999999999,7.380450000000001,7.362326136473982,7.449703690764282,7.31119630923572,0.4322556244098725,48.246416590423934,317506.7,0.5992101320985919,0.0828973296188081,-0.5751161032508834,0.0021749186182513
2011-04-20,7.3916,7.4575,7.387,7.4404,301877,0,1.0292480243326183,7.374420000000001,7.388600000000001,7.387084999999999,7.369761742524079,7.452300957848967,7.321869042151031,0.5346157849077966,54.36945415434265,318578.55,0.9543793150128606,0.6602088857622159,0.0,0.0102398733310317
2011-04-21,7.4709,7.4941,7.4498,7.477,358482,0,0.4919090371485302,7.393479999999999,7.392909999999999,7.393455,7.379974909902739,7.467539403502819,7.319370596497182,0.5549397240561367,62.46403348155896,325246.9,0.5946468361566845,0.0816501358604718,0.5797764295995433,0.0049070311771196
2011-04-25,7.4795,7.502,7.4404,7.463,264850,0,-0.187240872007488,7.41872,7.394630000000001,7.397025000000001,7.387882061340573,7.477351357345978,7.316698642654024,0.5587810351521348,62.97468354430374,298056.15,0.8279124778237652,-0.2206029814827159,0.2310027129388325,-0.001874163868528
2011-04-26,7.4608,7.4896,7.4188,7.4389,395954,0,-0.3229264370896434,7.436780000000001,7.401440000000001,7.40125,7.392740912641471,7.481023561114535,7.321476438885465,0.4496237747093991,54.394233434987605,300138.35,0.9543322370194668,-0.2935342054471315,0.9239159928366104,-0.0032344896974246
2011-04-27,7.463,7.5086,7.463,7.5086,228934,0,0.936966486980606,7.46558,7.41413,7.40757,7.403775111437521,7.500011073123706,7.315128926876294,0.5235123423404742,58.5850956696878,297646.0,0.6110143373978334,0.6110143373978334,1.719116192746939,0.0093260418370144
2011-04-28,7.444,7.5058,7.444,7.4999,224551,0,-0.1158671390139365,7.47748,7.42595,7.413760000000001,7.412929862729186,7.513611013226544,7.313908986773458,0.5289914018889447,58.262393590385535,295072.0,0.8301988178398692,0.7509403546480424,1.6012571629841377,-0.0011593431687984
2011-04-29,7.4888,7.5117,7.4643,7.4941,238462,0,-0.0773343644581925,7.4809,7.437190000000001,7.41807,7.420660351993073,7.524105964108751,7.31203403589125,0.5321501074144552,56.14035087719299,294208.9,0.6350227080905183,0.0707723533810501,1.522684476475611,-0.0007736428290364
2011-05-02,7.5273,7.5344,7.4941,7.5273,193760,0,0.4430151719352571,7.49376,7.456240000000001,7.42535,7.430816508946114,7.540475259015643,7.310224740984356,0.4647299871087256,72.26173541963016,287553.5,0.5377563683430877,0.0,2.5964998364409464,0.0044203674836802
2011-05-03,7.5094,7.5369,7.481,7.521,233339,0,-0.0836953489299019,7.51018,7.47348,7.433170000000001,7.439405412856008,7.552104729557845,7.314235270442158,0.4766691283860981,70.07783222830777,282922.0,0.7472263066435006,0.1544730604309213,2.3460250932150206,-0.0008373039304195
2011-05-04,7.5058,7.5171,7.4389,7.4608,204172,0,-0.8004254753357309,7.50062,7.4831,7.435849999999999,7.441442992584007,7.554736332268518,7.316963667731481,0.5782501884503755,59.71505772537452,280748.35,1.0512306927099413,-0.5995363585493876,1.306248811883881,-0.0080364607723467
2011-05-05,7.4465,7.4465,7.4041,7.4363,235628,0,-0.3283830152262412,7.487900000000001,7.48269,7.435645000000001,7.440953183766483,7.5545124356727635,7.316777564327238,0.4977970786164403,56.32530120481925,276643.15,0.5726556907659359,-0.136977103337141,-0.0551045642707359,-0.0032892337554164
2011-05-06,7.291,7.401,7.235,7.3838,639080,0,-0.7059962615816984,7.46584,7.473370000000001,7.43314,7.435510023407771,7.554252673074323,7.312027326925676,0.5090992753820225,55.35063752276863,291224.3,2.2944022114720037,1.2728020847620292,-1.2464892336498612,-0.0070850020732389
2011-05-09,7.3948,7.4188,7.3677,7.4072,227492,0,0.3169099921449536,7.44182,7.467789999999999,7.43121,7.432813830702269,7.552702852725659,7.309717147274341,0.5268158381434667,56.49955634427677,289241.1,0.6935678705701904,0.1676854005517326,-0.7476885970789326,0.0031640889084362
2011-05-10,7.4232,7.477,7.3893,7.4709,277768,0,0.8599740792742283,7.4318,7.470989999999999,7.436215,7.436441084921101,7.555455902114596,7.316974097885404,0.5932674745687075,60.66198595787361,283339.85,1.1868512578999348,0.6425800193986521,0.4301711274516506,0.008562973663372
2011-05-11,7.4465,7.4643,7.4159,7.4643,237697,0,-0.0883427699474026,7.4325,7.466560000000001,7.440344999999999,7.439094314928615,7.557336326265294,7.323353673734704,0.5037366140794413,52.78360121127408,279333.75,0.6526517347860677,0.2390384744510759,-0.5899901446341671,-0.0008838181516986
2011-05-12,7.4232,7.4831,7.3893,7.4831,209417,0,0.251865546668828,7.44186,7.464879999999999,7.445415,7.443285332554461,7.560478154742111,7.330351845257888,0.5123921219354293,50.7411907654921,274546.75,1.2694030557698277,0.8069296260372983,-0.2240029867064841,0.0025154889697704
2011-05-13,7.477,7.4941,7.4498,7.4831,283034,0,0.0,7.46172,7.46378,7.450485,7.447077205644512,7.562626100499826,7.338343899500175,0.5120349241093626,52.52830188679246,276834.8,0.5946468361566845,0.0815835228032632,-0.1467821352797549,0.0
2011-05-16,7.4651,7.4831,7.4188,7.4498,251477,0,-0.4450027395063616,7.47024,7.45603,7.456135000000001,7.447336519392654,7.5547271588653615,7.35754284113464,0.50094742848976,51.34005409392665,273007.2,0.8667169892705053,-0.2049537179676075,-1.02958564159793,-0.0044599582396103
2011-05-17,7.4072,7.4389,7.4072,7.4287,230376,0,-0.2832290799753001,7.461799999999999,7.446799999999999,7.46014,7.44556161278383,7.546028628009249,7.374251371990751,0.5040876171863373,38.84389835241554,272592.85,0.427961982935532,0.2902581272275694,-1.2272304214865026,-0.0028363093248883
2011-05-18,7.4339,7.4831,7.4232,7.455,263945,0,0.3540323340557538,7.45994,7.446220000000001,7.464659999999999,7.446460506804417,7.537972579521168,7.391347420478831,0.4619541207719475,44.024487623103546,275014.75,0.8069296260372983,0.2838348646067296,-0.0777396525841744,0.0035340711480563
2011-05-19,7.444,7.4651,7.4339,7.444,226152,0,-0.1475519785378964,7.452120000000001,7.44699,7.464840000000001,7.446226172823044,7.537919089098155,7.391760910901846,0.4513862847029927,43.423470727224974,271228.5,0.419698946717056,0.0,0.1035461183653163,-0.0014766094366974
2011-05-20,7.4527,7.4686,7.4159,7.4412,154776,0,-0.0376141859215417,7.44374,7.45273,7.463050000000001,7.44574748969704,7.536627070228545,7.389472929771457,0.3766809702638347,37.717546362339576,261043.2,0.710635256678227,-0.154306492948862,0.7773775020991858,-0.0003762126183087
2011-05-23,7.4232,7.455,7.4232,7.455,238369,0,0.1854539590388615,7.44478,7.457510000000001,7.462649999999999,7.446628681154465,7.536315145655654,7.388984854344344,0.369649181235251,40.782122905028,259719.15,0.4283866795991014,0.4283866795991014,0.6453180689059312,0.0018528220550061
2011-05-24,7.4498,7.4608,7.4188,7.4232,235328,0,-0.4265593561368241,7.44368,7.45274,7.461865,7.444397378187373,7.536917326309509,7.386812673690492,0.2736152815653061,44.29611650485436,251687.85,0.5661292931471372,-0.3570565652769226,-0.6384772918925474,-0.0042747171598692
2011-05-25,7.4232,7.4498,7.4072,7.444,236017,0,0.2802026080396702,7.44148,7.450709999999999,7.458634999999999,7.444359532645719,7.530720308381591,7.386549691618408,0.2939885213075921,51.181343970543075,252042.0,0.5751161032508937,0.2802026080396645,-0.2719612019881245,0.0027981077231719
2011-05-26,7.4287,7.4608,7.4232,7.4498,179206,0,0.0779150994089095,7.44264,7.44738,7.45613,7.444877672393746,7.525612511243334,7.386647488756666,0.2805023526582124,61.81948424068756,249774.75,0.5065200991486193,0.2840335455732453,-0.4450027395063616,0.0007788476135292
2011-05-27,7.4686,7.4973,7.4412,7.4643,214455,0,0.1946360976133654,7.44726,7.4455,7.45464,7.446727417880056,7.521937873589979,7.387342126410022,0.2904878279378651,60.56233814280423,248574.4,0.7539106595710344,-0.0575743780628315,-0.2512327778594558,0.00194446926984
2011-05-31,7.4839,7.5127,7.4544,7.5127,205384,0,0.6484198116367246,7.458799999999999,7.45179,7.45391,7.453010520939098,7.518135913775198,7.389684086224803,0.3191105788429422,58.19607843137237,249155.6,0.7820884309937758,0.3848260933470449,0.844317968267605,0.0064632661397582
2011-06-01,7.4872,7.5035,7.4363,7.4363,320911,0,-1.016944640408901,7.46142,7.45255,7.449675000000001,7.451419042754422,7.505952390994089,7.393397609005913,0.4643644785318307,45.689655172413865,253534.2,0.9036752148245728,-0.6798269045838164,0.1023059216282762,-0.010221508486629
2011-06-02,7.4527,7.481,7.4218,7.4527,239130,0,0.2205397845702839,7.463159999999999,7.4523199999999985,7.44927,7.4515410386825724,7.505326441483905,7.393213558516096,0.4552430555526445,45.2853598014888,255282.1,0.7976501657279864,0.0,-0.0308517773306538,0.0022029695254933
2011-06-03,7.4218,7.4308,7.3916,7.4218,297956,0,-0.4146148375756442,7.457559999999999,7.450100000000001,7.448545,7.4487085588080415,7.5056725756093,7.3914174243907,0.4722369058091208,41.32465326917632,258398.5,0.5303317279073438,0.0,-0.2982267598065524,-0.0041547674812432
2011-06-06,7.3753,7.398,7.3358,7.3916,368311,0,-0.4069093750842079,7.44302,7.445139999999999,7.448935,7.443269648445371,7.504280204710707,7.393589795289294,0.4872004599716196,41.69046259280418,244860.05,0.8478966165925981,0.2210079589982808,-0.6665591571251905,-0.0040773950396195
2011-06-07,7.3728,7.4149,7.3562,7.4149,234580,0,0.315222685210248,7.42346,7.441129999999999,7.44932,7.440567777164859,7.503538450930583,7.395101549069417,0.4962795722797645,48.04199772985247,245214.45,0.7979663413175276,0.5710177951388953,-0.537894030851771,0.0031472690011538
2011-06-08,7.4017,7.4197,7.323,7.3562,376134,0,-0.7916492467868741,7.407439999999999,7.434430000000001,7.443585000000001,7.432532750768206,7.510880304444366,7.376289695555635,0.5384656275522025,37.16216216216217,250132.75,1.3204970640447813,-0.6147236445681351,-0.9025757085892816,-0.007947994260313
2011-06-09,7.323,7.3403,7.2627,7.2741,332591,0,-1.11606535983253,7.371720000000001,7.417440000000001,7.434075000000002,7.41744391736171,7.534598239000782,7.333551760999222,0.6084784999032469,31.366527747312972,254877.45,1.068473157365723,-0.6677591151167638,-2.2823750671681964,-0.0112234009975031
2011-06-10,7.2312,7.2592,7.027,7.1109,716662,0,-2.2435765249309125,7.30954,7.383550000000001,7.415465,7.388249258565357,7.589040626169869,7.241889373830132,0.8665294440567047,23.202985558981,280239.7,3.3043973246050906,-1.6636242947228714,-4.549115412494286,-0.022691275981701
2011-06-13,7.1155,7.1207,6.9782,7.0383,573437,0,-1.020967809981865,7.23888,7.340949999999999,7.393224999999999,7.354920757749609,7.632036512329946,7.154413487670053,0.8494159132129544,19.13790549548213,294759.85,2.0420738872488617,-1.084955379101966,-5.707166110686868,-0.0102621543458773
2011-06-14,7.055,7.1269,7.043,7.1269,398593,0,1.2588267053123658,7.181279999999999,7.302370000000001,7.377079999999999,7.333204495106789,7.642017733300827,7.112142266699172,0.9621628423266522,29.758163683563367,302115.65,1.191253727104925,1.0191353649893735,-5.135304218190528,0.0125096935352524
2011-06-15,7.0723,7.1109,6.8621,6.9948,576219,0,-1.853540810169929,7.109,7.25822,7.355385,7.300975495572809,7.669096877701168,7.041673122298832,1.0429926768979862,23.363377609108156,319407.8,3.6257122455225095,-1.095824554953842,-5.937092371206121,-0.0187093414147778
2011-06-16,6.9662,7.079,6.955,7.0497,305712,0,0.7848687596500259,7.06412,7.217920000000001,7.335120000000001,7.277044495994446,7.673157273560266,6.997082726439736,1.1060030487531716,27.58041017594979,321496.15,1.782890007189068,1.1986448853033205,-5.407436231164553,0.0078180468699078
2011-06-17,7.0343,7.0745,7.0173,7.0745,284011,0,0.3517880193483425,7.056839999999999,7.183190000000001,7.316644999999999,7.257754543994975,7.669682976040233,6.963607023959765,1.1422960643157565,28.40682472856193,324389.1,0.8151283257093171,0.5714854356510182,-4.679457813468435,0.0035117069265947
2011-06-20,7.027,7.0948,7.0218,7.0948,244335,0,0.2869460739274965,7.06814,7.15351,7.299324999999999,7.242235063614501,7.660528169975389,6.938121830024609,1.1674977732450642,26.106346483705025,328867.05,1.039619470790971,0.9648498648071736,-4.0153687970128304,0.0028653516954244
2011-06-21,7.1477,7.1875,7.0672,7.1269,380789,0,0.4524440435248245,7.06814,7.12471,7.28292,7.231250771841691,7.644156156027223,6.921683843972777,1.177637292323377,31.36593591905566,335988.05,1.7022300203758252,-0.2910027001692904,-3.884071261918576,0.0045142359228506
2011-06-22,7.1321,7.1538,7.0998,7.1538,225222,0,0.3774432081269596,7.099939999999999,7.104470000000001,7.269449999999999,7.223874507856768,7.628747440189306,6.910152559810692,1.191185867572967,32.223147377185725,335482.75,0.7605848052057842,0.3042582128685808,-2.751420570403196,0.0037673267858592
2011-06-23,7.1023,7.2165,7.0565,7.2079,272883,0,0.7562414381168114,7.13158,7.097849999999999,7.257645000000001,7.222353126156124,7.608203390511722,6.90708660948828,1.1909511342111236,37.62009491839337,337326.05,2.267413023453555,1.4868422905256158,-0.9100782227354554,0.0075339626778772
2011-06-24,7.1966,7.2022,7.1125,7.1838,199425,0,-0.3343553600910209,7.153440000000001,7.1051400000000005,7.244345,7.218681399855541,7.5842288406840925,6.9044611593159075,0.931147065665768,37.887619491723015,338337.0,1.261159929701238,-0.1778617680571431,1.0251866852297065,-0.0033491557671656
2011-06-27,7.1231,7.1502,7.0843,7.1064,276627,0,-1.0774242044600313,7.155760000000001,7.111949999999998,7.22645,7.207987933202632,7.555073563239257,6.8978264367607425,0.938878050269018,33.084768066674,341445.6,0.9302259926880576,-0.2344484845081517,0.9675631899748628,-0.0108327044953616
2011-06-28,7.1023,7.1125,7.0504,7.1125,357756,0,0.0858381177530009,7.152880000000001,7.1105100000000006,7.206439999999999,7.19889384432619,7.50941000303185,6.9034699969681474,0.8468187882031223,35.81985336902132,349064.2,0.8808010892998985,0.1436154485166806,-0.202051382789159,0.000858012979095
2011-06-29,7.1343,7.1502,7.1023,7.1442,190829,0,0.4456942003514985,7.1509599999999995,7.125450000000001,7.191835,7.193684906771315,7.475709874400798,6.907960125599202,0.5544125539151824,41.97057732723453,342560.1,0.6744294101910688,0.1387662419578658,2.1358723623263076,0.004447039250598
2011-06-30,7.1207,7.2373,7.1101,7.2373,265453,0,1.303155006858714,7.15684,7.144210000000001,7.181065000000001,7.197838725174047,7.4383688938488,6.923761106151202,0.6325394123155191,58.55441256090957,343876.25,1.7890043740594392,1.6374794612889183,2.6611061463608365,0.0129473699627763
2011-07-01,7.1923,7.2463,7.1518,7.2355,238369,0,-0.0248711536070089,7.167179999999999,7.16031,7.17175,7.201425513252709,7.40469435296703,6.938805647032971,0.6379736093701085,64.76047904191614,340896.9,1.3213456752146318,0.6006423536281813,2.275779207011097,-0.0002487424699133
2011-07-05,7.1923,7.271,7.1863,7.2523,230770,0,0.2321885149609626,7.19636,7.17606,7.164785,7.206270702466737,7.377503566483035,6.952066433516966,0.6376378855103897,60.51660516605161,334019.85,1.1786315628348354,0.8342254911502525,2.2199357275751286,0.0023191937395771
2011-07-06,7.2188,7.2355,7.1923,7.2145,256070,0,-0.5212139597093324,7.216760000000001,7.18482,7.154764999999999,7.207054445088953,7.334143873074688,6.975386126925311,0.6718953433064395,71.88683004582583,335094.35,0.6006423536281813,-0.0595666869839827,1.2291459119673442,-0.005225770180314
2011-07-07,7.2463,7.2863,7.2188,7.271,315949,0,0.7831450550973784,7.24212,7.196540000000001,7.150505,7.213144497937624,7.312993068874604,6.9880169311253955,0.7005197100392044,71.97616683217473,332085.1,0.9350584584695504,0.3408636131543017,1.638290139506271,0.0078009439127464
2011-07-08,7.2105,7.2762,7.2105,7.2582,242080,0,-0.1760418099298499,7.246300000000001,7.201570000000001,7.149709999999999,7.217435498134041,7.309789663063731,6.9896303369362665,0.6746258125036555,68.68769074262465,327559.55,0.9111712086540537,0.6615352610776055,0.6978454196090444,-0.0017619694561991
2011-07-11,7.1838,7.1898,7.1284,7.1898,247717,0,-0.9423824088617084,7.23716,7.20217,7.1536550000000005,7.214803545930799,7.313596337602155,6.993713662397846,0.7395557733076458,58.80281690140841,304112.3,0.8613433589585306,0.0835212561596958,0.0835212561596909,-0.0094685092773316
2011-07-12,7.1696,7.2425,7.141,7.2242,301525,0,0.4784555898634135,7.231540000000001,7.213950000000001,7.16295,7.215698446318342,7.316128760381002,7.009771239618999,0.6424649692795961,58.97767115704001,290516.7,1.4213695560845778,0.7615487614371759,1.657660700213892,0.0047731462898609
2011-07-13,7.2079,7.2563,7.2079,7.2165,251132,0,-0.1065861963954417,7.23194,7.224349999999999,7.16743,7.215774784764214,7.321408345710199,7.013451654289802,0.6480036352372093,55.99770422804663,283143.65,0.671485453460786,0.1193135309868269,1.4622144112478086,-0.0010664303987687
2011-07-14,7.1966,7.1966,7.1231,7.1681,268041,0,-0.6706852352248327,7.211360000000001,7.22674,7.176094999999999,7.211234329072385,7.306936012000568,7.0452539879994305,0.6859124899117576,46.15087040618951,267734.75,1.0318541084640132,-0.3960203429397241,0.3345371070238911,-0.0067294443573073
2011-07-15,7.1923,7.1923,7.0851,7.1518,392713,0,-0.2273963811888824,7.190079999999999,7.218190000000002,7.1812,7.205573916779777,7.298548190846798,7.063851809153201,0.5230508844365829,46.857816182246665,272084.8,1.5130343961270925,-0.5631022065264331,-1.1813797963328931,-0.0022765531937829
2011-07-18,7.1064,7.1125,7.0616,7.1023,286431,0,-0.69213344892195,7.172579999999999,7.204870000000001,7.18259,7.195738305657893,7.295178695329812,7.070001304670188,0.5516931385590548,49.57407022646995,272205.8,0.720799818737956,-0.0576944725880926,-1.8409232257618704,-0.0069453980235685
2011-07-19,7.1404,7.1757,7.1073,7.1073,257733,0,0.0703997296650493,7.1492,7.19037,7.183215,7.187315609880951,7.293873988267968,7.072556011732032,0.5403795884412418,49.45855893377766,272875.7,0.962390781309352,-0.4635594644557621,-1.9993657184617208,0.0007037496067954
2011-07-20,7.1125,7.1681,7.1125,7.162,213912,0,0.7696312242342351,7.138299999999999,7.18512,7.18497,7.1849045994160985,7.292949337205956,7.076990662794044,0.6054947563709017,51.76868044515106,264531.85,0.7817223198594039,0.6959578207381385,-0.7277011573913694,0.0076668467186233
2011-07-21,7.1966,7.2793,7.1838,7.2741,250426,0,1.5652052499301794,7.1594999999999995,7.185429999999999,7.190985,7.1933993994717085,7.304893352358909,7.077076647641092,0.7591383460659822,53.52355419379544,265792.05,1.329379993875113,1.076897423783449,0.042635125842394,0.0155308224882299
2011-07-22,7.2818,7.3045,7.2188,7.2924,242976,0,0.2515775147440946,7.18762,7.1888499999999995,7.1952099999999986,7.2028280280934505,7.317704818795969,7.072715181204028,0.7597352207540597,55.281232596992744,264296.7,1.187177924308751,0.1455684034167399,0.471191204430843,0.0025126158827018
2011-07-25,7.228,7.2341,7.1023,7.1966,536494,0,-1.3136964510997662,7.206479999999999,7.18953,7.19585,7.202234882560741,7.31822750911471,7.07347249088529,0.8202672676152314,45.49133883762345,281150.15,1.855736873970406,-0.4344216934144943,0.0945784305544039,-0.0132240176794121
2011-07-26,7.1518,7.1757,7.1023,7.1573,384590,0,-0.5460912097379311,7.21648,7.182839999999999,7.198395,7.197955369935908,7.314916937849825,7.081873062150175,0.8195824563021676,45.3811369509044,286548.3,1.0334680314827642,0.0769037165468903,-0.9260540959552532,-0.0054758773854617
2011-07-27,7.1023,7.1125,6.8946,6.9388,893596,0,-3.052827183435103,7.17184,7.155069999999999,7.189710000000001,7.173273906132488,7.350625471763628,7.028794528236373,1.245240151151804,28.737839221710175,313340.3,3.1604444057668353,-2.3020711600467454,-3.8481258227672783,-0.031003965977182
2011-07-28,6.91,6.983,6.8247,6.9607,430135,0,0.3156165331181348,7.10916,7.13433,7.180534999999999,7.153028772215109,7.370652030717137,6.990417969282861,1.259046809377328,31.178033658104525,325305.6,2.3195158761557235,0.733719247467438,-2.8933748134094106,0.0031511950965579
2011-07-29,6.8241,6.9388,6.7159,6.927,739371,0,-0.4841467093826823,7.03608,7.11185,7.16502,7.131502222480337,7.384075259551382,6.945964740448618,1.2603368217989823,32.60984647961885,349001.5,3.3189892642832564,1.507891150481382,-3.143264632679887,-0.0048532249612066
2011-08-01,7.0233,7.0968,6.9621,7.0573,315754,0,1.8810451855060029,7.00822,7.107349999999999,7.15611,7.124435344148876,7.377577896212778,6.934642103787222,1.4258347142856245,40.19964768056372,352870.75,1.9347610634722223,0.4841029145843095,-0.6335975669853444,0.0186357230566628
2011-08-02,7.0044,7.0952,6.9022,6.9291,311517,0,-1.8165587405948425,6.96258,7.089529999999999,7.139950000000001,7.1058319780394585,7.378381828501124,6.901518171498878,1.5286478532625871,35.216049382716065,356908.1,2.796209904088559,-1.0750385471989088,-2.507281246042803,-0.0183326074590444
2011-08-03,6.9056,6.9853,6.8432,6.9853,377576,0,0.8110721450116154,6.9718800000000005,7.071859999999999,7.128490000000001,7.0943527420357,7.373769019636759,6.883210980363243,1.5317511661980718,40.67156562563788,362983.4,2.076513911620283,1.1541357738646878,-2.4671879363306393,0.0080780063253568
2011-08-04,6.9157,6.9206,6.6612,6.6896,676496,0,-4.233175382589138,6.917660000000001,7.01341,7.099419999999999,7.055804861841824,7.404183090734379,6.79465690926562,1.8395017647733585,31.647077509529893,381010.75,3.894193238455538,-3.2693725870121573,-8.035358326115938,-0.0432538593432794
2011-08-05,6.6821,6.7543,6.2892,6.5865,2069046,0,-1.5411982779239497,6.849559999999999,6.94282,7.065835,7.011109160714031,7.437601583674665,6.694068416325335,1.8107377226188448,30.354966483851328,472359.05,7.3952171977357954,-1.4306879573786704,-9.679940760243532,-0.0155319819324188
2011-08-08,6.4181,6.4181,5.9919,6.1044,1738581,0,-7.319517194260983,6.65898,6.8336,7.011564999999999,6.9247559073126945,7.574748553419664,6.448381446580335,2.703165119023383,21.984468406056195,546902.25,7.112935796658817,-4.887739362116513,-15.176611177500488,-0.0760122770531621
2011-08-09,6.0652,6.2946,5.9862,6.2892,2566408,0,3.0273245527816073,6.531000000000001,6.74679,6.964815,6.8642267732829145,7.603806136665557,6.325823863334443,3.0691698389985858,27.27083333333333,660146.4,5.151849253282546,3.6932005539800863,-12.128875413913065,0.0298240539794013
2011-08-10,6.138,6.3059,6.0479,6.1769,961634,0,-1.785600712332258,6.36932,6.6706,6.912834999999999,6.798767080589304,7.629978051941292,6.195691948058707,3.0116831178707644,21.43005936881576,695671.5,4.265943550653946,0.6337569240795037,-10.9802847754655,-0.0180173491198208
2011-08-11,6.1659,6.4403,6.1659,6.3958,682299,0,3.543848856222387,6.310560000000001,6.614110000000001,6.874220000000001,6.760389263390323,7.61622863266385,6.1322113673361525,3.337414812629302,28.86175028291214,716384.4,4.450283008157771,3.7285716602604753,-8.115563089919108,0.0348249974451778
2011-08-12,6.3958,6.5021,6.3958,6.4799,483769,0,1.314925419806734,6.2892399999999995,6.5694,6.840625,6.733676000210292,7.590516918879187,6.090733081120813,3.4036682914097893,33.0093404769807,720937.2,1.6620282060101952,1.3149254198067386,-6.45445358741158,0.0130635532070009
2011-08-15,6.5694,6.6934,6.4965,6.6762,529885,0,3.02936773715643,6.4036,6.53129,6.819319999999999,6.72820209542836,7.562087044588426,6.0765529554115725,3.514676266967299,39.38484621155288,733109.9,3.0308627722619783,1.6257192437665509,-5.4000821844047975,0.0298438852632308
2011-08-16,6.6419,6.6419,6.4853,6.5524,662453,0,-1.854348281956808,6.456239999999999,6.49362,6.791575,6.711459038720897,7.530494096419185,6.052655903580815,3.5162727003535226,41.10251450676982,753345.9,2.41469168735448,-1.3475059847332862,-5.436492473770049,-0.0187175686612335
2011-08-17,6.5638,6.6367,6.5524,6.5976,324500,0,0.6898235760942617,6.540380000000001,6.45485,6.763355,6.700615320747478,7.485630796500784,6.041079203499216,3.511452471398444,41.72779878798925,758875.3,1.2865514925828814,0.5149456107742508,-5.550226905072075,0.0068745517886694
2011-08-18,6.4799,6.4853,6.3059,6.4014,354131,0,-2.9738086576937106,6.541499999999999,6.42603,6.71972,6.672118623533433,7.417092776852564,6.0223472231474355,3.3834498298111875,38.85117936534873,764060.55,2.844954724940125,-1.2114384481241998,-4.3081798612772175,-0.0301892300936751
2011-08-19,6.2829,6.4635,6.2489,6.3337,378387,0,-1.0575811541225222,6.5122599999999995,6.4007499999999995,6.671785,6.639888278435011,7.334340741528139,6.009229258471861,3.3685412701796817,34.23254597751243,770831.1,3.4342044199779145,0.8085438253036118,-3.8381537994382375,-0.0106321328839961
2011-08-22,6.3899,6.4465,6.2332,6.2553,428501,0,-1.237823073401012,6.42808,6.41584,6.624719999999999,6.603260823345963,7.263614145256028,5.98582585474397,2.368773744211046,34.99198146828225,765431.45,3.421998331515117,-2.1064492402071995,2.471987418910948,-0.0124554791598895
2011-08-23,6.3112,6.4351,6.2892,6.4181,362794,0,2.602593001135034,6.40122,6.42873,6.58776,6.585626459217775,7.18080952273936,5.99471047726064,2.317076325938874,37.939100110572426,764341.65,2.3198499014183067,1.6938141716313784,2.049545252178331,0.0256930193447691
2011-08-24,6.3849,6.4799,6.3787,6.4403,209224,0,0.3458967607235852,6.36976,6.455070000000001,6.562835,6.571785844054178,7.13530922474757,5.990360775252429,2.2067632292454684,44.00115501227199,730123.05,1.5865301707244344,0.8676721640119607,4.264274959931358,0.0034529991379832
2011-08-25,6.491,6.5021,6.3516,6.4014,399332,0,-0.6040091300094752,6.36976,6.455629999999999,6.53487,6.555558620810923,7.079475290579011,5.990264709420988,1.9312126655503392,45.4039827183791,728582.9,2.3694817053970665,-1.380372823910028,0.0875574595828432,-0.0060584064388665
2011-08-26,6.3848,6.5086,6.3055,6.4857,271997,0,1.3168994282500623,6.40016,6.45621,6.512805,6.54890541882893,7.025330295807379,6.0002797041926215,1.9313592048180124,61.79837861253789,705214.2,3.220997541828563,1.5803157499060163,0.0895075541289092,0.0130830369030577
2011-08-29,6.5694,6.6256,6.5417,6.5976,338155,0,1.7253341967713665,6.46862,6.44835,6.48982,6.55354299798808,6.936536566681499,6.0431034333185005,1.7406264595226055,59.99351911860012,706334.25,1.2825412354586845,0.429262946387798,-1.17731643749438,0.0171061931906173
2011-08-30,6.5638,6.6531,6.5079,6.6256,274668,0,0.4243967503334556,6.510120000000001,6.45567,6.474645,6.560405569608263,6.87694188160326,6.072348118396739,1.631885114668674,65.38013299513267,704491.8,2.2311344673396944,0.9415277735458232,1.117147915267691,0.0042349872721571
2011-08-31,6.6567,6.7198,6.6447,6.6567,279215,0,0.4693914513402397,6.553399999999999,6.46158,6.458215,6.569576467740809,6.794050111640916,6.122379888359084,1.624854051216461,60.264379573530555,699573.75,1.1302240883711825,0.0,0.8957802837395334,0.0046829324491775
2011-09-01,6.6531,6.7375,6.6256,6.7375,474817,0,1.2138146529060867,6.62062,6.495190000000001,6.46061,6.585569185098827,6.803991383182213,6.117228616817787,1.237855018053063,60.16093404859577,689489.8,1.6889036464621987,1.2685815634816788,5.250413971943635,0.0120650699767719
2011-09-02,6.6511,6.715,6.5809,6.5869,523447,0,-2.2352504638218917,6.640859999999999,6.52051,6.460629999999999,6.585695929375129,6.8040423015304565,6.117217698469542,1.4435396957584146,46.34585481626976,612209.85,2.037715206126823,-0.9652538677812632,3.9976632931777663,-0.0226061081097429
2011-09-06,6.3842,6.6456,6.3842,6.6291,372090,0,0.6406655634668912,6.6471599999999995,6.55789,6.486865,6.5898296503870215,6.793937378062174,6.179792621937826,1.3236676342774956,53.36315004823295,543885.3,4.094483255537108,3.8360327057423063,5.975732578773196,0.0063862202516593
2011-09-07,6.6688,6.7945,6.6005,6.7945,418338,0,2.4950596611908127,6.68094,6.595530000000001,6.512130000000001,6.609322064635877,6.833539822665082,6.19072017733492,1.3058170570189953,57.81039270130902,436481.8,2.9391712749034156,1.884896833013438,5.864663997133102,0.0246444130013832
2011-09-08,6.7366,6.7538,6.6805,6.7144,226671,0,-1.1788946942379863,6.692480000000001,6.62294,6.539005,6.619329487051507,6.830925677582685,6.247084322417316,1.4201115754037166,63.675288360713076,399733.65,1.0972232617319018,-0.3295430929548997,4.256012918652874,-0.0118589875919343
2011-09-09,6.6388,6.6552,6.4692,6.503,452351,0,-3.148457047539621,6.64558,6.633100000000001,6.544365000000001,6.608250488284697,6.829061730797263,6.259668269202739,1.8019318149820531,56.57169474419688,388236.25,2.875162307549619,-2.0455504006748164,1.587152810322756,-0.031990864899466
2011-09-12,6.4407,6.5252,6.4407,6.5144,267234,0,0.1753037059818663,6.63108,6.63597,6.5460899999999995,6.5993123465432975,6.8295575282625505,6.262622471737449,1.7569605142327904,60.60928670870527,377409.5,1.31196919589486,1.144285559023096,0.4425119879118755,0.0017515022837698
2011-09-13,6.5144,6.5938,6.503,6.5706,195578,0,0.8627041630848487,6.61938,6.63327,6.540809999999999,6.596577837348698,6.8179363432183875,6.26368365678161,1.6857428277868844,56.84163301929115,360694.15,1.3962786406273993,0.8627041630848518,-0.4092397235358369,0.0085900413568468
2011-09-14,6.582,6.6269,6.5252,6.5768,238689,0,0.0943597236173321,6.5758399999999995,6.62839,6.54203,6.594694233791679,6.819585677487591,6.264474322512408,1.679116599382836,56.21301775147931,339505.95,1.5585729173052187,-0.0790033424490949,-0.7365370683409811,0.0009431523281552
2011-09-15,6.6442,6.6442,6.5879,6.6099,252645,0,0.5032842719863595,6.55494,6.62371,6.542645,6.596142402001996,6.820773039238872,6.264516960761129,1.6803401970013987,59.54058753546261,335913.2,0.8545970643148705,-0.5162397278829656,-0.7030510613367014,0.0050202203003289
2011-09-16,6.6343,6.6629,6.5884,6.6456,234199,0,0.5400989424953595,6.5834600000000005,6.614520000000001,6.554855000000001,6.600852649430377,6.828275874535781,6.28143412546422,1.6366312986352658,57.65731251795808,329916.6,1.1307753020460138,0.1703269372805015,-1.3640074211502815,0.005386456386609
2011-09-19,6.5316,6.6442,6.5316,6.6269,199972,0,-0.2813891898398979,6.6059600000000005,6.618520000000001,6.569515,6.603333349484626,6.82377875261737,6.31525124738263,1.464279926082759,51.54064570406983,320995.85,1.7239267560781368,1.459060567089227,0.6072659369354305,-0.0028178583347029
2011-09-20,6.6099,6.6442,6.5596,6.5596,304159,0,-1.0155578022906675,6.603759999999999,6.61157,6.584729999999999,6.599168268581328,6.7918786026486195,6.377581397351378,1.486099154677296,46.66733993132697,314778.75,1.289712787365083,-0.7609797425074512,-1.0484077778280645,-0.0102074977208683
2011-09-21,6.5252,6.5706,6.4352,6.452,369205,0,-1.6403439234099593,6.578799999999999,6.57732,6.586425,6.585152243002154,6.788320917688487,6.384529082311514,1.2402084821584225,40.404987344145496,315099.3,2.1040527100944764,-1.121804695641512,-5.040841857384648,-0.016539465224191
2011-09-22,6.2657,6.3446,6.2096,6.2657,712001,0,-2.887476751394913,6.5099599999999995,6.53245,6.577695,6.554728219859092,6.817698100638553,6.337691899361448,1.4437566691294768,29.875447875789103,340238.15,2.174053079103321,0.0,-6.682652210175155,-0.0292998463128928
2011-09-23,6.2473,6.3385,6.2248,6.2989,311086,0,0.5298689691495051,6.44062,6.512040000000001,6.572570000000001,6.5303636274915595,6.832014135352394,6.313125864647607,1.1914293944141805,36.34812286689419,335825.85,1.826564708906305,0.8259568133433587,-3.138551437797943,0.0052847010279055
2011-09-26,6.3222,6.3512,6.2603,6.3446,424044,0,0.7255235041038866,6.38416,6.49506,6.565515,6.512671853444744,6.842018334138676,6.289011665861325,1.2285564331295886,36.55863176792968,343428.2,1.4520070923118769,0.3543070450159786,-2.6065332187154677,0.0072290424359909
2011-09-27,6.4069,6.4183,6.3559,6.3785,393190,0,0.5343126438230872,6.3479399999999995,6.475849999999999,6.55456,6.499893581688102,6.8428222592459775,6.266297740754023,1.1993462466405014,27.557186016400507,346179.95,0.9817649742758732,-0.4432720972701373,-2.9236295011110136,0.0053289025822416
2011-09-28,6.362,6.4015,6.2096,6.2489,289381,0,-2.031825664341147,6.30732,6.44306,6.535724999999999,6.47598943105114,6.852281497826411,6.219168502173588,1.3072949336473143,26.159991805797375,346915.6,3.090376191703176,-1.7777428481609587,-4.985707334874112,-0.020527511737715
2011-09-29,6.2885,6.3559,6.2715,6.3222,326998,0,1.17300644913505,6.31862,6.414289999999999,6.519,6.4613428185700785,6.843881043817447,6.194118956182553,1.3796878561935777,39.21498449057501,349304.75,1.34577054931038,0.53589886300389,-4.352562065991927,0.0116618005929072
2011-09-30,6.2353,6.3243,6.2353,6.2648,333070,0,-0.907911802853434,6.3118,6.3762099999999995,6.495365,6.4426244548967375,6.82208866096124,6.168641339038759,1.341388411102653,35.885546256503034,342217.4,1.427357144002701,0.4731127612143846,-5.730107138557838,-0.0091205843968089
2011-10-03,6.2191,6.2591,6.0767,6.0767,390415,0,-3.0024901034350737,6.25822,6.32119,6.469855,6.407774506811334,6.842877135508452,6.096832864491548,1.535931877692343,25.69628973526227,335565.8,3.001629173729168,-2.2897203775465953,-8.302524558994406,-0.0304848789836524
2011-10-04,5.9883,6.0225,5.8275,6.0167,805425,0,-0.9873780176740564,6.18586,6.2669,6.439235000000001,6.370529315686445,6.855276492237854,6.023193507762148,1.535624865661097,23.824656509954153,357232.55,3.346203346203351,0.4742581366999053,-8.276419293859371,-0.0099228492092998
2011-10-05,5.9999,6.0857,5.9538,6.0797,775291,0,1.0470856117140492,6.152019999999999,6.22967,6.4034949999999995,6.342831285621069,6.813805595961448,5.993184404038551,1.6149480668180258,25.895617384979076,375080.2,2.215391850582819,1.3300221670361112,-5.770303781773089,0.010416416393812
2011-10-06,6.0629,6.2691,6.0281,6.2691,324771,0,3.1152852936822573,6.1414,6.23001,6.3812299999999995,6.335809258419062,6.768166883742485,5.994293116257514,1.7703932636465154,34.98205025927402,379985.2,3.997942967104057,3.401012716686733,0.0542636896116999,0.0306774510165742
2011-10-07,6.2989,6.2989,6.1221,6.1451,358843,0,-1.9779553683941795,6.1174599999999995,6.21463,6.363335,6.317646471902961,6.759552788463724,5.9671172115362765,1.8651572210422445,32.271121577862814,375309.8,2.8878979435161147,-2.4416961691723875,-2.4416961691723915,-0.0199777873934345
2011-10-10,6.1849,6.31,6.1793,6.31,435925,0,2.6834388374477047,6.16412,6.21117,6.353115,6.316918236483631,6.743426768907519,5.96280323109248,2.0684372961852224,41.43092556989837,383744.35,2.115126308805205,2.0226681110446374,-0.5453456482678254,0.0264806602745312
2011-10-11,6.2644,6.3668,6.2532,6.3046,290468,0,-0.0855784469096621,6.2217,6.20378,6.339815,6.315745071104238,6.716824491853611,5.962805508146388,2.0587310262024414,44.55767242652487,388488.85,1.816669865029104,0.6417214737245318,-1.1585796033550255,-0.0008561508616756
2011-10-12,6.3273,6.3842,6.3161,6.3554,303998,0,0.8057608730133614,6.27684,6.214429999999999,6.328745,6.319521730999073,6.6890889437396215,5.968401056260378,1.9554496939014416,53.68015098055308,391754.3,1.0781969886480625,0.4441072811467803,1.7042999567923989,0.0080253195340807
2011-10-13,6.3161,6.4181,6.3046,6.4124,301980,0,0.8968750983415541,6.3055,6.223450000000001,6.3188699999999995,6.328367280427733,6.656906610288128,5.980833389711871,1.9418710505374897,54.56740442655937,394221.05,1.8002728166735429,1.5246750368106945,1.4267185473411104,0.0089287706078545
2011-10-14,6.475,6.5663,6.4408,6.5546,458147,0,2.2175784417690636,6.3873999999999995,6.2524299999999995,6.3143199999999995,6.349913253720329,6.635888082993868,5.992751917006131,2.001725279964468,57.84167289021659,405418.45,1.9485157123338672,1.229343629343631,4.625845996679856,0.0219334773998375
2011-10-17,6.5493,6.5493,6.4579,6.475,294471,0,-1.2144143044579447,6.420400000000001,6.29226,6.306725,6.361826277175536,6.603421469920877,6.010028530079123,1.716487547137259,53.48450927998844,410143.4,1.4153207699097117,-1.1344723863619015,6.554544407326346,-0.0122184856476177
2011-10-18,6.4468,6.5663,6.4352,6.5602,295712,0,1.3158301158301189,6.47152,6.34661,6.306755,6.380719012682627,6.603559230889717,6.009950769110283,1.624414087829947,61.61307170036561,409721.05,2.037232720039781,1.7590122231184526,9.033190951850688,0.0130724827105306
2011-10-19,6.5546,6.5602,6.4805,6.5321,223649,0,-0.4283405993719791,6.5068600000000005,6.39185,6.31076,6.395136249569997,6.617801580589467,6.003718419410533,1.6738442805035678,58.10362134198133,402443.25,1.2298433762826924,-0.3432703750038136,7.441156636018231,-0.0042926060583137
2011-10-20,6.5377,6.5663,6.4468,6.5663,183719,0,0.5235682246138351,6.537639999999999,6.42157,6.32579,6.411437559134759,6.652353058471476,5.999226941528523,1.449593156609817,61.85234688261656,376029.15,1.8536328100763229,0.4374627162457739,4.740712382957679,0.0052220237155882
2011-10-21,6.6359,6.6702,6.5438,6.5727,313361,0,0.0974673712745399,6.541259999999999,6.4643299999999995,6.33948,6.426795886836211,6.683771630361807,5.995188369638193,1.1837877200906186,72.74811961108057,376142.9,1.9315993765090664,-0.9523953043294828,6.958389611234961,0.0009741990267398
2011-10-24,6.5719,6.6918,6.5663,6.6918,443065,0,1.8120407138618733,6.584619999999999,6.502509999999999,6.35684,6.4520343738041905,6.735515038578533,5.978164961421467,1.0438241408617688,79.37005133559558,377093.95,1.9112742335866424,1.824434334058635,6.050713153724252,0.0179581892662626
2011-10-25,6.6322,6.6662,6.5743,6.6264,452196,0,-0.9773155204877536,6.59786,6.53469,6.369235,6.468640623918077,6.766659854334064,5.971810145665936,1.1418282648861924,73.73447946513853,380044.25,1.3978674535691993,-0.0874521274991677,5.10420962471847,-0.0098212259444917
2011-10-26,6.6629,6.7249,6.5946,6.7249,273214,0,1.4864783291077988,6.636419999999999,6.57164,6.393034999999999,6.493046278783022,6.816289116901452,5.969780883098546,1.1813636348919945,71.48378582202115,379235.9,1.9758590361811192,0.9305257470470858,5.813953488372081,0.0147553851869516
2011-10-27,6.8333,6.8955,6.7712,6.8914,582666,0,2.4758732471858336,6.70144,6.619539999999999,6.421495,6.530984728422735,6.89790368556792,5.94508631443208,1.3261205595917571,83.82126348228044,392019.3,1.8357159735349695,0.8502480499904819,7.469902064749556,0.0244572019291714
2011-10-28,6.8472,6.8926,6.8409,6.8703,234977,0,-0.3061787155004714,6.76096,6.65111,6.451770000000001,6.56330046857295,6.962007501355805,5.941532498644197,1.2496945404157085,79.1974986972382,387114.65,0.7557485126225995,0.3373641780581893,4.816464772831308,-0.0030664840149364
2011-10-31,6.7758,6.8585,6.7691,6.8051,213086,0,-0.949012415760586,6.783619999999999,6.68412,6.48819,6.586328995375526,6.989611603884837,5.986768396115163,1.2119963589678562,74.55116256254297,378248.2,1.3207073318461888,0.4324212639097981,5.098069498069502,-0.0095354423304969
2011-11-01,6.7007,6.7533,6.6382,6.684,294703,0,-1.7795476921720454,6.795140000000001,6.6965,6.521555000000001,6.595630995815952,6.977633591911894,6.0654764080881085,1.3672456967185929,65.07892804698972,352712.1,1.733903769094031,-0.2492276926291306,1.8871375872686835,-0.0179557203394596
2011-11-02,6.727,6.7502,6.6875,6.7321,217839,0,0.7196289646917986,6.7965800000000005,6.716500000000001,6.554174999999999,6.60862804383348,6.968611474086154,6.139738525913844,1.357202607469861,64.79133894697883,324839.5,0.9375700934579504,0.0758138843466576,3.0618024831218227,0.0071705199117054
2011-11-03,6.7416,6.7592,6.6552,6.7188,370615,0,-0.1975609393799815,6.76206,6.73175,6.5766599999999995,6.6191206110874345,6.974435574916724,6.178884425083275,1.363754103448602,58.62576171464595,327131.7,1.5626878230556571,-0.3381986472054134,2.322464706151095,-0.0019775634841419
2011-11-04,6.6624,6.7908,6.633,6.755,305636,0,0.5387866880990577,6.739,6.749979999999999,6.6071550000000006,6.632061505269584,6.956148412545751,6.25816158745425,1.3658334403759234,65.4117129018054,324471.35,2.379014020805065,1.3898895292987514,2.7735938046769215,0.0053734042514512
2011-11-07,6.7321,6.8645,6.7321,6.8645,237333,0,1.6210214655810518,6.7508799999999995,6.76725,6.63488,6.654198504767718,6.972389376712333,6.297370623287667,1.343210743679395,66.31285515171008,314541.75,1.966696870218797,1.966696870218797,2.5807704952329757,0.0160802319433603
2011-11-08,6.8826,6.9214,6.8363,6.9107,242117,0,0.6730278971520232,6.79622,6.79568,6.665184999999999,6.678627218599364,6.986271538753566,6.344098461246433,1.273429118947876,69.90954985275562,312124.2,1.2448254172578823,0.408275942231137,4.290414101171081,0.0067077317535109
2011-11-09,6.7878,6.8511,6.7353,6.7353,304528,0,-2.5380931020012487,6.79686,6.7967200000000005,6.6841800000000005,6.684024626351806,6.971249348673264,6.397110651326737,1.514897712594616,57.73809523809522,312150.7,1.7192998084717848,-0.7734464775037599,0.1546491397641514,-0.0257085828088911
2011-11-10,6.7772,6.7945,6.6552,6.684,390284,0,-0.7616587234421601,6.7899,6.77598,6.69776,6.684022280984967,6.9548240665595085,6.440695933440491,1.257125087026097,54.89488961210309,316565.9,2.0931001322274376,-1.375199197308616,-3.0095481324549422,-0.0076457415669949
2011-11-11,6.727,6.7616,6.6642,6.6934,380763,0,0.1406343506882068,6.77758,6.75829,6.7047,6.684915397081637,6.952829906554283,6.456570093445717,1.2647179494758278,50.077881619937685,312696.7,1.4615407700849237,-0.4994797086368476,-2.5748511709823507,0.0014053555320319
2011-11-14,6.7044,6.7159,6.6473,6.6875,232501,0,-0.0881465324050534,6.742179999999999,6.74653,6.715325,6.685161549740529,6.939038198679645,6.491611801320355,1.2411784420435057,53.15697013537252,309598.2,1.031997954056534,-0.2520732653182939,-1.7281156779474285,-0.0008818540430542
2011-11-15,6.6702,6.7044,6.6359,6.6642,333755,0,-0.3484112149532703,6.69288,6.744549999999999,6.720525,6.683165211670002,6.933639882535723,6.5074101174642776,1.110207495446316,46.599439775910376,311500.35,1.0322638978887466,-0.0899523252676115,-0.2962298025134702,-0.0034901958031326
2011-11-16,6.6186,6.6762,6.5898,6.6067,380820,0,-0.862819243119961,6.66716,6.73201,6.724255000000001,6.675882810558574,6.925780325299732,6.522729674700271,1.1051908603019271,31.831525207402663,319358.9,1.311117181098051,-0.1797963315504759,-1.862717428439864,-0.00866563078931
2011-11-17,6.6297,6.6589,6.5438,6.5898,542567,0,-0.2558009293595842,6.64832,6.719110000000001,6.72543,6.6676844476482335,6.923318816205635,6.527541183794366,1.1054335140027642,32.00307968689849,337301.3,1.7589168373116533,-0.6018371872030316,-1.919985711734229,-0.002561286589464
2011-11-18,6.6205,6.6264,6.5282,6.5571,335938,0,-0.4962214331239223,6.62106,6.69932,6.72465,6.657152595491259,6.925178926907406,6.524121073092593,1.0779200433723617,33.39582217461165,338430.15,1.5042431298060766,-0.9576315988218363,-2.9296817172464795,-0.0049745669981038
2011-11-21,6.4982,6.5037,6.4177,6.4808,269972,0,-1.163624163120891,6.57972,6.66095,6.714099999999999,6.640357110206377,6.942210748726427,6.485989251273572,0.8681925270987138,35.52706552706552,329775.5,1.3400439409757436,-0.2677664584038567,-5.589627795178076,-0.0117044725079699
2011-11-22,6.5037,6.5383,6.4695,6.5037,261604,0,0.3533514380940517,6.54762,6.62025,6.707965,6.627342147329579,6.952047835594599,6.4638821644054,0.8219890126533477,33.12647754137116,320245.9,1.0634515804930755,0.0,-5.889417859261725,0.0035272861862985
2011-11-23,6.4865,6.4865,6.361,6.3776,278899,0,-1.938896320555994,6.5018,6.584480000000001,6.690600000000001,6.603557180917238,6.9755972926931555,6.405602707306846,0.6736319177750731,28.39412360688955,320530.15,1.97296022637951,-1.67887150235104,-5.310825056047975,-0.0195793946841045
2011-11-25,6.3493,6.4473,6.3375,6.4245,122515,0,0.735386352232803,6.4687399999999995,6.55853,6.667255,6.586504116067977,6.959397794753936,6.375112205246064,0.7777351790166017,29.351493190053716,297522.6,1.7325443786982233,1.1843825303576727,-3.8824057450628335,0.0073269557050596
2011-11-28,6.5096,6.5609,6.4751,6.5211,300683,0,1.5036189586738136,6.461540000000001,6.5413,6.649795,6.5802751526329315,6.93242817848277,6.3671618215172305,0.9757610674486752,28.194056388112756,300807.9,1.3250760606013787,0.1766621605014109,-2.574177548032386,0.0149242666233938
2011-11-29,6.5096,6.5211,6.4521,6.4751,267941,0,-0.7054024627746736,6.4604,6.520060000000001,6.6332949999999995,6.570258471429796,6.916283149092224,6.350306850907775,0.983445263704256,22.332317073170643,303550.65,1.0694192588459563,-0.5299864815042327,-3.1760747663551303,-0.0070790218830043
2011-11-30,6.5697,6.5879,6.5279,6.5879,420718,0,1.7420580377137007,6.47724,6.51243,6.628490000000001,6.57193861700791,6.911116343615721,6.345863656384282,1.178977693980476,39.828871101297274,309851.4,0.9191317268953338,0.2770293925141211,-1.144923621740046,0.0172705816048623
2011-12-01,6.6035,6.6035,6.5164,6.5511,219030,0,-0.5585998573141682,6.51194,6.506869999999999,6.61944,6.569953986816681,6.899678608107471,6.339201391892529,1.1611506197822223,40.64216307562311,309910.95,1.3366275857835677,-0.7935185886272499,-0.8415699214433858,-0.0056016586083556
2011-12-02,6.6153,6.6153,6.5452,6.5743,270589,0,0.3541389995573185,6.5419,6.50532,6.612215000000001,6.57036789283414,6.889098469884113,6.335331530115889,1.1668032770415586,41.77372565271448,304909.65,1.071013872761719,-0.6197753692198443,-0.2352119942942154,0.0035351340395256
2011-12-05,6.6035,6.6785,6.5976,6.6785,457377,0,1.5849596154723589,6.57338,6.51746,6.60839,6.580666188754698,6.879011000469413,6.337768999530587,1.254241832744294,49.452687910484045,312496.7,1.2262034679277274,1.1357613386840204,1.8514282228424104,0.0157253029172026
2011-12-06,6.6657,6.7297,6.6482,6.7242,422167,0,0.6842853934266646,6.6232,6.5418,6.601375,6.594336075539965,6.850459689677846,6.352290310322154,1.1655262177680423,53.55197726734547,321738.4,1.2258957311753578,0.8776272559521063,3.7557091717071778,0.0068195478688772
2011-12-07,6.6918,6.7317,6.6511,6.7255,278908,0,0.0193331548734576,6.65072,6.563979999999999,6.592115,6.606827877869492,6.803732940489867,6.380497059510132,1.171004461995468,57.534246575342486,323577.95,1.2118296221677685,0.5036014226366674,3.41036640681458,0.000193312862599
2011-12-08,6.7088,6.715,6.6447,6.6742,248945,0,-0.7627685673927687,6.67534,6.593639999999999,6.589060000000001,6.613244270453349,6.793620925425307,6.384499074574695,0.9557285484356024,55.12882839086045,320798.8,1.0579860640811412,-0.5157405199141454,4.650652282990464,-0.0076569252500595
2011-12-09,6.6624,6.7317,6.6447,6.7088,273415,0,0.5184141919630791,6.702240000000001,6.622070000000001,6.590299999999999,6.622344816124459,6.797566865862687,6.383033134137311,0.9512267308877752,59.19728386079786,314955.35,1.3093141902568926,0.6964457252641724,4.425247100941698,0.0051707505179214
2011-12-12,6.6382,6.6728,6.5976,6.6612,419113,0,-0.7095158597662743,6.698779999999999,6.63608,6.58869,6.626045309826891,6.7930649073080485,6.384315092691951,0.933033257447893,61.33165829145726,316872.85,1.1398084151812735,0.3464794673254751,2.1484105442333368,-0.0071204489323822
2011-12-13,6.6728,6.6905,6.6035,6.6382,210179,0,-0.3452831321683725,6.681579999999999,6.65239,6.586225000000001,6.6272028993671865,6.786734633579603,6.385715366420398,0.8998487553856729,58.44743122723276,315756.75,1.3174831528734725,-0.518522958877822,2.5188800172970316,-0.0034588061009864
2011-12-14,6.6322,6.6662,6.5626,6.6662,498073,0,0.4218010906571035,6.66972,6.66022,6.586325,6.630916908951264,6.787000300712672,6.385649699287329,0.7396437445558885,70.67335243553008,323972.65,1.578642611160213,0.5126504025813426,1.1885426311874836,0.0042091400347745
2011-12-15,6.7188,6.7188,6.6264,6.6662,190114,0,0.0,6.66812,6.671729999999999,6.5893,6.6342772033368576,6.792988668522678,6.385611331477321,0.7028196294971562,68.56089694363385,314437.35,1.3944223107569658,-0.7828778948621775,1.7569568469417265,0.0
2011-12-16,6.6624,6.7032,6.6393,6.6859,312406,0,0.2955206864480475,6.66354,6.68289,6.594105000000001,6.639193660161919,6.802326870281411,6.38588312971859,0.7014168091356237,64.35040055729715,302929.3,0.9624508607835072,0.3527257444764694,1.697519127511682,0.0029508488245032
2011-12-19,6.7007,6.7007,6.6086,6.6086,304826,0,-1.1561644655169845,6.653020000000001,6.6759,6.596680000000001,6.636279978241736,6.8042477553305485,6.3891122446694535,0.6179530595001703,61.02394715111473,301373.7,1.3936385921375225,-1.374483262942682,-1.046642210077109,-0.0116290001320988
2011-12-20,6.6393,6.7032,6.6393,6.6974,329432,0,1.3437036588687556,6.66486,6.673220000000001,6.60751,6.642100932694904,6.8122030117345505,6.402816988265449,0.7353775384408076,59.41530524505585,304346.7,0.9624508607835072,0.8750922537014382,-0.3985604235448026,0.0133475602526055
2011-12-21,6.6742,6.7317,6.6393,6.7317,296237,0,0.5121390390300684,6.677960000000001,6.67384,6.61891,6.650634177200151,6.824653211438336,6.4131667885616634,0.7558368725402873,65.59585492227978,306078.35,1.391712981790243,0.8615264750831577,0.0921864545387007,0.0051083206749528
2011-12-22,6.7436,6.7851,6.7032,6.774,309692,0,0.6283702482285269,6.69952,6.68382,6.63873,6.662383303181088,6.821708009608604,6.455751990391396,0.7248235612445735,66.69453268684165,307618.0,1.2218045112781968,0.450797793463435,1.4953102993617184,0.0062640423398502
2011-12-23,6.7958,6.8416,6.7436,6.8416,371806,0,0.997933274284013,6.73066,6.697100000000001,6.659585,6.6794515600209845,6.834662513961848,6.484507486038152,0.7665020823697362,64.52359750667853,320082.55,1.453229728928167,0.6739456723270232,1.9794896255664216,0.0099298680129542
2011-12-27,6.8023,6.8662,6.755,6.8662,425797,0,0.3595650140318041,6.782179999999999,6.7176,6.67684,6.697237125733271,6.862173047583637,6.491506952416364,0.6971477923040107,63.138415988156936,326338.25,1.646188008882312,0.9393881481263734,3.0775235693268455,0.0035892012443781
2011-12-28,6.8371,6.8371,6.6918,6.6974,288168,0,-2.458419504238152,6.782179999999999,6.723519999999999,6.6879550000000005,6.697252637568198,6.847168480982729,6.528741519017272,1.1127756024833737,48.015256392145766,327349.6,2.1713141456708307,-2.0432639569408138,0.8918080202464429,-0.0248914322721356
2011-12-29,6.6567,6.6974,6.6042,6.6742,481872,0,-0.3464030817929342,6.7706800000000005,6.7243200000000005,6.692270000000001,6.695057148275989,6.844594613210719,6.539945386789282,1.1141811633159953,50.0,330407.3,1.4112231610187516,0.2628930250724844,0.1200084005880341,-0.0034700444643371
2011-12-30,6.6359,6.7317,6.6359,6.7198,392040,0,0.6832279524137785,6.75984,6.729679999999999,6.700704999999999,6.697413610344943,6.838062918555117,6.563347081444881,1.1337565038116175,50.79617834394905,339057.8,1.443662502448796,1.2643349055892923,0.8040562839398913,0.0068090452709623
2012-01-03,6.8899,6.9132,6.7908,6.9132,567218,0,2.878061847078772,6.77416,6.75241,6.717650000000001,6.717964695073996,6.871924144234433,6.563375855765568,1.439662967369898,65.0609610327516,353889.25,1.802438593391056,0.3381761709168475,3.3996918889005245,0.0283742353567986
2012-01-04,6.8301,6.9884,6.8301,6.9884,556149,0,1.0877741132905294,6.7986,6.7903899999999995,6.733145,6.743720438400282,6.927823341725935,6.538466658274066,1.352033109368034,69.70072007200719,358827.85,2.317682025153373,2.317682025153373,5.747056865296729,0.0108190040739518
2012-01-05,6.9764,6.9993,6.9466,6.9823,353629,0,-0.0872875050083044,6.855580000000001,6.81888,6.746049999999999,6.7664423014097785,6.970216662623806,6.521883337376193,1.3365194161897331,68.23162994578384,355400.95,0.7586445167419996,0.0845708388280554,4.253889569086522,-0.0008732562273391
2012-01-06,6.9709,7.0639,6.9709,7.0395,557578,0,0.8192142990132156,6.92864,6.84966,6.761749999999999,6.792447796513609,7.021081768813819,6.502418231186179,1.342246658243354,70.19803051617791,369334.45,1.3341175457975294,0.9840910069001132,4.572396274343782,0.0081587695296316
2012-01-09,7.0582,7.1101,6.9941,7.0702,480786,0,0.4361105192129955,6.9987200000000005,6.87928,6.78155,6.818900387321837,7.071409199939879,6.4916908000601214,1.3408828288422825,70.54860442733396,380926.5,1.6585407700776318,0.1700150179932499,4.372601121936803,0.0043516231310629
2012-01-10,7.1207,7.1802,7.0934,7.156,440878,0,1.2135441713105657,7.047279999999999,6.91072,6.80391,6.851005112338805,7.136050755831803,6.471769244168197,1.352587494454856,79.00593471810087,389299.65,1.2236727098429556,0.4957377785891758,4.595416276894304,0.0120623975949645
2012-01-11,7.1509,7.1568,7.0941,7.1509,313835,0,-0.0712688652878656,7.0797799999999995,6.939190000000001,6.828395,6.879566530211299,7.18735655768417,6.469433442315831,1.3629125236900503,76.36934527270614,384035.75,0.8838330443608002,0.0,4.146398298913523,-0.0007129427361653
2012-01-12,7.1278,7.1764,7.071,7.1509,380921,0,0.0,7.113499999999999,6.98454,6.85403,6.905407813048319,7.228686592797487,6.479373407202512,0.9443891929550527,75.38759689922482,392572.85,1.4905953896195785,0.3240831673167084,6.771284379012754,0.0
2012-01-13,7.1269,7.162,7.0582,7.1442,513664,0,-0.0936944999930133,7.134440000000001,7.03154,6.877929999999999,6.9281499260913355,7.262976884910462,6.492883115089536,0.9174242265432764,73.43037974683543,393352.4,1.4706299056416603,0.2427422862675167,7.042042491984057,-0.00093738420726
2012-01-17,7.1357,7.1718,7.0948,7.141,363137,0,-0.0447915791831121,7.1486,7.073659999999999,6.90167,6.948421361701684,7.290282842651895,6.513057157348105,0.9461547696518632,70.63120176405735,402003.55,1.0853019112589497,0.0742744229718189,6.268043691776537,-0.0004480161360743
2012-01-18,7.0989,7.1802,7.0753,7.1802,228566,0,0.5489427251085255,7.153440000000001,7.100359999999999,6.926385000000001,6.970495517730096,7.320058753654076,6.532711246345925,0.5154897976588324,71.21048365306675,397811.55,1.4826226449761817,1.1452478553015213,3.862176705433096,0.0054744152584156
2012-01-19,7.1855,7.2105,7.1269,7.2105,285985,0,0.4219938163282366,7.16536,7.1225700000000005,6.956479999999999,6.993353087470086,7.339754042951381,6.573205957048617,0.4532840819822591,92.63752700681404,396869.5,1.173020527859233,0.3479229002852894,3.178123747925121,0.0042110591945994
2012-01-20,7.2108,7.2108,7.1633,7.2108,338981,0,0.0041605991262683,7.177339999999999,7.14542,6.98215,7.01406231723484,7.361109086807507,6.603190913192493,0.4451317048765261,96.35452660677268,397346.95,0.6631022014993134,0.0,3.272560617561538,4.160512575743541e-05
2012-01-23,7.2312,7.2433,7.1915,7.2105,389710,0,-0.0041604260276328,7.190600000000001,7.162519999999999,7.00609,7.032770667974379,7.378875672302435,6.633304327697566,0.4185934528565526,95.98875351452672,402020.6,0.7202947924633257,-0.2862595419847412,2.429149797570851,-4.16051257575707e-05
2012-01-24,7.1802,7.2486,7.156,7.2312,277832,0,0.2870813397129357,7.20864,7.17862,7.02895,7.051668699595867,7.397863240407092,6.660036759592908,0.4135004562545511,94.06873614190692,400427.6,1.294019005030744,0.7102866215425776,2.2771633051398954,0.0028667004820762
2012-01-25,7.2486,7.2607,7.1915,7.2312,323219,0,0.0,7.21884,7.186139999999999,7.048430000000001,7.068766918681975,7.416833749338422,6.680026250661579,0.2279975275525229,92.50700280112048,397998.25,0.9622470972676128,-0.2400463537786526,1.050866405813311,0.0
2012-01-26,7.2433,7.2671,7.1855,7.225,655404,0,-0.0857395729616183,7.22174,7.19355,7.066369999999999,7.083646259759882,7.432346301217606,6.700393698782392,0.2292816700552953,92.47462373118638,409478.6,1.1356203465312071,-0.252647274032554,1.0362332014151932,-0.0008577635035683
2012-01-27,7.2157,7.2393,7.1802,7.1989,407505,0,-0.3612456747404735,7.21936,7.19835,7.091445,7.094622806449417,7.417525012622464,6.765364987377536,0.2718802756413485,81.3040062843676,415445.45,0.8230968496699246,-0.2328256440816542,0.6712441790543755,-0.0036189974259773
2012-01-30,7.1855,7.2486,7.1689,7.2433,523197,0,0.6167608940254699,7.22592,7.20826,7.1198999999999995,7.10878253916852,7.3865879272231885,6.85321207277681,0.3146157661671676,82.25866567275435,417511.7,1.1117465719984918,0.8043977454595977,1.3871392178270492,0.0061486670843094
2012-01-31,7.2762,7.287,7.2215,7.2762,416424,0,0.4542128587798455,7.23492,7.221780000000001,7.14772,7.124727059247709,7.345976756439641,6.949463243560358,0.3218393968419196,77.90157845868156,418730.9,0.9070137783009086,0.0,1.893292255986556,0.0045318442518362
2012-02-01,7.2986,7.3617,7.2809,7.3617,305750,0,1.1750639069844082,7.261019999999999,7.239930000000001,7.170145000000001,7.1472959107479275,7.357892013152406,6.982397986847595,0.4392906957808722,85.63218390804587,405657.5,1.109752915161587,0.8645493656317579,2.5277847413720966,0.0116821364216187
2012-02-02,7.3444,7.427,7.3385,7.4166,357753,0,0.7457516606218739,7.299340000000001,7.260539999999999,7.191554999999999,7.172943919248125,7.389424456966656,6.993685543033343,0.4645148576240064,87.88138009694886,395737.7,1.205968522177554,0.9830619247317628,2.8583315997503744,0.0074298468094126
2012-02-03,7.4218,7.5101,7.4166,7.4919,604997,0,1.0152900250788743,7.357939999999999,7.28865,7.217035,7.203320688843541,7.431956471828454,7.002113528171546,0.5052880542739544,91.4619604102075,408306.1,1.2606854893077768,0.944514807728584,3.898319187884835,0.0101017057823249
2012-02-06,7.4723,7.4786,7.3554,7.3728,574419,0,-1.5897168942457962,7.383840000000001,7.30488,7.233700000000001,7.219461575620347,7.442252908849888,7.025147091150113,0.802239309351772,71.65545590433476,409148.15,1.6749598934116396,-1.331584652650455,2.2508841273143343,-0.0160248842826947
2012-02-07,7.3418,7.4904,7.3077,7.4591,867436,0,1.170518663194442,7.42042,7.32767,7.253145000000001,7.242284282704123,7.4698712398808835,7.036418760119118,0.8565485426589903,73.94813669929583,428480.65,2.500102631470922,1.597700836307175,3.151620754508233,0.0116372108667042
2012-02-08,7.4302,7.4527,7.3893,7.425,545129,0,-0.457159710957089,7.43308,7.34705,7.266595,7.259685779589445,7.491182429699929,7.04200757030007,0.886839103776757,68.29892509810605,433693.2,0.8579973745821617,-0.0699846572097697,2.680053103219371,-0.0045820788172666
2012-02-09,7.4527,7.4527,7.3646,7.425,455860,0,0.0,7.43476,7.367049999999999,7.2803,7.275429991057116,7.508583277392616,7.052016722607383,0.883443105361165,68.28269033799923,440794.45,1.1962632050620514,-0.3716773786681374,2.768166089965396,0.0
2012-02-10,7.3971,7.3971,7.3325,7.3677,451355,0,-0.7717171717171678,7.40992,7.383929999999999,7.29114,7.284217610956438,7.514078390357086,7.068201609642915,0.9249506848089226,62.22775357809583,444316.15,0.8810092055915505,-0.3974530559273211,2.3448026781869524,-0.0077471031770791
2012-02-13,7.3554,7.4102,7.3325,7.3862,458090,0,0.2510960001085749,7.4126,7.398219999999999,7.30324,7.293930219436778,7.518743859045327,7.087736140954672,0.9153996728688222,62.09803309397433,441537.45,1.0596658711217195,0.4187399733529008,1.9728576753689664,0.0025078128082382
2012-02-14,7.3554,7.3907,7.3385,7.3907,273221,0,0.0609244266334574,7.39892,7.40967,7.315724999999999,7.303146389014227,7.520308797013031,7.111141202986967,0.9116733940015256,62.36242443032082,437041.65,0.7113170266403219,0.4799195149142051,1.5736235947335198,0.0006090587523915
2012-02-15,7.4432,7.4432,7.3444,7.3728,446357,0,-0.2421962736953165,7.38848,7.41078,7.325355,7.309780066250967,7.52101572112139,7.12969427887861,0.8439914619522737,61.251522533495745,447931.2,1.3452426338434695,-0.9458297506448872,0.1507803903989524,-0.0024249004329882
2012-02-16,7.3862,7.4857,7.3617,7.4668,409077,0,1.274956597222232,7.39684,7.4158,7.33817,7.324734345655637,7.535720975167782,7.140619024832218,0.908778822793029,68.483510418104,454085.8,1.6843935504027556,1.0912241748124945,0.6768600167192496,0.0126689745369791
2012-02-17,7.4831,7.4941,7.3893,7.4412,302033,0,-0.3428510205174873,7.41154,7.410730000000001,7.34969,7.335826312736052,7.542788392155136,7.156591607844864,0.8517033209694005,64.017566227511,452238.4,1.418266953567997,-0.5599283719314194,-0.6767308693388818,-0.0034344010146091
2012-02-21,7.427,7.4615,7.3971,7.4489,334177,0,0.1034779336666069,7.424079999999999,7.418340000000001,7.361610000000001,7.346595235332619,7.547841456442481,7.17537854355752,0.6620015049811804,62.685470838842335,449461.75,0.8706114558408027,0.2948700686683785,1.03217230902779,0.0010342443215781
2012-02-22,7.4651,7.5312,7.414,7.5196,386074,0,0.9491334290969043,7.449859999999999,7.42439,7.37603,7.363071879586655,7.5643944742465,7.1876655257535,0.6250700737413212,61.85613455473791,454873.85,1.5807930941462156,0.7300638973356016,0.8110898097625663,0.0094465745743954
2012-02-23,7.5273,7.5486,7.4919,7.5431,327694,0,0.3125166232246457,7.48392,7.4362,7.391625,7.380217414864116,7.581144146374106,7.202105853625895,0.5980287995529978,59.96847911741528,455097.6,0.7568173627517746,0.2099026211257634,1.5905723905723868,0.0031202930506188
2012-02-24,7.5471,7.5894,7.4699,7.5833,329431,0,0.5329373864856768,7.507220000000001,7.452030000000001,7.40954,7.3995586134484865,7.60047378736661,7.218606212633389,0.6059265369808793,57.62429095762429,438798.95,1.5997536780947588,0.4796544368035406,2.1319865319865405,0.0053152230065054
2012-02-27,7.5612,7.5656,7.4919,7.5486,278084,0,-0.4575844289425479,7.528700000000001,7.47012,7.427025,7.413753031215298,7.599937267076473,7.254112732923528,0.555235539178199,67.06796116504859,432327.9,0.9837290940882772,-0.166640215838755,2.455311698359064,-0.0045863455117903
2012-02-28,7.5656,7.5656,7.5216,7.5612,353154,0,0.1669183689690712,7.55116,7.4876200000000015,7.442919999999999,7.427795599670984,7.602665608292316,7.283174391707682,0.5557579167145679,61.5680942669386,423825.75,0.5849819187406881,-0.0581579782171872,2.3692832579675693,0.0016677921508698
2012-02-29,7.539,7.5559,7.4919,7.5027,241908,0,-0.7736867163942285,7.54778,7.498819999999999,7.454245,7.434929352083271,7.595238922602313,7.313251077397688,0.6410637900519283,58.34228043805025,415099.95,0.8542559297374506,-0.4814962196577766,1.5154180253561966,-0.0077669519960605
2012-03-01,7.5014,7.5375,7.4302,7.4527,480490,0,-0.6664267530355761,7.5297,7.50681,7.458794999999999,7.436621794742007,7.592920133639987,7.324669866360011,0.6827564107815893,52.685669963156904,423836.95,1.4441064843476557,-0.6492121470658835,1.083713107638884,-0.0066865729158164
2012-03-02,7.445,7.5635,7.398,7.5635,642494,0,1.486709514672535,7.525740000000001,7.51648,7.46614,7.448705433338007,7.606481019251218,7.325798980748782,0.7248872637613886,67.1995783555868,438074.0,2.237091105704253,1.5916722632639362,1.295066159532876,0.0147576631781207
2012-03-05,7.5014,7.5014,7.353,7.3646,613884,0,-2.6297349110861346,7.488940000000001,7.50882,7.459774999999999,7.44069539206772,7.606594357322086,7.312955642677911,1.1354791434306803,48.55923159018147,438518.35,2.018223854209174,-1.8236595835444056,-1.029403859592537,-0.0266493085104899
2012-03-06,7.3167,7.3444,7.2312,7.2312,719696,0,-1.8113678950655856,7.42294,7.487050000000001,7.452695,7.420743449966032,7.628056274907269,7.277333725092731,1.253165783016143,40.92202618099036,445782.2,1.5654386547184418,-1.168559596539419,-2.922579172763762,-0.0182797400075628
2012-03-07,7.2433,7.3617,7.2373,7.3325,269406,0,1.4008739904856735,7.388900000000001,7.46834,7.446365,7.412339311874029,7.629710762226938,7.2630192377730625,1.309629547605817,47.9051876494438,415880.7,1.7188730603954463,1.2314828876340886,-2.488164264056602,0.0139115243674049
2012-03-08,7.3509,7.4389,7.3325,7.4389,384511,0,1.4510739856802068,7.38614,7.45792,7.44706,7.41486890121936,7.630169991679571,7.26395000832043,1.409090987454194,48.56820281227549,407849.8,1.4510739856802009,1.1971323239331249,-1.3813949172091,0.0144064665823568
2012-03-09,7.425,7.4527,7.377,7.4302,330186,0,-0.1169527752759136,7.35948,7.44261,7.44732,7.416329005865135,7.630312833912749,7.264327166087252,1.3899739351874183,49.42552747023187,401566.1,1.026162396638204,0.0700336700336742,-2.0189099732306537,-0.0011702121840343
2012-03-12,7.414,7.4465,7.3948,7.4412,224837,0,0.1480444671745129,7.3748,7.431870000000001,7.450994999999999,7.418697671973217,7.630167536371325,7.271822463628673,1.390456346632618,49.59925054647654,390240.2,0.6991399361713677,0.3668734826004931,-1.4227803831174055,0.0014793498939042
2012-03-13,7.425,7.4941,7.4079,7.4904,379984,0,0.6611836800516135,7.426640000000001,7.424789999999999,7.456205,7.425526465118625,7.633494397374217,7.278915602625783,1.41099274440083,48.44548551959117,386334.9,1.16362261909584,0.8808080808080855,-0.9363593080463416,0.0065900744808468
2012-03-14,7.4591,7.5136,7.4302,7.5014,308820,0,0.1468546406066417,7.460420000000001,7.42466,7.461740000000001,7.4327525160597085,7.637322476047575,7.286157523952427,1.3909582805247585,47.75008093234059,388114.85,1.1224462329412417,0.5670925446769718,-0.0173270955789228,0.0014674691463346
2012-03-15,7.5312,7.5471,7.401,7.401,276684,0,-1.338416828858624,7.45284,7.419489999999999,7.463150000000001,7.429728466911165,7.6361592726454655,7.290140727354536,1.4423901805338637,40.76400851150064,379631.2,1.9740575597892256,-1.7288081580624644,-0.6937083204744621,-0.0134745435735477
2012-03-16,7.401,7.477,7.3717,7.4465,329357,0,0.6147817862450999,7.456100000000001,7.40779,7.462134999999999,7.431325755776768,7.635292236425671,7.288977763574327,1.3626402956228936,44.88323143229428,375645.2,1.4284357746517171,0.6147817862451093,-1.546902888874202,0.0061289971284558
2012-03-19,7.4412,7.4699,7.4079,7.4651,289274,0,0.2497817766735854,7.46088,7.41784,7.463330000000001,7.434542350464695,7.636208565230192,7.2904514347698095,1.0476166817525692,45.21271296204042,375007.25,0.8369443432011809,0.3211847551470108,1.3646362327892847,0.002494703404932
2012-03-20,7.401,7.477,7.401,7.4591,241265,0,-0.0803740070461134,7.45462,7.44063,7.46384,7.436881174229963,7.636599466494366,7.291080533505634,0.8039190698234926,47.708158116063935,370361.65,1.026888258343474,0.7850290501283675,3.151620754508233,-0.0008040632426874
2012-03-21,7.4831,7.4904,7.3893,7.4527,224094,0,-0.0858012360740567,7.44488,7.45265,7.460495,7.438387729065204,7.631288103214162,7.289701896785838,0.7128317612872652,50.0,362262.65,1.368194551581337,-0.4062487471769748,1.6392771905898496,-0.0008583806640337
2012-03-22,7.4202,7.4651,7.401,7.401,276123,0,-0.6937083204744621,7.44488,7.448859999999999,7.453390000000001,7.434826992963757,7.62151607925773,7.285263920742271,0.5959699773613468,40.424278137890376,359684.1,0.8660991757870535,-0.2587531333387314,-0.5094839290755382,-0.0069612566266668
2012-03-23,7.398,7.4173,7.3617,7.3808,304203,0,-0.2729360897176014,7.43174,7.44392,7.443265000000001,7.429681565062446,7.602610824182724,7.283919175817278,0.5999606395515927,51.20931621379513,358422.7,0.7552603338902713,-0.2324952689916178,-0.664854243492774,-0.0027330923939102
2012-03-26,7.401,7.4079,7.3193,7.3349,385101,0,-0.6218838066334165,7.4057,7.43329,7.43258,7.420654749342213,7.590841483827933,7.274318516172067,0.6186846911655368,58.90434483942984,363773.55,1.2104982716926422,-0.8931225510066153,-1.4285330323066223,-0.0062382555845746
2012-03-27,7.3476,7.4465,7.3349,7.425,235314,0,1.228373938295002,7.39888,7.426750000000001,7.42577,7.421068582738193,7.571991635666899,7.279548364333101,0.7184586710896068,58.09840658378569,357881.55,1.5214931355574055,1.053405193532581,-0.8731175905158595,0.0122089064519191
2012-03-28,7.401,7.4465,7.3717,7.4356,207778,0,0.1427609427609555,7.39546,7.420170000000001,7.422414999999999,7.422452527239317,7.564216882179804,7.280613117820194,0.718312824960862,49.65285083105404,356175.05,1.014691319505686,0.4675043912984757,-0.8771695950089309,0.0014265913620887
2012-03-29,7.4202,7.4651,7.3893,7.4591,282617,0,0.3160471246436147,7.407079999999999,7.425980000000001,7.422735,7.425942762740334,7.564853175808017,7.280616824191983,0.5737087547462256,52.9483778820649,346281.4,1.0258075866455445,0.5242446295248098,0.7850290501283608,0.003155487455178
2012-03-30,7.5101,7.5216,7.4599,7.5216,235714,0,0.8379026960357194,7.43524,7.433489999999999,7.420640000000001,7.435052975812683,7.55504724291358,7.286232757086421,0.6005418159789007,57.42245199409158,325942.4,0.8270888349709793,0.1531271221421797,1.0085274961391333,0.0083441177816991
2012-04-02,7.5117,7.5289,7.4989,7.5117,207462,0,-0.1316209317166583,7.4706,7.43815,7.427995,7.442352692401951,7.565552436425847,7.290437563574153,0.6022235809815725,52.12024686442366,305621.3,0.4000586752723766,0.0,0.6242381213915404,-0.001317076281471
2012-04-03,7.4919,7.5101,7.4544,7.4965,263413,0,-0.2023509991080585,7.4849,7.441889999999999,7.44126,7.447509578839861,7.5462163197377485,7.336303680262251,0.6066886527919684,49.516288252714695,282807.15,0.7472097016527253,0.0613996449498783,0.5014009733077751,-0.0020255600534372
2012-04-04,7.4482,7.4919,7.3293,7.4149,361120,0,-1.0885079703861766,7.480760000000001,7.43811,7.44538,7.444403904664636,7.538118241701818,7.352641758298182,0.7065740651157432,51.42505638712328,287392.85,2.218492898366833,-0.447087887006252,-0.5071987333449601,-0.0109447556305335
2012-04-05,7.421,7.4363,7.3468,7.3646,238594,0,-0.6783638349809218,7.46186,7.43447,7.441665,7.436803532791814,7.541199924313809,7.342130075686192,0.705032398609468,41.68527918781724,280097.0,1.2182174552186005,-0.7600053901091497,-0.4918254289960733,-0.0068067518126603
2012-04-09,7.3267,7.3862,7.291,7.3107,278605,0,-0.7318795318143612,7.41968,7.427459999999999,7.435689999999999,7.424793672525927,7.551189444520186,7.320190555479813,0.7356427995417555,35.37324744221297,277517.95,1.3057193800575957,-0.2183793522322466,-0.9497615434641228,-0.0073457090986365
2012-04-10,7.3038,7.3201,7.1966,7.2793,414038,0,-0.4295074343086069,7.3732,7.421900000000001,7.427595000000001,7.410937132285362,7.562527707986137,7.2926622920138655,0.7226750372661058,33.74909616775126,286978.0,1.7160881527387923,-0.3354418248035234,-0.758019877571614,-0.004304324671627
2012-04-11,7.3167,7.3808,7.2607,7.3808,359088,0,1.3943648427733324,7.350059999999999,7.417479999999999,7.422115,7.408066929210565,7.555197614231866,7.289032385768134,0.7569970113037168,44.45472774949866,285933.2,1.6541104852149224,0.8760780133120097,-0.5952861952861932,0.0138473300820555
2012-04-12,7.3862,7.4507,7.3808,7.4507,300194,0,0.9470518101018844,7.35722,7.418990000000001,7.419580000000001,7.412127221666702,7.548158980029882,7.291001019970119,0.8206442798152335,53.72843210802704,285501.9,0.947051810101893,0.8732501150794816,0.2030770886007893,0.0094259538876536
2012-04-13,7.4389,7.445,7.3862,7.4173,125594,0,-0.4482800273799769,7.36776,7.41481,7.420394999999999,7.412619867222254,7.548684417458496,7.292105582541502,0.8259271762607645,52.685008091805216,277947.4,0.7960791746771091,-0.2903655110298603,-0.5603893231086898,-0.0044928781523029
2012-04-16,7.445,7.6516,7.3916,7.4173,319262,0,0.0,7.38908,7.404380000000001,7.418935,7.413065594153468,7.546636795314622,7.291233204685379,0.7658034956490296,56.50047333543703,277442.65,3.5175063585691833,-0.372061786433852,-1.386673048287601,0.0
2012-04-17,7.4017,7.4608,7.3948,7.4079,322126,0,-0.1267307510819382,7.4148,7.394,7.416074999999999,7.412573632805519,7.5419728512431,7.290177148756898,0.7658088092714599,48.454167419996374,279085.25,0.8925190674528025,0.0837645405785125,-1.3818443228563515,-0.0012681112240892
2012-04-18,7.3617,7.4277,7.3385,7.3736,282046,0,-0.4630192092225815,7.41336,7.38171,7.4118,7.408861858252613,7.537352454964568,7.2862475450354305,0.7727076019744996,44.625520110957,281124.3,1.2155072562512768,0.1616474455628428,-1.6394317348095822,-0.0046409446353631
2012-04-19,7.398,7.4047,7.3038,7.3444,296977,0,-0.396007377671681,7.392099999999999,7.37466,7.406385,7.402722633657126,7.533837567442285,7.278932432557715,0.7088923172549096,40.15450643776825,284768.45,1.3814726580684058,-0.724520140578527,-0.9507882776571552,-0.0039679356314224
2012-04-20,7.3829,7.3829,7.2998,7.3344,322358,0,-0.1361581613201989,7.37552,7.371640000000001,7.403054999999999,7.396215716165971,7.534517069375437,7.2715929306245615,0.6792827209737466,32.33962264150941,287080.2,1.1383873530781656,-0.6569234311720415,-0.4100697933356989,-0.0013625094077209
2012-04-23,7.2793,7.3808,7.2548,7.3808,292243,0,0.6326352530541035,7.368219999999999,7.37865,7.403054999999999,7.394747552721593,7.534517069375437,7.2715929306245615,0.6614539709401511,38.44660194174756,286482.2,1.73678116557313,1.3943648427733395,0.958868507803623,0.006306425163245
2012-04-24,7.3444,7.4224,7.3201,7.4047,247255,0,0.3238131367873542,7.367579999999999,7.39119,7.406545,7.395695404843345,7.534034780396411,7.279055219603588,0.63722679579113,42.02016689847011,279589.9,1.3975218917774297,0.82103371276074,1.7226931160963188,0.0032328999108835
2012-04-25,7.4173,7.4277,7.3736,7.4117,248588,0,0.0945345523788887,7.3752,7.39428,7.405880000000001,7.397219652001122,7.53310293073784,7.278657069262161,0.4713320280114667,49.68038353975224,280253.6,0.7336986004122822,-0.0754991708573237,0.4186538044656407,0.0009448989661212
2012-04-26,7.4173,7.481,7.4047,7.481,237203,0,0.9350081627696794,7.40252,7.397309999999999,7.408150000000001,7.40519873276292,7.539169187024966,7.277130812975035,0.4687731153528918,61.2009237875288,281724.85,1.0304266209299473,0.8588030685020138,0.406673198491414,0.0093066401918442
2012-04-27,7.4786,7.4965,7.4544,7.4965,245263,0,0.2071915519315625,7.43494,7.40523,7.41002,7.413894091547403,7.545105557295129,7.274934442704872,0.437446469529803,69.30590191188695,279857.15,0.5647671174071752,0.239349610889739,1.0677739878392378,0.0020697720625529
2012-04-30,7.4919,7.4919,7.4202,7.4599,349960,0,-0.488227839658506,7.45076,7.40949,7.406935,7.418275606638127,7.5338631483453025,7.280006851654697,0.4762549497468698,68.56496710526311,285569.45,0.9662812323117956,-0.4271279648687253,0.574332978307468,-0.004894235652734
2012-05-01,7.4363,7.5027,7.4363,7.4919,237891,0,0.4289601737288651,7.4682,7.41789,7.405945,7.425287453624972,7.529701832454654,7.282188167545346,0.4846118687326711,63.32453825857519,287090.9,0.8929171765528527,0.7476836598846213,1.1339245940145126,0.0042804276219335
2012-05-02,7.4786,7.4848,7.4308,7.4848,315086,0,-0.0947690172052539,7.482820000000001,7.429010000000001,7.40536,7.430955315184499,7.527413386077132,7.283306613922868,0.4485537254899549,54.81502400451842,289674.55,0.7267050654034596,0.0829032171796828,1.5080828903113908,-0.0009481395142975
2012-05-03,7.4608,7.4717,7.3344,7.3829,506083,0,-1.3614258230012832,7.4632,7.43286,7.40376,7.4263786185002605,7.526125395866336,7.281394604133665,0.6416326826034993,45.92995740653103,296922.7,1.8720004363001832,-1.0441239545357015,0.5242089210827361,-0.013707782051978
2012-05-04,7.3418,7.353,7.3069,7.3418,276530,0,-0.5566918148694922,7.432260000000001,7.4336,7.402620000000001,7.418323511976427,7.526930876859288,7.278309123140713,0.6687021741442443,41.85896053482859,298819.5,0.630910509244687,0.0,0.1008944153577662,-0.0055824711860467
2012-05-07,7.3468,7.3893,7.3418,7.3893,188878,0,0.6469803045574762,7.418139999999999,7.43445,7.40655,7.415559367978672,7.523369167498312,7.289730832501688,0.6701949733583279,48.146671980868945,294333.15,0.6469803045574698,0.578483149126156,0.1151636678950795,0.0064489637058383
2012-05-08,7.3468,7.4258,7.2569,7.4079,527332,0,0.2517153180950693,7.40134,7.43477,7.41298,7.414829904361655,7.513299775036728,7.312660224963272,0.6668657694588027,53.52808064184324,299997.85,2.3274400914991227,0.831654597920179,0.0432157953732081,0.0025139904571442
2012-05-09,7.323,7.3948,7.2508,7.3829,290121,0,-0.3374775577424049,7.38096,7.43189,7.413085,7.411788961089116,7.513267260748512,7.312902739251488,0.6744666721634428,53.99460468976965,296549.5,1.9859877530755243,0.8179707770039578,-0.3885748208912853,-0.0033804829769357
2012-05-10,7.394,7.4202,7.3452,7.401,240113,0,0.245161115550796,7.38458,7.42389,7.4106,7.410761440985391,7.509308459618524,7.311891540381476,0.594563152159547,56.79591836734697,293545.45,1.0210749877471026,0.0946713551528222,-1.069375751904822,0.0024486108595845
2012-05-11,7.377,7.4258,7.3418,7.353,262844,0,-0.6485610052695545,7.38682,7.409540000000002,7.407385,7.405260351367735,7.509310778466743,7.305459221533258,0.6059742155321755,47.17249796582586,300407.95,1.1441335912174075,-0.3253355022366819,-1.9142266390982488,-0.006506733001244
2012-05-14,7.2998,7.3418,7.2334,7.27,314893,0,-1.1287909696722442,7.362959999999999,7.39055,7.40002,7.392378413142237,7.518819762538523,7.2812202374614765,0.6711815978604836,37.77011076811325,300189.5,1.4986036995050809,-0.408230362475694,-2.5456105309722754,-0.0113521016686572
2012-05-15,7.2818,7.3139,7.2055,7.2215,206807,0,-0.6671251719394755,7.32568,7.36351,7.390700000000001,7.376104278557261,7.533682236659882,7.24771776334012,0.63553948740605,33.941236068895634,294423.55,1.504406356255645,-0.8280919552857783,-3.6092313031407257,-0.0066936039863436
2012-05-16,7.2334,7.2998,7.1748,7.1923,317558,0,-0.4043481271204019,7.287559999999999,7.334259999999999,7.381635,7.358599109170855,7.549930032607212,7.2133399673927885,0.6284082683289669,23.85437420757107,296199.15,1.742208842058315,-0.5681975281333709,-3.9079200513039702,-0.0040516782452682
2012-05-17,7.1802,7.1802,7.0738,7.0843,477296,0,-1.5016058840704671,7.22422,7.304399999999999,7.36863,7.332475384487917,7.582946215955106,7.154313784044895,0.6534021279068297,18.026683214396428,305215.1,1.504142045293899,-1.3356173922732002,-4.044481165937508,-0.0151299413345282
2012-05-18,7.0968,7.0968,6.9525,6.9774,664653,0,-1.5089705404909393,7.1491,7.26796,7.35078,7.298658681203353,7.627486613392236,7.074073386607765,0.7407054963132221,16.25402154147426,322329.85,2.075512405609498,-1.6824484274602598,-4.963360483805057,-0.0152047134343723
2012-05-21,6.9591,7.0968,6.9591,7.0968,442071,0,1.7112391435205154,7.114459999999999,7.23871,7.33658,7.279434044898272,7.6350896144096545,7.038070385590347,0.9666573373280783,25.377041007104495,329821.25,1.9787041427770788,1.9787041427770788,-3.958426373269464,0.0169676236793246
2012-05-22,7.091,7.156,7.0479,7.126,291629,0,0.4114530492616453,7.095360000000001,7.21052,7.322645,7.264821278717484,7.633529263284841,7.011760736715158,0.9798327679565266,28.23871906841336,332039.95,1.5337902070120095,0.4935834155972379,-3.805396941103411,0.0041060889594042
2012-05-23,7.0968,7.1989,7.0782,7.1863,218245,0,0.8461970249789452,7.09416,7.190860000000001,7.311375,7.257343061696772,7.624996218905278,6.997753781094722,1.0545754368473832,37.44251405212056,330522.8,1.705235794411012,1.2611317777026283,-2.662910238524163,0.0084263684792937
2012-05-24,7.1802,7.1802,7.1201,7.156,183665,0,-0.4216356122065612,7.108500000000001,7.16636,7.295125,7.247691341535174,7.605401371711367,6.984848628288634,1.0397431664962562,37.96632124352327,327845.9,0.8440892684091552,-0.337037965516287,-3.310363464396704,-0.0042252700164654
2012-05-25,7.1748,7.1923,7.1388,7.1492,166290,0,-0.0950251537171542,7.142860000000001,7.14598,7.277760000000001,7.23831121376992,7.579335033170594,6.976184966829408,1.0356978013716436,33.5840284424996,323897.25,0.7494256737827163,-0.3568043708535408,-2.7716578267373726,-0.0009507033123862
2012-05-29,7.1802,7.2108,7.162,7.2055,164001,0,0.7875006993789402,7.1646,7.139530000000001,7.265040000000001,7.235186336268022,7.555524599827785,6.974555400172217,1.0376287858705502,36.84005201560464,314599.3,0.6813739179000273,0.3523578730397433,-0.8872077028885816,0.0078441609621926
2012-05-30,7.162,7.1748,7.1201,7.1748,159614,0,-0.4260634237735039,7.17436,7.134859999999999,7.249185,7.229435256623448,7.52158616140925,6.97678383859075,1.0253094220632015,36.56899444946427,310685.45,0.7682476369713966,0.178721027645914,-0.6466800526206407,-0.0042697366035572
2012-05-31,7.1659,7.1659,7.0822,7.141,232999,0,-0.4710932708925752,7.165299999999999,7.12973,7.231995,7.221012851230739,7.484452817008481,6.979537182991519,1.028012886212108,33.552631578947356,306581.1,1.1818361526079388,-0.3474790326406969,-0.713262794933478,-0.0047220641257491
2012-06-01,7.0573,7.0869,6.9917,7.021,211750,0,-1.6804369135975383,7.138299999999999,7.123400000000001,7.2139,7.201964008256383,7.472617077743346,6.955182922256654,1.0568954755578464,30.751391465677145,291864.45,1.3616144857473886,-0.5143610162526714,-0.8935251189249427,-0.0169471645318611
2012-06-04,6.9955,7.0479,6.9655,6.9955,426106,0,-0.3631961259079941,7.107559999999999,7.12521,7.196585000000001,7.182300769374823,7.465415984077854,6.927754015922147,0.9410955922573626,32.948192322027566,299343.25,1.1829732251812604,0.0,0.2594089488921369,-0.0036385728439082
2012-06-05,6.967,7.0203,6.967,7.0095,288954,0,0.2001286541348124,7.06836,7.11648,7.177594999999999,7.165843553243888,7.442739365642278,6.912450634357721,0.7412197831524725,36.24091381100726,304347.05,0.7650351657815434,0.6100186593942936,-1.230131890429487,0.00199928663525
2012-06-06,7.0203,7.0639,7.0152,7.0573,301521,0,0.6819316641700546,7.04486,7.109609999999999,7.160065,7.155506071982565,7.406819412535078,6.913310587464923,0.7672936195706096,41.44486692015203,293056.5,0.6942068650929437,0.5270430038602328,-0.9640752175133382,0.0067961702706771
2012-06-07,7.1173,7.1173,7.0573,7.0941,218238,0,0.5214458787355047,7.03548,7.10039,7.145625000000001,7.149657874650892,7.37028494771105,6.920965052288952,0.7289873048262289,50.68264140429091,289462.35,0.8501834979383122,-0.3259663074480506,-1.282996813381021,0.0052009105744553
2012-06-08,7.1006,7.141,7.0639,7.141,249973,0,0.6611127556702012,7.059479999999999,7.09889,7.132625,7.1488333151603305,7.322454528789038,6.942795471210962,0.7600518584480479,62.435390696260264,289955.35,1.0914650547148137,0.5689660028729966,-0.209614309670203,0.0065893698953869
2012-06-11,7.153,7.1966,7.0822,7.1006,281265,0,-0.5657470942445064,7.080499999999999,7.094030000000001,7.120004999999999,7.144239666097442,7.279241738356365,6.960768261643633,0.7796507517599376,50.32826537664133,290876.4,1.6153172742932962,-0.7325597651335043,-0.6797963408493368,-0.0056735350479686
2012-06-12,7.0869,7.1291,7.0702,7.1291,212461,0,0.4013745317297257,7.10442,7.08639,7.112960000000001,7.142797793135781,7.255887429507188,6.9700325704928145,0.7413347537962522,50.26811970247361,285754.8,0.8330740290232298,0.5954648718057294,-1.060301158836996,0.0040057117308996
2012-06-13,7.1291,7.153,7.0753,7.1006,198720,0,-0.3997699569370683,7.113080000000001,7.07897,7.106914999999999,7.138778955694278,7.240430373056341,6.973399626943657,0.7401113801921023,42.156324363902606,285350.45,1.098186649329346,-0.3997699569370634,-1.0341751686458234,-0.0040057117308995
2012-06-14,7.0869,7.153,7.0822,7.153,188118,0,0.737965805706553,7.12486,7.08017,7.10495,7.140133340866251,7.234264948052197,6.975635051947802,0.7711192136706875,49.736101337086545,278878.45,0.999689362062626,0.932706825269153,0.1680436913597427,0.0073525616072423
2012-06-15,7.1966,7.2145,7.1291,7.2095,318039,0,0.7898783727107617,7.13856,7.09902,7.11121,7.146739689355179,7.248209207067453,6.9742107929325465,0.5212345823223987,54.877851480342976,270915.6,1.1979071692078933,0.1792513131200863,2.684802734653191,0.0078677516383179
2012-06-18,7.203,7.2373,7.1898,7.2145,240810,0,0.0693529370968892,7.16134,7.12092,7.1230649999999995,7.153193052273734,7.252113832455637,6.994016167544362,0.4794439514544056,50.79393083980243,249723.45,0.6606581546079212,0.1596556990142974,3.1305839468229513,0.0006932889906088
2012-06-19,7.1966,7.3331,7.1966,7.3216,285907,0,1.4845103610783728,7.19984,7.15213,7.134305,7.169231809200045,7.290107945382115,6.978502054617886,0.6029405141361289,61.41169154228852,241915.25,1.896729010921822,1.736931328682989,4.452528711035031,0.0147359935680588
2012-06-20,7.3331,7.401,7.3216,7.363,420173,0,0.5654501748251883,7.25232,7.1827,7.146155,7.187685922609564,7.332379612258409,6.959930387741592,0.598819890253806,67.05593116164721,248342.45,1.0844624125874085,0.4077402462805701,4.331684921995671,0.0056385750633475
2012-06-21,7.3886,7.394,7.3274,7.3331,295799,0,-0.4060844764362414,7.28834,7.2066,7.153495000000001,7.201534882361034,7.357139390518723,6.949850609481279,0.6519649547802708,77.83128232566428,252220.15,0.9089172148374622,-0.7511571881005918,3.368996771965427,-0.0040691123844009
2012-06-22,7.3724,7.4032,7.3653,7.4032,165204,0,0.955939507166148,7.32708,7.232819999999999,7.1658550000000005,7.220741084040935,7.398133575716983,6.933576424283018,0.6746813079447962,83.67751528167844,251297.1,0.5145751021682701,0.4177744018230177,3.671754656210613,0.0095139931684193
2012-06-25,7.394,7.425,7.363,7.425,221635,0,0.2944672574022089,7.36918,7.26526,7.179644999999999,7.240194314132275,7.438937076523051,6.920352923476947,0.592957625733995,83.8851737073886,254064.35,0.8420480782289744,0.4192588585339423,4.5686280032673166,0.0029403455181652
2012-06-26,7.4412,7.4651,7.3886,7.4544,308570,0,0.395959595959594,7.395740000000001,7.297790000000001,7.1920899999999985,7.260594855643487,7.479025928296955,6.905154071703042,0.593008733382771,83.38658146964849,261292.8,1.0353788268413413,0.1773907434284716,4.562988315495642,0.0039517773916319
2012-06-27,7.4544,7.4965,7.4412,7.4965,243307,0,0.5647671174071833,7.42244,7.33738,7.208175,7.283062012248869,7.525489400788297,6.8908605992117025,0.5126556333102559,83.53333333333326,265477.45,0.7431597054238551,0.5647671174071752,5.575585161817309,0.0056317828724256
2012-06-28,7.4544,7.5027,7.4412,7.4965,391601,0,0.0,7.455119999999999,7.37173,7.22595,7.303389439653738,7.566404757795409,6.885495242204591,0.5344777011200307,82.13704574218036,273407.55,0.8264796000645012,0.5647671174071752,4.802180903117592,0.0
2012-06-29,7.5447,7.5799,7.5152,7.5628,251493,0,0.8844127259387768,7.48704,7.40706,7.25304,7.328095207305763,7.610621321777966,6.895458678222035,0.5415256767065917,89.91364421416226,275394.7,0.8609218650202283,0.2399035084231374,4.900478535265962,0.008805247038816
2012-07-02,7.5414,7.6022,7.4032,7.4881,195857,0,-0.9877294123869508,7.49966,7.43442,7.277669999999999,7.343333758990928,7.62835339957447,6.926986600425527,0.7082813358991545,78.71081253998715,263882.25,2.688026799221956,-0.7067653220887384,3.792362603090993,-0.0099263982046644
2012-07-03,7.5486,7.5612,7.4754,7.5612,147898,0,0.9762155954113894,7.52102,7.45838,7.305255000000001,7.364082924801316,7.653908044097081,6.95660195590292,0.6341875593973064,84.38339802926242,256829.45,1.1477646681114158,0.1669183689690796,3.2725087412587506,0.0097148139669007
2012-07-05,7.5791,7.6703,7.5205,7.5612,191035,0,0.0,7.53396,7.478199999999999,7.330449999999999,7.382855979582144,7.676475672914676,6.984424327085322,0.6355079732945629,83.0579850988014,251305.15,1.991888837178378,-0.2361757992373768,2.691837566209432,0.0
2012-07-06,7.4746,7.5839,7.4746,7.5189,179007,0,-0.559435010315823,7.53844,7.496779999999999,7.35169,7.395812552955273,7.688662501767775,7.0147174982322245,0.6551232026270863,75.6465517241379,249343.6,1.462285607256578,0.5926738554571572,2.533716981903966,-0.0056100570873339
2012-07-09,7.5369,7.5912,7.4941,7.5912,204668,0,0.9615768263974588,7.54412,7.51558,7.3742,7.414420881245247,7.712058730989045,7.036341269010955,0.6557978835892798,78.09097688292314,247078.35,1.2956859396058138,0.7204553596306116,2.5394424032850527,0.0095698310108723
2012-07-10,7.633,7.6493,7.5248,7.5414,211397,0,-0.6560227631994819,7.554779999999999,7.52722,7.396240000000001,7.426514130650462,7.715973154529723,7.076506845470278,0.7153042953829288,67.92237442922377,243584.95,1.65452902402722,-1.2000524040351064,1.567676767676773,-0.0065818405007018
2012-07-11,7.5839,7.6151,7.5369,7.5768,192712,0,0.4694088630758264,7.557900000000001,7.53946,7.418625,7.440827070588513,7.721872509644395,7.115377490355606,0.7183899511200228,67.60540184453228,242597.5,1.037561862304128,-0.0936193778926336,1.6419832582099223,0.0046831057530448
2012-07-12,7.5596,7.6022,7.5189,7.5912,159344,0,0.1900538485904324,7.563900000000001,7.54893,7.443155,7.455148301961036,7.715923770207044,7.170386229792956,0.7048852864223547,71.81003887104956,240628.7,1.1078748221149302,0.4180115350018529,1.2632561862202296,0.0018987347476571
2012-07-13,7.5912,7.6321,7.5486,7.6212,216306,0,0.3951944356623382,7.584359999999999,7.561400000000001,7.466565000000001,7.470962749393318,7.713637478392902,7.2194925216071,0.7079925055518616,69.76069615663529,242038.1,1.106165381660174,0.3951944356623492,1.663442940038684,0.0039441559373806
2012-07-16,7.6684,7.6814,7.5839,7.6151,202716,0,-0.0800398887314313,7.58914,7.566630000000001,7.486845,7.484690106593955,7.710554167165646,7.263135832834354,0.6637703909970963,67.73651800709092,236271.95,1.28561821753979,-0.6950602472484498,0.6915428148304814,-0.0008007193775284
2012-07-17,7.6565,7.6814,7.5122,7.5414,301059,0,-0.9678139486021142,7.58914,7.57196,7.503190000000001,7.490091048823102,7.687397421989593,7.318982578010408,0.6602617387692866,57.4974146845916,239284.4,2.2523361997816886,-1.503297851498726,0.7117960497322384,-0.0097252770605541
2012-07-18,7.5189,7.6212,7.5189,7.5524,218435,0,0.1458615111252559,7.58426,7.57108,7.51473,7.496025234649473,7.678862194475734,7.350597805524266,0.5815619304608961,55.09014751411397,235910.8,1.3605713601723606,0.4455438960486134,-0.1163836428080267,0.0014575523655303
2012-07-19,7.5912,7.6151,7.5596,7.5839,247124,0,0.4170859594301079,7.582800000000001,7.57335,7.525775,7.504394259920952,7.676062232010991,7.37548776798901,0.5971168044542869,57.52669652084052,227258.35,0.7341658288798393,-0.0961639793445023,0.3002168967888519,0.0041621856695406
2012-07-20,7.5665,7.6048,7.532,7.5612,217578,0,-0.2993182926990023,7.5708,7.57758,7.537179999999999,7.509804330404671,7.657543040315314,7.4168169596846845,0.5737170748239325,49.85102420856611,223347.3,0.9665427509293676,-0.0700455957179567,0.5625822926225821,-0.0029976714579076
2012-07-23,7.5524,7.5712,7.5122,7.565,329948,0,0.0502565730307269,7.560779999999999,7.57496,7.54527,7.515061060842321,7.648204667068351,7.442335332931648,0.4786773964764142,58.24930272473725,231584.5,0.7853891003966902,0.166834383772057,-0.345136473811769,0.000502439486446
2012-07-24,7.6022,7.6151,7.5248,7.5912,209871,0,0.346331791143406,7.570739999999999,7.579940000000001,7.553580000000001,7.522312388381147,7.641350528564389,7.465809471435613,0.4369746344386284,53.57824427480912,230996.3,1.2000318945354036,-0.1446949567230554,0.6603548412761562,0.0034573344370923
2012-07-25,7.5596,7.6212,7.5414,7.6212,171828,0,0.3951944356623382,7.5845,7.58438,7.561920000000001,7.531730256154371,7.641308574017121,7.48253142598288,0.4299489863185122,56.678539626001786,224159.2,1.058158962526847,0.8148579289909561,0.5859993664871554,0.0039441559373806
2012-07-26,7.633,7.6684,7.6212,7.6684,252236,0,0.6193250406760109,7.6014,7.592099999999999,7.5705149999999986,7.544746422234907,7.65698717441252,7.484042825587477,0.4644980442994177,66.46113190927117,224605.65,0.6193250406760107,0.4637757107297274,1.016967014437764,0.0061741510489648
2012-07-27,7.7035,7.7132,7.646,7.7132,208210,0,0.5842157425277605,7.6318,7.601299999999999,7.581349999999999,7.560789620117297,7.681927982315099,7.480772017684899,0.481288028275344,64.29910923581818,215436.1,0.878890923358615,0.1259167910689894,1.2071589775888292,0.0058251581995554
2012-07-30,7.7106,7.7358,7.6621,7.7171,678443,0,0.0505626717834495,7.66222,7.6115,7.589065000000001,7.575676322963268,7.705994313330962,7.47213568666904,0.4769758284660789,73.07591279222495,236783.6,0.9618772921261868,0.084299535704095,1.3394439994222074,0.0005054989317185
2012-07-31,7.7471,7.7471,7.6814,7.7301,192568,0,0.1684570628863069,7.69,7.630370000000001,7.601165,7.59038333982391,7.72403673072268,7.47829326927732,0.2799303345387804,71.3926876918784,236619.15,0.8553128335980373,-0.219436950600863,2.5021879226668764,0.0016831533312299
2012-08-01,7.757,7.757,7.6974,7.757,144373,0,0.347990323540448,7.71716,7.650829999999999,7.610955,7.606251593174013,7.750490627973447,7.471419372026553,0.2790482000138802,72.35706580366784,236442.9,0.7742874217268123,0.0,2.7090726126794085,0.0034738623824731
2012-08-02,7.7471,7.7538,7.7171,7.7415,205993,0,-0.1998195178548378,7.73178,7.666589999999999,7.61997,7.619132393824107,7.768948586946853,7.470991413053148,0.3090118340173582,66.88184114510261,237190.8,0.4755672467636772,-0.0722851131391021,2.0780864726591908,-0.00200019423398
2012-08-03,7.7791,7.7978,7.7471,7.7538,311892,0,0.1588839372214545,7.7399,7.685849999999999,7.631715,7.631957880126573,7.7841415935501805,7.479288406449819,0.2549466987430301,69.13103448275878,243835.05,0.6544384350273001,-0.3252304251134406,2.547214727820979,0.001587578502309
2012-08-06,7.7994,7.8114,7.757,7.7617,242097,0,0.1018855270964014,7.74882,7.70552,7.64024,7.644314272495471,7.8019167326952035,7.478563267304797,0.250894693818891,87.12504213009801,245706.5,0.7013020497615087,-0.4833705156806942,2.600132187706538,0.0010183365902096
2012-08-07,7.7917,7.8085,7.6941,7.7978,237213,0,0.4651042941623551,7.762359999999999,7.726179999999999,7.653060000000001,7.658931960829236,7.822225598096086,7.483894401903916,0.2582802007400212,88.12927284027373,246997.3,1.4868535631198023,0.0782884351296892,2.721572346928025,0.0046402602622777
2012-08-08,7.7934,7.8114,7.6974,7.7496,243675,0,-0.6181230603503507,7.76088,7.739019999999999,7.661699999999999,7.667567012178832,7.832112589108241,7.491287410891757,0.3755179695720664,74.47562776957187,249545.45,1.4810195650479367,-0.5620140118561868,1.6847740513304954,-0.0062004134995128
2012-08-09,7.7755,7.8174,7.7382,7.8174,172479,0,0.8748838649736745,7.776059999999999,7.753920000000001,7.67301,7.681836820542752,7.853451597492157,7.492568402507844,0.4161544545992932,83.39416058394177,250202.2,1.023493835775764,0.5388720982573475,1.9430389651035496,0.0087107893247657
2012-08-10,7.8296,7.8296,7.7035,7.7934,230842,0,-0.3070074449305404,7.78398,7.761940000000001,7.68162,7.692461885252967,7.867988560710519,7.49525143928948,0.4185837020599155,78.28132738979706,250929.0,1.6369182838969314,-0.4623480126698683,1.0397759684696473,-0.0030747967956475
2012-08-13,7.782,7.8296,7.7382,7.8296,166903,0,0.4644955988400534,7.79756,7.773190000000001,7.692345,7.705522658086018,7.887094798730374,7.497595201269627,0.4329029989204919,78.80618656355743,249138.35,1.1811532397715252,0.6116679516833731,1.4578015057469695,0.0046342014703165
2012-08-14,7.8114,7.8673,7.757,7.8296,234807,0,0.0,7.803920000000001,7.78314,7.706754999999999,7.717339547792111,7.897077236165942,7.516432763834056,0.4351895478512017,77.1495570609694,245825.75,1.421941472218648,0.2329928053870012,1.2871761038020235,0.0
2012-08-15,7.8427,7.8427,7.782,7.8114,192988,0,-0.2324512107898302,7.816280000000001,7.78858,7.719704999999999,7.726297686097625,7.900829086282957,7.538580913717042,0.4413754208870895,70.15219842164606,244553.4,0.7800051400668178,-0.3990972496716677,0.7013020497615097,-0.0023272179802034
2012-08-16,7.8539,7.8539,7.8174,7.8486,243084,0,0.4762270527690404,7.82252,7.799290000000001,7.732939999999999,7.737945525516898,7.910938112350262,7.554941887649736,0.4470598576785721,69.49884792626743,244351.4,0.4669071558318647,-0.0674823972803331,1.383452819221076,0.00475096679083
2012-08-17,7.8296,7.8738,7.8191,7.836,162716,0,-0.1605381851540355,7.83104,7.807510000000001,7.74668,7.747284046896241,7.910738264362146,7.582621735637855,0.4567393572634273,66.70413037370056,241608.3,0.6995690041053372,0.0817410851129072,1.0601253578890413,-0.0016066718578049
2012-08-20,7.8296,7.8296,7.7317,7.8114,192603,0,-0.3139356814701455,7.8274,7.812480000000001,7.759,7.753390328144218,7.901157955144208,7.616842044855793,0.4757343053582928,61.06122448979591,234741.05,1.2662157093524076,-0.2324512107898259,0.6403236404395996,-0.003144294933025
2012-08-21,7.8296,7.8296,7.6901,7.7317,317441,0,-1.0203036587551506,7.807820000000001,7.80587,7.766024999999999,7.7513245826066735,7.885315567413941,7.646734432586057,0.5611165024112321,46.99024506305024,240119.55,1.814020623919064,-1.250383161336468,-0.8476749852522447,-0.010255444348984
2012-08-22,7.7317,7.7496,7.639,7.6901,413953,0,-0.5380446732283994,7.78356,7.79992,7.76947,7.745493669977466,7.874247058558903,7.664692941441097,0.5531567412058769,44.24283154121862,252225.8,1.447833486058382,-0.5380446732283956,-0.7677815629193785,-0.0053949734661123
2012-08-23,7.646,7.6901,7.6356,7.6838,209859,0,-0.0819235120479655,7.7506,7.78656,7.770240000000001,7.739618082360565,7.872074693706818,7.668405306293184,0.4420639413735812,42.05267938237964,250106.95,0.7137618523757137,0.494376144389221,-1.7090081101133414,-0.0008195708769591
2012-08-24,7.6838,7.7035,7.646,7.6773,255642,0,-0.0845935604778858,7.718859999999999,7.77495,7.768445,7.733683026897654,7.875637683863872,7.661252316136127,0.440070813092179,40.38724373576304,252478.55,0.7520272037666768,-0.0845935604778879,-1.4897220725229032,-0.0008462936102165
2012-08-27,7.7035,7.7317,7.6411,7.7075,304252,0,0.3933674599142955,7.69808,7.762739999999999,7.767964999999999,7.731189405288354,7.876206606458315,7.659723393541683,0.4294991119932587,39.575155853151706,233769.0,1.1856931593618751,0.0519244499253528,-1.5594666394196488,0.003925957931171
2012-08-28,7.7132,7.7755,7.6773,7.7755,233869,0,0.8822575413558242,7.70684,7.757329999999999,7.770235,7.735409461927558,7.87702759337733,7.663442406622669,0.5412349820514218,52.85935085007728,235834.05,1.2790955153504524,0.8077062697713072,-0.6909676100950279,0.0087838839010868
2012-08-29,7.782,7.782,7.6901,7.7075,235563,0,-0.8745418301074004,7.71032,7.74694,7.76776,7.732751417934457,7.878080230526471,7.657439769473529,0.5980211019857823,37.87243434120502,240393.55,1.1950429773344933,-0.9573374453867958,-1.3301072791048971,-0.0087838839010869
2012-08-30,7.6838,7.7382,7.658,7.6838,186090,0,-0.3074927019137141,7.71032,7.730459999999999,7.764874999999999,7.728089378131176,7.880954244711909,7.648795755288089,0.5595415762751602,37.8975265017668,239398.4,1.0472708278923948,0.0,-2.09973753280841,-0.0030796643209544
2012-08-31,7.7269,7.7617,7.7035,7.757,132834,0,0.9526536349202308,7.726259999999999,7.72256,7.765035,7.730842770690112,7.881058777509718,7.649011222490282,0.6703612860828926,42.58881175990198,230445.5,0.7555007464139709,0.3895482017367899,-1.0081674323634604,0.0094814450515207
2012-09-04,7.7617,7.7617,7.6901,7.7075,160091,0,-0.6381332989557786,7.726260000000001,7.712169999999999,7.762325,7.728619649672006,7.8811742875794835,7.643475712420516,0.6894643209511591,38.67977007231595,226345.2,0.9310672162910768,-0.6983006300166289,-1.3301072791048971,-0.0064017807305661
2012-09-05,7.6901,7.7197,7.6703,7.6901,240219,0,-0.2257541355822123,7.709180000000001,7.70801,7.75694,7.724951111608005,7.878744405763562,7.635135594236439,0.6177296492235768,38.73723305478184,226495.5,0.6440426058954596,0.0,-0.5380446732283994,-0.0022600934439952
2012-09-06,7.6773,7.7197,7.6773,7.7197,334914,0,0.384910469304689,7.711619999999999,7.71097,7.755445,7.724451005740576,7.878357660048737,7.632532339951263,0.605913729405611,37.86023733283098,231057.45,0.5522774933896002,0.5522774933896002,0.384910469304689,0.0038417158438114
2012-09-07,7.7358,7.7358,7.687,7.7106,269271,0,-0.1178802285062841,7.71698,7.71365,7.750105,7.723131862336712,7.870946844879747,7.6292631551202525,0.6068241514037772,38.11149032992035,235897.05,0.6348380382463894,-0.325758163344449,0.3487857570473096,-0.0011794976189709
2012-09-10,7.7471,7.7659,7.705,7.7659,202126,0,0.7171945114517575,7.71876,7.72251,7.74873,7.727205018304644,7.868114634470375,7.629345365529625,0.641053650966165,45.92366959326288,234461.25,0.7903958468526954,0.2426714512527345,1.154051554582991,0.0071463490257855
2012-09-11,7.7293,7.7791,7.7227,7.7227,207350,0,-0.5562780875365436,7.7218,7.724030000000001,7.743384999999999,7.726775968942297,7.856955294022984,7.629814705977014,0.6653854778275127,49.13726993865027,236483.6,0.7303145273026274,-0.0853893625554785,0.1972105092442388,-0.0055783107605756
2012-09-12,7.7528,7.8085,7.7164,7.7293,279177,0,0.0854623383013786,7.729640000000001,7.719410000000001,7.738370000000001,7.727016352852554,7.844526648899257,7.632213351100744,0.5948527719047354,54.027949034114286,238702.1,1.1935617645534224,-0.3031162934681587,-0.5941740081023661,0.000854258400384
2012-09-13,7.7528,7.7659,7.7106,7.7293,306079,0,0.0,7.73156,7.721589999999999,7.734265000000001,7.727233843057073,7.834727850427641,7.63380214957236,0.5211914636471875,54.7366229439934,244356.65,0.7171945114517664,-0.3031162934681587,0.2828413882582037,0.0
2012-09-14,7.7791,7.827,7.7358,7.7659,413445,0,0.4735228287167103,7.74262,7.7298,7.73013,7.730916334194495,7.8166133929920365,7.643646607007963,0.5235995220726781,58.679467084639555,252874.7,1.1789343054370551,-0.1696854391896162,1.0684817408053382,0.0047240523601916
2012-09-17,7.7659,7.827,7.7358,7.8085,319745,0,0.5485520029874236,7.75114,7.73495,7.728755,7.7383052547474,7.808784770120376,7.648725229879623,0.4632466274558742,59.65952563121661,260726.15,1.1789343054370551,0.5485520029874218,0.6639164625499738,0.0054705293609644
2012-09-18,7.7917,7.8458,7.7917,7.8411,227135,0,0.4174937568034664,7.77482,7.748310000000001,7.73024,7.748095230485744,7.817502131415663,7.642977868584337,0.4007268335544831,56.729585556011486,262452.75,0.6943285804124907,0.6340079828535535,1.733376581252033,0.0041662466970184
2012-09-19,7.8458,7.8572,7.7978,7.8458,218655,0,0.0599405695629329,7.79812,7.76388,7.735945000000001,7.757400446629958,7.837377652794299,7.634512347205703,0.3787423681188906,66.30511671775533,257513.45,0.7617533150375763,0.0,2.0246810834709583,0.0005992261237893
2012-09-20,7.7978,7.8198,7.7731,7.7978,247481,0,-0.6117922965153344,7.81182,7.77169,7.74133,7.761248023141391,7.84394330784857,7.638716692151431,0.4495751521325725,62.71186440677968,249189.85,0.6007899036420413,0.0,1.011697345751772,-0.0061367141370205
2012-09-21,7.827,7.8893,7.8042,7.8411,253856,0,0.5552848239247066,7.826860000000001,7.784739999999999,7.7491949999999985,7.768852973318402,7.857212805063715,7.641177194936282,0.4632463452389465,60.047789725209135,251389.7,1.090438481843118,0.1801456496742046,1.6924752937514498,0.0055374880132311
2012-09-24,7.827,7.8572,7.8141,7.827,185172,0,-0.179821708688832,7.83056,7.790850000000001,7.75668,7.774390785383316,7.86446779542398,7.64889220457602,0.4310141773704992,65.59645001305151,247866.2,0.5515670390703973,0.0,0.7867729432519122,-0.0017998358200809
2012-09-25,7.8572,7.8572,7.8141,7.8458,217817,0,0.240194199565602,7.8315,7.80316,7.763595,7.781191662965857,7.875754519389707,7.651435480610294,0.3697673281283951,70.24707412223665,243544.45,0.5515670390703973,-0.1450898538919726,1.594002097711944,0.0023990619438704
2012-09-26,7.827,7.8517,7.7861,7.7917,154632,0,-0.6895409008641606,7.82068,7.809399999999999,7.764405000000001,7.782192456969109,7.877158937498027,7.6516510625019745,0.4576414683836047,58.80195599022006,239582.6,0.8425270674663807,-0.4510029385460627,0.8073176096153434,-0.0069192921942151
2012-09-27,7.827,7.827,7.7861,7.7861,294266,0,-0.0718713502829815,7.818339999999999,7.81508,7.768335,7.782564603924432,7.878179373644301,7.6584906263557,0.4596216588352304,59.30949445129469,242517.75,0.5252950771246159,-0.5225501469272993,0.7348660292652687,-0.0007189719011964
2012-09-28,7.7659,7.8085,7.6997,7.7723,586125,0,-0.1772389257779894,7.80458,7.815720000000001,7.772760000000001,7.781587022598296,7.875142593094125,7.670377406905876,0.4425528711240579,50.87912087912091,262519.5,1.4130420665740282,0.0824115685239339,0.0824115685239323,-0.0017739617979973
2012-10-01,7.7293,7.7861,7.7293,7.7528,458891,0,-0.2508909846506313,7.78974,7.810149999999998,7.77255,7.778845401398458,7.875085816593357,7.670014183406643,0.4048848036719527,54.42256832206876,278822.35,0.7348660292652629,0.3040378818262897,-0.7133252225139386,-0.0025120624349593
2012-10-02,7.7293,7.7528,7.7164,7.7293,504491,0,-0.3031162934681641,7.76644,7.79897,7.77364,7.7741267917414625,7.873697739121723,7.673582260878278,0.3710289784668708,50.0,296042.35,0.4717225649266438,0.0,-1.4258203568376815,-0.0030357662135957
2012-10-03,7.6997,7.7358,7.6997,7.7227,397908,0,-0.0853893625554769,7.75264,7.78666,7.775269999999999,7.769229002051799,7.870545425672613,7.679994574327384,0.3649989193532481,49.092908191313825,303926.8,0.4688494356923029,0.2987129368676661,-1.5689923271049455,-0.000854258400384
2012-10-04,7.7106,7.7471,7.6997,7.7358,389411,0,0.1696297926890855,7.742580000000001,7.780460000000001,7.776075,7.766045287570675,7.869630024620994,7.682519975379007,0.3396829480673822,45.57743167793124,306651.65,0.615608400327281,0.3268228153451079,-0.7950960527328133,0.0016948608384863
2012-10-05,7.7227,7.7791,7.7227,7.7659,302407,0,0.3891000284392154,7.7413,7.772940000000001,7.77884,7.766031450659182,7.867381667861093,7.690298332138907,0.307753048436803,43.50213544844414,308308.45,0.7303145273026274,0.5593898506998922,-0.9590491130071044,0.0038834499220893
2012-10-08,7.7415,7.7861,7.7415,7.7791,304164,0,0.1699738600805966,7.74656,7.76815,7.779499999999999,7.767276074405927,7.867832076788272,7.691167923211726,0.3168971090136377,39.94811932555118,313410.35,0.5761157398436992,0.4856939869534252,-0.6119841574038665,0.0016982956799778
2012-10-09,7.8002,7.8068,7.7262,7.745,279989,0,-0.4383540512398531,7.7497,7.758069999999999,7.780615,7.765154543510124,7.866456083896152,7.694773916103848,0.3179036755502053,35.07992895204268,317042.3,1.0432036447412645,-0.7076741622009709,-1.284763822682189,-0.004393176395945
2012-10-10,7.7067,7.757,7.5971,7.6764,606752,0,-0.8857327307940643,7.740440000000001,7.74654,7.777969999999999,7.756701729842493,7.873213623354686,7.682726376645312,0.3596671675330889,33.063616071428626,333421.05,2.1047504969001265,-0.3931643894273755,-1.4797797656480594,-0.0088967866068767
2012-10-11,7.7122,7.7122,7.633,7.6404,302888,0,-0.468969829607635,7.72136,7.73197,7.773524999999999,7.745625374619398,7.8852110991220385,7.66183890087796,0.3719905373023401,21.41839931643399,333261.5,1.037599895191932,-0.9309924535152164,-1.871283441003846,-0.0047007294331123
2012-10-12,7.6968,7.6968,7.633,7.6629,345616,0,0.2944871996230613,7.70076,7.721030000000001,7.768375000000001,7.737746767512789,7.890548110575218,7.646201889424783,0.4022038512836432,27.176634214186308,329870.05,0.8358443600157164,-0.4404427814156538,-1.4075627549116845,0.002940544354845
2012-10-15,7.6629,7.6764,7.622,7.6572,342107,0,-0.0743843714520631,7.67638,7.71147,7.760809999999999,7.730075646797285,7.890996148508257,7.630623851491742,0.4007120825110921,22.777136258660505,330988.15,0.7137234321700371,-0.0743843714520617,-1.2331028789598577,-0.0007441205035234
2012-10-16,7.6893,7.7496,7.6694,7.7496,327857,0,1.2067074126312471,7.6773,7.713499999999999,7.756234999999999,7.731935109007067,7.880852837281335,7.631617162718664,0.5728764517914708,44.528203795165126,336024.25,1.0457141366990848,0.7842066247902904,0.262636978769093,0.0119948474498736
2012-10-17,7.7755,7.7755,7.6829,7.6893,370491,0,-0.7781046763703947,7.67988,7.710159999999999,7.74841,7.727874622434966,7.868934658321085,7.627885341678915,0.6273615647907926,38.98497951752392,343616.05,1.20527405016335,-1.1086103787537758,-0.43249122716148,-0.0078114770639148
2012-10-18,7.7067,7.757,7.6968,7.757,219878,0,0.8804442537031942,7.7032,7.71228,7.746369999999999,7.73064846791735,7.8647366044663265,7.628003395533671,0.690990796368236,48.44921954186086,342235.9,0.7821432283546413,0.6526788378942999,0.2740505183691288,0.0087659094426111
2012-10-19,7.757,7.757,7.7035,7.745,244127,0,-0.1546989815650379,7.719620000000001,7.710189999999999,7.741565,7.7320152804966495,7.851221828813895,7.631908171186104,0.680871830591648,49.19720049403051,341749.45,0.6944895177516669,-0.1546989815650324,-0.2691252784609688,-0.0015481876399025
2012-10-22,7.7188,7.769,7.7188,7.769,383349,0,0.3098773402194998,7.74198,7.709179999999999,7.738665,7.735537634735064,7.841674744558178,7.635655255441822,0.6867322376273884,54.08184248406332,351658.3,0.6503601596103052,0.6503601596103052,-0.1298350708950901,0.0030939820994518
2012-10-23,7.7496,7.757,7.6968,7.7496,249768,0,-0.2497103874372519,7.74198,7.70964,7.733855000000001,7.736876907617439,7.823979159388703,7.643730840611299,0.6761948307337058,52.6948507313164,353255.85,0.7821432283546413,0.0,0.059393156875398,-0.0025002268382456
2012-10-24,7.7262,7.7496,7.6968,7.745,284647,0,-0.0593579023433488,7.75312,7.716500000000001,7.731519999999999,7.737650535463397,7.817665961815392,7.645374038184606,0.6011709324067248,50.93762739502649,359756.6,0.6859993763642085,0.2433278972845604,0.8936480641967615,-0.0005937552612061
2012-10-25,7.7262,7.769,7.7067,7.7317,183007,0,-0.1717236927049725,7.748060000000001,7.72563,7.7288,7.737083817800216,7.811036424253133,7.646563575746867,0.5773022475277607,46.39088222878849,354193.65,0.8083875069744568,0.0711863529289898,1.1949636144704456,-0.0017187130685467
2012-10-26,7.7035,7.7317,7.6764,7.7262,251459,0,-0.0711357140085522,7.7443,7.731959999999999,7.726495,7.736047263724005,7.806141177429959,7.646848822570041,0.5766260693396029,44.32525209182585,337460.35,0.7203897660361616,0.2946712533264151,0.82605801980975,-0.000711610274629
2012-10-31,7.7035,7.745,7.6572,7.6829,294332,0,-0.5604307421500865,7.727079999999999,7.734530000000001,7.723000000000001,7.730985619559815,7.803910554904748,7.642089445095253,0.6109061603669096,43.46728382074478,329232.4,1.14663323408035,-0.2674109171155961,0.3356318236431121,-0.0056200704739201
2012-11-01,7.7122,7.7496,7.6968,7.7496,204137,0,0.8681617618347293,7.727079999999999,7.734530000000001,7.724015,7.732758417696975,7.805763298551387,7.642266701448612,0.5445469454938178,57.73130544993662,314214.7,0.6859993763642085,0.4849459298254697,0.0,0.0086441490783022
2012-11-02,7.757,7.757,7.7262,7.7317,156627,0,-0.2309796634665017,7.72442,7.73877,7.724465,7.732657616011549,7.80628187575404,7.64264812424596,0.4813516667066037,60.02635624862734,302150.65,0.3986435764023617,-0.3261570194662841,0.5514156035009599,-0.0023124683297528
2012-11-05,7.7262,7.7317,7.6572,7.6829,298556,0,-0.6311677897486989,7.71466,7.73136,7.721819999999999,7.72791879543902,7.805493239136689,7.638146760863309,0.428099664958044,52.076411960132944,297607.9,0.9729405004440324,-0.560430742150091,-0.9552662111641076,-0.0063316807485493
2012-11-06,7.6968,7.745,7.6644,7.6968,285427,0,0.1809212667091886,7.70878,7.72654,7.718365,7.724955100635304,7.800057575841541,7.636672424158459,0.4359926912546664,54.04246631278074,296758.9,1.0516152601638804,0.0,-0.6223369916074972,0.0018075780131819
2012-11-07,7.7067,7.7262,7.633,7.6629,407231,0,-0.4404427814156508,7.70478,7.71593,7.712555,7.719045091050989,7.792571405556314,7.6325385944436865,0.4294833139071096,39.9489914212844,301912.25,1.2210140180793974,-0.5683366421425521,-1.3656841292315702,-0.0044141558812298
2012-11-08,7.6372,7.6735,7.5665,7.5791,315910,0,-1.093580759242574,7.67068,7.69888,7.70426,7.705716987141371,7.802447669931483,7.6060723300685185,0.5261951920660701,37.88478452066839,303708.3,1.4141280644948155,-0.7607500130937987,-2.200113554247962,-0.0109960430880234
2012-11-09,7.5612,7.5937,7.5375,7.5477,316167,0,-0.4142972120700472,7.63388,7.67915,7.697825,7.690667750270764,7.818088357941709,7.57756164205829,0.5260532941001939,24.99402628434882,289179.05,0.7456053067993429,-0.1785430883986736,-2.547449967721116,-0.00415157800722
2012-11-12,7.5421,7.5612,7.5058,7.5312,286936,0,-0.2186096426725958,7.60354,7.6591,7.692365000000001,7.675480345483073,7.831966376483356,7.552763623516645,0.525422632670298,24.728132387706808,288381.45,0.7380958725252547,-0.1445220827090527,-2.5932201197666704,-0.0021884894237036
2012-11-13,7.5421,7.5421,7.4668,7.4872,372851,0,-0.5842362438920778,7.56162,7.6352,7.683580000000001,7.657548884008494,7.8504405166007185,7.516719483399283,0.5298392077750425,18.19413092550782,289743.2,1.0084641345690184,-0.7279139762135208,-3.0933706090963353,-0.0058594958038311
2012-11-14,7.5312,7.5312,7.3146,7.3193,600571,0,-2.2424938561812047,7.492900000000001,7.59884,7.666685000000001,7.625334704579114,7.89998929440911,7.433380705590892,0.8101545152753243,13.626373626373578,302666.4,2.9612008858994296,-2.8136286381984275,-4.732587955069045,-0.0226802008756783
2012-11-15,7.2242,7.2938,7.1696,7.2693,1064618,0,-0.6831254354924599,7.43094,7.55081,7.64267,7.591426637476341,7.932153126315355,7.353186873684645,0.6572786658044911,12.655047888208458,339504.45,1.7323142155768814,0.6242905788876358,-6.19773923815422,-0.0068546941828982
2012-11-16,7.2818,7.4302,7.2555,7.4302,604658,0,2.213418073267026,7.407439999999999,7.52066,7.629715,7.576071719621452,7.933260638812955,7.326169361187045,1.1177755300052017,30.783938814531524,351212.8,2.407828543863283,2.037957647834334,-3.899530504287541,0.0218927754654584
2012-11-19,7.4363,7.6312,7.4363,7.5058,359490,0,1.017469247126579,7.40236,7.50295,7.617155000000001,7.569379174895599,7.919309777173359,7.315000222826644,1.1972327177764237,37.105078399251056,358193.4,2.620927073948061,0.9346045748557706,-2.305119160733582,0.0101232787396575
2012-11-20,7.4933,7.5312,7.425,7.4363,348499,0,-0.9259505982040506,7.392179999999999,7.476899999999999,7.60172,7.556704967762685,7.907889052718209,7.295550947281791,1.206511185118493,36.00136239782013,363412.0,1.4303030303030344,-0.7606795403894079,-3.384523438312015,-0.0093026416909461
2012-11-21,7.4872,7.5665,7.4363,7.5665,266503,0,1.75087072872262,7.44162,7.46726,7.591595000000001,7.557637827975762,7.8876995723891055,7.295490427610896,1.3731614730021853,40.30498782166679,357569.7,1.7508707287226095,1.0591409338604545,-1.2580093698208228,0.0173571958284409
2012-11-23,7.5937,7.6056,7.5612,7.6056,82550,0,0.5167514702967058,7.50888,7.46991,7.584394999999999,7.562205653882833,7.871178934623534,7.297611065376464,1.3400729263441296,43.46970481615741,349208.8,0.5872083796222762,0.1567088507578624,0.3496457363011407,0.0051542089177398
2012-11-26,7.5998,7.5998,7.5312,7.5863,243954,0,-0.2537603870832017,7.5401,7.473769999999999,7.57646,7.564500353513039,7.853137371680918,7.299782628319082,1.3349379654375273,44.83974358974355,347174.15,0.910877416613554,-0.1776362535856274,0.5114140731613537,-0.0025408290448326
2012-11-27,7.5937,7.6116,7.5421,7.6116,285479,0,0.3334959070956822,7.56126,7.48181,7.570455,7.568986034130845,7.838008598959257,7.302901401040743,1.333595656281262,45.50348321722611,352297.75,0.9214940136036458,0.2357217166862007,1.0675589547482378,0.0033294104278637
2012-11-28,7.6116,7.6477,7.5863,7.6372,247230,0,0.336328761364224,7.601439999999999,7.496809999999999,7.566005,7.57548260230886,7.825490624589653,7.306519375410346,1.3116147625810837,48.63166861889045,352086.3,0.8093537033863779,0.3363287613642315,2.003419168714604,0.0033576444114575
2012-11-29,7.6477,7.6798,7.6312,7.6538,193056,0,0.2173571465982293,7.618900000000001,7.53026,7.56455,7.582941402088968,7.821590619358616,7.307509380641383,0.9933916011750492,54.28374813625416,347022.5,0.6368592095607561,0.0797625429867802,4.570109163444602,0.0021712126769027
2012-11-30,7.6312,7.6538,7.5937,7.6312,249354,0,-0.2952781624813938,7.62402,7.566450000000001,7.558630000000001,7.587537459032876,7.802860142543008,7.314399857456994,0.9507945655298335,54.837214691229285,349283.35,0.7914455403821623,0.0,4.978471104507998,-0.002957149685214
2012-12-03,7.5998,7.6426,7.5937,7.6372,185106,0,0.0786245937729246,7.6342,7.587149999999999,7.553905,7.592267224839269,7.7874602361135405,7.32034976388646,0.7366581970722266,56.21627961529438,350707.3,0.6439548573159293,0.4921182136371994,2.7859277004656624,0.000785937008311
2012-12-04,7.6116,7.6477,7.5937,7.6477,179459,0,0.1374849421253987,7.641419999999999,7.60134,7.552145,7.597546536759339,7.782110246574001,7.322179753426,0.6895054681495584,59.79733854230257,344752.45,0.7111157933550215,0.4742761048925357,1.890537983959084,0.0013739051811479
2012-12-05,7.6426,7.6426,7.5612,7.5736,302067,0,-0.968918759888604,7.628699999999999,7.61507,7.545985,7.59526591421083,7.766021076229257,7.325948923770743,0.6973192652645794,67.53067696125736,345584.45,1.076548695974177,-0.902834114044958,1.84634831838415,-0.0097364332057758
2012-12-06,7.5421,7.5704,7.5312,7.5421,291649,0,-0.4159184535755811,7.60636,7.61263,7.539945,7.590202493809799,7.752988978410808,7.326901021589193,0.4493480267261334,69.29824561403498,339805.35,0.5205013809220327,0.0,-0.3224740633053558,-0.0041678580018084
2012-12-07,7.576,7.576,7.4904,7.5704,357671,0,0.3752270587767503,7.594200000000001,7.609109999999999,7.53951,7.588316542018389,7.752252670354906,7.326767329645094,0.4320622621416696,62.20828979449664,341893.4,1.142796112357143,-0.0739176346356835,-0.4628168717786818,0.00374524838115
2012-12-10,7.5344,7.5833,7.5094,7.5456,350637,0,-0.3275916728310291,7.575880000000001,7.605040000000001,7.539405,7.584248299921399,7.752132722935976,7.3266772770640225,0.4366225328472055,53.80206343141004,343616.9,0.984099928090128,0.1486515183690877,-0.5364934157626178,-0.0032812942910258
2012-12-11,7.5456,7.5581,7.5344,7.5581,380810,0,0.1656594571670888,7.55796,7.59969,7.54075,7.581757985643171,7.75359941551358,7.32790058448642,0.4231359547096107,63.057461406517874,348310.6,0.3145572308345699,0.1656594571670813,-0.7028745598822939,0.0016552239324037
2012-12-12,7.5344,7.6022,7.5344,7.5833,379974,0,0.3334171286434539,7.559900000000001,7.5943,7.545555,7.581904844153345,7.75765194382336,7.33345805617664,0.4228264061306716,52.32429441062543,348666.75,0.8998725844128277,0.6490231471650113,-0.7057560362436432,0.0033286252615297
2012-12-13,7.5508,7.5903,7.5456,7.5903,404438,0,0.0923080980575585,7.569540000000001,7.587950000000001,7.559105,7.582704382805408,7.743106161038238,7.375103838961762,0.4151635785527772,47.67689037351963,338860.1,0.592398218829513,0.523123377655352,-0.8296532441401716,0.000922655203325
2012-12-14,7.5971,7.6022,7.5456,7.5704,307947,0,-0.2621767255576168,7.569540000000001,7.581869999999999,7.574160000000001,7.58153253682394,7.697640753242415,7.450679246757587,0.4134068062616471,47.59017884207347,301026.55,0.7501060220525808,-0.3514498953548057,-0.7967292168990392,-0.0026252101062326
2012-12-17,7.5704,7.6085,7.5456,7.5508,376039,0,-0.2589030962696914,7.570580000000001,7.57323,7.580189999999999,7.578605628554993,7.684335240688933,7.4760447593110655,0.4128689059587305,40.62307217766813,289595.6,0.8335983884648,-0.2589030962696885,-1.1313046666317494,-0.0025923882994443
2012-12-18,7.5398,7.6404,7.5398,7.5847,459565,0,0.4489590506966179,7.5759,7.566929999999999,7.584134999999999,7.579186044883089,7.682216389941682,7.486053610058316,0.4444051742454107,42.105263157894775,294599.35,1.3342528979548534,0.5955065121090767,-0.8237770833060987,0.0044795423589941
2012-12-19,7.5903,7.6703,7.5903,7.6287,328464,0,0.5801152319801828,7.58498,7.57244,7.593755,7.583901659656129,7.664799492362163,7.522710507637837,0.3634167862915838,46.51292025562658,293597.6,1.053976786161286,0.5059088573574195,0.7275271997464916,0.0057843904299585
2012-12-20,7.6572,7.6572,7.5903,7.6451,274255,0,0.2149776501894074,7.595940000000001,7.582739999999999,7.597685000000001,7.589730073022212,7.671039719291712,7.52433028070829,0.3214240799258636,51.96494204127797,293985.2,0.8813880874273681,-0.1580212087969405,1.3656673870672709,0.0021474690388181
2012-12-21,7.5581,7.6287,7.5581,7.5833,426491,0,-0.8083609109102552,7.598519999999999,7.58403,7.59657,7.589117685115334,7.670095880873031,7.523044119126968,0.4248911537570965,43.4188034188035,311182.25,0.934097193739176,0.3334171286434524,0.1704005072387104,-0.008116458625419
2012-12-24,7.5508,7.6016,7.5456,7.5704,305164,0,-0.1701106378489636,7.60244,7.58651,7.595775000000001,7.587335048437684,7.670107846747073,7.521442153252928,0.4134293805434234,40.61665452779803,314242.75,0.7421543681085673,0.2595751443555716,0.328668363019502,-0.0017025549029076
2012-12-26,7.5508,7.6451,7.5344,7.6204,274810,0,0.6604670823206149,7.609580000000001,7.592740000000001,7.596214999999999,7.590484091443619,7.671044779466448,7.52138522053355,0.4581806061373826,56.03403816400206,313709.3,1.4692609895944,0.9217566350585412,0.8242812347018402,0.0065829555472568
2012-12-27,7.6451,7.651,7.5447,7.651,326616,0,0.4015537242139544,7.61404,7.59951,7.596905,7.596247511306132,7.673558299446599,7.5202517005534,0.4628005625071488,64.07340398035669,317678.6,1.4089360743303254,0.0771736144720091,0.8927511769282415,0.004007496490572
2012-12-28,7.5894,7.6287,7.5604,7.5697,309222,0,-1.0626061952685897,7.59896,7.597449999999999,7.592700000000001,7.593719176896024,7.665333383655956,7.520066616344045,0.5890200793017989,49.92043646283245,323486.9,0.9033913549547736,-0.2595725617308387,-0.2713990224365248,-0.0106829217045416
2012-12-31,7.5572,7.6781,7.5572,7.671,404404,0,1.33823004874698,7.6165,7.60751,7.59469,7.601079255286879,7.673668448760922,7.515711551239078,0.7203751110990201,62.141750580945,331239.4,1.5997988673053485,1.5058487270417662,1.3288597696290871,0.0132935484319861
2013-01-02,7.7592,7.7917,7.7091,7.7791,226001,0,1.40920349367748,7.658240000000001,7.630340000000001,7.601785,7.618033611926224,7.714942315275064,7.488627684724936,0.8070890051403985,68.05555555555556,333284.15,1.0714610006356038,0.2564697391483633,3.0235206865497632,0.0139936652876177
2013-01-03,7.7528,7.8745,7.7528,7.8745,428684,0,1.2263629468704629,7.709059999999999,7.659320000000001,7.613125000000001,7.642458982218964,7.778886475748635,7.447363524251367,0.8586892718295609,71.34271474640867,345745.4,1.5697554431947245,1.5697554431947245,3.8208498688148578,0.0121890403677212
2013-01-04,7.8929,7.9501,7.8803,7.9103,411127,0,0.4546320401295434,7.76092,7.687479999999999,7.62996,7.667967650579064,7.841021242297725,7.418898757702275,0.8563371253626056,72.50351617440226,351198.4,0.8857530804664779,0.2204512916671984,3.691323554471926,0.0045360171029609
2013-01-07,7.8803,8.0178,7.8803,8.0054,526880,0,1.2022300039189249,7.848060000000001,7.72351,7.653125,7.700104064809629,7.918336334798347,7.387913665201653,0.8930575966794574,77.664716357161,362959.95,1.7448574292856782,1.5875030138446475,4.712822592248633,0.0119506062343403
2013-01-08,7.9809,7.9985,7.916,7.9985,312871,0,-0.086191820521142,7.913560000000001,7.76503,7.67453,7.72852272530395,7.9779761651729215,7.371083834827078,0.8033227598434318,78.93988364576603,360719.95,1.0421930267811972,0.2205265070355453,5.47518890192924,-0.0008622898702862
2013-01-09,7.9809,8.0178,7.9501,7.9686,286463,0,-0.3738200912671074,7.95146,7.80485,7.6956799999999985,7.751387227655955,8.019566189238137,7.371793810761859,0.825532741364578,74.94476933073432,357511.25,0.8515616155771554,-0.1541179566214306,5.259959843601392,-0.0037452054473903
2013-01-10,7.9444,8.0399,7.9444,8.0245,505424,0,0.7015034008483134,7.98146,7.845259999999999,7.718999999999999,7.777397967879197,8.067411021640037,7.370588978359961,0.8264266159732849,75.32633734323014,363741.95,1.2021046271587466,1.008257388852523,5.302871240354823,0.0069905431269506
2013-01-11,8.0332,8.0399,7.9809,8.0178,320375,0,-0.0834942987102072,8.00296,7.88194,7.740725,7.80029339950975,8.107225112012967,7.374224887987033,0.8481714857558507,74.1479849682519,360762.0,0.7392649951759735,-0.1917044266295051,4.794144556267144,-0.0008352917461407
2013-01-14,7.9809,8.0332,7.9809,8.0178,348644,0,0.0,8.00544,7.92675,7.762099999999999,7.821008313842154,8.141305857161406,7.382894142838593,0.6854133224062713,80.60290181715735,357972.3,0.6553145635204135,0.4623538698642919,5.919653354822496,0.0
2013-01-15,8.0178,8.0406,7.9753,8.0245,383286,0,0.0835640699443862,8.010639999999999,7.9621,7.784805,7.840388474428615,8.170013260692208,7.399596739307793,0.6445836986658439,82.26516981668327,361739.25,0.818777977003996,0.0835640699443784,4.608264893755698,0.0008352917461407
2013-01-16,7.9985,8.0515,7.991,8.0178,307278,0,-0.0834942987102072,8.02048,7.985969999999999,7.808155000000001,7.857284810197319,8.190241942297087,7.426068057702916,0.5667912352530772,80.0878255602665,358301.2,0.7571017394569028,0.2412952428580287,3.0684783586790276,-0.0008352917461407
2013-01-17,8.0515,8.055,8.0128,8.055,323331,0,0.4639676719299546,8.02658,8.00402,7.83167,7.8761148282737645,8.213740746273704,7.449599253726295,0.4723674805008029,80.2848575712144,351489.5,0.5266573482428033,0.043470160839582,2.2922090291447095,0.0046289465960045
2013-01-18,8.055,8.067,8.0245,8.055,178657,0,0.0,8.03402,8.01849,7.852984999999999,7.893151511295311,8.234943566367221,7.471026433632779,0.4699919500210656,91.4290592453474,343999.15,0.529628014206498,0.0,1.829260584301462,0.0
2013-01-22,8.0515,8.1082,8.0515,8.1082,284460,0,0.6604593420235894,8.0521,8.02877,7.87614,7.913632319743376,8.261171533363775,7.491108466636224,0.3570242016251334,90.66220238095234,344509.4,0.7042166056014321,0.7042166056014321,1.2841332100832048,0.0065828786521505
2013-01-23,8.1142,8.1338,8.081,8.0878,346220,0,-0.2515971485656521,8.06476,8.0377,7.901365,7.9302197178630545,8.271429792478058,7.531300207521944,0.3715970032245839,84.30762391642577,340495.85,0.6533844821185657,-0.3253555495304607,1.1164593361255193,-0.0025191418607468
2013-01-24,8.1142,8.1398,8.081,8.1082,302289,0,0.2522317564727094,8.082840000000001,8.05166,7.928255,7.947170220923716,8.274447586956171,7.58206241304383,0.331255728606481,81.16831154974648,340352.1,0.7276327187229272,-0.0739444430751057,1.7518761137464534,0.0025191418607467
2013-01-25,8.055,8.093,8.0332,8.0878,343360,0,-0.2515971485656521,8.089400000000001,8.05799,7.951625,7.960563533216695,8.272492566549511,7.630757433450489,0.2981805736256012,74.68706536856726,343779.6,0.7444106956131951,0.4072004965859707,0.7888341952769551,-0.0025191418607468
2013-01-28,8.067,8.093,8.0332,8.067,291783,0,-0.2571774771878532,8.091800000000001,8.062909999999999,7.972424999999999,7.97070033957701,8.26381881111846,7.681031188881539,0.3133688973396921,60.79943899018232,342037.95,0.7444106956131951,0.0,0.6136346628751177,-0.002575087465504
2013-01-29,8.067,8.0787,8.0178,8.0332,366143,0,-0.4189909507871459,8.0768,8.064449999999999,7.995599999999999,7.976652688188723,8.217595135082382,7.773604864917616,0.348560252902469,55.55911566805523,344884.0,0.7595599790466235,-0.4189909507871499,0.1920726383796145,-0.0041987117744512
2013-01-30,8.0515,8.055,7.9809,8.0054,299510,0,-0.3460638350844092,8.06032,8.06254,8.012319999999999,7.979390527408845,8.173387786972581,7.851252213027417,0.3658667383501364,55.935483870967616,339639.3,0.9284667142803394,-0.5725641184872498,-0.2380210605022137,-0.0034666402105863
2013-01-31,8.0178,8.055,7.9863,8.055,343364,0,0.6195817822969518,8.049679999999999,8.06626,8.026115,7.986591429560384,8.144749711793597,7.907480288206403,0.4169818148624289,55.02140270003288,345507.45,0.8602231321137419,0.4639676719299601,0.4639676719299546,0.006176702659138
2013-02-01,8.0745,8.081,8.0515,8.067,300471,0,0.1489757914338918,8.04552,8.06746,8.03574,7.9942493886498704,8.131639166344174,7.939840833655827,0.3932105485851097,57.96116504854374,339096.8,0.3663913556480003,-0.0928850083596542,0.1489757914338918,0.0014886493258996
2013-02-04,8.067,8.0745,7.9753,8.0245,343925,0,-0.5268377339779362,8.037020000000002,8.06441,8.041450000000001,7.997130399254645,8.117432200133232,7.965467799866771,0.429179011019608,50.95305832147942,335736.7,1.243840357102562,-0.5268377339779401,-0.3786468032278112,-0.0052823041757634
2013-02-05,8.0332,8.081,7.9985,8.0625,328749,0,0.4735497538787436,8.04288,8.05984,8.044305,8.003356075516107,8.11886141382436,7.96974858617564,0.3983900438846583,54.96342737722048,325830.15,1.0314433956366764,0.3647363441716777,-0.5636269455612797,0.004724320342817
2013-02-06,8.0332,8.0745,8.0332,8.0745,263028,0,0.1488372093023215,8.056700000000001,8.058510000000002,8.048105,8.010131687371716,8.120548763308854,7.975661236691146,0.3966429615404287,57.30481834578725,323338.0,0.5141164168699853,0.5141164168699853,-0.1644452137787633,0.0014872655650936
2013-02-07,8.081,8.081,8.0054,8.0178,322961,0,-0.7022106631989766,8.04926,8.04947,8.050565,8.010862002860124,8.114480710120782,7.986649289879218,0.4377023955628008,45.436702649656524,325162.9,0.9443625552751852,-0.7820814255661446,-1.1149206975654358,-0.0070468776540515
2013-02-08,8.0214,8.0492,7.9944,8.0432,489825,0,0.3167951308339134,8.044500000000001,8.045010000000001,8.0515,8.013941812111542,8.114348455997714,7.988651544002288,0.4540440987574639,48.637413394919285,324382.95,0.6854798358851331,0.2717730072057335,-0.5514478597393513,0.0031629439232407
2013-02-11,8.0592,8.0592,7.9778,8.0214,377209,0,-0.2710364034215318,8.04388,8.04045,8.051680000000001,8.014652115719967,8.114141494666983,7.98921850533302,0.4547525681153619,39.19322709163359,327224.65,1.0203314196896434,-0.4690291840381268,-0.5652658981033842,-0.002714043721179
2013-02-12,7.9834,8.0492,7.9661,8.0492,465623,0,0.346572917445842,8.04122,8.04205,8.05325,8.017942390413303,8.113671031544284,7.992828968455716,0.4512322262532181,45.28117359413224,333073.6,1.0431704347171242,0.8242102362402134,0.1991734302644099,0.0034597373750814
2013-02-13,8.0492,8.0717,8.016,8.0432,405373,0,-0.0745415693485074,8.03496,8.045829999999999,8.054185,8.020347877040608,8.113297355999594,7.995072644000406,0.434564188094803,41.76381145463779,334177.95,0.6948602794411161,-0.0745415693485095,0.4721812776375955,-0.0007456936539024
2013-02-14,8.0432,8.0533,7.9885,8.0214,299704,0,-0.2710364034215318,8.03568,8.04247,8.054365,8.020448079227217,8.113031094397213,7.995698905602787,0.3937450990551721,41.616161616161776,333799.25,0.8111660511985976,-0.2710364034215325,-0.4171322160148927,-0.002714043721179
2013-02-15,8.0364,8.0364,7.9834,8.0289,252473,0,0.0934998878001414,8.03282,8.03866,8.05306,8.02125302406272,8.112817629772552,7.9933023702274495,0.3911518812413445,45.02221060883207,330256.35,0.6638775459077689,-0.093325369568467,-0.4722945332837458,0.0009345620388253
2013-02-19,8.0214,8.0651,7.9585,8.0592,373986,0,0.3773866905802947,8.04038,8.04213,8.053270000000001,8.024867021771032,8.113085826107106,7.993454173892896,0.3718491571995318,53.428270042193994,340022.8,1.3394483885154158,0.4712394345126875,0.4324256963050832,0.003766763735429
2013-02-20,8.0432,8.0651,7.9661,8.0214,284385,0,-0.4690291840381277,8.03482,8.03802,8.04893,8.02453682922141,8.104402823125445,7.993457176874554,0.370266419678779,52.05549845837611,340019.05,1.242766221865145,-0.2710364034215325,-0.5097674418604647,-0.0047013257742543
2013-02-21,8.016,8.016,7.8887,7.9718,356727,0,-0.6183459246515532,8.02054,8.027750000000001,8.043130000000001,8.019514274057466,8.105338853661905,7.980921146338099,0.4024602295562138,39.31140801644423,340544.4,1.6137006097329087,-0.5513972055888225,-1.2719053811381609,-0.0062026560064764
2013-02-22,7.9585,7.9795,7.9068,7.9518,342597,0,-0.2508843673950656,8.006620000000002,8.02115,8.035309999999999,8.013065295575803,8.102221155550371,7.968398844449627,0.353090203656517,35.49848942598216,342559.8,0.9194617291445364,-0.0841867186027452,-0.8231684501982972,-0.0025119960959673
2013-02-25,7.9326,7.9476,7.8558,7.8558,381355,0,-1.207273824794386,7.972,8.002410000000001,8.023710000000001,7.998087648378108,8.124280664343834,7.923139335656169,0.471026123950649,31.28466829376559,344459.55,1.1685633544642189,-0.9681567203691038,-2.32991844042173,-0.0121462056529254
2013-02-26,7.8501,7.9401,7.8501,7.9401,426162,0,1.0730924921713791,7.948179999999999,7.994280000000001,8.017365000000002,7.99256501519924,8.122351320413323,7.912378679586681,0.6257885361762952,37.686116700201374,351178.5,1.1464822104176997,1.1464822104176997,-1.0135387837534535,0.0106737571585474
2013-02-27,7.9259,7.9778,7.8953,7.9718,365846,0,0.3992393042908659,7.93826,7.986540000000001,8.014295,7.990587394704074,8.12090992884618,7.907680071153821,0.6301712868313692,40.061931488291144,351163.65,1.0449254619837178,0.5791140438309795,-0.9615862445957468,0.0039844445903451
2013-02-28,7.9585,8.0018,7.912,7.9678,319971,0,-0.0501768734790131,7.93746,7.979000000000001,8.012415,7.98841716663702,8.120998225903511,7.90383177409649,0.6303053572489288,44.6120689655174,352186.7,1.1349848331648058,0.1168561914933785,-0.9374378356872936,-0.000501894662848
2013-03-01,7.9326,7.9778,7.9011,7.9718,266798,0,0.0502020633047939,7.941460000000001,7.97404,8.008255,7.986834579338256,8.116342673479167,7.900167326520832,0.6283698704759986,41.934026208766355,348358.4,0.970750908101412,0.4941633260217347,-0.6183459246515532,0.0005018946628479
2013-03-04,7.9718,7.9778,7.9037,7.9585,286884,0,-0.1668381043177236,7.962000000000001,7.967,8.00283,7.984136047972708,8.109383630678503,7.896276369321496,0.626683829906654,42.75512554710899,347679.05,0.9375355845996242,-0.1668381043177211,-0.8768324428003904,-0.0016697743407463
2013-03-05,7.9778,8.0214,7.9778,8.0096,361536,0,0.642080794119515,7.9759,7.962039999999999,8.002085,7.986561186261022,8.108208171239502,7.895961828760497,0.6534609427885584,45.67118495846086,348559.6,0.5465165835192614,0.3986061320163515,-0.6154457018066273,0.0064002823675461
2013-03-06,8.016,8.0432,8.0096,8.0432,326164,0,0.419496604075098,7.99018,7.96422,8.00112,7.991955358998068,8.105262566251787,7.896977433748214,0.6520393597977309,50.0,348430.35,0.419496604075108,0.339321357285436,0.2717730072057334,0.0041861917008556
2013-03-07,8.0364,8.0905,8.0289,8.0905,305071,0,0.5880743982494607,8.01472,7.976089999999999,8.00192,8.001340562903014,8.108649675251037,7.895190324748963,0.6301867005560412,56.76787463271308,350532.5,0.7672283874503396,0.6731869991538504,1.4889987204897317,0.005863519901552
2013-03-08,8.1091,8.1294,8.0515,8.1192,263096,0,0.3547370372659175,8.0442,7.99283,8.00699,8.012565271197964,8.125841201088774,7.888138798911226,0.6163612404269193,58.491630618769925,347539.25,0.9675215798298408,0.1245514298750731,2.105183731985205,0.0035410932947455
2013-03-11,8.1015,8.1236,8.0755,8.093,238868,0,-0.3226918908266762,8.0711,8.01655,8.00948,8.020225721560063,8.133499686044434,7.885460313955566,0.423673310485769,53.20318423047759,334991.4,0.5956287536375433,-0.1049188421897146,3.0194251381145065,-0.0032321366389064
2013-03-12,8.081,8.1459,8.0755,8.1151,248841,0,0.2730754973433891,8.0922,8.03405,8.014165,8.029261367125772,8.146856732579618,7.8814732674203825,0.3253197338133563,59.1521781597969,328573.0,0.8717726456566077,0.4219774780349024,2.2040024684827575,0.0027270332359672
2013-03-13,8.1236,8.1356,8.093,8.1294,225343,0,0.1762147108476774,8.109440000000001,8.049809999999999,8.018175000000001,8.03879837978046,8.159866850600379,7.876483149399624,0.3191554469995146,66.5337809483845,316559.0,0.5263808229334016,0.0713969176227373,1.9769688150731437,0.0017605963487713
2013-03-14,8.1151,8.1294,8.093,8.1294,245638,0,0.0,8.11722,8.06597,8.022485,8.047427105515654,8.172388116432025,7.872581883567975,0.3152179280042885,69.44809461235225,308572.25,0.449771407389107,0.1762147108476842,2.02816335751399,0.0
2013-03-15,8.1516,8.1516,8.0625,8.1151,376727,0,-0.1759047408172898,8.116399999999999,8.0803,8.02717,8.053872143085592,8.182682302441865,7.871657697558135,0.3347739833891108,84.58255534809292,312423.4,1.1051162790697695,-0.4477648559791967,1.797586492385661,-0.0017605963487714
2013-03-18,8.0466,8.1459,8.0178,8.0466,413459,0,-0.8441054330815434,8.10712,8.08911,8.028055,8.053179558029822,8.183810023236497,7.872299976763504,0.458220761216009,64.82873851294903,320472.7,1.5976951283394432,0.0,1.1069925237167766,-0.0084768817867196
2013-03-19,8.0245,8.0878,7.9978,8.055,330334,0,0.1043919170830021,8.0951,8.09365,8.027845000000001,8.053352933455553,8.18343445269432,7.872255547305683,0.4188459515362601,62.38832638475282,318290.1,1.125309460101526,0.3800859866658355,0.5668198162205318,0.0010433746661253
2013-03-20,8.093,8.1294,8.055,8.1015,320269,0,0.5772811918063336,8.089519999999998,8.09948,8.03185,8.057938368364548,8.190827714427067,7.872872285572933,0.4366008539118174,67.67116045466554,320084.3,0.9236499068901388,0.1050290374397594,0.7248358862144366,0.0057562130899807
2013-03-21,8.1091,8.1516,8.1015,8.1516,451635,0,0.6184039992594093,8.09396,8.105590000000001,8.04084,8.0668585237584,8.205744277178676,7.875935722821322,0.4406621459798503,71.1828463713478,324829.7,0.6184039992594024,0.524102551454544,0.7552067239354754,0.0061649972842011
2013-03-22,8.1356,8.1698,8.1294,8.1516,385633,0,0.0,8.10126,8.108830000000001,8.050830000000001,8.074929140543315,8.217223574016328,7.884436425983675,0.4298895799248987,73.48576988567261,326981.5,0.4969616453858832,0.1966665027779145,0.3990540939994291,0.0
2013-03-25,8.1459,8.1838,8.1015,8.1091,307842,0,-0.5213700377839969,8.11376,8.11044,8.063495,8.078183508110618,8.203917707341384,7.923072292658616,0.4525426827459773,62.360248447204846,323305.85,1.0158612602604462,-0.45176100860555,0.1989373532682581,-0.0052273391399216
2013-03-26,8.1398,8.1768,8.1263,8.1698,302092,0,0.7485417617244972,8.13672,8.11591,8.07498,8.086908888290559,8.210393108283423,7.939566891716577,0.5040407249820659,64.73463687150834,317102.35,0.6214390312934489,0.3685594240644873,0.6740520757600121,0.0074575409049168
2013-03-27,8.1578,8.1838,8.1516,8.1838,237068,0,0.1713628240593401,8.153179999999999,8.121350000000001,8.085579999999998,8.096136613215267,8.220173228891346,7.950986771108651,0.5039276754443015,61.77138531415584,310663.45,0.3950144756857496,0.3187133786069749,0.6691760769552468,0.0017121616549359
2013-03-28,8.2183,8.2183,8.1356,8.1993,378825,0,0.1893985679024323,8.16272,8.12834,8.097155,8.105961697670955,8.228887064195026,7.965422935804975,0.5046525014190463,60.454189506656185,313606.15,1.0165199862333338,-0.2311913656108943,0.8598420547641705,0.0018921943496263
2013-04-01,8.162,8.2121,8.162,8.2045,189318,0,0.0634200480528868,8.173300000000001,8.13728,8.10879,8.115346297892769,8.234889340956698,7.982690659043304,0.496417446213295,65.3962993648162,309732.15,0.613820142122013,0.5207057093849381,1.1016500104742866,0.000633999460391
2013-04-02,8.2045,8.2045,8.1294,8.1698,333109,0,-0.4229386312389449,8.18544,8.149600000000001,8.119354999999999,8.120532364760125,8.226404137267483,8.012305862732514,0.4180940606653859,57.29917267147056,312043.4,0.9238074150613704,-0.4229386312389428,1.531081450550542,-0.0042383554649532
2013-04-03,8.1151,8.1356,8.0466,8.0466,484804,0,-1.5079928517222063,8.1608,8.14876,8.121205,8.113491187163923,8.221322183446658,8.021087816553342,0.6724163247814967,41.43920595533494,318206.8,1.106057216712654,-0.8441054330815422,-0.1042830540037287,-0.0151947868053023
2013-04-04,8.0391,8.093,8.0245,8.0755,275367,0,0.3591579052022009,8.139140000000001,8.146159999999998,8.12282,8.109872978862597,8.21858659345143,8.027053406548571,0.6546090152123825,44.741463414634104,315666.95,0.853635740544585,0.4527870035203,-0.3209282231685484,0.0035851447336184
2013-04-05,8.0119,8.1015,7.9544,8.0878,359637,0,0.152312550306477,8.11684,8.139779999999998,8.122685,8.107770790399492,8.218650833285258,8.026719166714743,0.6189161399239751,47.3261508325171,318395.25,1.8492909584632409,0.9473408305145964,-0.7826684331910361,0.0015219667239105
2013-04-08,8.1254,8.1391,8.0709,8.1192,306025,0,0.3882390761393628,8.09978,8.13654,8.122685,8.10885928655192,8.218650833285258,8.026719166714743,0.6362051742779952,57.66793409378957,320541.7,0.8450110892217616,-0.0763039358062561,-0.3974679817459248,0.0038748737321298
2013-04-09,8.1551,8.1551,8.1117,8.143,307504,0,0.2931323283082321,8.09442,8.13993,8.125185,8.112110783070785,8.220497610864001,8.029872389135999,0.6193592077827884,59.00163666121121,323973.5,0.5350296485323462,-0.1483734105038374,0.4180488586896347,0.0029270353325231
2013-04-10,8.0905,8.1551,8.0905,8.1192,368684,0,-0.2922755741127547,8.10894,8.13487,8.12539,8.112785946587852,8.220628888564365,8.030151111435634,0.5734600108700815,51.89873417721514,329965.65,0.7984673382361864,0.3547370372659147,-0.6193542069573454,-0.0029270353325231
2013-04-11,8.143,8.1968,8.1117,8.143,306130,0,0.2931323283082321,8.122440000000001,8.13079,8.12607,8.115663475484247,8.221623128788604,8.030516871211397,0.5801866518567363,49.022282855843635,334005.0,1.0491019145185208,0.0,-0.4985459077689991,0.0029270353325231
2013-04-12,8.097,8.1968,8.0905,8.1805,376523,0,0.460518236522156,8.140979999999999,8.128910000000001,8.128625,8.121838382580986,8.227236814709183,8.030013185290816,0.5985789139890689,53.02744605070186,340549.25,1.313886657190522,1.0312461405458913,-0.2292878660373309,0.0045946109559998
2013-04-15,8.1805,8.1805,8.0651,8.1321,385101,0,-0.5916508770857587,8.14356,8.12167,8.129475000000001,8.122815679478034,8.227888817494918,8.031061182505084,0.6235955505945451,52.379966887417176,340967.95,1.430856405996219,-0.5916508770857636,-0.8824425620086562,-0.0059340806526178
2013-04-16,8.1321,8.1661,8.1048,8.1551,318662,0,0.2828297733672658,8.145979999999998,8.1202,8.134899999999998,8.125890376670602,8.225749603887708,8.044050396112288,0.6212639781874385,48.35016835016822,336228.1,0.7563419208370475,0.282829773367269,-0.1799309652623204,0.0028243056251137
2013-04-17,8.1551,8.1736,8.1321,8.1551,335894,0,0.0,8.15316,8.131049999999998,8.139904999999999,8.128672245559116,8.222911492455177,8.05689850754482,0.3368667301189906,46.67439165701038,336506.1,0.5103232867279176,0.0,1.348395595655294,0.0
2013-04-18,8.1493,8.157,8.0905,8.1391,219566,0,-0.1961962452943555,8.152379999999999,8.13741,8.141785,8.129665365029677,8.22280856447502,8.06076143552498,0.34146802513835,43.03240740740747,331470.95,0.8219516717137328,-0.1251641245260464,0.7875673332920385,-0.0019638896223788
2013-04-19,8.1493,8.1551,8.097,8.1493,258395,0,0.1253209814353173,8.146139999999999,8.143559999999999,8.14167,8.131535330264946,8.222641420560628,8.060698579439372,0.3409304235124455,43.684210526315944,321808.95,0.7175497097690453,0.0,0.7604045599544973,0.0012524252023876
2013-04-22,8.1493,8.1602,8.1048,8.1391,215419,0,-0.1251641245260448,8.14754,8.14555,8.141045,8.132255775001617,8.221886559792667,8.060203440207333,0.3271137487438221,46.27878787878778,313298.25,0.6835455532524006,-0.1251641245260464,0.2450980392156854,-0.0012524252023875
2013-04-23,8.143,8.2225,8.143,8.188,443213,0,0.6008035286456881,8.15412,8.150049999999998,8.14499,8.137564748810988,8.226960441400516,8.063019558599484,0.3671573951253662,70.90479006504992,320066.8,0.9762986614269858,0.5526218838265986,0.5526218838266095,0.0059900590079318
2013-04-24,8.2156,8.2523,8.188,8.2523,262589,0,0.7852955544699558,8.173559999999998,8.16336,8.149115,8.148491915590894,8.243678334945564,8.054551665054436,0.4093733904078655,73.66167023554561,318091.65,0.7852955544699481,0.4467111349140626,1.6393240713370894,0.0078222815722149
2013-04-25,8.2628,8.3111,8.2563,8.3111,292811,0,0.7125286283823806,8.20796,8.18017,8.15548,8.163978399820332,8.273980625804366,8.036979374195635,0.4441379942066834,76.5770054748865,320878.8,0.6637355716240954,0.5845476109793211,2.0643497482500273,0.0071000213736646
2013-04-26,8.307,8.3175,8.2702,8.3175,188120,0,0.0770054505420558,8.2416,8.19387,8.161389999999999,8.178599504599347,8.299293946740303,8.023486053259695,0.4361498922138665,75.09491268033375,311343.55,0.5719329641362952,0.1263994221740748,1.674714259519594,0.000769758165572
2013-04-29,8.2773,8.3486,8.2773,8.3425,307130,0,0.3005710850616072,8.28228,8.21491,8.168289999999999,8.194209075589885,8.327447834935288,8.00913216506471,0.345540921547309,75.17032551097601,317234.15,0.8613919998066886,0.787696471071473,2.587277578977143,0.0030012027328971
2013-04-30,8.3558,8.3679,8.324,8.3679,330511,0,0.3044650884027611,8.318259999999999,8.236189999999999,8.178195,8.210751068390849,8.360694009082312,7.99569599091769,0.3457931330179685,81.25157074641845,317104.25,0.5273906775588745,0.1448095933363678,2.609410062414952,0.0030400253209629
2013-05-01,8.374,8.381,8.3486,8.3608,248159,0,-0.0848480502874227,8.33996,8.25676,8.193904999999999,8.225041442829815,8.382692950943081,8.005117049056917,0.3537883002275001,78.56768100734467,305272.0,0.3880890209136966,-0.1576307618820302,2.5223479785655645,-0.0008488406661982
2013-05-02,8.374,8.389,8.332,8.389,319298,0,0.3372882977705549,8.355540000000001,8.281749999999999,8.209579999999999,8.240656543512689,8.408747970369953,8.010412029630045,0.3173827526607348,78.03172895939714,307468.55,0.6841094575131853,0.1791258657750034,3.0703640451646974,0.0033672075660007
2013-05-03,8.4015,8.4334,8.3486,8.3679,344832,0,-0.2515198474192237,8.36562,8.303609999999999,8.223585,8.252774967940052,8.426061501821094,8.021108498178906,0.3603322567478099,84.2135809634357,306728.3,1.015739165848182,-0.3999285841813944,2.682438982489299,-0.0025183668998024
2013-05-06,8.3558,8.389,8.3486,8.381,405776,0,0.1565506279950668,8.37332,8.3278,8.236675,8.264986875755286,8.444516426143311,8.028833573856689,0.3366153230542239,83.74663878099774,311715.85,0.4839134705220036,0.3015869216592054,2.972073079333115,0.001564282152414
2013-05-07,8.3558,8.4449,8.3486,8.4449,321116,0,0.7624388497792678,8.388720000000001,8.35349,8.25177,8.282121459016688,8.474299119088576,8.029240880911425,0.3562993359381814,86.35223281485183,312396.45,1.1534868121601367,1.0663251872950548,3.1375183194919387,0.0075954697466567
2013-05-08,8.4562,8.5455,8.4316,8.5232,444303,0,0.9271868228161172,8.4212,8.38058,8.27197,8.305081320062717,8.516124774898001,8.027815225101998,0.3794073907998768,91.66847472336713,316177.4,1.3508705346553562,0.7923180624866771,3.2827211807617163,0.0092291483171716
2013-05-09,8.5455,8.5455,8.4807,8.5395,294779,0,0.1912427257368287,8.4513,8.40342,8.291794999999999,8.327406908628173,8.555466769441153,8.028123230558844,0.3551556161481085,91.77730192719469,315609.85,0.7640878701050616,-0.0702123924872766,2.7481320162192846,0.0019106008965117
2013-05-10,8.5455,8.6242,8.5323,8.6125,355430,0,0.8548509865917264,8.50022,8.43292,8.313395,8.354558631615966,8.607679942298084,8.019110057701916,0.3910595799905013,94.67723669309174,314555.2,1.0770835530865157,0.7840383827745616,3.5467388037270897,0.0085121782626678
2013-05-13,8.6196,8.65,8.5738,8.5988,333843,0,-0.1590711175616821,8.543780000000002,8.45855,8.33673,8.377819714319207,8.644203549397625,8.029256450602373,0.4231848057605165,91.52850788515973,311992.3,0.8887541113625235,-0.2413105016474022,3.0722205573868955,-0.0015919776999333
2013-05-14,8.6196,8.65,8.5909,8.6455,347596,0,0.5430990370749456,8.5839,8.48631,8.361250000000002,8.403313074860234,8.685494797061232,8.037005202938772,0.4298978558696275,91.21593291404612,313439.0,0.6879372359124285,0.3004779804167251,3.317439261941457,0.0054162957228634
2013-05-15,8.6455,8.7027,8.6386,8.6764,392107,0,0.3574113700768988,8.614540000000002,8.51787,8.387315000000001,8.429321353444974,8.725304032989646,8.049325967010356,0.4047520116807985,90.67022934758404,316249.65,0.742018382608291,0.3574113700769075,3.774758396325706,0.0035677417346368
2013-05-16,8.6682,8.7288,8.6682,8.7288,374612,0,0.6039371167765539,8.6524,8.55185,8.416799999999999,8.457843129307358,8.766307262179213,8.067292737820784,0.4109508397948321,91.53706321955158,324001.95,0.6991070810548798,0.6991070810548798,4.050542376922173,0.006021207261408
2013-05-17,8.7351,8.7351,8.6455,8.6764,366479,0,-0.600311612134552,8.665180000000001,8.582699999999999,8.443155,8.478658069373324,8.787181311570569,8.099128688429433,0.4810794791500058,81.95215311004777,329406.15,1.0363773061129953,-0.6720014653524284,3.686707537135936,-0.006021207261408
2013-05-20,8.6874,8.7091,8.6242,8.7091,310939,0,0.376884422110546,8.68724,8.61551,8.471655,8.500604919909199,8.803861115315247,8.139448884684754,0.4755500560226842,82.20083050207616,334182.15,0.9844391363836568,0.2497870479084555,3.914807302231238,0.0037617599218915
2013-05-21,8.6947,8.7498,8.6655,8.7351,441134,0,0.2985383105028161,8.70516,8.64453,8.49901,8.522937784679751,8.822865548696122,8.175154451303879,0.4569874011264954,84.10789137962465,334078.2,0.9728232646702524,0.4646508792712801,3.4363935629788234,0.0029809356981632
2013-05-22,8.7232,8.7232,8.494,8.5279,353635,0,-2.3720392439697147,8.67546,8.645,8.512789999999999,8.523410376615013,8.815188314531992,8.210391685468005,0.9307884638900064,59.54376803627882,338630.5,2.698375323757953,-2.2388573000733625,0.0551436080345579,-0.0240062504414601
2013-05-23,8.5279,8.5455,8.419,8.5323,426086,0,0.0515953517278511,8.63616,8.64428,8.52385,8.524257007413583,8.810983869384263,8.236716130615736,0.9288034805977908,61.56118143459913,345294.25,1.5025537474759478,0.0515953517278418,-0.0843140699104294,0.0005158204590284
2013-05-24,8.51,8.5232,8.4607,8.4687,235623,0,-0.7454027636158989,8.59462,8.6299,8.531410000000001,8.518965863850385,8.803221063637963,8.259598936362039,0.9017526763686268,55.75837163493107,347669.4,0.7387095630385193,-0.4853113983548728,-1.6696661828737414,-0.0074819477314621
2013-05-28,8.5232,8.5455,8.4607,8.5395,299352,0,0.8360196960572441,8.5607,8.62397,8.54126,8.520921495864634,8.798113006499005,8.284406993500994,0.9557127703061964,56.15564809994795,347280.5,1.0022811351306786,0.1912427257368253,-0.6896311113178677,0.0083254440736044
2013-05-29,8.4752,8.5232,8.3208,8.3916,497988,0,-1.7319515194098023,8.492,8.59858,8.542444999999999,8.508605162925145,8.796129557338022,8.288760442661976,1.0599642254673372,42.14797136038191,355654.35,2.4324584174598476,-0.9864074004153152,-2.936787924353712,-0.0174712525614248
2013-05-30,8.3337,8.5153,8.3337,8.4869,333746,0,1.1356594689928112,8.483799999999999,8.57963,8.54875,8.506538004551322,8.789356947443551,8.30814305255645,1.1386373305790518,47.13195201744819,359933.7,2.17910411941874,1.8383191139589856,-2.184085565441874,0.0112925926759157
2013-05-31,8.4324,8.4904,8.3444,8.3565,332609,0,-1.5364856425785556,8.448640000000001,8.5424,8.547125,8.49224867078453,8.79266319619294,8.301586803807059,1.168438370721459,36.86371100164197,360599.25,1.7496764297013447,-0.9000996157677408,-4.2651910915589735,-0.0154841190447571
2013-06-03,8.3575,8.4316,8.1127,8.3208,1051293,0,-0.427212349667927,8.41906,8.50684,8.54477,8.475920225947908,8.798318816850966,8.291221183149034,1.1668955229725977,36.049779205138414,395922.3,3.930873815129357,-0.4391265330541398,-4.098474021483556,-0.0042812750900565
2013-06-04,8.2948,8.3989,8.2233,8.3575,763456,0,0.4410633592923707,8.382660000000001,8.47168,8.543595,8.464642109190963,8.800534513464077,8.286655486535922,1.1718788840415169,35.40145985401453,413806.3,2.1353957656901645,0.7558952596807582,-4.037156537414877,0.0044009352553302
2013-06-05,8.3337,8.3645,8.2233,8.3337,576953,0,-0.2847741549506399,8.371080000000001,8.43154,8.538034999999999,8.452171432125157,8.808427317510374,8.267642682489624,1.1472255762274126,32.502808128254884,426598.15,1.7170722216141885,0.0,-4.595253631898877,-0.0028518040799971
2013-06-06,8.3268,8.339,8.2354,8.3337,371770,0,0.0,8.340440000000001,8.41212,8.52856,8.440888438589427,8.814003045476216,8.243116954523785,0.9341718535307282,28.68702125364112,422971.5,1.2579838259222398,0.0828649661334474,-2.277231205806829,0.0
2013-06-07,8.3679,8.374,8.2836,8.3231,426908,0,-0.1271944034462513,8.33376,8.391200000000001,8.51774,8.4296704920571,8.817484420254816,8.217995579745184,0.9299669664783642,30.041803186080628,429577.95,1.0913129557197438,-0.5353792468839302,-2.451859404849799,-0.0012727536418656
2013-06-10,8.3165,8.3311,8.1933,8.2441,475378,0,-0.9491655753265048,8.31842,8.368739999999999,8.49932,8.411997111861186,8.819150669672833,8.179489330327169,0.944295005444734,25.03757783981095,435575.35,1.6818620092026235,-0.8705585282270188,-2.6521189793002553,-0.0095369886016454
2013-06-11,8.1715,8.2311,8.0505,8.0869,409543,0,-1.9068182093860964,8.2643,8.32348,8.473724999999998,8.38103548216012,8.838770715234054,8.108679284765943,0.9865491510874058,19.4993412384716,439360.35,2.243338923048259,-1.03530563544025,-5.300076116868668,-0.0192523244762935
2013-06-12,8.1082,8.1578,8.067,8.1006,385339,0,0.1694097861974386,8.21768,8.29438,8.44648,8.354327341002014,8.8379272719755,8.055032728024498,0.9113798966412598,25.41709814750881,441247.5,1.125573323416385,-0.0937322710342622,-3.467753467753476,0.0016926644968036
2013-06-13,8.1082,8.1294,7.9461,8.1294,379591,0,0.3555292200577709,8.17682,8.25863,8.41913,8.332905689478013,8.819278173082514,8.018981826917484,0.7963462785914125,27.4538332400672,440621.7,2.3067920111752938,0.2614637034113654,-4.212374365198124,0.0035489870891849
2013-06-14,8.1516,8.2129,8.1082,8.1628,260597,0,0.410854429601204,8.144760000000002,8.23926,8.390830000000001,8.316705147622963,8.778632153030333,8.003027846969669,0.7301171824305354,32.283099733580485,434920.95,1.2912853654325172,0.1373963393689649,-2.3179560820917766,0.0041001272744902
2013-06-17,8.1628,8.2608,8.1391,8.2514,383836,0,1.0854118684765046,8.14622,8.23232,8.369580000000001,8.31048560975411,8.737565746863876,8.001594253136126,0.8343854002215314,33.65111792078085,435788.8,1.495251317713268,1.085411868476498,-0.834054417844432,0.0107956355465909
2013-06-18,8.2441,8.2685,8.1403,8.22,269828,0,-0.380541483869401,8.172839999999999,8.218570000000001,8.345125,8.301867932634671,8.681781494461916,8.008468505538083,0.8175961869683083,38.778446246403355,433733.25,1.5748805326584971,-0.2923302725585437,-1.6452288363745016,-0.0038126738512959
2013-06-19,8.22,8.22,8.1015,8.1356,317975,0,-1.0267639902676429,8.17984,8.19876,8.315150000000001,8.28603289143137,8.60973402071971,8.020565979280292,0.8623468299891415,26.69497147406129,427575.3,1.462692094056668,-1.0267639902676455,-2.3770954078020545,-0.0103207157388853
2013-06-20,8.093,8.1516,7.9243,8.0018,620890,0,-1.644623629480324,8.154320000000002,8.16557,8.288845,8.25896309224743,8.597079493613005,7.980610506386996,0.9630837310227884,26.57508915598993,440938.05,2.8683921608217826,-1.1268997899419326,-3.9826247645103785,-0.0165829769580712
2013-06-21,8.0306,8.0736,7.9577,8.0169,283458,0,0.1887075408033345,8.125139999999998,8.13495,8.263075,8.235909464414341,8.571787872048862,7.954362127951139,0.9781402456174464,29.36863543788188,433806.65,1.4564509845809817,-0.1705974646975325,-3.678917710949048,0.0018852971180622
2013-06-24,7.9461,7.9626,7.6312,7.8929,665140,0,-1.546732527535577,8.05344,8.09983,8.234285,8.20324189637488,8.568591158294941,7.899978841705059,1.0341191707582418,21.80140810876432,455282.5,4.342698396058292,-0.669510829211819,-4.260016254048349,-0.0155881922971336
2013-06-25,7.8795,7.8795,7.6838,7.748,516834,0,-1.8358271357802547,7.95904,8.065940000000001,8.19471,8.159885525291559,8.562593327614996,7.826826672385004,1.023035414401937,19.00730236003814,466156.6,2.546916890080434,-1.6688876197728275,-4.190728214767092,-0.0185288756473111
2013-06-26,7.7358,7.9708,7.7358,7.9518,360935,0,2.6303562209602394,7.922280000000001,8.051060000000001,8.172720000000002,8.140067856216172,8.54361495519583,7.801825044804173,1.4056691795376584,33.376860799164305,459303.95,3.037824142299432,2.7922128286667207,-1.836900970298494,0.0259635725878014
2013-06-27,7.9307,8.1151,7.9307,8.1006,468551,0,1.871274428431291,7.94204,8.04818,8.153405000000001,8.136309012767013,8.494442244300743,7.81236775569926,1.5442838604960607,41.355194653819254,466044.2,2.325141538577933,2.142307740804723,-0.3542696877998463,0.0185398148765673
2013-06-28,8.2278,8.2948,8.1532,8.2532,215380,0,1.8838110757227744,7.9893,8.05722,8.14824,8.147441487741583,8.479309503913145,7.817170496086853,1.656613715243622,50.33443586916575,460182.75,1.7367414021488543,0.3087094970708989,1.1074631253981335,0.0186628709198193
2013-07-01,8.1356,8.2269,8.0577,8.1466,203305,0,-1.2916202200358715,8.040040000000001,8.04674,8.13953,8.147361346051909,8.460496232688987,7.818563767311015,1.6735479275756404,52.27879990838993,417783.35,2.0998547972746566,0.1352082206598067,-1.2700875003029857,-0.013000341633192
2013-07-02,8.1091,8.1356,7.9834,7.9944,389623,0,-1.868264061080693,8.089319999999999,8.02418,8.121375,8.13279359880887,8.431316080139663,7.811433919860338,1.763467910123907,46.33388566694282,399091.7,1.9064558959841744,-1.4144602976902496,-2.744525547445265,-0.0188593657303032
2013-07-03,7.8985,8.0306,7.8985,7.9382,303593,0,-0.7029920944661261,8.0866,8.004439999999999,8.101600000000001,8.114260875112787,8.4048982412711,7.798301758728902,1.7508338771332146,43.52215747391243,385423.7,1.6724694562258584,0.5026270810913445,-2.4263729780225174,-0.0070547472586737
2013-07-05,7.9167,7.9577,7.8191,7.8853,272540,0,-0.6663979239626139,8.04354,7.992789999999999,8.079180000000001,8.092455077482999,8.376470859526734,7.781889140473269,1.6893613771235727,40.72092556677587,380462.2,1.7725825222851772,-0.3966299089266948,-1.455922417456068,-0.0066862826909927
2013-07-08,7.8763,7.9544,7.8763,7.8763,410660,0,-0.1141364310806247,7.96816,7.97873,8.05684,8.071868879627475,8.34392906668624,7.76975093331376,1.685648571358767,36.75213675213673,379649.8,0.9915823419625972,0.0,-1.7537951078346992,-0.001142016163099
2013-07-09,7.9127,7.9618,7.8548,7.9544,302993,0,0.9915823419625936,7.92972,7.984880000000001,8.042354999999999,8.060681367282001,8.31869459637838,7.766015403621617,1.6449277393579431,40.919037199124695,371030.55,1.3622243723583058,0.5270008972916909,0.7791812895133532,0.0098669842310496
2013-07-10,7.9127,8.0355,7.8893,8.0138,281007,0,0.7467565121190844,7.9336,8.01146,8.0387,8.056216475159905,8.314492034540596,7.762907965459406,1.5058690367741567,45.76318352581048,364603.75,1.8531428643859444,1.277692822930223,3.4305627258647275,0.007439820892383
2013-07-11,8.0855,8.1211,8.0651,8.1064,454032,0,1.1555067508547845,7.967239999999999,8.02692,8.03899,8.060995858478009,8.315068142256553,7.762911857743446,1.3180070070123453,53.74588167884261,368038.4,0.6943497290796263,0.2584874157442462,1.9442138886792917,0.011488817575861
2013-07-12,8.0717,8.145,8.0717,8.1398,208607,0,0.4120201322411754,8.018139999999999,8.03084,8.03951,8.068501014813437,8.316343295077397,7.762676704922604,1.1867202877985137,54.34429126899964,359489.2,0.908111054672494,0.84368844233556,0.4839147717452974,0.00411173653606
2013-07-15,8.1759,8.2121,8.1272,8.1838,289811,0,0.5405538219612316,8.07964,8.023900000000001,8.04056,8.079481870545491,8.319513430560198,7.761606569439801,1.0211388418599596,60.899213188460095,360949.9,1.0446402204941343,0.0966254479629074,-0.8408859593854512,0.0053909807350197
2013-07-16,8.157,8.255,8.1272,8.1509,344326,0,-0.40201373445099,8.118939999999998,8.024329999999999,8.035535,8.086283597160206,8.301830334860886,7.769239665139112,0.9392973018982448,66.47852760736197,358974.4,1.5724972930406609,-0.0747823954885373,0.0527827559963833,-0.0040282398193091
2013-07-17,8.1838,8.2504,8.1509,8.2504,191604,0,1.2207240918180815,8.16626,8.04993,8.037054999999999,8.101913730763995,8.308088557643092,7.766021442356905,0.7400352240955471,63.35181541763551,355063.2,1.2207240918180915,0.8138028788582456,3.202241569098385,0.0121333334159807
2013-07-18,8.2504,8.255,8.1917,8.255,233798,0,0.0557548724910317,8.19598,8.081610000000001,8.043025,8.116493375453139,8.328094608305056,7.757955391694944,0.6580614480703878,57.92607802874747,350854.35,0.7727333764664222,0.0557548724910299,3.990829155224107,0.0005573933523691
2013-07-19,8.2192,8.255,8.2192,8.2432,154970,0,-0.1429436705027376,8.216660000000001,8.1174,8.055094999999998,8.12856067302903,8.352969600779796,7.7572203992202,0.5805965754005805,49.39990398463756,327558.35,0.4355655051586535,0.2919992213353992,4.538825409305924,-0.0014304593243034
2013-07-22,8.238,8.3052,8.2192,8.3052,250202,0,0.752135093167694,8.24094,8.16029,8.06951,8.145383466073884,8.386868133411378,7.75215186658862,0.5515730545249268,60.05579507988839,325895.55,1.0463305431185337,0.8157319737800403,5.445450274875263,0.0074932066058928
2013-07-23,8.3052,8.374,8.2826,8.3425,249315,0,0.4491162163463791,8.279259999999999,8.199099999999998,8.09199,8.164156469304944,8.42018356227086,7.7637964377291375,0.5276168173765103,75.8349413685616,305104.3,1.103518218916767,0.4491162163463867,4.879060645680378,0.004481106989711
2013-07-24,8.3425,8.4095,8.2675,8.3231,273415,0,-0.2325442013784706,8.293800000000001,8.230030000000001,8.120745,8.179293948418758,8.421681443543946,7.819808556456054,0.5621037939845083,80.21667451719262,292933.35,1.717568793468394,-0.232544201378474,3.859592203449047,-0.002328150053138
2013-07-25,8.2765,8.3608,8.255,8.3231,136953,0,0.0,8.307419999999999,8.2517,8.13931,8.192989762855067,8.44216830558762,7.83645169441238,0.5005592515013719,87.48287671232875,281734.25,1.2816474863718783,0.5630399323385459,2.6731964867265257,0.0
2013-07-26,8.3231,8.3608,8.255,8.3104,170534,0,-0.1525873772993291,8.32086,8.26876,8.1498,8.204171690202203,8.461419707505012,7.838180292494989,0.5138351107154889,86.93210821847876,266833.4,1.2816474863718783,-0.1525873772993307,2.0958745915133026,-0.0015270391039616
2013-07-29,8.2826,8.3104,8.1398,8.1759,294348,0,-1.6184539853677182,8.294999999999998,8.26797,8.145935,8.201479148278183,8.454052675914207,7.837817324085793,0.7556445369656188,67.19453501009166,270781.8,2.095874591513309,-1.2882428223021758,-0.0965321733180091,-0.0163169400195069
2013-07-30,8.2192,8.2911,8.1759,8.2765,230987,0,1.2304455778568757,8.2818,8.28053,8.152429999999999,8.208623991299309,8.466034330663291,7.838825669336706,0.833199769409344,69.16678826791191,272165.9,1.4090191905478264,0.6971481409382869,1.5409341299733814,0.012229371251298
2013-07-31,8.2675,8.3373,8.2121,8.2826,332904,0,0.0737026520872374,8.2737,8.283750000000001,8.166839999999999,8.21566932546128,8.47632828665911,7.857351713340887,0.7446060917006995,64.7127588510354,269329.95,1.524579583784919,0.1826428787420663,0.3902841074371999,0.0007367550502053
2013-08-01,8.3104,8.3608,8.2807,8.3486,263011,0,0.7968512302899855,8.2788,8.29311,8.18736,8.228329389703061,8.487292725088796,7.887427274911205,0.7821217254415692,66.53468482736778,267300.85,0.9673095269723556,0.459664998074699,1.1338582677165254,0.0079369313665245
2013-08-02,8.3155,8.3608,8.2504,8.3425,168291,0,-0.073066142826339,8.28522,8.30304,8.21022,8.239202781159912,8.48154612809996,7.93889387190004,0.7798643207749634,63.36983993260319,262088.4,1.3381169397847197,0.3246948469725121,1.2046292701863193,-0.0007309284914211
2013-08-05,8.381,8.381,8.2259,8.255,240522,0,-1.0488462691039646,8.30104,8.29802,8.229155,8.240707278192302,8.450641304436353,8.007668695563648,0.8249693162270859,58.031168029625135,253581.5,1.885507968732916,-1.503400548860511,-0.6044405914366724,-0.0105438542713004
2013-08-06,8.2192,8.3231,8.2053,8.3231,268935,0,0.8249545729860586,8.31036,8.29608,8.24759,8.248554204078749,8.430867321077358,8.064312678922644,0.8584960186724283,55.89427598508187,251878.6,1.4356574409223404,1.2641132956978711,-0.2325442013784706,0.0082157042181624
2013-08-07,8.306,8.3425,8.238,8.3302,301979,0,0.0853047542382023,8.31988,8.29679,8.26341,8.256329994166487,8.413298687119994,8.113521312880007,0.8556297870958253,56.07235142118858,252927.2,1.2685117747025956,0.2913556465205928,0.0853047542382023,0.000852683904113
2013-08-08,8.3714,8.3714,8.2089,8.2397,297080,0,-1.0864084895920945,8.2981,8.288450000000001,8.270075,8.25474618519825,8.40125428069802,8.138895719301981,0.9235728674127768,49.74924774322963,245079.6,1.979558771577186,-1.5732135604558422,-1.00203049344596,-0.0109235300027558
2013-08-09,8.2148,8.2789,8.1862,8.2638,137877,0,0.2924863769312003,8.28236,8.28379,8.276275,8.255608453274608,8.39238476431231,8.16016523568769,0.9312782953716394,46.863636363636395,241543.1,1.1323935403483996,0.5964843940205421,-0.5607431651906025,0.0029205946775928
2013-08-12,8.2215,8.2466,8.1721,8.2397,175074,0,-0.2916333889978029,8.279300000000001,8.29017,8.27907,8.25409336248655,8.388293943780546,8.169846056219455,0.7625919349945643,42.053184910327715,235806.25,0.9116383793639388,0.2213707960834207,0.7803422253207515,-0.0029205946775928
2013-08-13,8.2638,8.32,8.2148,8.32,389189,0,0.9745500442977396,8.27868,8.29452,8.287524999999999,8.26037018510688,8.379845787989352,8.195204212010646,0.7229767668881338,49.78098064151477,238049.4,1.2806154745094216,0.6800745419782723,0.5255844861958625,0.0096983193415061
2013-08-14,8.32,8.32,8.1796,8.1796,455523,0,-1.6874999999999971,8.248560000000001,8.28422,8.283985,8.252677786525272,8.387098392362239,8.18087160763776,0.9085574821494468,41.53991274613844,251245.35,1.7164653528289844,-1.6874999999999956,-1.2435708593919736,-0.0170190051695947
2013-08-15,8.1862,8.2148,8.1476,8.1862,256935,0,0.0806885422269809,8.237860000000001,8.26798,8.280545,8.246346568760961,8.391984263137639,8.169105736862361,0.8547745029611694,42.62470308788596,252402.2,0.8247827581128149,0.0,-1.9452363270488493,0.0008065600652329
2013-08-16,8.1862,8.3128,8.1151,8.1236,362499,0,-0.7647015709364546,8.209819999999999,8.246089999999999,8.274565,8.234656419355154,8.405561782203257,8.143568217796744,0.8718085270901003,46.60433709907799,262778.65,2.4361991842367847,-0.7647015709364513,-2.6239136949355646,-0.007676404051938
2013-08-19,8.1585,8.1585,8.0364,8.0533,285099,0,-0.8653798808409996,8.17254,8.225919999999999,8.26197,8.217384379416568,8.425070073897906,8.098869926102093,0.8551845655748129,34.91484184914833,264523.5,1.5193370165745812,-1.2894527180241462,-2.443367655966089,-0.0086914603597266
2013-08-20,8.0214,8.0869,8.0077,8.05,178985,0,-0.0409769907987911,8.11854,8.198609999999999,8.247345,8.201443009948324,8.43117910685274,8.063510893147258,0.7750301336528076,34.21981004070551,261007.0,0.9890480412602888,0.3565462388111906,-3.281229349641357,-0.0004098538866187
2013-08-21,8.0289,8.0869,7.9501,8.0152,355246,0,-0.4322981366459699,8.08566,8.16711,8.231950000000001,8.183705580429436,8.439156233395947,8.024743766604056,0.7613490465611651,26.381411164635864,265098.55,1.7207330725399683,-0.1706335861699615,-3.7814218146022816,-0.0043323524675558
2013-08-22,8.0214,8.1524,8.0096,8.0796,169515,0,0.8034734005389677,8.064340000000001,8.1511,8.219775,8.17379076324568,8.432959425964762,8.006590574035238,0.8006459473279623,32.79675435152461,266726.65,1.782860567319209,0.7255591293290369,-1.9430319065014467,0.0080026273941821
2013-08-23,8.0796,8.1476,8.0736,8.1151,306637,0,0.4393781870389635,8.06264,8.13623,8.21001,8.168201166746092,8.423607239288856,7.996412760711145,0.8118148920672847,40.17694144080882,273531.8,0.9165675782798236,0.4393781870389717,-1.7994143130279028,0.0043841573924335
2013-08-26,8.093,8.1862,8.0289,8.05,315327,0,-0.8022082291037624,8.06198,8.11726,8.203714999999999,8.156943912770274,8.42866417578078,7.978765824219218,0.8354370902211853,30.74319560005644,274580.75,1.9591724893820988,-0.5313233658717319,-2.3022682864667243,-0.0080544323190599
2013-08-27,8.0077,8.067,7.9501,8.067,281558,0,0.2111801242235866,8.065380000000001,8.09196,8.19324,8.148377825839772,8.423369916626584,7.963110083373416,0.7429512588599514,31.696801112656487,277109.3,1.470421755701189,0.7405372329133253,-3.0408653846153877,0.0021095745243651
2013-08-28,8.0736,8.0736,7.9501,7.9877,282993,0,-0.9830172306929508,8.059880000000001,8.072770000000002,8.178495,8.133075175759794,8.421923203832867,7.935066796167133,0.620728639423934,32.19836111896021,274613.75,1.5534395793763704,-1.0639615537059122,-2.3460804929336443,-0.0098788074410271
2013-08-29,7.9626,7.9925,7.9501,7.9626,231058,0,-0.3142331334426651,8.036480000000001,8.050410000000001,8.159195,8.116839444735051,8.407005313493867,7.911384686506134,0.6108694800073698,28.752821670428872,273016.1,0.5333266248223264,0.0,-2.731426058488673,-0.0031472788246886
2013-08-30,8.1578,8.1942,8.1211,8.1862,167491,0,2.8081279983924734,8.0507,8.05667,8.15138,8.12344521190314,8.384258704366916,7.918501295633083,1.122840837125088,47.054937795882424,272976.1,0.9001243673886562,0.3481330750937696,0.7705943177901409,0.0276942300396339
2013-09-03,8.0399,8.0625,7.9844,8.0625,213938,0,-1.5110796218025355,8.0532,8.057590000000001,8.141755,8.117640906007603,8.372503926895455,7.911006073104546,1.1993585160936944,36.471577177681965,271646.9,0.9781574069435408,0.2810980236072665,0.1142388834390883,-0.0152261276068646
2013-09-04,8.0474,8.1192,7.9894,8.0036,949080,0,-0.730542635658904,8.04052,8.052950000000001,8.125779999999999,8.106779867340212,8.347738199953419,7.903821800046578,1.2227113454047265,39.88738221098592,305654.15,1.624652664780828,-0.5442751696199912,-0.5763975155279488,-0.00733224166169
2013-09-05,7.9844,8.0837,7.9844,8.0693,250570,0,0.8208806037283134,8.05684,8.05836,8.112735,8.103210356164954,8.313790041168321,7.91167995883168,1.2433491833078008,43.710319595394395,303083.7,1.2436751665748258,1.063323480787538,0.6749675616328998,0.0081752970433281
2013-09-06,8.0606,8.093,7.9877,8.0736,237714,0,0.0532883893274549,8.07904,8.05776,8.10443,8.100390322244483,8.296943481141716,7.911916518858286,1.2168067723118323,47.12973593570614,300115.4,1.318276850657883,0.1612783167506128,-0.0742611020347339,0.0005327419610727
2013-09-09,8.1192,8.1383,8.0625,8.097,284124,0,0.2898335315100864,8.061200000000001,8.05595,8.09609,8.100067434411674,8.273383772266428,7.918796227733573,1.2117038690891049,52.65137726004124,307427.75,0.94015503875968,-0.2734259532958885,-0.2230409976463732,0.0028941432393755
2013-09-10,8.1048,8.1561,8.0625,8.1263,357334,0,0.3618624181795926,8.07396,8.06358,8.09042,8.102565773991515,8.255186483562383,7.925653516437617,1.1833412135671102,54.48770732854959,316540.75,1.160930232558144,0.2652748988254048,0.9478260869565158,0.0036120927131892
2013-09-11,8.097,8.1391,8.0399,8.1391,321952,0,0.1575132594169304,8.10106,8.070789999999999,8.081375,8.106045224087561,8.208678613461089,7.95407138653891,1.1829057545017243,57.48098055790362,313178.9,1.2338461921168142,0.5199456588860021,0.8937647204660726,0.0015738933739448
2013-09-12,8.1759,8.1759,8.0524,8.0625,353697,0,-0.9411359978375832,8.0997,8.07827,8.075520000000001,8.101898059888745,8.194287346213372,7.95675265378663,1.1787306453870134,48.9825062477687,308087.6,1.5337042372460377,-1.3870032656955245,0.9364397761558284,-0.0094559266692203
2013-09-13,8.0524,8.133,8.0524,8.133,212710,0,0.8744186046511615,8.11158,8.095310000000001,8.07286,8.10486014942315,8.183279647375668,7.962440352624332,1.192234279549934,51.02250656917625,305876.35,1.0009438179921348,1.0009438179921348,2.140004521136296,0.0087061770627472
2013-09-16,8.2121,8.2121,8.1117,8.1391,292028,0,0.0750030738964735,8.12,8.0906,8.073635,8.108121087573325,8.185758564827937,7.961511435172062,0.7716664505996081,55.45755237045198,302352.8,1.2377183574343074,-0.8889321854336942,-0.57535853020938,0.0007497496064732
2013-09-17,8.1561,8.2608,8.1391,8.2441,392533,0,1.2900689265398002,8.143559999999999,8.10876,8.083175,8.121071460185389,8.218152672618524,7.948197327381478,0.6882827190562624,59.792104390136025,307724.5,1.495251317713268,1.078947045769414,2.252403100775191,0.0128181841974971
2013-09-18,8.2514,8.3249,8.2121,8.3249,287483,0,0.9800948557149968,8.180719999999999,8.140889999999999,8.09692,8.140483702072494,8.268655421966884,7.925184578033117,0.6348813686972887,68.61338043718266,313149.4,1.373582883793427,0.8907579319872898,4.014443500424791,0.0097532307937423
2013-09-19,8.2991,8.3249,8.238,8.3183,270066,0,-0.0792802315943586,8.23188,8.16579,8.112075,8.1574185875894,8.305563461508923,7.918586538491079,0.6317820499330954,70.04395356700117,308890.4,1.0548676863316335,0.2313503873914212,3.0857695215198433,-0.0007931167498999
2013-09-20,8.333,8.333,8.2608,8.307,254708,0,-0.1358450644963538,8.26668,8.18913,8.123445,8.171664436390408,8.334799065368081,7.91209093463192,0.6429261954126527,58.94814814814828,313150.05,0.8740073600619853,-0.3120124804992176,2.8909036860879755,-0.0013593741755161
2013-09-23,8.2991,8.3183,8.2441,8.307,249903,0,0.0,8.30026,8.210130000000001,8.13304,8.18455353768656,8.359670507539505,7.906409492460494,0.6492982801705534,72.17485942318177,310313.35,0.9000376026491813,0.0951910448121016,2.593553167839957,0.0
2013-09-24,8.2991,8.333,8.2773,8.3111,262871,0,0.0493559648489183,8.31366,8.22861,8.146094999999999,8.196605581716412,8.382456743053293,7.909733256946705,0.6512758381833343,80.96676737160139,307690.55,0.6729247459920489,0.1445939921196329,2.2740976828322657,0.0004934378879882
2013-09-25,8.2921,8.333,8.2449,8.307,243687,0,-0.0493316167534896,8.310080000000001,8.2454,8.158095,8.207119335838659,8.40180408002053,7.914385919979469,0.6569882657523789,77.32812140722037,305797.0,1.0685393394704696,0.179689101675098,2.0628816453907906,-0.0004934378879882
2013-09-26,8.2991,8.333,8.2441,8.2845,255965,0,-0.2708559046587289,8.30332,8.2676,8.172935,8.214488922901644,8.408981964774362,7.936888035225639,0.5528508297285167,73.27300816596787,304445.6,1.0783469390230669,-0.17592269041221,2.753488372093016,-0.0027122338297196
2013-09-27,8.2557,8.3183,8.2514,8.2845,199357,0,0.0,8.29882,8.28275,8.189029999999999,8.221156644530058,8.407968233058952,7.970091766941046,0.5150830371289468,71.81754712590195,302860.55,0.8107715054415057,0.3488498855336359,1.8627812615271244,0.0
2013-09-30,8.4359,8.5242,8.4147,8.5242,308206,0,2.893355060655445,8.34226,8.32126,8.205929999999999,8.250017916479576,8.471222284491585,7.940637715508412,0.9950645109522528,81.08108108108124,309896.3,1.3012941637848123,1.0467170070769007,4.731481367718815,0.0285228780967345
2013-10-01,8.3494,8.3989,8.3183,8.3989,307734,0,-1.469932662302631,8.35982,8.33674,8.22275,8.26419716252914,8.492374296110102,7.9531257038898975,1.1169432221246782,67.26016476215788,314586.1,0.9689479821598004,0.592856971758451,1.87770648099852,-0.0148084322306455
2013-10-02,8.2557,8.307,8.238,8.2845,581108,0,-1.3620831299336775,8.355319999999999,8.332699999999999,8.236795,8.266130766097794,8.48691206290881,7.98667793709119,1.177210344639022,64.04352226720644,296187.5,0.8375819373634479,0.3488498855336359,-0.4852911146079885,-0.0137144458660889
2013-10-03,8.238,8.2845,8.2053,8.2311,285825,0,-0.6445772225239899,8.344639999999998,8.32398,8.244885,8.262794502659908,8.482337260243973,8.007432739756027,1.1926464095108942,56.34294581663005,297950.25,0.9652297905012632,-0.0837581937363426,-1.0482911171753928,-0.00646663591843
2013-10-04,8.1391,8.2921,8.1391,8.2773,237366,0,0.5612858548675215,8.3432,8.32101,8.25507,8.26417597859706,8.478657723041696,8.031482276958304,1.2104938345843863,58.49520531104014,297932.85,1.8798147215294136,1.6979764347409567,-0.3575297941495137,0.0055971651539494
2013-10-07,8.2192,8.2921,8.2192,8.2514,162791,0,-0.3129039662691957,8.288640000000001,8.315449999999998,8.262789999999999,8.262959218730673,8.473700236831295,8.051879763168703,1.2136928625556085,50.49707204140003,291866.2,0.8869476348062932,0.391765621958336,-0.669315035512219,-0.0031339453433497
2013-10-08,8.2742,8.2807,8.1476,8.2018,261805,0,-0.6011101146472075,8.249220000000001,8.30452,8.266565,8.257134531232515,8.469750217811422,8.063379782188578,1.2245291239033669,41.2459109657233,287089.75,1.6336098973930837,-0.8750090643204179,-1.3151087100383707,-0.0060292405433318
2013-10-09,8.1643,8.2096,8.1364,8.1805,198747,0,-0.2596990904435658,8.22842,8.29187,8.268635,8.249836004448465,8.467142200188174,8.070127799811825,1.2248799470969471,40.40122596823628,280929.5,0.899660783638955,0.1984248496503012,-1.522812086192371,-0.0026003689350585
2013-10-10,8.2166,8.2532,8.1872,8.2346,327459,0,0.6613287696351167,8.22912,8.28688,8.27724,8.248384956405754,8.451571860180279,8.102908139819723,1.2495993877942535,45.240599526689465,279617.6,0.8061364080515798,0.2190687145534732,-0.6023296517593035,0.0065915158455679
2013-10-11,8.2018,8.3222,8.2018,8.3222,168675,0,1.063803949190012,8.2381,8.290650000000001,8.2867,8.255414960557587,8.448132064904028,8.125267935095971,1.2989604597457918,50.89601509078048,277415.85,1.4679704455119615,1.4679704455119615,0.455066690808148,0.010581853669858
2013-10-14,8.3043,8.3043,8.2346,8.2886,208004,0,-0.4037393958328361,8.24554,8.26709,8.294175000000001,8.258575440504483,8.4399121949786,8.148437805021402,0.8326159664816801,48.71824085678483,273214.65,0.8464284846865568,-0.1890586804426494,-2.7638957321508117,-0.0040455662372053
2013-10-15,8.2957,8.3147,8.2346,8.2654,347800,0,-0.2799025167097069,8.25826,8.25374,8.295240000000002,8.259225398551676,8.439742506262071,8.150737493737932,0.7206464887318387,47.680642283675255,270978.0,0.972724843951131,-0.3652494665911308,-1.5894938622914911,-0.0028029497631128
2013-10-16,8.2807,8.3486,8.259,8.3486,282368,0,1.0066058508965137,8.291879999999999,8.26015,8.296425,8.267737265356278,8.442333491510833,8.150516508489165,0.668187070767765,53.347258485639664,270722.25,1.084877103765577,0.8199789872836819,0.7737340817188798,0.0100157331787112
2013-10-17,8.3364,8.5367,8.3364,8.5251,329895,0,2.1141269194835166,8.34998,8.28955,8.306765,8.292248001989012,8.484942643763384,8.128587356236617,0.8739943945173073,60.6084656084656,273713.7,2.402715800585389,2.2635670073413077,3.57181907642965,0.0209208931712476
2013-10-18,8.4687,8.5108,8.4366,8.476,273125,0,-0.5759463232102746,8.38074,8.30942,8.315215,8.309748192275773,8.508802692899973,8.121627307100027,0.9170924450570056,47.44541021835916,274634.55,0.8795012208709596,0.0861997709211655,2.400541239293008,-0.005776112900008
2013-10-21,8.476,8.5038,8.4366,8.5038,207712,0,0.3279848985370259,8.423779999999999,8.334660000000001,8.325055,8.328229316820938,8.536103624729535,8.114006375270467,0.8962192955667176,56.20049651259018,272525.0,0.7965294075812497,0.3279848985370358,3.0588748575999247,0.0032744820127248
2013-10-22,8.4885,8.6106,8.4885,8.6106,313201,0,1.2559091229803032,8.49282,8.37554,8.340029999999999,8.35512176283799,8.586447882981041,8.093612117018957,0.8797688692277723,69.45007753787428,275041.5,1.438416681392468,1.438416681392468,4.984271745226643,0.0124808800040263
2013-10-23,8.589,8.597,8.5367,8.5367,329150,0,-0.8582444893503349,8.53044,8.41116,8.351515000000001,8.37241492828199,8.612435808918226,8.090594191081776,0.9537692361438688,67.79226828132278,279314.65,0.7063619431396184,-0.6089183839795166,4.354257074750922,-0.0086194861623864
2013-10-24,8.582,8.6583,8.5711,8.6583,419298,0,1.424438014689522,8.557080000000001,8.45353,8.370205,8.399642077969421,8.6625703552451,8.077839644754901,1.0034618914131517,70.39177906229929,287481.3,1.0173723326060955,0.889070146818921,5.14536225196125,0.0141438821937226
2013-10-25,8.6583,8.6828,8.6035,8.6828,319019,0,0.2829654782116497,8.59844,8.48959,8.39012,8.426609499115191,8.710795691889242,8.069444308110757,0.9855848985533476,73.1239279588336,293464.4,0.9217179055035732,0.2829654782116552,4.332988873134513,0.0028256588453297
2013-10-28,8.6455,8.6774,8.6233,8.6455,222164,0,-0.429584926521398,8.62678,8.525279999999999,8.396185,8.447456213485173,8.731779393498446,8.060590606501552,0.9880433190835848,74.10103204780009,289162.3,0.6273700323542035,0.0,4.305914147141854,-0.0043051029367631
2013-10-29,8.6583,8.6828,8.597,8.6233,289216,0,-0.2567809843270985,8.62932,8.561069999999999,8.407405,8.4642032407723,8.758048969831465,8.056761030168536,0.9862310879789415,74.02865205122639,288236.4,0.9980225660114082,-0.4042363974452276,4.330098966777185,-0.0025711123216022
2013-10-30,8.6187,8.6692,8.5367,8.589,336004,0,-0.3977595584057192,8.63978,8.58511,8.42263,8.476088646413032,8.777224879887353,8.068035120112647,0.9948175903112856,69.65394853593611,275981.2,1.5521220143615249,-0.3445995335723492,2.8795247107299637,-0.003985527257017
2013-10-31,8.7498,8.7535,8.671,8.7433,231845,0,1.7964838747234646,8.656780000000001,8.60693,8.44824,8.501537346754649,8.818241800280411,8.07823819971959,0.9332204858445242,71.74429412372196,273282.2,0.9514473532464692,-0.0742874122837189,2.5595007683194337,0.0178053779908004
2013-11-01,8.597,8.6583,8.5763,8.6455,173738,0,-1.118570791348794,8.64932,8.62388,8.46665,8.515248075635158,8.837479451507672,8.095820548492327,1.000388675629447,67.28329297820824,270100.8,0.956123269941592,0.5641502849831413,1.9997640396413272,-0.0112487384121812
2013-11-04,8.6455,8.6583,8.5763,8.6035,206428,0,-0.4858018622404647,8.64092,8.633849999999999,8.484255000000001,8.523653020812763,8.845361611900298,8.123148388099704,1.021930917599431,66.0800913155142,272282.65,0.956123269941592,-0.4858018622404698,1.1724170370893017,-0.0048698571516316
2013-11-05,8.582,8.589,8.5251,8.5711,187447,0,-0.3765909222990693,8.63048,8.6299,8.50272,8.528171780735356,8.839994691110043,8.165445308889957,0.9482823456232288,61.119440279860086,268564.75,0.7495513249111481,-0.1270100209741463,-0.4587369056744061,-0.0037730181123622
2013-11-06,8.589,8.6035,8.5647,8.5763,253901,0,0.0606689923113856,8.62794,8.63386,8.52251,8.532755420665323,8.824812719663594,8.220207280336407,0.9038742866835608,53.08731307284127,271322.45,0.4530222891636621,-0.1478635463965607,0.4638794850469141,0.0006065059611839
2013-11-07,8.636,8.6492,8.5621,8.5791,247463,0,0.0326481116565524,8.595099999999999,8.62594,8.539735,8.537169190125768,8.810587138921054,8.268882861078946,0.7652351545881547,56.58449354962317,267322.65,1.0172737996519696,-0.6588698471514456,-0.9147292193617652,0.0003264278332028
2013-11-08,8.6079,8.6618,8.5738,8.6492,230298,0,0.8171020270191454,8.595839999999999,8.622580000000001,8.556085,8.547838791066171,8.810634693422065,8.301535306577934,0.8113530587386525,58.809985458070784,270403.8,1.0263827007861064,0.4797918191428765,-0.3869719445340203,0.0081378182245032
2013-11-11,8.6809,8.6947,8.636,8.6864,204634,0,0.4300975812791874,8.61242,8.62667,8.575975000000001,8.561035096678918,8.80322416883689,8.348725831163113,0.8105392338680533,55.015881418740136,270235.3,0.679712830013895,0.0633574859749725,0.4730784801341814,0.0042917530514466
2013-11-12,8.6745,8.6809,8.5536,8.5738,137944,0,-1.2962792411125523,8.612960000000001,8.62172,8.591395,8.562250801757116,8.765565363967077,8.417224636032923,0.914292277734635,52.3353896512653,259742.5,1.4882622521511408,-1.1608738255807227,-0.5740261848712236,-0.0130475426007602
2013-11-13,8.5945,8.6555,8.5455,8.6269,237848,0,0.6193286524061481,8.623079999999998,8.62551,8.60531,8.568407868256438,8.737124381454027,8.473495618545972,0.9282433138841965,47.83686966106355,257516.5,1.2872271956000167,0.3769852812845319,0.4412620794038702,0.0061741869439589
2013-11-14,8.6492,8.7165,8.6269,8.7091,223786,0,0.9528335786899156,8.649080000000001,8.62209,8.61451,8.581807118898682,8.74842066778857,8.480599332211428,0.7778117497676932,51.67836630504142,252211.05,1.0386117840707647,0.6925495999629903,-0.3911566570974356,0.009483227506987
2013-11-15,8.7165,8.7553,8.6427,8.7297,323241,0,0.2365341998599168,8.66518,8.63051,8.627195,8.595892155194045,8.753721759808274,8.500668240191727,0.6802647676024832,55.49034950443396,254716.85,1.3028336052391092,0.1514369299604134,0.973917066682084,0.002362548980642
2013-11-18,8.7608,8.7755,8.6864,8.7091,360249,0,-0.2359760358316975,8.66972,8.641070000000001,8.63746,8.606673854699373,8.754814656356846,8.520105343643156,0.660705749053409,55.60637741766852,262343.7,1.025741388837705,-0.5901287553648102,1.2274074504561971,-0.002362548980642
2013-11-19,8.7452,8.7452,8.6809,8.7091,249278,0,0.0,8.69678,8.654869999999999,8.642385,8.616428725680386,8.7632095927398,8.521560407260202,0.6393889270382137,58.21589820768909,259147.55,0.7407066087617774,-0.4127978776929187,1.6100617190325517,0.0
2013-11-20,8.7232,8.7452,8.6492,8.6745,283878,0,-0.3972855978229606,8.7063,8.66469,8.649275,8.621959323234634,8.76001973018329,8.53853026981671,0.66337900466742,44.37172774869114,256883.95,1.1099292420108229,-0.5582813646368326,1.1450159159544393,-0.0039807687349899
2013-11-21,8.7027,8.7027,8.6161,8.6492,236664,0,-0.2916594616404366,8.694320000000001,8.6717,8.648819999999999,8.624553673402763,8.75948335103985,8.538156648960147,0.6757137662129815,50.343419342862475,247752.25,1.0050951126379764,-0.6147517437117177,0.8171020270191454,-0.0029208561666426
2013-11-22,8.6161,8.7232,8.6161,8.6809,248948,0,0.3665078851223136,8.684560000000001,8.67487,8.648725,8.629919990221548,8.759268725572145,8.538181274427856,0.6351633597979413,57.32399697199083,244248.7,1.2430217847982368,0.7520804076090107,0.3665078851223136,0.0036583788155128
2013-11-25,8.6555,8.7165,8.6269,8.6864,304599,0,0.0633574859749686,8.68002,8.67487,8.65077,8.635299038771878,8.762568655486694,8.538971344513305,0.6204519806953114,61.495513459621264,248370.45,1.0386117840707647,0.3569984402980858,0.0,0.0006333742359338
2013-11-26,8.6618,8.7517,8.6269,8.6947,258863,0,0.0955516669736367,8.67714,8.68696,8.654340000000001,8.640956273174556,8.767001867645023,8.54167813235498,0.420962392182916,61.73206500198175,246852.8,1.4466378420985575,0.3798286730240794,1.410109869602727,0.0009550604542744
2013-11-27,8.7297,8.7691,8.6947,8.7691,191520,0,0.8556936984599917,8.69606,8.701179999999999,8.663345000000001,8.653160437634122,8.782613868749744,8.544076131250259,0.4559878335391343,66.48733078792087,239628.6,0.8556936984599894,0.4513328063965606,1.648332541237307,0.0085205339177436
2013-11-29,8.83,8.843,8.7946,8.843,104877,0,0.8427318652997506,8.73482,8.71457,8.668330000000001,8.671240395954682,8.808221056860992,8.52843894313901,0.4357181564427603,66.70689655172416,233280.2,0.5503377072294261,0.147225368063419,1.5374722990894707,0.0083920070525303
2013-12-02,8.7608,8.7755,8.7452,8.7553,140457,0,-0.9917448829582676,8.7497,8.717130000000001,8.673820000000001,8.679246072530425,8.818475621537212,8.52916437846279,0.5639729078085666,55.463917525773155,231616.15,0.3464757809998475,-0.0627796548260389,0.2932517726840666,-0.0099669543092154
2013-12-03,8.8097,8.8097,8.7278,8.7535,266243,0,-0.0205589757061308,8.76312,8.72157,8.681320000000001,8.686317875146575,8.826178502285583,8.53646149771442,0.556721781768188,67.28882047335016,234606.9,0.9383808061596188,-0.6379331872821855,0.5098115763971123,-0.0002056108935324
2013-12-04,8.7735,8.8033,8.6838,8.7212,231403,0,-0.3689952590392509,8.76842,8.72278,8.688825,8.689639982275473,8.824928209677148,8.55272179032285,0.5725732316159757,59.450791741832106,236804.7,1.3761256592735944,-0.5961132957200738,0.1389351368109137,-0.003696777259094
2013-12-05,8.6838,8.7342,8.6392,8.671,256393,0,-0.5756088611658994,8.7488,8.72243,8.69356,8.687864745868286,8.819380965536878,8.567739034463122,0.5893828015366541,45.91989719426001,236929.3,1.0996388554495653,-0.1474009074368406,-0.0403481468672639,-0.0057727187367326
2013-12-06,8.636,8.6809,8.6161,8.636,247319,0,-0.4036443316803195,8.707399999999998,8.72111,8.696405,8.682925246261782,8.81360660722897,8.579203392771031,0.5965087745444768,40.26594639517969,236922.1,0.7520804076090107,0.0,-0.1526152707765016,-0.0040446117424625
2013-12-09,8.6601,8.7212,8.6252,8.7136,335636,0,0.8985641500694808,8.69906,8.72438,8.699625000000001,8.685846651379707,8.814888558399645,8.584361441600358,0.6550430884388799,50.41798253761845,242189.0,1.113017669155499,0.6177757762612401,0.376689052978385,0.0089455108447425
2013-12-10,8.671,8.7136,8.6518,8.6838,201856,0,-0.3419941241277979,8.68512,8.724120000000001,8.699494999999999,8.685651732200688,8.814827206211815,8.584162793788183,0.6658577358193812,47.77327935222675,242050.1,0.7143022261263535,0.1476184984430903,-0.0299318474857313,-0.0034258026078265
2013-12-11,8.6601,8.6918,8.5979,8.671,237137,0,-0.1474009074368454,8.67508,8.72175,8.704355,8.684256329133955,8.804588988878658,8.604121011121341,0.6663755097162154,49.67966318872408,247009.75,1.0921271473266894,0.1258645974064902,-0.2725798474933039,-0.0014750964944535
2013-12-12,8.6655,8.7075,8.6035,8.6474,259815,0,-0.2721716065044455,8.670359999999999,8.709579999999999,8.70538,8.680746202549768,8.802654578277979,8.608105421722021,0.5919932541114261,49.834741094381094,248108.1,1.2088103678735305,-0.2088742715365581,-1.387827713220291,-0.0027254266685492
2013-12-13,8.6474,8.671,8.5711,8.6323,226843,0,-0.1746189606124271,8.66962,8.68851,8.70154,8.676132278497409,8.804115330984242,8.598964669015757,0.4818877647359916,45.3977272727274,248260.95,1.1655446792127018,-0.1746189606124217,-2.382675562591874,-0.0017477159723365
2013-12-16,8.6655,8.6838,8.5979,8.6392,299913,0,0.0799323471148971,8.65474,8.6769,8.697014999999999,8.672614918640512,8.802308420098315,8.591721579901682,0.4098696352644699,45.542123158292384,247094.55,0.9990811709836184,-0.3035023945531026,-1.3260539330462673,0.0007990041822752
2013-12-17,8.6196,8.7433,8.6035,8.7342,410467,0,1.0996388554495695,8.66482,8.674969999999998,8.698269999999999,8.678480164484274,8.804761434793702,8.591778565206296,0.5669043022347461,53.20564843369585,249605.45,1.624920090660769,1.3295280523458093,-0.2204832352773356,0.01093636788012
2013-12-18,8.7433,8.8227,8.7212,8.7946,292565,0,0.691534427881213,8.68954,8.68231,8.702545,8.689539196438153,8.817402980499493,8.587687019500509,0.5930871785088384,52.11758844045848,251769.8,1.1638306655047437,0.586734985646166,0.8416272989955731,0.006891542952141
2013-12-19,8.8227,8.8227,8.7589,8.7946,233905,0,0.0,8.71898,8.694669999999999,8.708549999999999,8.699544987253567,8.82962421821346,8.587475781786537,0.5480240170423863,45.41840212040902,249271.15,0.7284019682836742,-0.3184966053475519,1.4254411255910648,0.0
2013-12-20,8.7663,8.9174,8.7433,8.8744,440889,0,0.9073749801014052,8.7674,8.71851,8.719809999999999,8.71619784561037,8.858281458583768,8.58133854141623,0.5594229986201212,61.445320007687855,259482.4,1.9912390058673617,1.233131423747765,2.760537285780451,0.0090328306736385
2013-12-23,8.9446,8.9777,8.8672,8.9645,303441,0,1.0152799062471685,8.832460000000001,8.7436,8.73399,8.739845669837955,8.908958206435825,8.559021793564176,0.5749028934426861,67.33486690765682,262207.05,1.2461656441717797,0.2224806028218121,2.8794069041498283,0.0101016056110319
2013-12-24,9.0059,9.0116,8.9062,9.0116,102615,0,0.5254057671928214,8.887939999999999,8.77638,8.75025,8.765727034615292,8.962967084163328,8.537532915836671,0.5336187756391764,73.2916265640039,252107.85,1.1834452403943263,0.0632918420146698,3.774845113890235,0.0052403032675058
2013-12-26,9.0457,9.0799,8.9174,8.9597,276685,0,-0.5759243641528689,8.92096,8.805250000000001,8.763499999999999,8.784200650366216,8.993924276864727,8.533075723135271,0.5938188468765049,73.09230523116312,252998.95,1.8222800367820176,-0.9507279701957868,3.329489101603045,-0.0057758920374081
2013-12-27,9.0107,9.0107,8.8256,8.9025,239845,0,-0.6384142326193998,8.94254,8.83076,8.77017,8.795467255093243,9.008851801833586,8.531488198166414,0.6442161118680081,70.58550903754067,255415.2,2.0973078317621496,-1.200794610851544,2.950019659088277,-0.0064046081136468
2013-12-30,8.8633,8.9072,8.8189,8.8319,219394,0,-0.7930356641392966,8.93404,8.850719999999999,8.769615,8.798937040322457,9.007634453208082,8.531595546791918,0.7193915217934463,59.23785725441199,261141.05,1.0012586603771476,-0.3542698543432065,2.3122458672659496,-0.007961969162924
2013-12-31,8.8782,8.8857,8.7755,8.8531,220998,0,0.2400389497163813,8.911759999999997,8.87211,8.774505,8.804095417434604,9.015288619612912,8.533721380387087,0.7174303625636147,63.40034826658225,265168.1,1.2557689020568714,-0.2827149647451074,2.47592369663856,0.0023975131642547
2014-01-02,8.8459,8.9692,8.8059,8.9399,272195,0,0.9804475268549996,8.89742,8.892679999999999,8.783824999999998,8.817029187202737,9.035374562972766,8.53227543702723,0.7025298558814245,69.05200510131792,265465.7,1.8544385014592644,1.0626391887767148,2.355109798264299,0.0097567232694095
2014-01-03,8.895,8.9626,8.7452,8.895,360759,0,-0.5022427543932229,8.88448,8.90272,8.792515,8.824454978897714,9.0469469929821,8.5380830070179,0.7176483947598166,67.02888583218711,271933.5,2.4859351415633673,0.0,1.1416096240874918,-0.0050350823227374
2014-01-06,8.9692,8.9692,8.8319,8.8633,327481,0,-0.3563799887577157,8.87664,8.90959,8.802130000000002,8.828154504716979,9.05171489411147,8.552545105888534,0.7327333070631709,65.53254437869823,275487.9,1.5545918771725398,-1.1807073094590388,0.7811611670798024,-0.0035701653503869
2014-01-07,8.8522,8.9025,8.8189,8.8782,296038,0,0.1681089436214478,8.885900000000001,8.909969999999998,8.81424,8.832920742362981,9.053160540854728,8.575319459145271,0.6750327019907283,65.89941458222455,277923.85,0.9479640317953552,0.2937122975079619,0.0428197962679233,0.001679677986995
2014-01-08,8.858,8.9692,8.8125,8.9692,238088,0,1.0249825415061808,8.909120000000001,8.91044,8.827020000000001,8.845899719280792,9.070573513843415,8.583466486156587,0.6766491001475567,65.71696094168013,273046.45,1.7781560283688027,1.2553623842853938,0.0524290256010084,0.0101976521628322
2014-01-09,8.9399,8.989,8.895,8.9748,244079,0,0.0624358917183265,8.9161,8.90676,8.84157,8.858175936492145,9.083863819892514,8.599276180107488,0.6526745899562548,63.00519630484987,275157.6,1.056773468240598,0.3903846799181241,-0.408362554929198,0.0006241640862466
2014-01-10,8.9626,9.0239,8.9268,9.0239,276508,0,0.5470874002763138,8.941880000000001,8.91318,8.859214999999999,8.873959180635751,9.100604872678597,8.617825127321403,0.6466106869759335,65.45356517050811,277126.15,1.087735806784058,0.6839533171177922,0.7165418484993857,0.0054559631305331
2014-01-13,8.9748,9.0107,8.9212,8.9268,173964,0,-1.0760314276532237,8.954580000000002,8.915610000000001,8.873185000000001,8.878991639622823,9.094462156763804,8.651907843236199,0.7116667158251059,53.45100105374082,272833.6,1.003228265255787,-0.5348308597406075,0.272957034540866,-0.0108186251308594
2014-01-14,8.8857,8.9072,8.8256,8.8709,259270,0,-0.626204238920991,8.95312,8.919509999999999,8.885115,8.878221007277793,9.075245229884674,8.694984770115328,0.691922583973909,43.54482758620698,274454.95,0.9245830311820148,-0.1665597533114921,0.441581086742393,-0.0062817312145273
2014-01-15,8.8782,8.9965,8.8459,8.989,248461,0,1.3313192573470634,8.957080000000001,8.9331,8.902605000000001,8.88877138753705,9.05881676551214,8.746393234487861,0.8030239690586879,48.58040201005032,271882.35,1.7024836364869484,1.248000720866855,1.5350555172764402,0.0132253508026307
2014-01-16,9.0153,9.0239,8.9212,9.0107,229140,0,0.2414061630882091,8.96426,8.940180000000002,8.91643,8.900383636343046,9.058157479043404,8.774702520956597,0.7509721400802358,53.329851136066885,262816.0,1.1511904228130596,-0.0510243696826499,0.7919551672837422,0.0024111524650995
2014-01-17,8.9814,9.0239,8.9748,9.0107,208584,0,0.0,8.96162,8.95175,8.927235,8.910889956691326,9.062664955095064,8.791805044904935,0.7239050212800979,57.634772791419735,258616.95,0.547087400276321,0.3262297637339302,1.300730747611012,0.0
2014-01-21,9.0107,9.0771,8.9814,9.0676,260293,0,0.6314714728045567,8.98978,8.97218,8.940885,8.925814722720723,9.075052911687276,8.806717088312723,0.7172761082639336,66.95927471578662,259936.35,1.0655354399091344,0.6314714728045614,2.3050105491182693,0.0062948604558713
2014-01-22,9.0723,9.1109,9.0362,9.1046,179954,0,0.4080462305350751,9.03652,8.99482,8.952395,8.942841891985417,9.101241533118047,8.803548466881951,0.7189698275057231,67.69382299141702,246889.6,0.8266749297271173,0.3560287909350366,2.5500664549120255,0.004072159796757
2014-01-23,9.1046,9.174,9.1046,9.174,275192,0,0.7622520484150908,9.07352,9.0153,8.962869999999999,8.964856949891567,9.141758593382344,8.783981406617652,0.691977761829702,66.8830232222704,245477.15,0.7622520484150859,0.7622520484150859,2.283369754270148,0.0075936158659898
2014-01-24,9.154,9.1713,8.9212,8.9626,223325,0,-2.3043383475038093,9.0639,9.014080000000002,8.960420000000001,8.964642002282847,9.137834632993476,8.783005367006526,1.0612103626434133,53.93114677832059,251512.65,2.803434515536024,-2.090889228752456,-0.1359361768507372,-0.0233130327103712
2014-01-27,8.989,9.0032,8.858,8.8782,193533,0,-0.9416910271572988,9.0374,8.99951,8.956345,8.956409430636862,9.137533049740126,8.775156950259875,1.0788899370065816,50.81643835616434,247355.05,1.6391962068186847,-1.232617643786863,-1.614601225634149,-0.0094615297102024
2014-01-28,8.9025,8.956,8.8059,8.9399,313836,0,0.6949606902300065,9.01186,9.00082,8.958215,8.954837103909542,9.137828318871398,8.7786016811286,1.056458638395378,53.21588658396749,251054.6,1.70453900225985,0.4201067115978644,0.1467491150244138,0.0069255696861295
2014-01-29,8.9212,8.956,8.8459,8.9072,172359,0,-0.3657759035335939,8.97238,9.00445,8.96198,8.950300236870538,9.133415445577072,8.790544554422928,1.04187593686392,46.559378468368394,248702.85,1.2446444115352784,-0.1569295610456118,0.4092031248238426,-0.0036644649934296
2014-01-30,8.9692,9.0032,8.9025,8.9399,167538,0,0.3671187354050698,8.925559999999999,8.99954,8.96632,8.949309738120963,9.13038609194628,8.80225390805372,0.950274786752116,48.119814675142734,246029.85,1.131142937377139,-0.3266735048833897,-0.5462231616420232,0.0036644649934297
2014-01-31,8.9268,8.9965,8.8941,8.9692,313370,0,0.3277441582120621,8.92688,8.99539,8.967785000000001,8.951204048776109,9.13138035799681,8.804189642003193,0.9536095349871976,46.988880325883585,248088.6,1.1513250356978153,0.4749742348882092,-0.4605635522212381,0.0032720824767026
2014-02-03,8.9965,9.0239,8.857,8.9025,178963,0,-0.7436560674307757,8.93174,8.98457,8.968160000000001,8.946565567940288,9.131085884345255,8.805234115654747,0.9786364429249524,48.616015491513835,238998.8,1.884385232019872,-1.0448507753014995,-1.200794610851541,-0.0074643497474429
2014-02-04,8.9212,8.9333,8.8189,8.882,299556,0,-0.2302723953945595,8.92016,8.96601,8.969095,8.940416466231689,9.129684997395128,8.808505002604871,0.9427490103273014,50.65875370919875,237602.55,1.2972139382462646,-0.4394027709276891,-2.046848118576039,-0.0023053792998852
2014-02-05,8.858,8.9025,8.8522,8.8857,160754,0,0.0416572843954021,8.915859999999999,8.94412,8.96947,8.935205374209623,9.129199021850326,8.809740978149673,0.923300747023774,42.9061942040928,230838.35,0.5682203294096384,0.3127116730638901,-2.404279155591671,0.0004164861015757
2014-02-06,8.9025,8.9814,8.895,8.9692,181782,0,0.9397121217236792,8.921719999999999,8.92364,8.96947,8.93844295761823,9.129199021850326,8.809740978149673,0.9461111534451958,47.373085200658366,228023.05,0.9713322091062524,0.7492277450154549,-2.2323959014606376,0.0093532429457523
2014-02-07,9.041,9.1225,8.9719,9.0266,233667,0,0.6399678901128247,8.9332,8.93004,8.97206,8.946838866416494,9.133819879223884,8.810300120776118,0.6318301301184461,50.93827451906055,227502.45,1.678574215049217,-0.1592744165468442,0.7140785040055331,0.0063792879070805
2014-02-10,8.9852,9.108,8.9719,9.0753,242569,0,0.5395165400039925,8.96776,8.94975,8.974630000000001,8.959073260091113,9.141413024505995,8.807846975494007,0.5334995062319029,50.45882493147418,225805.5,1.5169585037728996,1.0027600943774164,2.2200446036358734,0.0053806636314362
2014-02-11,9.1225,9.1685,9.0799,9.1607,256705,0,0.9410157239980954,9.023500000000002,8.97183,8.986324999999999,8.978275806749103,9.170845783311512,8.801804216688486,0.5626600732582393,53.16056338028172,229942.55,0.975781671604308,0.4187448616059171,2.469826284410348,0.0093661575244578
2014-02-12,9.1607,9.2202,9.108,9.197,368903,0,0.3962579278875999,9.08576,9.00081,9.00263,8.999106682296807,9.201294796765543,8.803965203234457,0.520679928837859,51.34597378277152,235424.2,1.2318840579710104,0.3962579278875947,3.2535476917549877,0.0039547489403471
2014-02-13,9.2106,9.257,9.174,9.2348,256636,0,0.4110035881265794,9.13888,9.0303,9.01492,9.021553664935206,9.238840959739674,8.790999040260326,0.5212879219934732,69.99118683901281,235832.95,0.9047307608458708,0.2627407552168202,3.298694616270881,0.0041016127554717
2014-02-14,9.2715,9.2989,9.2425,9.2989,314211,0,0.694113570407584,9.19334,9.06327,9.02933,9.047967601608043,9.286702023180457,8.771957976819545,0.5341177420298107,81.8470855412565,240086.5,0.6102245063565054,0.295529310251848,3.6759131249163746,0.0069171569177056
2014-02-18,9.2812,9.3387,9.2202,9.2812,418004,0,-0.1903450945810791,9.23452,9.10114,9.042855,9.070180210978704,9.323483846287465,8.762226153712536,0.4240675224805628,77.68045417680449,250557.5,1.2852215787076111,0.0,4.253861274922777,-0.0019052648106629
2014-02-19,9.2949,9.3595,9.2715,9.3163,423831,0,0.3781838555359185,9.26564,9.14457,9.05529,9.093620190885495,9.361417554426517,8.749162445573484,0.3593954795400081,83.05057359831954,258734.4,0.9491452300059426,0.2302337841181708,4.889664489979739,0.0037747053826118
2014-02-20,9.3163,9.3458,9.257,9.3163,343124,0,0.0,9.2895,9.18763,9.065875000000002,9.114827791753545,9.39309479656398,8.738655203436025,0.3652234991467853,82.10508358921864,266892.9,0.9592740628713502,0.0,4.845988498373788,0.0
2014-02-21,9.3387,9.4343,9.3233,9.4048,310384,0,0.949947940706064,9.3235,9.23119,9.077415,9.14244419253892,9.435512747755528,8.719317252244473,0.3666822310160177,83.74651378989765,268652.5,1.190565572275918,0.7078072965187927,4.856620434375403,0.0094546430767743
2014-02-24,9.4116,9.52,9.4096,9.468,446632,0,0.6719972779857031,9.35732,9.27533,9.102685,9.173449507535212,9.496242107606482,8.709127892393516,0.3684097610396843,94.04891727683444,279817.85,1.1732698520659783,0.5992604870585236,4.8899918020073985,0.0066974944092762
2014-02-25,9.474,9.544,9.4116,9.51,417242,0,0.4435994930291453,9.40308,9.3188,9.134275,9.205501935389002,9.552609446283808,8.71594055371619,0.3679123008469879,97.33192643955388,291003.3,1.4067746185558303,0.3799873337555371,4.789924300023141,0.0044261849055613
2014-02-26,9.516,9.544,9.4343,9.4819,253417,0,-0.2954784437434354,9.4362,9.35092,9.161375,9.23182556059005,9.596573906127936,8.726176093872066,0.3983856016008585,93.34108752544346,287982.35,1.1627783725342646,-0.3583438419504042,3.5062822710054897,-0.0029591584312343
2014-02-27,9.4561,9.561,9.4561,9.52,211013,0,0.4018182009934756,9.47694,9.38322,9.192015,9.25927074529576,9.6380198820835,8.746010117916498,0.3984675240077555,92.87048567870488,289915.05,1.1093368301942732,0.6757542750182453,3.512014787430684,0.0040101306772093
2014-02-28,9.567,9.577,9.4432,9.503,221863,0,-0.1785714285714279,9.49658,9.41004,9.22017,9.282483055267592,9.670238369543307,8.770101630456692,0.4302128556881214,89.56810631229244,292631.3,1.4168925787868607,-0.668966238110171,2.9042318187724625,-0.0017873105740957
2014-03-03,9.503,9.51,9.3387,9.3664,353256,0,-1.4374408081658352,9.47626,9.41679,9.24003,9.290475145242109,9.678370454561836,8.801689545438165,0.6684638135985818,71.09726047253233,294625.6,1.8343024189662425,-1.4374408081658383,0.7258923098431014,-0.0144787207137484
2014-03-04,9.4254,9.503,9.389,9.4343,273796,0,0.724931670652551,9.46112,9.4321,9.26662,9.304172750457145,9.682704493443849,8.85053550655615,0.6904890431812595,70.34503271861993,299367.25,1.2141868143572347,0.0944257007660213,1.649571176141018,0.0072231667138356
2014-03-05,9.4561,9.593,9.4561,9.553,353577,0,1.258174957336533,9.47534,9.45577,9.30017,9.32787058374694,9.693246626251774,8.907093373748225,0.7718333107647559,73.58240593534724,302068.3,1.447742726917024,1.0247353560135948,2.5407082210749055,0.0125032570586061
2014-03-06,9.572,9.625,9.552,9.572,327074,0,0.1988904009211589,9.48574,9.48134,9.334485,9.35112100434247,9.693569990819435,8.975400009180566,0.7671118913161284,72.90760869565221,310384.3,0.7642378559464029,0.0,2.744651846763202,0.0019869287582553
2014-03-07,9.645,9.675,9.4581,9.548,231105,0,-0.2507312996238964,9.49474,9.49566,9.363425,9.369871384881282,9.690414360039684,9.036435639960317,0.7431097176243405,67.89768644920258,312850.45,2.293272433152544,-1.0057024364955889,1.5226267437904006,-0.0025104615695431
2014-03-10,9.4988,9.609,9.4988,9.59,198057,0,0.4398826979472137,9.53946,9.50786,9.391595,9.390836014892589,9.692433781619874,9.090756218380124,0.7286058257293052,71.43848930852549,311069.95,1.160146544826723,0.9601212784772878,1.2885509083227609,0.0043891804187631
2014-03-11,9.531,9.596,9.3732,9.384,449536,0,-2.1480709071949877,9.5294,9.495259999999998,9.40703,9.3901849658552,9.668662221579522,9.14539777842048,1.0110509212006198,53.79867579396256,321418.3,2.376989715358676,-1.5423355366698168,-1.324921135646684,-0.0217147775441724
2014-03-12,9.4156,9.471,9.3096,9.4294,247211,0,0.4838022165387867,9.50468,9.49001,9.420465,9.393919731011849,9.65503345280823,9.18589654719177,1.0266757921948548,56.03844100373731,320943.6,1.733694251095648,0.1465652746505779,-0.5536864974319489,0.0048263565467021
2014-03-13,9.4532,9.4938,9.3183,9.4076,404475,0,-0.2311918043565786,9.4718,9.47877,9.430995,9.395222613772624,9.640941103109204,9.221048896890794,1.0151225023025647,50.16095654173376,322722.2,1.8833907472392983,-0.4823763381712044,-1.1806722689075566,-0.0023145946522816
2014-03-14,9.4462,9.4581,9.3604,9.393,253898,0,-0.1551936732003933,9.4408,9.46777,9.438905,9.39501093627047,9.62867897608791,9.24913102391209,1.014984267300669,45.43351193375549,322585.3,1.0437588137259055,-0.5631894306705192,-1.157529201304841,-0.0015531422332165
2014-03-17,9.4462,9.513,9.3998,9.477,421400,0,0.8942829766847682,9.4182,9.47883,9.44781,9.402819418530424,9.626301408020264,9.269318591979737,0.9417732752245536,48.088507877664526,327944.75,1.2042809421476954,0.3260570388092678,1.1808165357020783,0.0089030794756795
2014-03-18,9.513,9.59,9.513,9.565,372060,0,0.9285638915268456,9.4544,9.4919,9.462,9.418265188194194,9.62950717188166,9.294492828118338,0.9583270681223824,54.50113747156324,325647.55,0.8094186902133917,0.5466204141700789,1.385370403739539,0.0092427924041582
2014-03-19,9.602,9.629,9.513,9.54,324367,0,-0.261369576581294,9.47652,9.4906,9.473185,9.429858979794748,9.62920930681148,9.31716069318852,0.8788244968278459,51.09890109890109,320674.35,1.2193840008409509,-0.6456988127473564,-0.1360829058934531,-0.0026171174320211
2014-03-20,9.525,9.573,9.4898,9.57,230639,0,0.3144654088050425,9.509,9.4904,9.48587,9.44320574362382,9.628900421498006,9.342839578501994,0.8826302577464573,53.629469122426904,315050.1,0.8767308057071772,0.472440944881889,-0.0208942749686524,0.0031397200046678
2014-03-21,9.548,9.602,9.4462,9.4581,231867,0,-1.1692789968652084,9.52202,9.48141,9.488535,9.444624244231074,9.627122510260532,9.349947489739469,0.9564954841436448,55.10408549482355,311124.25,1.6493404755351473,-0.9415584415584426,-0.9415584415584431,-0.0117616882392297
2014-03-24,9.513,9.525,9.3732,9.3998,209914,0,-0.6164028716126868,9.50658,9.46239,9.485125,9.44035526859002,9.629091748720166,9.341158251279834,0.94972715935567,48.05896252953754,299288.35,1.6195109461016484,-1.1899505939240942,-1.9833159541188583,-0.0061831047717695
2014-03-25,9.471,9.471,9.3016,9.3684,307071,0,-0.3340496606310972,9.46726,9.46083,9.478045,9.43350238586716,9.630535862194575,9.325554137805424,0.66644891217139,38.48265535313187,293779.8,1.8211920529801275,-1.0833069369654806,-0.1662404092071745,-0.0033460885217552
2014-03-26,9.4076,9.4204,9.3407,9.3604,255573,0,-0.0853934503223463,9.43134,9.45393,9.47197,9.426540253879812,9.633242128306891,9.310697871693106,0.6430442862649705,36.61437246963563,293887.6,0.8532551093601204,-0.5017220119903071,-0.7317538761745124,-0.0008542993129885
2014-03-27,9.384,9.384,9.326,9.3407,218296,0,-0.2104610914063553,9.38548,9.44724,9.463005,9.418364991605545,9.632747113684578,9.29326288631542,0.6425056573189839,36.814654624093585,294251.75,0.6219172206733844,-0.4614236999147521,-0.7111271737743952,-0.0021068287199053
2014-03-28,9.3556,9.3684,9.2765,9.3477,244242,0,0.0749408502574766,9.3634,9.44271,9.45524,9.411634992405016,9.631367088087291,9.279112911912708,0.6432156835870616,33.87032352549588,295370.7,0.9906753624750604,-0.0844414040788525,-0.4822740338550124,0.0007491278362366
2014-03-31,9.393,9.393,9.333,9.3477,191776,0,0.0,9.35298,9.42978,9.454305,9.4055459455093,9.63260302933115,9.276006970668847,0.5538457851230132,46.67033571821677,287296.7,0.6428801028608218,-0.482274033855009,-1.364355808800255,0.0
2014-04-01,9.4294,9.6,9.4294,9.596,414389,0,2.656268386875915,9.3985,9.43288,9.46239,9.423684426889368,9.651222043445472,9.273557956554528,1.0069384850364795,61.1363636363637,294326.35,1.8092349460198984,1.7668144314590617,0.3240982749608045,0.0262160212419969
2014-04-02,9.685,9.832,9.57,9.789,648014,0,2.011254689453934,9.48422,9.45778,9.474189999999998,9.458476386233238,9.71041132262641,9.237968677373589,1.1746433657347657,70.74630113141859,309048.2,2.7377220480668805,1.0738255033556965,2.610062893081766,0.019912961301845
2014-04-03,9.818,9.881,9.714,9.74,452187,0,-0.500561855143522,9.56408,9.47478,9.482589999999998,9.48528815897293,9.74405526306507,9.221124736934929,1.1987902892400382,68.19421140939596,315303.85,1.7191682108297284,-0.7944591566510429,1.7763845350052154,-0.0050181886248494
2014-04-04,9.808,9.832,9.668,9.698,474715,0,-0.4312114989733051,9.63414,9.49877,9.49009,9.505546429546936,9.767570164488246,9.212609835511754,1.1268712902542115,62.12154453707767,327484.35,1.6963177492759771,-1.1215334420880856,2.536450238419974,-0.0043214389712831
2014-04-07,9.691,9.706,9.557,9.635,370422,0,-0.6496184780367176,9.6916,9.52229,9.49234,9.517875341018655,9.773930612882197,9.210749387117804,1.129775149360721,53.947665237987835,336102.6,1.559066652715278,-0.5778557424414501,2.5021808974659,-0.0065173768168309
2014-04-08,9.675,9.675,9.4978,9.602,422278,0,-0.3425012973533925,9.6928,9.54565,9.50324,9.525887213302592,9.78404883476918,9.22243116523082,1.1302662574821047,53.46523585960212,334739.7,1.8656952136284288,-0.7545219638242935,2.493488749412931,-0.003430891757581
2014-04-09,9.615,9.68,9.569,9.621,541031,0,0.1978754426161133,9.6592,9.57171,9.51282,9.53494557394044,9.796084485670756,9.229555514329244,1.1243977859733072,52.8859212313264,349430.7,1.1599958198348717,0.0624024960998463,2.7840690568779136,0.0019767992703788
2014-04-10,9.589,9.653,9.518,9.539,274676,0,-0.8523022554828064,9.619,9.591539999999998,9.51939,9.535331709755637,9.798442908773495,9.240337091226502,1.1728200601030858,54.73819843036194,342940.75,1.4183652027736895,-0.5214308061320336,2.1229672294367674,-0.0085595512160566
2014-04-11,9.564,9.602,9.505,9.539,263641,0,0.0,9.5872,9.61067,9.52669,9.53568107073129,9.799387757503764,9.253992242496237,1.174063260378348,58.7503143072667,343427.9,1.020515518148338,-0.2613969050606478,2.046492720134374,0.0
2014-04-14,9.518,9.602,9.4978,9.569,348639,0,0.3144983750917429,9.574000000000002,9.6328,9.53129,9.538854302090217,9.803561983985446,9.259018016014554,1.1720555998046422,62.6322418136021,339789.85,1.0970961696392902,0.5358268543811742,2.3674272815773056,0.0031400486340549
2014-04-15,9.596,9.621,9.505,9.589,478474,0,0.2090082558261041,9.5714,9.6321,9.53249,9.543630082843528,9.805597820621127,9.25938217937887,0.8116471611819693,64.18114143920594,345110.55,1.220410310362963,-0.072947061275528,-0.07294706127553,0.0020879013744183
2014-04-16,9.609,9.776,9.602,9.714,555977,0,1.3035770153300597,9.59,9.6246,9.54119,9.559855789239382,9.826134359481308,9.256245640518692,0.6259980276355629,70.48172939756392,356691.05,1.812122474484477,1.0927255697783371,-0.7661661048115165,0.0129515357520088
2014-04-17,9.675,9.72,9.629,9.645,272925,0,-0.7103150092649835,9.6112,9.615100000000002,9.54494,9.567964761692776,9.833432768494978,9.256447231505025,0.6450609395766811,65.27278331449705,358805.35,0.9450617925018288,-0.3100775193798567,-0.9753593429158158,-0.0071284975658607
2014-04-21,9.635,9.68,9.539,9.581,537814,0,-0.6635562467599776,9.6196,9.6034,9.551085,9.569206212960127,9.837013693908483,9.265156306091512,0.6624232868964499,61.245541309168,374102.7,1.478142362931125,-0.560456668396474,-1.2064343163538993,-0.006657675688956
2014-04-22,9.564,9.635,9.551,9.635,315238,0,0.5636154889886225,9.6328,9.6034,9.562845,9.575472287916307,9.841837891628373,9.283852108371628,0.6656045541347712,52.313167259786454,379368.9,0.8794890587373011,0.7423672103722263,0.0,0.0056203311975934
2014-04-23,9.66,9.728,9.66,9.686,316661,0,0.5293201868188824,9.6522,9.6118,9.578725,9.585998736686182,9.847069130000037,9.310380869999966,0.6725292595531475,42.65335235378035,379848.4,0.7039337474120043,0.269151138716354,0.8748177463028473,0.0052792421147076
2014-04-24,9.714,9.758,9.675,9.72,285136,0,0.3510220937435582,9.6534,9.6217,9.596705,9.598760761763687,9.851291529391444,9.342118470608556,0.6770084563474928,48.54227405247817,381326.55,0.8578811369508879,0.061766522544783,1.0289990645462987,0.0035040744913104
2014-04-25,9.72,9.734,9.645,9.686,213694,0,-0.3497942386831321,9.661600000000002,9.6364,9.61397,9.607069260643335,9.840774512162024,9.387165487837976,0.6137986092118466,49.11504424778758,381096.45,0.9227579056506005,-0.3497942386831347,1.5410420379494694,-0.0035040744913103
2014-04-28,9.734,9.771,9.686,9.686,249872,0,0.0,9.6826,9.6511,9.630885,9.6145864739154,9.82167704744599,9.440092952554012,0.6137986092118466,54.146341463414615,381377.95,0.8775552343588773,-0.493116909800699,1.5410420379494694,0.0
2014-04-29,9.734,9.758,9.686,9.758,209469,0,0.7433409043980932,9.7072,9.67,9.6514,9.628244904971076,9.796824822322666,9.505975177677335,0.6405968010810739,61.926605504587,382262.6,0.7433409043980919,0.2465584549003403,1.975128017556682,0.0074059174126079
2014-04-30,9.758,9.834,9.728,9.827,282159,0,0.7071121131379421,9.7354,9.6938,9.66295,9.647173961640496,9.825529826547484,9.500370173452517,0.6606325497133663,64.6306818181817,375651.1,1.0896381578947356,0.7071121131379468,2.4820106371884476,0.0070462379866444
2014-05-01,9.827,9.867,9.805,9.861,240319,0,0.345985550015282,9.7636,9.7085,9.66655,9.667538346246165,9.843440659061942,9.48965934093806,0.5508065904759093,74.54268292682919,355266.35,0.6323304436512103,0.3459855500152711,1.5132798023471228,0.0034538839699024
2014-05-02,9.883,9.89,9.749,9.763,242164,0,-0.993814014805805,9.779,9.720299999999998,9.6677,9.676629932317958,9.84688540824109,9.48851459175891,0.6047562551352308,64.85411140583545,344765.2,1.4463021848394708,-1.2142062126884472,1.223431829963717,-0.0099878531066576
2014-05-05,9.804,9.81,9.741,9.771,314328,0,0.0819420260166126,9.796,9.7393,9.67135,9.685617557811486,9.85602413690692,9.48667586309308,0.5393954998995999,63.797814207650184,336745.85,0.7083461656914161,-0.3365973072215368,1.9830915353303613,0.0008190847186718
2014-05-06,9.82,9.916,9.749,9.903,300551,0,1.350936444580908,9.825,9.7661,9.68475,9.706320647543723,9.895386004320248,9.474113995679756,0.6456975419231484,68.60189573459705,333252.3,1.7129962047389455,0.8452138492871708,2.781525687597308,0.0134189265769595
2014-05-07,9.909,9.952,9.834,9.952,331883,0,0.4947995556901841,9.85,9.7927,9.70225,9.72971868111099,9.940310474404916,9.464189525595089,0.6442870805309088,65.49479166666654,328732.55,1.1999186495830825,0.4339489353113256,2.7462316745818782,0.0049357944576578
2014-05-08,9.996,10.02,9.916,9.972,200106,0,0.2009646302250756,9.8722,9.817899999999998,9.7198,9.752793092433754,9.983058608096773,9.456541391903226,0.644019360735006,72.73991655076486,311686.3,1.0488100040338766,-0.2400960384153752,2.592592592592591,0.0020076296644877
2014-05-09,9.945,9.98,9.866,9.972,324407,0,0.0,9.914,9.8465,9.74145,9.773669940773395,10.013185533193964,9.469714466806035,0.616230471691625,79.84732824427468,314172.85,1.1554834786134276,0.2714932126696756,2.9527152591368955,0.0
2014-05-12,9.93,9.972,9.896,9.938,260919,0,-0.3409546730846258,9.9474,9.8717,9.761399999999998,9.789320422604504,10.02911029117351,9.493689708826489,0.6430976147583778,73.85826771653544,314036.75,0.7679870654809896,0.080563947633443,2.6016931653933595,-0.0034153724811825
2014-05-13,9.989,10.065,9.916,10.05,462519,0,1.1269873213926251,9.9768,9.9009,9.78545,9.814147049023122,10.066474797557635,9.504425202442365,0.6852610467221394,76.14942528735631,319730.75,1.502622025010076,0.6106717389128035,2.9924164787866525,0.0112068413249558
2014-05-14,10.057,10.065,10.013,10.057,235905,0,0.0696517412935193,9.997800000000002,9.9239,9.80885,9.83727590149711,10.098796111145893,9.51890388885411,0.6724423781486113,75.18684603886393,307602.3,0.5193248776590392,0.0,2.340490485397373,0.0006962749572584
2014-05-15,10.085,10.119,9.964,9.996,377813,0,-0.6065427065725326,10.0026,9.9374,9.82295,9.85239248230691,10.120794519665782,9.52510548033422,0.7205076911862005,72.27011494252878,298694.1,1.5556001605780747,-0.8824987605354526,1.369029510191666,-0.0060838964896373
2014-05-16,9.972,10.028,9.916,9.996,456375,0,0.0,10.0074,9.9607,9.8405,9.86606938875387,10.13554647270021,9.545453527299792,0.6065079692560389,72.27011494252878,307866.6,1.1294876966518768,0.2406738868832822,2.386561507733287,0.0
2014-05-19,10.05,10.07,10.002,10.065,317194,0,0.6902761104441657,10.0328,9.990100000000002,9.8647,9.8850151612535,10.149340567438625,9.58005943256138,0.6195096068040056,72.15007215007219,296835.6,0.6798640271945572,0.1492537313432715,3.0089038992938244,0.0068790461190487
2014-05-20,10.07,10.094,9.93,9.938,263736,0,-1.2617983109786235,10.0104,9.9936,9.87985,9.890061336372217,10.144570925544722,9.615129074455275,0.6748649135944068,57.390146471371565,294260.5,1.6515609264853948,-1.3108242303872857,0.3534282540644362,-0.0126982659116258
2014-05-21,9.916,10.008,9.896,9.989,387121,0,0.5131817267055805,9.9968,9.9973,9.895,9.899484066241529,10.14740402032037,9.64259597967963,0.6762729756055822,58.33333333333337,297783.5,1.131770412287776,0.736183945139173,0.3717845659163998,0.0051186943698838
2014-05-22,10.028,10.163,10.002,10.15,419795,0,1.6117729502452605,10.0276,10.0151,9.9165,9.923342726599476,10.17918532305321,9.653814676946793,0.840895830886105,73.28519855595681,304516.45,1.6096780643871185,1.2165935380933377,1.7849979943842742,0.0159892179377835
2014-05-23,10.142,10.282,10.02,10.126,370877,0,-0.2364532019704546,10.0536,10.0305,9.9385,9.94264341930429,10.193491021514152,9.68350897848585,0.8498049565127401,70.95631641086189,312375.6,2.614770459081841,-0.1577598106882273,1.544324107501005,-0.002367331940079
2014-05-27,10.126,10.126,10.078,10.078,333677,0,-0.4740272565672554,10.0562,10.0445,9.9581,9.95553452222769,10.190645547321692,9.725554452678308,0.8594493488415215,61.467889908256865,316565.85,0.4762849771780119,-0.4740272565672531,1.408734151740787,-0.0047515432893111
2014-05-28,10.104,10.184,10.057,10.126,206441,0,0.4762849771780209,10.0938,10.0521,9.9765,9.971769329634578,10.200458172787,9.752541827213,0.799220581366071,61.41732283464568,316414.45,1.262802028437893,0.2177355502771203,0.7562189054726165,0.0047515432893111
2014-05-29,10.142,10.206,10.122,10.206,378367,0,0.7900454276120961,10.1372,10.067,9.99545,9.994077012526525,10.230031351617114,9.760868648382884,0.830226616809814,64.2335766423358,321224.85,0.8298755186721956,0.6310392427529092,1.4815551357263423,0.0078694090940623
2014-05-30,10.224,10.248,10.142,10.206,373634,0,0.0,10.1484,10.088,10.0127,10.014260154190664,10.25622161905581,9.769178380944188,0.7899723971277764,64.2335766423358,327890.6,1.0451587458095035,-0.1760563380281756,2.1008403361344463,0.0
2014-06-02,10.206,10.206,10.135,10.197,295509,0,-0.0881834215167631,10.1626,10.1081,10.0344,10.031663949029648,10.260993445346235,9.807806554653762,0.7930746725706106,66.24843161856958,330557.85,0.7005426739023161,-0.0881834215167581,2.0108043217286875,-0.0008822232596911
2014-06-03,10.163,10.184,10.126,10.155,277350,0,-0.4118858487790477,10.178,10.1171,10.0536,10.043410239598252,10.249171389577429,9.858028610422572,0.7942792231377122,57.22145804676745,328708.95,0.572782935018762,-0.0787169142969683,0.8941877794336861,-0.0041273643497405
2014-06-04,10.163,10.206,9.964,10.028,570539,0,-1.250615460364346,10.1584,10.1261,10.05985,10.041942597731753,10.24273480700094,9.87696519299906,0.7921666237562578,48.28807556080283,342208.35,2.4287434765154465,-1.3283479287611903,0.9056148118333552,-0.0125850147363009
2014-06-05,10.085,10.231,10.037,10.21,380173,0,1.8149182289589172,10.1592,10.1482,10.07275,10.057948064614443,10.259949724471744,9.885550275528256,0.9583967130389291,61.05371900826451,344622.85,1.9328484606954175,1.2394645513138325,2.212433677044756,0.0179864518805272
2014-06-06,10.231,10.255,10.198,10.255,289759,0,0.4407443682663992,10.169,10.1587,10.0869,10.076714915603544,10.284526867979936,9.889273132020064,0.8332496373266731,62.78381046396844,349105.5,0.5589331241419924,0.2345811748607263,1.0344827586207028,0.0043977593477696
2014-06-09,10.255,10.355,10.255,10.33,284453,0,0.731350560702082,10.1956,10.1791,10.1048,10.100837304593682,10.322445390003242,9.88715460999676,0.8451633048509779,63.00294406280672,347107.8,0.9751340809361252,0.7313505607020896,2.014615840410827,0.0072868916072031
2014-06-10,10.338,11.755,10.323,10.347,308410,0,0.1645692158760869,10.234,10.206,10.12525,10.124281370822857,10.35350643473994,9.89699356526006,0.8118028191476256,72.49724972497246,349482.35,13.871936452581618,0.0870574579222319,2.669180392935111,0.0016443394912663
2014-06-11,10.375,10.382,10.305,10.355,264421,0,0.0773170967430347,10.2994,10.2289,10.1405,10.146254573601633,10.387567431665245,9.893432568334754,0.8101615089851507,71.13163972286372,339577.45,0.7472100921882577,-0.1927710843373453,2.2615050365396128,0.0007728722247341
2014-06-12,10.402,10.428,10.276,10.369,289462,0,0.1352003862868045,10.3312,10.2452,10.1561,10.167468423734809,10.41980789262319,9.892392107376809,0.7856739487953261,65.22948539638384,342255.3,1.479174776177511,-0.3172466833301238,1.5970997452478874,0.0013510907285934
2014-06-13,10.382,10.409,10.315,10.363,250051,0,-0.05786478927573,10.352799999999998,10.2609,10.17445,10.186090478617208,10.442293218084515,9.906606781915483,0.7872058512410247,66.904422253923,335867.2,0.9112942317014174,-0.183009054132153,1.5383107975700527,-0.0005788153740607
2014-06-16,10.363,10.382,10.323,10.369,198562,0,0.0578982920003801,10.3606,10.2781,10.1931,10.203510433034618,10.46056915218134,9.92563084781866,0.7835270603000167,72.07890743550841,322976.55,0.5715392812166935,0.0578982920003881,1.686770618809463,0.0005788153740606
2014-06-17,10.582,10.582,10.289,10.437,300222,0,0.6558009451248958,10.3786,10.3063,10.2117,10.225747534650369,10.493039727207954,9.930360272792049,0.7679915575746756,72.9013254786451,322127.95,2.847701428710283,-1.370251370251383,2.7769571639586488,0.0065365992617736
2014-06-18,10.422,10.529,10.409,10.515,244897,0,0.7473411899971305,10.4106,10.355,10.24055,10.253295388493193,10.522051593900642,9.95904840609936,0.5574744876125534,72.82127031019212,321186.0,1.1528484964934116,0.8923431203223945,4.8564020741922675,0.0074456243167484
2014-06-19,10.529,10.586,10.422,10.488,213561,0,-0.2567760342368164,10.4344,10.3828,10.2655,10.275648208636696,10.541527839938713,9.989472160061286,0.3519914360804106,70.02840909090908,312508.0,1.5735943197083064,-0.3894007028207842,2.72282076395689,-0.0025710626932645
2014-06-20,10.501,10.586,10.501,10.586,229232,0,0.9344012204424156,10.479,10.4159,10.2873,10.305205522099868,10.592270818276402,9.982329181723598,0.4087139239122027,74.5271122320303,302979.85,0.8094467193600691,0.8094467193600691,3.2276938078985795,0.0093006269743971
2014-06-23,10.582,10.65,10.501,10.576,250963,0,-0.0944643869261296,10.5204,10.4405,10.3098,10.33099547237607,10.63065058007898,9.988949419921015,0.3994469211838364,77.66097240473066,296984.15,1.418912484525292,-0.0567000567000588,2.3814133591481212,-0.0009450903264653
2014-06-24,10.559,10.576,10.375,10.375,320238,0,-1.9005295007564316,10.508,10.4433,10.32465,10.335186379768826,10.62730441469937,10.02199558530063,0.786739197792791,70.77844311377237,296312.2,1.9373493975903664,-1.742589260346617,0.2706098386005662,-0.0191882169925684
2014-06-25,10.422,10.482,10.389,10.468,243087,0,0.8963855421686651,10.4986,10.4546,10.34175,10.34783529598132,10.63566647578354,10.047833524216458,0.8334799377268125,67.29222520107228,298144.5,0.8951775916835112,0.4413740165035441,1.0912602607435984,0.0089239185511373
2014-06-26,10.468,10.609,10.446,10.609,226087,0,1.3469621704241597,10.5228,10.4786,10.3619,10.37270812493548,10.671470772454487,10.052329227545512,0.9207839502292068,71.02137767220893,290530.5,1.560405896994067,1.34696217042415,2.3145915710290232,0.0133797128092351
2014-06-27,10.559,10.609,10.536,10.6,218035,0,-0.0848336318220455,10.5256,10.5023,10.3816,10.39435497017972,10.699433720181457,10.063766279818546,0.9217692135477216,67.39690721649474,282750.55,0.6928625664388801,0.3882943460555011,2.286982534015247,-0.0008486963591131
2014-06-30,10.6,10.671,10.418,10.482,400840,0,-1.1132075471698144,10.506799999999998,10.5136,10.39585,10.40270211587689,10.704251157073676,10.087448842926324,1.0157032012767555,57.69669327251991,288017.1,2.4284891533883677,-1.1132075471698144,1.089786864692832,-0.0111945007380469
2014-07-01,10.446,10.536,10.418,10.422,271703,0,-0.5724098454493287,10.5162,10.5121,10.4092,10.4045400096029,10.696066629565143,10.122333370434855,1.0170461498783705,53.60602798708289,287734.75,1.132655020157423,-0.2297530155083202,-0.1437194596148217,-0.0057405438929514
2014-07-02,10.462,10.576,10.422,10.536,276638,0,1.093839953943565,10.5298,10.5142,10.4346,10.417060008688338,10.663441843800152,10.205758156199847,1.051038525148759,58.114674441205025,273039.7,1.4776434465553627,0.7073217358057717,0.199714693295272,0.0108790079539568
2014-07-03,10.559,10.686,10.515,10.659,170282,0,1.167425968109348,10.5398,10.5313,10.45705,10.440101912622785,10.681165078522666,10.232934921477336,1.103792557652478,62.91448516579409,262545.15,1.6262482168330896,0.9470593806231784,1.630434782608714,0.0116066412660198
2014-07-07,10.621,10.715,10.609,10.686,246268,0,0.2533070644525681,10.557,10.5413,10.4786,10.46352077808728,10.703795494019047,10.253404505980953,1.071751616007107,63.58183376178234,260370.6,0.9991516636817784,0.6119951040391629,0.9446438692612746,0.0025298678285798
2014-07-08,10.715,10.715,10.507,10.544,262519,0,-1.3288414748268695,10.569399999999998,10.5381,10.4893,10.47118546588849,10.704898164234343,10.273701835765657,1.163682329570013,54.3110394842869,259273.9,1.9796326258684704,-1.5958936070928549,-0.302571860816947,-0.0133774957754281
2014-07-09,10.541,10.586,10.515,10.581,229736,0,0.3509104704096932,10.6012,10.558699999999998,10.501,10.48164399294673,10.709359001927863,10.292640998072136,0.9603565257872316,52.74999999999996,255340.2,0.6752258678078908,0.3794706384593411,1.9855421686747032,0.003502962161873
2014-07-10,10.581,10.609,10.415,10.475,332006,0,-1.0017956714866272,10.589,10.5594,10.507,10.481011231713708,10.704272987454218,10.309727012545782,0.9946095803102676,49.491790461297896,258719.45,1.862698031685078,-1.0017956714866258,0.0668704623614901,-0.0100684741138232
2014-07-11,10.42,10.544,10.42,10.452,375320,0,-0.2195704057279202,10.5476,10.5437,10.51115,10.478248257264784,10.699489307466624,10.32281069253338,0.8772827122665225,44.435215946843826,263012.35,1.1900191938579707,0.3071017274472171,-1.4798755773399952,-0.0021981181498353
2014-07-14,10.428,10.535,10.407,10.428,236111,0,-0.2296211251435087,10.496,10.5265,10.5144,10.473462708953852,10.694016433429848,10.334783566570152,0.877364687750006,43.924466338259435,262315.35,1.2299413856058432,0.0,-1.622641509433953,-0.0022988515871107
2014-07-15,10.48,10.499,10.368,10.452,314444,0,0.2301495972381939,10.4776,10.5235,10.51855,10.47141864143444,10.687542650105376,10.349557349894626,0.8158880881487942,53.69836695485112,268109.45,1.2635030864197552,-0.2671755725190884,-0.2862049227246643,0.0022988515871106
2014-07-16,10.444,10.514,10.373,10.386,216850,0,-0.6314580941446657,10.4386,10.5199,10.516,10.463283532726397,10.691584437627617,10.340415562372383,0.8204854629811178,45.95660749506897,263940.85,1.359298177962017,-0.5553427805438682,-0.3454231433506205,-0.0063346022362388
2014-07-17,10.415,10.467,10.336,10.393,277301,0,0.0673984209512923,10.4222,10.5056,10.5099,10.45658986294293,10.69390560632236,10.32589439367764,0.7223930922702338,37.72727272727272,265561.05,1.2674148606811166,-0.2112337974075704,-1.357251328777509,0.0006737571841575
2014-07-18,10.344,10.407,10.294,10.327,296274,0,-0.6350428172808731,10.397200000000002,10.4724,10.50185,10.44424797123408,10.70316282281997,10.300537177180033,0.5704146323588064,35.432230522945545,269696.7,1.0977268311637802,-0.1643464810518122,-3.114738718453891,-0.0063706779170177
2014-07-21,10.368,10.428,10.355,10.415,175288,0,0.8521351796262122,10.3946,10.4453,10.4933,10.441462450164169,10.694089074981049,10.292510925018952,0.6608981036333444,46.30650496141122,266999.5,0.7049734427812689,0.4533179012345564,-2.536028448437211,0.0084852500236682
2014-07-22,10.42,10.551,10.42,10.514,247841,0,0.9505520883341444,10.407,10.4423,10.4902,10.448370788243771,10.687497104308672,10.292902895691329,0.6420271412054879,54.86257928118388,266843.4,1.2571976967370464,0.902111324376194,-0.2845220030349149,0.009460627684321
2014-07-23,10.551,10.599,10.514,10.599,211249,0,0.8084458816815854,10.4496,10.4441,10.5014,10.46271642745865,10.696582397826283,10.306217602173716,0.6866727008228998,53.435114503816834,261393.95,0.8084458816815756,0.4549331816889398,0.1701162461015037,0.0080519546478617
2014-07-24,10.575,10.592,10.551,10.551,144601,0,-0.4528729125389152,10.4812,10.4517,10.50555,10.471124386748302,10.701271042087852,10.309828957912153,0.6140984563413884,43.58669833729212,256469.65,0.3885887593593059,-0.2269503546099208,0.7255369928401034,-0.0045390148851627
2014-07-25,10.581,10.581,10.491,10.565,178176,0,0.1326888446592677,10.5288,10.463,10.50335,10.480064921343702,10.695124291675224,10.311575708324778,0.6054287926666277,42.702050663449896,254074.1,0.8578781812982543,-0.1512144409791136,1.08113279755071,0.0013260089080648
2014-07-28,10.565,10.581,10.499,10.514,251302,0,-0.4827259820160967,10.5486,10.4716,10.49905,10.483296833596684,10.68548184164491,10.312618158355091,0.6261066291389505,47.96747967479667,255737.45,0.7810267644537475,-0.4827259820160924,0.8247027234368876,-0.0048389486707637
2014-07-29,10.535,10.586,10.521,10.586,207946,0,0.6848012174244023,10.563,10.485,10.50425,10.493078087539857,10.69444311515614,10.31405688484386,0.6537994551794176,50.32341526520057,246092.75,0.6178119950574993,0.4841006169909839,1.2820512820512775,0.0068246710385396
2014-07-30,10.558,10.609,10.353,10.36,572820,0,-2.134895144530524,10.515199999999998,10.4824,10.50115,10.480403983964631,10.69886034102326,10.30343965897674,0.9527244680552064,43.56103023516238,261148.6,2.472713223220325,-1.8753551809054785,-0.2503369921047493,-0.0215801366044589
2014-07-31,10.281,10.344,9.938,9.989,1039131,0,-3.5810810810810723,10.4028,10.442,10.4738,10.433603604539428,10.775304019350289,10.172295980649714,1.472138720174598,31.345688960515773,299273.25,4.085329040048287,-2.840190642933565,-3.88723179062831,-0.0364677492813242
2014-08-01,10.03,10.058,9.938,9.997,345707,0,0.0800880969065831,10.2892,10.409,10.4407,10.392022308869006,10.796974347275365,10.08442565272464,1.4760502649904852,32.408163265306115,308044.5,1.207486415777815,-0.3290129611166448,-3.1955069235983347,0.0008005604350308
2014-08-04,9.997,10.038,9.916,9.964,313196,0,-0.3300990297089079,10.1792,10.3639,10.4046,10.35125827945291,10.800348670909312,10.008851329090689,1.4184679713940518,30.22690437601301,311390.9,1.2303348124243634,-0.3300990297089074,-4.330292846855488,-0.0033064505851096
2014-08-05,9.98,10.076,9.546,9.76,851259,0,-2.0473705339221215,10.014,10.2885,10.3654,10.29494796712406,10.848651008113048,9.88214899188695,1.4104618415580237,27.186588921282848,340827.9,5.552063691598588,-2.2044088176352767,-7.171390526916488,-0.0206861969749328
2014-08-06,9.781,9.958,9.681,9.952,391283,0,1.967213114754096,9.9324,10.2238,10.33395,10.26228625596939,10.83947920681949,9.82842079318051,1.5875847231041509,35.83815028901732,348905.25,2.861274661708512,1.7482874961660295,-6.104349466930847,0.0194811355718224
2014-08-07,9.923,10.172,9.923,10.13,310775,0,1.788585209003224,9.9606,10.1817,10.3167,10.249687564924686,10.825498005623542,9.80790199437646,1.7619036477324306,44.0982624325944,347843.7,2.5093217776882044,2.086062682656462,-3.990143114396738,0.0177277822637684
2014-08-08,10.087,10.254,10.013,10.245,234403,0,1.1352418558736366,10.0102,10.1497,10.30635,10.249241130169954,10.811971150040817,9.800728849959183,1.8225732330542193,44.988207547169814,340797.85,2.406871067612101,1.566372558738966,-3.0288689067676344,0.011288463430271
2014-08-11,10.274,10.438,10.24,10.287,295292,0,0.4099560761347209,10.0748,10.127,10.2993,10.252837213010912,10.801701014078938,9.79689898592106,1.834020470346276,43.07504575960957,343756.9,1.933593750000004,0.1265329959120272,-2.159026060490765,0.0040911804580301
2014-08-12,10.329,10.337,10.229,10.315,268643,0,0.2721881986973651,10.1858,10.099900000000002,10.29245,10.258757478438444,10.789795151781112,9.795104848218886,1.8163904676922649,41.02402022756003,341466.85,1.0558216834490228,-0.1355407106205937,-2.5599848856980967,0.0027181843743219
2014-08-13,10.282,10.337,10.193,10.217,285639,0,-0.9500727096461326,10.2388,10.0856,10.284,10.25478057573002,10.780394579893404,9.787605420106598,1.7151671066889922,39.7671568627451,344906.3,1.4127342293731004,-0.6321727290410377,-1.380308880308867,-0.0095461469139283
2014-08-14,10.287,10.463,10.274,10.423,251157,0,2.01624743075266,10.2974,10.129,10.2855,10.270801473279542,10.783460260515646,9.787539739484352,1.3329003192285664,46.10745614035088,343599.1,1.8395950944130823,1.3220569651015768,4.344779257182885,0.0199619031478985
2014-08-15,10.482,10.516,10.346,10.446,253183,0,0.2206658351722179,10.3376,10.1739,10.29145,10.28748704725292,10.7943177653955,9.788582234604505,1.3294875940798991,48.10690423162584,341444.55,1.6431471099942,-0.3434459072696011,4.4913474042212576,0.0022042272569217
2014-08-18,10.409,10.516,10.409,10.446,316908,0,0.0,10.3694,10.2221,10.293,10.302583518943116,10.797659134570496,9.788340865429506,1.3119974601183688,45.9396751740139,348525.55,1.0279565760399587,0.3554616197521282,4.837414692894404,0.0
2014-08-19,10.438,10.547,10.429,10.495,228315,0,0.4690790733294925,10.4054,10.2956,10.29205,10.32090889809139,10.79502618443167,9.78907381556833,0.9698185818828156,54.36328377504849,347549.25,1.131460350944485,0.5460816248323299,7.5307377049180335,0.0046798232584892
2014-08-20,10.476,10.578,10.438,10.547,299399,0,0.4954740352548947,10.4714,10.3551,10.28945,10.342441383987447,10.786244980481644,9.792655019518357,0.8680248335204909,72.71986970684043,351956.75,1.3412531136232877,0.6777395952653659,5.978697749196149,0.0049425060218809
2014-08-21,10.539,10.624,10.51,10.547,409240,0,0.0,10.4962,10.3968,10.28925,10.361923156941025,10.785604658856547,9.792895341143453,0.7715455291386831,72.54098360655743,365188.7,1.0846812559467247,0.075908530221092,4.11648568608094,0.0
2014-08-22,10.578,10.61,10.51,10.596,313197,0,0.4645870863752677,10.5262,10.4319,10.2908,10.384216189613309,10.790959385122878,9.790640614877123,0.7291838020467769,75.5663430420712,371939.75,0.9514747859181698,0.1701644923426043,3.4260614934114253,0.004635112115346
2014-08-25,10.61,10.647,10.596,10.647,182631,0,0.4813137032842585,10.566400000000002,10.4679,10.29745,10.409243219173948,10.81339225503102,9.781507744968982,0.7302947983365771,90.95106186518936,368506.2,0.4813137032842597,0.3487276154571235,3.499562554680669,0.0048015909226458
2014-08-26,10.647,10.713,10.639,10.684,367520,0,0.3475157321310984,10.6042,10.5048,10.30235,10.43541053163357,10.831522651161244,9.773177348838756,0.7298263311702384,89.43965517241386,376484.9,0.6955540934298322,0.3475157321311076,3.577314590402314,0.0034691329152451
2014-08-27,10.688,10.701,10.632,10.662,230542,0,-0.2059153874953034,10.6272,10.5493,10.31745,10.4569904810018,10.870256609374923,9.764643390625078,0.6101570793201054,84.45595854922303,359371.0,0.6489841986456061,-0.2432634730538903,4.355485954781257,-0.0020612768471449
2014-08-28,10.583,10.654,10.569,10.583,275022,0,-0.7409491652598077,10.6344,10.5653,10.34715,10.46899138757306,10.889381752744514,9.804918247255488,0.399898449986302,72.96195652173928,321165.55,0.8042388116188767,0.0,1.5350666794588852,-0.0074370782889819
2014-08-29,10.578,10.647,10.569,10.604,198402,0,0.1984314466597192,10.636,10.5811,10.3775,10.48184935066134,10.904960050869573,9.850039949130426,0.3995431727525296,72.16783216783222,313800.3,0.738007380073795,0.2457931556059727,1.5125406854298309,0.0019823483151914
2014-09-02,10.604,10.604,10.516,10.583,317841,0,-0.198038476046769,10.6232,10.5948,10.408449999999998,10.49148274583645,10.905516542193892,9.911383457806105,0.4125529324684568,68.92655367231657,314032.55,0.8368200836820007,-0.1980384760467655,1.3115067968600511,-0.0019823483151916
2014-09-03,10.596,10.617,10.523,10.561,205263,0,-0.2078805631673508,10.5986,10.6014,10.4485,10.498103436709169,10.844349785438553,10.052650214561446,0.4064367196552443,77.21518987341784,281732.75,0.8932813836358567,-0.3303133257833158,0.6288708909004459,-0.0020809693472501
2014-09-04,10.588,10.595,10.489,10.554,422496,0,-0.0662816021210099,10.577,10.6021,10.4786,10.503426918927342,10.80004699161949,10.15715300838051,0.3779109479607731,65.12702078521956,283293.4,1.0105825150157297,-0.321118247072147,0.066369583767889,-0.0006630357808612
2014-09-05,10.539,10.547,10.446,10.482,387537,0,-0.6822057987493024,10.5568,10.5956,10.4962,10.50138625998188,10.772682872792394,10.219717127207606,0.4364178685749415,53.73443983402488,287131.5,0.9668772735975576,-0.5408482778252243,-0.6162889921304759,-0.0068454346035017
2014-09-08,10.495,10.523,10.409,10.463,330202,0,-0.1812631177256274,10.5286,10.5823,10.5071,10.497730425697892,10.757878912905491,10.256321087094506,0.3959136712261039,51.6966067864271,291921.45,1.0952060716687384,-0.30490709861839,-1.2551906379765998,-0.0018142759810642
2014-09-09,10.469,10.495,10.374,10.395,241956,0,-0.6499092038612209,10.491,10.5571,10.5125,10.487946575631426,10.747476818565842,10.277523181434155,0.3635446656256736,40.38461538461538,289254.65,1.1663774821669428,-0.7068487916706452,-2.3668639053254448,-0.0065203030889339
2014-09-10,10.388,10.422,10.369,10.381,231625,0,-0.1346801346801318,10.454999999999998,10.5268,10.5158,10.477761187476052,10.740737511790924,10.290862488209076,0.3043118046041518,32.78008298755168,287403.75,0.5111389719355852,-0.0673854447439321,-2.8360164732309956,-0.0013477090988678
2014-09-11,10.388,10.401,10.35,10.388,188768,0,0.0674308833445769,10.4218,10.4994,10.52435,10.469212502954525,10.711249663484695,10.337450336515303,0.3240291963606924,33.74233128834334,282560.2,0.4927536231884073,0.0,-2.56987432001502,0.0006740815893937
2014-09-12,10.409,10.409,10.321,10.361,240212,0,-0.2599152868694609,10.3976,10.4772,10.52125,10.458906550292188,10.71707148153802,10.32542851846198,0.2768985087011823,24.839400428265336,282012.95,0.8526305590543647,-0.461139398597368,-2.0977038646886492,-0.0026025365308872
2014-09-15,10.381,10.395,10.321,10.336,261822,0,-0.2412894508252105,10.3722,10.4504,10.51575,10.447201164550076,10.72610996717446,10.30539003282554,0.2365548442971719,14.739229024942958,282444.9,0.7169847882957062,-0.4334842500722467,-2.5273481705016865,-0.0024158102293686
2014-09-16,10.353,10.381,10.336,10.361,389567,0,0.2418730650154854,10.3654,10.4282,10.5115,10.43899152983102,10.731028202240882,10.291971797759118,0.2844613957581606,12.354312354312228,286077.85,0.4353715170278631,0.0772722882256437,-2.0977038646886492,0.0024158102293687
2014-09-17,10.395,10.422,10.361,10.374,305526,0,0.1254705144291046,10.364,10.4095,10.50545,10.432801860323304,10.73340057174322,10.277499428256778,0.3037962978206026,15.714285714285538,289938.4,0.5887462600135116,-0.2020202020201926,-1.7706656566612966,0.0012539186595936
2014-09-18,10.395,10.417,10.374,10.395,268905,0,0.2024291497975561,10.3654,10.3936,10.49785,10.429201683149657,10.73006340003984,10.26563659996016,0.325865666673482,24.03314917127038,288413.7,0.4144977829188284,0.0,-1.5065378055713508,0.0020222453807676
2014-09-19,10.409,10.51,10.409,10.476,257295,0,0.7792207792207906,10.3884,10.393,10.4943,10.433658665706831,10.72551837479377,10.263081625206228,0.3838188453204373,34.83412322274897,280816.45,0.9703141512152856,0.6436737438754939,-0.0572409845449151,0.0077620053354893
2014-09-22,10.495,10.531,10.446,10.476,281496,0,0.0,10.4164,10.3943,10.4883,10.437691173734752,10.714581706124209,10.262018293875787,0.3788206518615338,36.6583541147133,279231.4,0.8137085965920051,-0.1810385898046532,0.1242473477970129,0.0
2014-09-23,10.476,10.502,10.446,10.489,258183,0,0.1240931653302856,10.442,10.4037,10.4804,10.442577728617156,10.694031655450903,10.266768344549094,0.2989673552245795,40.816326530612336,283009.0,0.5360903695194423,0.1240931653302777,0.9042809042809186,0.0012401623340014
2014-09-24,10.482,10.495,10.454,10.476,280112,0,-0.1239393650490972,10.4624,10.4132,10.47,10.445760802082187,10.660945569538768,10.279054430461231,0.2980866235536164,40.2010050251257,278638.6,0.3921943753587008,-0.0572409845449194,0.9151334168191916,-0.0012401623340013
2014-09-25,10.438,10.463,10.336,10.417,294264,0,-0.5631920580374317,10.4668,10.4161,10.45775,10.44302167807436,10.62703938164283,10.288460618357172,0.3633213541017607,41.55844155844162,281824.7,1.228715170278627,-0.2011879670435025,0.2791682710820087,-0.0056478396431538
2014-09-26,10.353,10.361,10.294,10.321,270716,0,-0.9215705097436856,10.4358,10.4121,10.44465,10.431400565876803,10.613678524531904,10.275621475468094,0.4671022341857967,34.632034632034674,281609.4,0.6508645813095023,-0.3090891529025406,-0.3860631213203458,-0.0092584324185154
2014-09-29,10.243,10.29,10.172,10.207,341867,0,-1.1045441333204065,10.382,10.3992,10.4248,10.410029083412343,10.607709353448964,10.241890646551038,0.5759884067305202,31.496062992126056,288782.65,1.1600471883601902,-0.3514595333398378,-1.2480650154798711,-0.0111068951624348
2014-09-30,10.172,10.265,10.155,10.253,307898,0,0.4506711080630943,10.3348,10.3884,10.4083,10.395073932611169,10.590657774429577,10.225942225570426,0.5942216738272675,38.14814814814812,288285.5,1.083210241260475,0.7963035784506441,-1.0423704275649093,0.0044965862665928
2014-10-01,10.207,10.401,10.207,10.286,392029,0,0.3218570174583046,10.2968,10.3796,10.39455,10.384685939029152,10.569759318426074,10.219340681573929,0.6057498560006843,40.989399293286176,297623.8,1.9006564122660825,0.7739786421083457,-0.8482745324850716,0.0032134016647702
2014-10-02,10.235,10.253,10.155,10.192,231081,0,-0.9138635037915566,10.2518,10.3593,10.37645,10.366334897216852,10.557014582410908,10.195885417589093,0.648548700224451,36.650868878356974,288053.05,0.9650418513047834,-0.4201270151441061,-1.9528619528619504,-0.0091806485229168
2014-10-03,10.172,10.313,10.164,10.308,232707,0,1.1381475667189944,10.2492,10.3425,10.36775,10.36077919272001,10.543607448251237,10.191892551748763,0.7149920901739274,48.066298342541394,280311.55,1.465958284140111,1.337003539127008,-1.6036655211912998,0.011317193960311
2014-10-06,10.308,10.308,10.214,10.235,213990,0,-0.7081878152890964,10.2548,10.3184,10.35635,10.34880022198477,10.53573406313114,10.17696593686886,0.7323299898721305,41.839378238341865,274500.95,0.9203054630898708,-0.7081878152890997,-2.300496372661331,-0.0071070736768657
2014-10-07,10.221,10.308,10.163,10.302,243031,0,0.6546165119687419,10.2646,10.2997,10.3517,10.34434305798622,10.53168608133369,10.171713918666308,0.7785913139359774,45.64164648910405,274554.7,1.4267440716323878,0.7924860581156394,-1.7828200972447417,0.0065248320301406
2014-10-08,10.235,10.265,10.192,10.221,318894,0,-0.7862550960978432,10.2516,10.2742,10.3437,10.332596100082773,10.5322234593811,10.155176540618902,0.8014119033385744,40.180586907449225,278918.15,0.716248037676613,-0.1367855398143561,-2.434135166093931,-0.0078936237964542
2014-10-09,10.286,10.302,10.199,10.207,291388,0,-0.1369728989335628,10.2546,10.2532,10.33465,10.320634566741557,10.531416786885458,10.137883213114542,0.7938023618931741,33.577533577533515,284049.15,1.0099029316599644,-0.7680342212716202,-2.0159354900643134,-0.0013706679255778
2014-10-10,10.235,10.253,9.938,9.998,449824,0,-2.0476143822866777,10.1926,10.2209,10.3165,10.289907465147122,10.56356998795391,10.069430012046093,0.9681564935615316,26.750972762645816,294529.75,3.169651841416779,-2.3155837811431375,-3.1295417110745127,-0.0206886864299828
2014-10-13,9.916,10.041,9.63,9.654,627801,0,-3.4406881376275233,10.0764,10.1656,10.2824,10.229344849418824,10.66771649328854,9.897083506711455,1.3761893666760507,19.27888153053709,312828.7,4.267912772585665,-2.6421944332392138,-5.417850494758502,-0.0350127357530774
2014-10-14,9.669,9.757,9.573,9.696,445565,0,0.435052827843374,9.9552,10.1099,10.24915,10.178550101855128,10.712729335173798,9.785570664826205,1.3749398218314806,21.9020172910662,315628.6,1.9220724955604225,0.2792429413589745,-5.432556324978055,0.0043410920886574
2014-10-15,9.622,9.622,9.1075,9.603,1250150,0,-0.9591584158415878,9.8316,10.0416,10.2106,10.123735806440353,10.75213831569761,9.669061684302392,1.344182294282731,21.37834036568208,362859.8,5.649190227834202,-0.1974641446684694,-6.6400933307408145,-0.0096378796711229
2014-10-16,9.4779,9.719,9.4136,9.63,704592,0,0.281162136832247,9.7162,9.9854,10.17235,10.076713348684128,10.764728710659227,9.57997128934077,1.373534886028993,24.46415373244642,384644.15,3.244242372737302,1.6047858702877302,-5.514128728414436,0.0028076761541985
2014-10-17,9.696,10.028,9.696,9.964,345600,0,3.4683281412253297,9.7094,9.951,10.14675,10.065978744047545,10.728025140939188,9.565474859060814,1.8186106508548543,42.27590591226953,389059.4,3.4240924092409317,2.764026402640271,-3.337213814512996,0.0340953715898997
2014-10-20,9.972,10.047,9.902,10.047,291645,0,0.8329987956643858,9.788,9.9322,10.1253,10.064171244614446,10.686741040631562,9.563858959368437,1.8475068913344437,43.6024844720497,389566.85,1.4643506362351175,0.7521058965102394,-1.836834391792852,0.0082954850802431
2014-10-21,10.061,10.221,10.047,10.214,396176,0,1.662187717726682,9.8916,9.9234,10.11155,10.07844064988926,10.64841908136575,9.574680918634249,1.9233835570497304,47.93577981651378,396466.5,1.7318602567930674,1.5207235861246444,-0.8542030673655554,0.0164852457452749
2014-10-22,10.214,10.302,10.15,10.207,274923,0,-0.0685333855492409,10.0124,9.922,10.0981,10.090684397518856,10.609394291608822,9.586805708391177,1.906969945896496,50.45262522631263,396207.05,1.4975369458128005,-0.0685333855492429,-0.1369728989335628,-0.0006855688040907
2014-10-23,10.281,10.337,10.192,10.294,280130,0,0.8523562261193218,10.1452,9.9307,10.09195,10.110047788231345,10.58987769502597,9.59402230497403,1.924502427936424,49.57002457002459,395500.35,1.42268445839874,0.1264468436922468,0.8523562261193218,0.0084874418092013
2014-10-24,10.308,10.354,10.253,10.346,143057,0,0.505148630270047,10.2216,9.9655,10.0932,10.132519427447408,10.593667823246864,9.592732176753136,1.7709196846229422,53.45364032358434,389117.4,0.9850775382814696,0.3686457120682989,3.480696139227857,0.0050387703507604
2014-10-27,10.308,10.402,10.243,10.389,221077,0,0.4156195631161763,10.29,10.039,10.1023,10.156946148642891,10.617871057944162,9.586728942055837,1.1700039112234837,52.747946936197096,383077.9,1.552279605584291,0.7857974388824167,7.613424487259168,0.0041475825070712
2014-10-28,10.395,10.456,10.329,10.424,233672,0,0.3368947925690646,10.332,10.1118,10.11085,10.182379848772142,10.642368688090704,9.579331311909296,1.1732771708208476,56.603773584905646,379366.6,1.2295478749152762,0.2789802789802781,7.5082508250825075,0.0033632857341494
2014-10-29,10.456,10.512,10.389,10.448,195463,0,0.230237912509601,10.3802,10.1963,10.11895,10.207677006031938,10.666405924686064,9.571494075313936,1.0348284755373094,57.78926955397542,369538.3,1.1839445567427194,-0.0765110941086373,8.799333541601584,0.0022997327115313
2014-10-30,10.448,10.519,10.431,10.497,163561,0,0.4689892802450135,10.4208,10.283,10.1342,10.235231576886038,10.706645759324504,9.561754240675494,1.0249812150854445,67.98846431146362,366162.3,0.8436391525261334,0.468989280245018,9.00311526479749,0.0046789295195853
2014-10-31,10.557,10.637,10.497,10.534,241894,0,0.3524816614270731,10.4584,10.34,10.1455,10.2636857124207,10.740855179261818,9.550144820738184,0.4718261392100265,90.74074074074078,366621.65,1.3337143945889356,-0.2178649237472737,5.720594138900048,0.0035186190075369
2014-11-03,10.525,10.615,10.519,10.581,166702,0,0.446174292766277,10.4968,10.3934,10.1628,10.293906120761587,10.788443449830634,9.537156550169367,0.4626187406255725,90.78341013824888,364257.25,0.9126342808251744,0.5320665083135312,5.315019408778721,0.004451818860827
2014-11-04,10.573,10.609,10.519,10.591,162259,0,0.094509025611944,10.5302,10.4311,10.17725,10.32220077592715,10.829225742203066,9.525274257796935,0.2488464742044262,99.30139720558886,360218.65,0.8555946382735988,0.1702449635864835,3.691012336009392,0.0009446439395075
2014-11-05,10.615,10.629,10.553,10.581,220945,0,-0.0944197903880672,10.5568,10.4685,10.19525,10.346848321076946,10.871729081249825,9.518770918750176,0.2539216804463206,98.27411167512696,355321.2,0.7201743580024517,-0.3203014601978398,3.664152052512959,-0.0009446439395075
2014-11-06,10.615,10.79,10.477,10.599,213454,0,0.1701162461015037,10.5772,10.499,10.214850000000002,10.370862766688663,10.915061479332966,9.514638520667038,0.1910417240024941,97.45889387145,351424.5,2.987496420731114,-0.1507300989166275,2.9628910044686263,0.0016997171230932
2014-11-07,10.542,10.62,10.483,10.557,270052,0,-0.3962637984715522,10.5818,10.5201,10.2428,10.388590122242126,10.951145024465047,9.534454975534947,0.2741714101170857,90.60509554140135,342435.9,1.3068778021558587,0.1422879908935739,2.039435530639855,-0.00397051003756
2014-11-10,10.615,10.615,10.455,10.525,232893,0,-0.3031164156483856,10.5706,10.5337,10.28635,10.401581539171447,10.9478227666751,9.6248772333249,0.3045952760577727,81.5415821501015,322690.5,1.5303682448589204,-0.8478568064060279,1.3090769082683806,-0.0030357674391126
2014-11-11,10.615,10.681,10.49,10.666,187108,0,1.3396674584323032,10.5856,10.5579,10.33485,10.426764249726547,10.955023244046982,9.714676755953016,0.4891960972542974,86.60287081339716,309767.65,1.8207816968541368,0.4804521902967513,2.321565617805077,0.0133077326099653
2014-11-12,10.585,10.739,10.55,10.726,345551,0,0.562535158447397,10.6146,10.5857,10.391,10.455262892609731,10.930250552058052,9.851749447941948,0.5003105887875495,86.00000000000006,264537.7,1.7914691943127965,1.332073689182806,2.6607963246554345,0.0056095883823229
2014-11-13,10.733,10.733,10.599,10.694,206289,0,-0.298340481074022,10.6336,10.6054,10.4442,10.477999759980234,10.864059926517058,10.02434007348294,0.5236863123230144,80.00000000000006,239622.55,1.2642702141711517,-0.3633653219044042,1.8767266838144223,-0.0029878640341935
2014-11-14,10.694,10.718,10.599,10.615,212558,0,-0.7387319992519181,10.6452,10.6135,10.47675,10.491047401886878,10.836496036151182,10.117003963848816,0.5943695703746539,68.34415584415588,232970.45,1.122747429002734,-0.7387319992519227,0.7689386747674165,-0.0074147413713204
2014-11-17,10.609,10.629,10.525,10.591,245877,0,-0.2260951483749496,10.6584,10.6145,10.50395,10.50056669694527,10.804231604673737,10.203668395326265,0.5860877779277658,63.80165289256192,230682.05,0.9881235154394225,-0.1696672636440822,0.094509025611944,-0.0022635112936873
2014-11-18,10.557,10.667,10.55,10.609,262154,0,0.1699556226985255,10.647,10.6163,10.5237,10.510893678188578,10.794164006750508,10.253235993249492,0.5877656348225809,63.43906510851411,223980.95,1.1090047393364844,0.4925641754286217,0.1699556226985255,0.0016981136156023
2014-11-19,10.534,10.609,10.534,10.563,224674,0,-0.433594118201519,10.6144,10.6145,10.5415,10.51585618502776,10.767390052436232,10.31560994756377,0.6045541128971725,55.536912751677896,221468.5,0.7119802544142708,0.2752990317068532,-0.1701162461014926,-0.0043453686361092
2014-11-20,10.496,10.609,10.496,10.591,191446,0,0.2650762094101866,10.593799999999998,10.6137,10.55635,10.52301273883464,10.75056016830705,10.36213983169295,0.6085243945530149,54.85519591141386,217034.3,1.0766006097560932,0.9051067073170624,-0.0754788187564914,0.0026472550205068
2014-11-21,10.672,10.672,10.591,10.638,213216,0,0.4437730148239227,10.598400000000002,10.6218,10.57095,10.533963906564676,10.74097473504312,10.40092526495688,0.606626157124642,54.85519591141399,220542.25,0.7648003021433415,-0.3185907046476827,0.7672634271099765,0.0044279124585938
2014-11-24,10.739,10.739,10.573,10.62,226097,0,-0.1692047377326644,10.6042,10.6313,10.5825,10.542157820225183,10.730430993870572,10.434569006129427,0.5987018021962666,52.43697478991595,220793.25,1.5700368864087804,-1.1081106248254171,0.9026128266033108,-0.0016934805063331
2014-11-25,10.666,10.687,10.557,10.652,254939,0,0.3013182674199699,10.6128,10.6299,10.5939,10.552618980203738,10.72453069680414,10.463269303195863,0.4222016288355861,55.75364667747159,221856.6,1.2314104385715543,-0.1312582036377378,-0.1312582036377407,0.003008652137893
2014-11-26,10.66,10.714,10.563,10.615,188582,0,-0.3473526098385138,10.6232,10.618799999999998,10.60225,10.558560029708143,10.71352940179262,10.49097059820738,0.3805357433601225,51.25786163522013,221512.55,1.4295181293193202,-0.4221388367729824,-1.0348685437255312,-0.0034795727964662
2014-11-28,10.609,10.681,10.586,10.62,94093,0,0.0471031559114321,10.629,10.6114,10.6084,10.564411455450225,10.708190095490783,10.508609904509214,0.3765232466198072,55.258764607679375,218039.15,0.8974116757982132,0.1036855500047057,-0.6919768094258649,0.0004709206585732
2014-12-01,10.609,10.638,10.518,10.518,167233,0,-0.9604519774011112,10.605,10.6017,10.6076,10.559991316835918,10.710120652605664,10.505079347394334,0.4239047547126056,49.47683109118089,214306.1,1.1409013120365017,-0.85776227731171,-0.9138012246820536,-0.0096509406466401
2014-12-02,10.542,10.591,10.438,10.49,230861,0,-0.2662103061418563,10.579,10.5916,10.60305,10.55332547713726,10.717879805410842,10.488220194589156,0.4255125579645981,34.17266187050356,217514.05,1.4657980456025934,-0.4932650350977006,-0.9536398829194548,-0.0026656527589466
2014-12-03,10.483,10.511,10.43,10.455,187937,0,-0.3336510962821726,10.5396,10.5762,10.59625,10.54396114598133,10.728821132843178,10.46367886715682,0.4204469676627632,24.482109227871817,218797.95,0.7766059443911746,-0.2670991128493796,-1.4515977000659763,-0.0033420895276089
2014-12-04,10.47,10.557,10.43,10.557,157144,0,0.9756097560975618,10.528,10.5756,10.59505,10.545202941602156,10.728632972442156,10.461467027557845,0.5339345812265734,38.602329450915086,215607.9,1.2176414189837073,0.8309455587392526,-0.0568020448736161,0.0097088141269609
2014-12-05,10.496,10.581,10.455,10.525,219476,0,-0.3031164156483856,10.509,10.569,10.59135,10.54327885192576,10.72852338241172,10.45417661758828,0.5323017227606592,41.877256317689515,215909.0,1.2051649928263934,0.2762957317073162,-0.6231706165612194,-0.0030357674391126
2014-12-08,10.534,10.581,10.396,10.483,166188,0,-0.3990498812351473,10.502,10.5535,10.58765,10.537538008885212,10.732501684582823,10.442798315417177,0.5097041659343721,40.559440559440624,210715.8,1.779530588687945,-0.4841465730017102,-1.4570407971423172,-0.0039984820980094
2014-12-09,10.463,10.463,10.193,10.305,366236,0,-1.6979872173996102,10.465,10.522,10.57665,10.515391531848524,10.76760910281402,10.38569089718598,0.708215308004024,29.234972677595536,217382.95,2.6488766800745567,-1.5100831501481362,-2.9661016949152463,-0.0171256831280133
2014-12-10,10.23,10.283,10.047,10.083,293300,0,-2.154294032023285,10.3906,10.4651,10.5475,10.47421138595819,10.83474572279379,10.26025427720621,0.8816588999222718,23.56828193832591,222692.55,2.3489598885239262,-1.4369501466275685,-5.3417198648141095,-0.021778376931344
2014-12-11,10.055,10.255,10.055,10.165,214325,0,0.8132500247941987,10.3122,10.4201,10.51945,10.4447626825336,10.840838746405284,10.198061253594718,0.9811852357125288,27.858627858627813,216131.25,1.989060169070125,1.0939830929885572,-4.239284032030155,0.0080996096692315
2014-12-12,10.128,10.165,10.041,10.075,332735,0,-0.8853910477127358,10.2222,10.3656,10.4885,10.409547188958973,10.855146538522728,10.121853461477272,0.9753217926185834,21.99004975124366,222453.55,1.2349367592869114,-0.5233017377567222,-5.131826741996237,-0.0088933392475632
2014-12-15,10.143,10.143,9.921,9.921,282227,0,-1.5285359801488818,10.1098,10.3059,10.4538,10.363018885248591,10.89401841468952,10.01358158531048,1.019306155350383,19.368974583698417,225937.0,2.2376776534623657,-2.1887015675835677,-5.6759840273816415,-0.0154033851649812
2014-12-16,9.861,9.964,9.76,9.928,324814,0,0.0705574034875589,10.0344,10.2497,10.420649999999998,10.321588515224915,10.91401152005792,9.927288479942078,1.03617330022996,17.562724014336922,229883.85,2.090163934426236,0.6794442754284572,-5.357483317445178,0.0007053252345407
2014-12-17,9.901,10.062,9.846,10.033,220198,0,1.057614826752595,10.0244,10.2075,10.39185,10.294103894727304,10.905738079152371,9.877961920847628,1.1542666309373877,25.42229729729721,227786.05,2.1937842778793346,1.33319866680133,-4.036346245815404,0.0105206120411693
2014-12-18,10.12,10.218,10.033,10.136,311339,0,1.0266121798066408,10.0186,10.165400000000002,10.3705,10.279046380943752,10.889899450783176,9.851100549216824,1.1611376989100064,31.123244929797167,232119.3,1.8439150802352289,0.1581027667984191,-3.98787534337407,0.0102137830753622
2014-12-19,10.172,10.283,10.12,10.255,237395,0,1.174033149171283,10.0546,10.1384,10.3537,10.2767562494253,10.864738200240888,9.842661799759112,1.2642197475953547,39.87682832948423,234416.75,1.6106719367588958,0.8159653952025185,-2.565320665083126,0.0116719485055061
2014-12-22,10.291,10.338,10.136,10.156,226805,0,-0.9653827401267744,10.1016,10.1057,10.3296,10.265255654241937,10.82952689991972,9.829673100080282,1.2840526435248147,37.810218978102206,235096.2,1.9928966061562745,-1.3118258672626546,-3.119336067919487,-0.009700727681912
2014-12-23,10.218,10.311,10.068,10.261,204956,0,1.033871602993286,10.1682,10.1013,10.31165,10.264850353837945,10.793113241205145,9.830186758794856,1.2457293147266293,43.26388888888885,234039.15,2.4135876042908255,0.4208259933450701,-0.426977195536149,0.0102856370376399
2014-12-24,10.261,10.418,10.259,10.373,159928,0,1.0915115485820026,10.2362,10.1303,10.2977,10.275150320139092,10.753104088926207,9.842295911073789,1.0379276889321036,43.65517241379306,229288.6,1.5498586606881657,1.0915115485820106,2.8761281364673152,0.0108559755696188
2014-12-26,10.408,10.55,10.379,10.483,249335,0,1.0604453870625807,10.3056,10.1621,10.2911,10.294945527744892,10.730693544323293,9.85150645567671,1.0546150555173996,48.625654450261784,232326.25,1.6475575681665011,0.7205995388163055,3.128381701918359,0.0105486210207447
2014-12-29,10.518,10.518,10.35,10.385,222773,0,-0.9348468949728184,10.331599999999998,10.1931,10.27935,10.303522144150142,10.6937697084322,9.864930291567802,1.0609589583868162,46.90656565656563,238760.25,1.6231884057971115,-1.264498954173806,3.076923076923088,-0.00939244014236
2014-12-30,10.325,10.365,10.192,10.229,296898,0,-1.5021665864227265,10.3462,10.2239,10.2649,10.296424797088225,10.664159261501752,9.865640738498248,1.0559063152469883,47.56722151088347,245243.5,1.6974097331240192,-0.929782082324456,3.1045257534522808,-0.0151356338532053
2014-12-31,10.192,10.305,10.192,10.282,173279,0,0.5181347150259086,10.3504,10.2593,10.2545,10.295051006889343,10.639658067346764,9.869341932653237,1.0540557398004748,57.142857142857125,242364.4,1.1087127158555683,0.8830455259026674,3.565672844480239,0.0051679701584425
2015-01-02,10.289,10.341,10.232,10.341,174106,0,0.5738183232834038,10.344,10.2901,10.2488,10.299427101471313,10.624728100628689,9.87287189937131,1.0290805147983264,56.42335766423357,241672.85,1.065285379202502,0.5053941102147886,3.0698694308781027,0.005721782569525
2015-01-05,10.334,10.369,10.171,10.229,198467,0,-1.0830674016052644,10.2932,10.2994,10.2324,10.292719758474044,10.579206422571772,9.885593577428228,1.0802764982398676,55.53160919540228,243739.0,1.9467112378330589,-1.0160634797755026,0.9175217048145168,-0.0108897527279677
2015-01-06,10.275,10.35,10.172,10.26,266823,0,0.3030599276566681,10.2682,10.2999,10.21915,10.289603591000326,10.538009992374445,9.900290007625554,1.017018575687475,63.35697399527185,246106.35,1.749901690916231,-0.1459854014598595,0.0487567040468039,0.0030260162677531
2015-01-07,10.254,10.296,10.149,10.177,381092,0,-0.8089668615984369,10.2578,10.302,10.20385,10.278879439476484,10.497795412046774,9.909904587953225,1.0014419760270097,59.25650557620812,256851.55,1.448418563405264,-0.7509264677199138,0.2067743205986572,-0.0081225675328289
2015-01-08,10.207,10.379,10.199,10.317,148827,0,1.375650977694809,10.2648,10.3076,10.20445,10.282509969050151,10.499312305063835,9.909587694936164,1.044594897887318,60.289855072463766,245981.1,1.7648789096970263,1.0776917801508712,0.5457557742910124,0.0136627479084444
2015-01-09,10.275,10.334,10.199,10.223,190006,0,-0.9111175729378584,10.2412,10.2926,10.21145,10.27684235295014,10.500767509067153,9.92213249093285,1.0163132340029146,53.1728665207878,240816.4,1.3236591822727697,-0.5060827250608233,-1.4460618914489354,-0.0091529363433617
2015-01-12,10.282,10.282,10.163,10.223,189832,0,0.0,10.24,10.2666,10.21435,10.27171450981203,10.502868739700013,9.925831260299988,0.9285705299235624,48.722044728434504,239591.75,1.1709141001672712,-0.5738183232834008,-2.480206047887057,0.0
2015-01-13,10.254,10.317,10.185,10.296,248350,0,0.7140761029051923,10.2472,10.2577,10.2254,10.274027413639455,10.508321153234531,9.942478846765468,0.9391878194319914,55.709624796084775,235372.5,1.296023564064798,0.4095962551199514,-0.857005296100144,0.0071153865189483
2015-01-14,10.192,10.372,10.192,10.325,300289,0,0.2816627816627726,10.2768,10.2673,10.2456,10.278881945673794,10.492394523525732,9.998805476474269,0.798334582495458,52.782608695652165,236275.6,1.7660910518053348,1.3049450549450463,0.9385081630657988,0.0028126685532708
2015-01-15,10.296,10.379,10.229,10.282,222203,0,-0.4164648910411572,10.2698,10.2673,10.2633,10.27917890322867,10.45984928403029,10.066750715969713,0.7981732985185841,45.79093432007405,231145.05,1.4664190047903056,-0.1359751359751296,0.0,-0.0041733452137834
2015-01-16,10.192,10.358,10.171,10.325,208833,0,0.4182065745963692,10.2902,10.2657,10.2779,10.283542817206891,10.443337728784726,10.112462271215271,0.7872473138118259,42.20907297830368,230576.8,1.838560613509008,1.3049450549450463,-0.1547239145150425,0.0041733452137834
2015-01-20,10.282,10.31,10.185,10.282,310645,0,-0.4164648910411572,10.302,10.271,10.2852,10.283395882234808,10.43655959274514,10.133840407254858,0.7110808311277123,44.629822732012514,230542.1,1.2272950417280315,0.0,0.5181347150259086,-0.0041733452137834
2015-01-21,10.223,10.325,10.204,10.31,179444,0,0.2723205602022993,10.3048,10.276,10.28795,10.285929607736255,10.438997535216313,10.13690246478369,0.7099499093533601,54.87364620938638,227644.55,1.1858094864758786,0.8510222048322383,0.4873294346978696,0.0027195043955556
2015-01-22,10.35,10.525,10.35,10.454,226118,0,1.3967022308438493,10.3306,10.3037,10.30285,10.301936311761374,10.457833564494248,10.147866435505753,0.754366383226914,59.32754880694149,227610.2,1.6908212560386542,1.0048309178744057,2.7218237201533046,0.0138703822618616
2015-01-23,10.429,10.601,10.415,10.581,342057,0,1.214845991964797,10.3904,10.3301,10.31885,10.328513805879338,10.51598236269379,10.121717637306212,0.7295181398215962,62.121212121212174,234465.25,1.7858857417186915,1.4574743503691556,2.5588833963361424,0.0120752596312945
2015-01-26,10.586,10.622,10.543,10.581,263081,0,0.0,10.4416,10.3659,10.32925,10.352560110081305,10.55784651883009,10.10065348116991,0.6156537008611523,70.04555808656046,239622.9,0.7493123399411992,-0.0472321934630718,3.501907463562537,0.0
2015-01-27,10.543,10.593,10.438,10.551,279693,0,-0.2835270768358322,10.4954,10.398700000000002,10.33265,10.371459147216418,10.572615150979038,10.09268484902096,0.6394521848108458,66.59064994298757,241140.8,1.4849588043686468,0.0758797306269647,3.208451530861778,-0.0028392977620694
2015-01-28,10.574,10.622,10.518,10.543,171959,0,-0.0758221969481609,10.542,10.4234,10.34055,10.387796371291046,10.59756892209713,10.083531077902869,0.6338710015965463,72.81795511221954,238600.1,0.9887811370983,-0.2931719311518875,2.398989898989901,-0.0007585095651425
2015-01-29,10.534,10.557,10.415,10.511,210779,0,-0.3035189225078283,10.5534,10.441999999999998,10.35465,10.399530050215708,10.616792006513888,10.09250799348611,0.6561305503072015,63.976945244956795,234294.15,1.3634181469035165,-0.2183406113537256,1.801452784503632,-0.0030398047535952
2015-01-30,10.454,10.463,10.372,10.4,188944,0,-1.056036533155735,10.5172,10.4538,10.36055,10.399574807338022,10.621114145047608,10.099985854952392,0.7458387831963229,62.4472573839663,235077.4,0.8773621288083235,-0.5165486894968458,1.1476366465668295,-0.0106165216938902
2015-02-02,10.4,10.438,10.296,10.415,146075,0,0.1442307692307576,10.484,10.462799999999998,10.36425,10.401043873305827,10.625745194682972,10.102754805317028,0.738527720463189,63.223140495867774,233675.85,1.3791763791763914,0.1442307692307576,0.8716707021791725,0.0014412685656082
2015-02-03,10.385,10.574,10.385,10.504,247020,0,0.8545367258761427,10.4746,10.485,10.378,10.410849218705271,10.638469212243011,10.117530787756989,0.7510823306748615,64.01617250673864,236103.5,1.8199325950890712,1.14588348579682,2.1591130130324876,0.0085090622875597
2015-02-04,10.511,10.779,10.511,10.697,311228,0,1.83739527798934,10.505399999999998,10.5237,10.39985,10.438101674066676,10.690239411870497,10.109460588129505,0.9102355452989096,70.52980132450341,238323.75,2.549709827799455,1.7695747312339452,3.753637245392816,0.0182071913234987
2015-02-05,10.764,10.772,10.684,10.742,180440,0,0.4206786949612295,10.5516,10.5525,10.4281,10.46704437177461,10.73657393475175,10.119626065248251,0.8376932954503787,75.33039647577104,228291.15,0.8236615499812895,-0.2043849869936684,2.7549263439831773,0.004197963159274
2015-02-06,10.697,10.735,10.592,10.654,162387,0,-0.8192142990132267,10.6024,10.5598,10.44495,10.484849669700838,10.764489454775257,10.125410545224746,0.8311275393741057,67.2612801678909,228969.15,1.350075528700896,-0.4019818640740326,0.6899158869672073,-0.0082258829884602
2015-02-09,10.661,10.729,10.592,10.683,144593,0,0.2721982354045416,10.656,10.57,10.467949999999998,10.50372112972933,10.786442154741287,10.14945784525871,0.8329674247208882,71.3525026624068,226698.5,1.2934290030211355,0.2063596285526708,0.9639920612418472,0.0027182844689429
2015-02-10,10.683,10.742,10.629,10.697,128226,0,0.1310493307123517,10.6946,10.584599999999998,10.49165,10.52212864118368,10.803876823757747,10.179423176242253,0.8220535987597983,70.91891891891888,223618.2,1.063129174898874,0.1310493307123406,1.38375509430384,0.0013096353602434
2015-02-11,10.646,10.794,10.646,10.772,295824,0,0.7011311582686863,10.7096,10.6075,10.515449999999998,10.5459259134519,10.837301534913973,10.193598465086025,0.8359304983221085,68.57476635514017,225991.9,1.390193499906065,1.1835431147848905,2.172057289196627,0.0069868466253588
2015-02-12,10.742,10.853,10.722,10.827,310403,0,0.5105829929446637,10.7266,10.6391,10.54055,10.572694874075529,10.877794858725832,10.203305141274168,0.8189400893405508,65.6887755102041,226497.6,1.2217869800410393,0.7912865388195781,3.006374274569512,0.0050928393794086
2015-02-13,10.853,10.853,10.764,10.794,191952,0,-0.3047935716264827,10.7546,10.6785,10.56615,10.593771552735005,10.898452509612698,10.2338474903873,0.7076555517843253,63.035495716034326,224985.05,0.8268301746562654,-0.5436284898184768,3.7884615384615294,-0.00305259013231
2015-02-17,10.729,10.779,10.668,10.722,299803,0,-0.667037242912738,10.7624,10.7092,10.586,10.60598378580786,10.904805005574108,10.267194994425893,0.7798433817555128,59.95343422584394,229533.55,1.0404949381327395,-0.065243731941464,2.947671627460391,-0.0066927187911051
2015-02-18,10.689,10.952,10.689,10.899,212446,0,1.6508114157806286,10.8028,10.7487,10.61685,10.633890091921398,10.931172177994338,10.30252782200566,0.8779575289384671,67.31517509727624,224623.6,2.460473383852558,1.964636542239677,3.760472201066256,0.0163733365018285
2015-02-19,10.894,10.991,10.861,10.965,152577,0,0.6055601431323998,10.8414,10.7755,10.6496,10.665424368881265,10.965792080196676,10.333407919803324,0.7223314130239956,71.37476459510358,223280.25,1.1969431912346835,0.6517348999449214,2.505375338880067,0.0060373399626769
2015-02-20,10.965,11.079,10.908,10.952,339298,0,-0.1185590515275891,10.8664,10.796499999999998,10.6745,10.692717286130668,11.003990515796968,10.345009484203032,0.7282852866093439,78.63070539419078,228939.25,1.5676567656765783,-0.1185590515275868,1.954943213554272,-0.0011862938837037
2015-02-23,10.991,11.065,10.946,11.035,196316,0,0.7578524470416292,10.914599999999998,10.8346,10.6972,10.725315639832507,11.060399582657048,10.33400041734295,0.6505855388849746,80.03875968992243,221652.2,1.0871551251598737,0.400327540715135,3.576121644452779,0.0075499517225518
2015-02-24,11.027,11.079,10.975,11.027,167029,0,-0.0724966017218053,10.9756,10.869,10.7195,10.754047483657985,11.106638218211724,10.332361781788276,0.6643791795362561,77.49737118822279,216849.6,0.9476082004555898,0.0,3.2200692689319466,-0.0007252289321583
2015-02-25,11.057,11.132,11.043,11.079,245271,0,0.4715697832592846,11.0116,10.9072,10.7459,10.784995342357224,11.155988514193986,10.335811485806015,0.6623757425095538,73.58024691358017,215128.5,0.8059404147423745,0.1989689789273785,3.5710946994484516,0.0047046137619945
2015-02-26,11.052,11.155,11.004,11.035,155701,0,-0.3971477570177906,11.0256,10.9335,10.7705,10.808805309751774,11.188295467461918,10.352704532538082,0.6888472212489916,68.10877626699614,214315.6,1.3722282806252255,-0.153818313427429,2.441515038989972,-0.0039793848298362
2015-02-27,10.991,11.065,10.899,10.923,201343,0,-1.01495242410512,11.0198,10.9431,10.7911,10.81968099453732,11.195433317423989,10.386766682576011,0.7853270670030562,66.14645858343331,213843.8,1.5230755115148211,-0.6186880174688347,0.8866722083679779,-0.0102013818472936
2015-03-02,10.853,10.929,10.812,10.878,284126,0,-0.4119747322164246,10.988400000000002,10.9515,10.815,10.825235185533764,11.17620383514915,10.453796164850852,0.7920330360214553,61.48409893992929,218602.9,1.0821309655937927,0.2303510550078352,0.7782101167315147,-0.004128256860637
2015-03-03,10.878,11.004,10.841,10.991,189281,0,1.0387938959367515,10.9812,10.9784,10.8438,10.841022310721026,11.159731771448618,10.527868228551382,0.7968580672926119,65.50632911392401,220763.2,1.5035513329028714,1.0387938959367489,2.508860287259851,0.0103343550859943
2015-03-04,10.952,11.148,10.916,11.116,291204,0,1.137294149758894,10.9886,11.0001,10.8744,10.867210662080929,11.16962972322213,10.57917027677787,0.7082423142134896,67.23446893787568,222972.4,2.125320630267491,1.4974433893352783,1.9910083493898556,0.0113087557934939
2015-03-05,11.132,11.139,11.013,11.027,206244,0,-0.8006477150053981,10.986999999999998,11.0063,10.890899999999998,10.882428694263698,11.181229685557504,10.600570314442493,0.7566297688763414,59.68992248062008,217723.2,1.1441024244075135,-0.9432267337405716,0.565435476516174,-0.0080387011037158
2015-03-06,10.965,11.035,10.812,10.861,237636,0,-1.5053958465584327,10.9746,10.9972,10.89685,10.880387866238584,11.17909608523717,10.614603914762828,0.9052807205311606,52.8755364806867,220583.0,2.062523122456537,-0.9484724122206948,-0.8308984660335916,-0.0151684194786422
2015-03-09,10.802,10.894,10.785,10.812,279244,0,-0.4511555105423226,10.9614,10.974900000000002,10.90475,10.873874736120625,11.166474543828496,10.643025456171504,0.8606256365346937,53.94045534150611,226425.85,1.0106629578117754,0.0925754489909256,-2.020842772995024,-0.0045217628836979
2015-03-10,10.735,10.82,10.608,10.793,320107,0,-0.1757306696263394,10.9218,10.9515,10.91025,10.866172380299613,11.156520604267836,10.663979395732166,0.8595365885764086,44.613821138211414,235201.55,1.9984917043740549,0.5402887750349309,-2.1220640246667255,-0.0017588525709918
2015-03-11,10.764,10.779,10.672,10.741,190095,0,-0.4817937552117124,10.846799999999998,10.9177,10.91245,10.854251201223455,11.151376084143902,10.673523915856098,0.8277070342915528,38.45360824742269,238295.0,1.0026236881559156,-0.2136752136752107,-3.050816860727512,-0.0048295812272993
2015-03-12,10.721,10.82,10.666,10.764,244756,0,0.2141327623126354,10.7942,10.8906,10.91205,10.845655848725984,11.15199076023298,10.672109239767018,0.8426865477379369,40.408163265306115,235741.6,1.443840240015,0.4010819886204576,-2.4558223833257897,0.0021390382487494
2015-03-13,10.771,10.82,10.695,10.749,266513,0,-0.1393534002229524,10.7718,10.8732,10.90815,10.8364505297997,11.156306381086226,10.659993618913772,0.7981230103927485,34.32017543859652,233547.1,1.168770453482936,-0.2042521585739508,-1.5929689645701628,-0.0013945058737327
2015-03-16,10.802,10.846,10.771,10.812,287075,0,0.586101032654196,10.7718,10.8666,10.90905,10.834121907914014,11.155588541878766,10.662511458121235,0.8247382403046254,38.88314374353671,238303.25,0.6963141769566362,0.0925754489909256,-0.6067291781577611,0.0058439014232746
2015-03-17,10.802,10.841,10.741,10.785,180681,0,-0.2497225305216344,10.7702,10.846,10.9122,10.829443630969822,11.150135506520751,10.67426449347925,0.7295424924735869,34.394904458598646,232347.15,0.9310120100549264,-0.1573782632845719,-1.8742607588026483,-0.0025003485730813
2015-03-18,10.749,10.93,10.735,10.894,197794,0,1.010662957811781,10.8008,10.8238,10.91195,10.835591856591744,11.149954400667236,10.673945599332765,0.7046845380723299,42.99900695134058,231614.55,1.8164881229622756,1.348962694204108,-1.9971212666426763,0.010055899120363
2015-03-19,10.885,10.899,10.846,10.868,119393,0,-0.2386634844868673,10.8216,10.8079,10.9071,10.83867834644015,11.144505183289583,10.669694816710416,0.6730989300561295,47.01411509229099,229955.35,0.4886594136086949,-0.1561782269177718,-1.441915298812002,-0.0023894873973813
2015-03-20,10.878,10.966,10.878,10.93,204824,0,0.5704821494295187,10.8578,10.8148,10.906,10.847375646779184,11.14273213821382,10.669267861786182,0.5055193404254005,52.77185501066098,223231.65,0.8089722375436587,0.4780290494576172,0.6353006168861031,0.0056886106243458
2015-03-23,10.946,10.966,10.878,10.878,146190,0,-0.475754803293682,10.871,10.8214,10.89815,10.850292251847833,11.127157262583347,10.669142737416651,0.5083592525966485,43.55758266818699,220725.35,0.8089722375436587,-0.6212315000913541,0.6104328523862446,-0.0047689011876781
2015-03-24,10.861,10.946,10.82,10.924,215703,0,0.4228718514432739,10.8988,10.8345,10.893,10.857312037386134,11.114309975516893,10.671690024483109,0.5124775508357048,37.96992481202998,223159.05,1.1645101663585902,0.5800570849829558,1.213749652552587,0.0042198026106895
2015-03-25,10.868,10.916,10.757,10.757,263193,0,-1.528744049798603,10.8714,10.8361,10.8769,10.847758510016025,11.087843644257804,10.665956355742198,0.7160276612130083,34.58904109589032,224055.15,1.4781072789811351,-1.0213470739786588,0.1489619216087812,-0.0154054981615901
2015-03-26,10.741,10.741,10.569,10.578,513922,0,-1.6640327228781282,10.8134,10.8175,10.85405,10.822067223347831,11.090366001641256,10.61773399835874,0.8850157306279158,34.08323959505047,241966.2,1.627400889393498,-1.517549576389538,-1.727982162764774,-0.0167803328060802
2015-03-27,10.554,10.713,10.554,10.681,163303,0,0.9737190395159744,10.7636,10.8107,10.84195,10.808632249695656,11.087983352467608,10.595916647532396,0.9564928029993772,43.05408271474014,240064.2,1.506537805571337,1.2033352283494303,-0.6326169876267662,0.0096900894637702
2015-03-30,10.735,10.771,10.704,10.713,199120,0,0.2995974159722969,10.7306,10.8008,10.8337,10.799524416391307,11.085638254758305,10.581761745241694,0.939146075110338,45.815899581589925,235813.9,0.6259342301943215,-0.2049371215649766,-0.9156492785793556,0.0029914951728627
2015-03-31,10.66,10.704,10.59,10.681,157388,0,-0.2987025109679853,10.682,10.7904,10.8182,10.788236376734991,11.067521268120023,10.568878731879977,0.9402105966431252,46.79487179487175,234219.25,1.0764872521246531,0.1969981238273829,-0.9643022716736338,-0.0029914951728627
2015-04-01,10.704,10.779,10.608,10.779,171528,0,0.9175170864151428,10.6864,10.778899999999998,10.80135,10.78735672180785,11.007792830113807,10.59490716988619,0.9284512603183296,50.741839762611306,228235.45,1.6119909502262382,0.7006726457399036,-1.0556269506150184,0.009133334691933
2015-04-02,10.728,10.779,10.66,10.666,235203,0,-1.0483347249281016,10.704,10.7587,10.7833,10.77579893877853,10.968729345318916,10.597870654681088,0.9757751633518889,46.257889990982854,229683.4,1.1163227016885533,-0.5779269202087938,-1.858667648141332,-0.0105386846210809
2015-04-06,10.628,10.834,10.59,10.812,205359,0,1.368835552222003,10.7302,10.7469,10.78085,10.77924665889486,10.963226447002322,10.59847355299768,1.0721824310443493,50.0,228069.55,2.304060434372047,1.7312758750470387,-1.0795974382433735,0.0135955162357905
2015-04-07,10.764,11.005,10.741,11.005,322812,0,1.785053644099155,10.7886,10.7596,10.7905,10.80074697709535,10.998447867961206,10.582552132038794,1.2139110579783736,58.100147275405035,230247.95,2.457871706545025,2.2389446302489917,1.1674940246368948,0.0176930865642238
2015-04-08,10.966,11.019,10.923,10.946,288664,0,-0.5361199454793408,10.8416,10.7618,10.79815,10.814580598324364,11.017433306298472,10.578866693701528,1.2253953682981484,51.987767584097845,228675.8,0.878879428728372,-0.1823819077147508,0.2013914317100074,-0.0053756222566987
2015-04-09,10.939,11.028,10.915,11.005,420444,0,0.5390096839028136,10.8868,10.7866,10.81135,10.832715779436333,11.047298500179547,10.575401499820453,1.1019729274065089,55.108128262490695,240193.25,1.0352725606963016,0.6033458268580375,2.305475504322785,0.0053756222566987
2015-04-10,11.036,11.053,10.976,10.984,238599,0,-0.1908223534756947,10.9504,10.8272,10.82235,10.847123800442397,11.069262108803557,10.575437891196444,0.9000634946726368,52.07692307692308,239885.4,0.7015306122448975,-0.4711852120333418,3.838154660616389,-0.001910046512755
2015-04-13,11.013,11.068,10.898,10.907,251776,0,-0.7010196649672285,10.9694,10.849799999999998,10.83025,10.852826295638357,11.077391020898316,10.583108979101684,0.9327332358226644,51.0943396226415,239148.55,1.559919251238759,-0.9624988649777524,2.115906750304286,-0.007034883519064
2015-04-14,10.898,11.045,10.868,11.036,145062,0,1.182726689282099,10.9756,10.8821,10.841449999999998,10.870271410339466,11.104874792023766,10.57802520797623,0.9822827708211104,53.97727272727273,232047.9,1.628634523371362,1.2662873921820508,3.015028470083081,0.0117578714084336
2015-04-15,11.036,11.053,10.966,11.005,234401,0,-0.2808988764044784,10.9874,10.9145,10.85245,10.88310270459285,11.124191731099929,10.580708268900072,0.9810888216559188,59.748427672956005,234733.9,0.7933612985591969,-0.2808988764044836,3.033423836719429,-0.0028129413766145
2015-04-16,11.005,11.058,10.992,11.036,156332,0,0.28169014084507,10.9936,10.9402,10.85955,10.897664351774484,11.14302948965095,10.576070510349048,0.9571931778807028,70.37366548042705,232660.8,0.6004366812226978,0.2816901408450595,2.3842657018276148,0.0028129413766146
2015-04-17,11.019,11.019,10.929,11.019,119104,0,-0.1540413193185874,11.0006,10.9755,10.8671,10.909220127795962,11.159432111062102,10.574767888937895,0.8603251102139534,66.2813102119461,232646.35,0.8234971177600865,0.0,3.3095818488655615,-0.0015416008493996
2015-04-20,11.045,11.098,10.939,10.939,189484,0,-0.7260186949814007,11.007,10.9882,10.867549999999998,10.912056306101109,11.160317178919977,10.57478282108002,0.8337497523479848,60.405156537753264,231879.35,1.4535149465216262,-0.95971027614305,1.1746207917129103,-0.0072866703679862
2015-04-21,10.992,11.005,10.818,10.852,265095,0,-0.7953194990401258,10.9702,10.9729,10.86625,10.906336657901004,11.159052699872737,10.573447300127263,0.6373202583555397,57.49342681858024,237824.6,1.7286004806803583,-1.2736535662299904,-1.390277146751484,-0.0079849903409683
2015-04-22,10.884,11.127,10.877,11.104,278267,0,2.3221525985993363,10.989999999999998,10.9887,10.87525,10.925161738100908,11.1860397410759,10.5644602589241,0.9850515138404584,62.54826254826254,240952.8,2.298427875333272,2.021315692760004,1.443449661976981,0.0229560089677633
2015-04-23,11.104,11.104,11.028,11.045,195780,0,-0.5313400576368865,10.9918,10.9927,10.88965,10.93657490590082,11.204037809459862,10.575262190540135,0.9959051624498596,65.26994359387592,237582.15,0.689154878491102,-0.5313400576368812,0.3634711494775011,-0.0053275668923681
2015-04-24,10.992,11.038,10.893,10.907,343910,0,-1.249434133091898,10.969399999999998,10.985,10.9061,10.933758248195982,11.184157850853342,10.628042149146658,1.0762715732485677,53.85239253852395,229081.55,1.331130083539884,-0.7732896652110702,-0.7010196649672285,-0.0125730519254746
2015-04-27,10.939,10.984,10.826,10.86,226216,0,-0.4309159255523997,10.9536,10.9803,10.91505,10.926733653129698,11.173427508390786,10.656672491609212,1.0618329814823149,43.330266789328356,232227.2,1.459449473489742,-0.7221866715421942,-0.4309159255523997,-0.0043184704408165
2015-04-28,10.893,10.929,10.826,10.898,180892,0,0.3499079189686949,10.9628,10.9665,10.9243,10.923997114736396,11.164852084304588,10.68374791569541,0.9853431823346156,47.74859287054408,231315.8,0.9514132643635668,0.0459010373634352,-1.2504530627038823,0.0034929716551172
2015-04-29,10.898,10.929,10.833,10.852,147956,0,-0.4220957973940065,10.9124,10.9512,10.932849999999998,10.917140246666262,11.147782327171322,10.717917672828674,0.9888876435910632,42.73504273504268,230844.2,0.8861811132650244,-0.4220957973940115,-1.390277146751484,-0.0042298913642211
2015-04-30,10.826,10.86,10.711,10.755,245453,0,-0.8938444526354505,10.8544,10.9231,10.93165,10.901698318412333,11.150432540437128,10.712867459562874,1.0035405083466251,39.85828166519041,234540.45,1.3910932686023634,-0.6558285608719724,-2.5462123957955662,-0.0089786320769918
2015-05-01,10.8,10.852,10.747,10.763,169429,0,0.0743840074383994,10.8256,10.8975,10.9365,10.888488954754015,11.133725492107295,10.739274507892702,1.0086324621627287,43.20754716981127,231251.75,0.977016841909374,-0.3425925925926,-2.323259823940471,0.0007435635624677
2015-05-04,10.778,10.84,10.726,10.74,184975,0,-0.2136950664312853,10.8016,10.8776,10.9329,10.874347149539346,11.141967000089538,10.723832999910462,0.99355128331511,34.486373165618375,230232.55,1.062837963826207,-0.3525700501020621,-1.819179084011335,-0.0021392372014424
2015-05-05,10.718,10.84,10.711,10.84,259812,0,0.9310986964618184,10.79,10.8764,10.92465,10.87107599244036,11.13475701533947,10.714542984660527,1.024086800942828,41.93548387096766,227082.55,1.204369339930908,1.1382720656838952,-0.1105786951714038,0.0092679069307814
2015-05-06,10.818,10.877,10.8,10.852,195524,0,0.1107011070110797,10.79,10.8512,10.91995,10.869259231255564,11.132240243225038,10.707659756774962,0.6272855103524575,40.83665338645419,222425.55,0.7129629629629626,0.3142909964873424,-2.2694524495677104,0.0011063987851852
2015-05-07,10.852,10.966,10.845,10.939,247240,0,0.8016955399926307,10.8268,10.8406,10.91665,10.875901209231223,11.1253959044669,10.7079040955331,0.6936756045228536,46.27560521415269,213765.35,1.1157215306592776,0.8016955399926257,-0.9597102761430554,0.0079849903409684
2015-05-08,10.976,10.984,10.876,10.898,172571,0,-0.3748057409269645,10.8538,10.8397,10.91235,10.878005855971107,11.118784671710776,10.705915328289224,0.5771946955968226,48.01932367149756,210463.95,0.9930121368150104,-0.7106413994169203,-0.0825158155313143,-0.0037550989767472
2015-05-11,10.893,10.915,10.761,10.777,227522,0,-1.1102954670581755,10.8612,10.8314,10.90585,10.868386250640526,11.120996730836422,10.69070326916358,0.6658423392484705,46.49204864359208,209251.25,1.4310937645200257,-1.0649040668319236,-0.7642725598526745,-0.0111650525462119
2015-05-12,10.732,10.898,10.718,10.859,128579,0,0.7608796511088478,10.864999999999998,10.8275,10.897,10.867492322008095,11.104012839673294,10.689987160326709,0.706408892267402,36.37374860956622,208427.1,1.679417801828697,1.1833768169959065,-0.3578638282253576,0.0075799956200687
2015-05-13,10.893,10.966,10.859,10.952,193242,0,0.8564324523436806,10.885,10.8375,10.89435,10.875540672293038,11.096849408706404,10.691850591293596,0.7430329208441453,45.016077170418015,206369.15,0.985357767750247,0.5416322408886374,0.9214891264283098,0.0085278587513843
2015-05-14,10.907,10.946,10.809,10.825,306813,0,-1.1596055514974446,10.8622,10.8445,10.8838,10.870727274931795,11.076998670585278,10.690601329414724,0.7858218761920297,45.55314533622556,213893.2,1.2674622999352434,-0.7518107637297217,0.6508600650859897,-0.0116638140975942
2015-05-15,10.915,10.976,10.832,10.976,184678,0,1.3949191685912463,10.8778,10.865799999999998,10.88165,10.880753248747816,11.069393694266868,10.693906305733131,0.8909909891589409,55.65302144249518,217171.9,1.3293943870014782,0.558863948694473,1.9790021369506805,0.013852797094976
2015-05-18,10.952,11.014,10.907,10.992,210788,0,0.1457725947521915,10.9208,10.891,10.8843,10.8913481774385,11.076885838688328,10.691714161311673,0.8796370538614185,54.68127490039846,218237.1,0.9810213624277924,0.3652300949598331,2.346368715083802,0.0014566644964641
2015-05-19,10.992,11.037,10.876,10.999,198520,0,0.0636826783114941,10.9488,10.906899999999998,10.89165,10.901600731968166,11.090174319072716,10.693125680927285,0.8455495037413964,57.61658031088083,214908.35,1.4803236484001596,0.0636826783114963,1.466789667896684,0.000636624094986
2015-05-20,10.976,10.976,10.867,10.915,137899,0,-0.7637057914355982,10.941400000000002,10.9132,10.8822,10.902876852733105,11.0544135760897,10.7099864239103,0.893779921537017,58.40336134453769,207889.95,1.0030367166651328,-0.555758017492727,0.580538149649823,-0.0076663695730725
2015-05-21,10.923,10.952,10.884,10.946,205280,0,0.2840128263857044,10.9656,10.9139,10.87725,10.906983819139471,11.03483022184246,10.71966977815754,0.8605168188842098,59.38461538461533,208364.95,0.6247703050349102,0.2105648631328361,0.0639912240606888,0.0028361027198191
2015-05-22,10.898,10.929,10.876,10.876,178069,0,-0.6395030147999248,10.9456,10.9117,10.8757,10.904032979221428,11.032656715455076,10.718743284544924,0.8775617337770601,56.65362035225042,200072.9,0.4873115115851492,-0.2018719031014887,-0.2018719031014915,-0.0064155659515021
2015-05-26,10.915,10.915,10.777,10.825,237887,0,-0.4689223979404189,10.9122,10.9165,10.87395,10.896506028819388,11.032416964845984,10.715483035154016,0.8095610697090622,49.22918807810892,200656.45,1.280504778695369,-0.8245533669262471,0.4453929665027445,-0.0047002528816707
2015-05-27,10.799,11.037,10.799,11.028,149676,0,1.875288683602783,10.918,10.9334,10.88045,10.909029264169924,11.053100514045363,10.707799485954634,0.9778913561829664,57.56013745704464,199095.65,2.2039077692379045,2.1205667191406703,1.5563127359793816,0.0185792192729968
2015-05-28,10.939,11.119,10.939,11.099,218821,0,0.643815741748277,10.9548,10.9481,10.8928,10.92712171520136,11.09041376470309,10.695186235296912,0.9632403639580758,56.968641114982546,202638.9,1.645488618703718,1.462656549958864,1.3422205989773506,0.0064175210082921
2015-05-29,11.075,11.081,10.966,10.966,199526,0,-1.1983061537075512,10.9588,10.9622,10.90335,10.930824408991706,11.09232872339198,10.714371276608018,0.9690911737308868,52.74193548387094,200342.55,1.0486959693598414,-0.984198645598194,1.3025404157043896,-0.0120554371879858
2015-06-01,11.02,11.06,10.946,10.952,160041,0,-0.1276673354003277,10.974,10.9598,10.9128,10.932841131944876,11.090811945193868,10.734788054806137,0.8626875319288113,57.722859664607235,199873.15,1.0414763383884595,-0.6170598911070746,-0.2186588921282872,-0.0012774889957089
2015-06-02,10.999,10.999,10.907,10.958,178460,0,0.0547845142439662,11.0006,10.9564,10.9237,10.935237214616793,11.082859767463612,10.764540232536389,0.8612404211415683,54.68306527909176,199547.4,0.8434950032089532,-0.3727611601054675,-0.3093158660844364,0.0005476951300761
2015-06-03,10.984,11.075,10.984,11.069,155302,0,1.0129585690819454,11.0088,10.9634,10.93515,10.94797652751043,11.101732080290189,10.768567919709811,0.9225587289759978,55.441860465116285,194321.9,0.8284777858703506,0.7738528769118797,0.6364214928629819,0.0100786252872628
2015-06-04,11.02,11.119,10.958,11.075,167862,0,0.0542054386123203,11.004,10.9794,10.9463,10.960074001080866,11.11918158405505,10.773418415944947,0.8757710515419161,63.10272536687625,192938.8,1.4692462128125532,0.4990925589836634,1.465872652313327,0.0005419075277122
2015-06-05,11.059,11.106,10.952,11.059,256177,0,-0.1444695259593675,11.0226,10.9907,10.9523,10.96949552478745,11.132297777764393,10.772302222235608,0.8789114320050403,55.06715506715495,193385.65,1.4061358655953242,0.0,1.0323405810341637,-0.0014457398379763
2015-06-08,11.054,11.099,10.965,11.069,182423,0,0.0904240889773255,11.046,11.01,10.96085,10.978972141474358,11.146154614082109,10.775545385917894,0.8395261458460569,54.73554735547353,193878.25,1.2220702234382157,0.1356974850732817,1.7745494667157136,0.0009038323102642
2015-06-09,11.02,11.046,10.987,11.028,147779,0,-0.3704038305176627,11.06,11.0303,10.9734,10.983641461333944,11.139255231737964,10.807544768262035,0.8316159826663083,51.711924439197155,189891.1,0.5369982706835285,0.0725952813067231,1.875288683602783,-0.0037109152419366
2015-06-10,11.02,11.02,10.849,10.928,220613,0,-0.906782734856726,11.0318,11.0203,10.97685,10.978342274540235,11.13539506249714,10.818304937502862,0.6504524126887509,50.7531865585169,194492.8,1.576182136602446,-0.8348457350272118,-0.906782734856726,-0.009109190333116
2015-06-11,10.965,10.965,10.837,10.837,193327,0,-0.8327232796486173,10.9842,10.9941,10.971100000000002,10.964881105536405,11.141349229073487,10.800850770926514,0.6329347975818219,44.095341278439896,194497.05,1.1811386915197943,-1.1673506611947115,-2.3605730245968126,-0.0083620978875761
2015-06-12,10.83,10.865,10.736,10.807,205813,0,-0.27682938082495,10.933800000000002,10.9782,10.9702,10.949844809771031,11.143857375917763,10.796542624082235,0.5372409768995297,46.09286523216315,189447.05,1.2015648286140048,-0.2123730378577995,-1.4499361663322885,-0.0027721326198295
2015-06-15,10.774,10.797,10.697,10.706,216464,0,-0.9345794392523477,10.8612,10.9536,10.9567,10.926621494554745,11.166646459340454,10.746753540659546,0.5921936280656063,43.62272240085749,191036.35,0.9348415443582444,-0.6311490625580065,-2.246165084002927,-0.0093897403498391
2015-06-16,10.697,10.83,10.697,10.807,146303,0,0.9433962264151052,10.817,10.9385,10.94745,10.915228971263817,11.166933100896328,10.727966899103672,0.6963997856425643,36.7027677496992,187812.1,1.243339253996456,1.0283256987940657,-1.3779886840664335,0.0093897403498391
2015-06-17,10.824,10.958,10.807,10.892,211137,0,0.7865272508559285,10.8098,10.9208,10.9421,10.913016688286309,11.16150867900148,10.72269132099852,0.6574665200325289,37.75147928994082,188442.95,1.397242527991115,0.6282335550628199,-1.5990604390640706,0.0078345024904846
2015-06-18,10.83,10.928,10.824,10.883,392782,0,-0.0826294528094018,10.819,10.9016,10.9405,10.910157956068565,11.161203659378996,10.719796340621006,0.6539478185122647,44.24410540915395,201187.1,0.960827790096092,0.489381348107101,-1.733634311512422,-0.0008266360975885
2015-06-19,10.858,10.952,10.837,10.898,109272,0,0.1378296425617931,10.8372,10.8855,10.9381,10.909000055490608,11.159594350647016,10.716605649352983,0.6613582469792574,46.26038781163435,196386.7,1.0611792931623163,0.3683919690550667,-1.455827832534584,0.0013773474469819
2015-06-22,10.922,10.928,10.842,10.883,144483,0,-0.1376399339328315,10.8726,10.8669,10.93845,10.906523859729596,11.159552952919212,10.717347047080787,0.6562666994591624,44.870041039671634,194707.4,0.7932115845784937,-0.3570774583409767,-1.6803685969825843,-0.0013773474469819
2015-06-23,10.892,10.965,10.865,10.922,122456,0,0.3583570706606753,10.895599999999998,10.8563,10.9433,10.907997777850587,11.158090081119887,10.728509918880109,0.6715033271521738,38.84673748103192,188935.85,0.9203865623561864,0.2754315093646817,-0.9611896989481284,0.0035771650160374
2015-06-24,10.883,10.914,10.759,10.766,200877,0,-1.428309833363861,10.8704,10.8401,10.9302,10.894474179960056,11.154966170895602,10.7054338291044,0.7564749479846271,30.902348578492152,191495.9,1.4406543359048178,-1.075071211981982,-1.482430453879946,-0.0143860835911965
2015-06-25,10.781,10.816,10.66,10.674,252066,0,-0.854542076908793,10.8286,10.8238,10.90895,10.87347663901148,11.146517918266754,10.671382081733244,0.7587017949220921,28.248587570621652,193158.15,1.463414634146347,-0.9924867823022084,-1.5041063024822443,-0.0085821422270125
2015-06-26,10.674,10.674,10.244,10.254,554287,0,-3.9347948285553658,10.6998,10.7685,10.87335,10.814478863867528,11.248482411710748,10.498217588289252,1.4204710762035926,18.53281853281861,210896.2,4.1975790706755145,-3.934794828555368,-5.117053761450919,-0.0401430045502442
2015-06-29,10.152,10.168,9.821,9.944,711374,0,-3.0232104544567817,10.512,10.6923,10.82295,10.731576114927764,11.380225883675632,10.26567411632437,1.6275403205475245,15.345268542199593,238462.85,3.53324508705834,-2.048857368006289,-7.117504203250502,-0.0306985191530986
2015-06-30,9.936,10.252,9.936,10.228,445480,0,2.855993563958159,10.3732,10.6344,10.78645,10.683616484934644,11.399333598461654,10.173566401538348,1.9295486522215608,29.977116704805496,251813.85,3.180354267310796,2.93880837359098,-5.35763856759508,0.0281597032205301
2015-07-01,10.336,10.426,10.275,10.396,309755,0,1.6425498631208455,10.2992,10.5848,10.7528,10.656224438750392,11.37420675720086,10.131393242799138,2.011790570305454,37.91780821917813,259536.5,1.4695863746958615,0.5804953560371565,-4.5538009548292235,0.0162920593503036
2015-07-02,10.419,10.453,10.244,10.305,389664,0,-0.8753366679492225,10.2254,10.527,10.7143,10.622774492202735,11.34696557225437,10.08163442774563,2.011471294990362,36.6914103923648,270626.6,2.040218664584143,-1.094154909300324,-5.311035560047772,-0.0087919024368215
2015-07-06,10.206,10.275,10.168,10.244,173848,0,-0.5919456574478454,10.223400000000002,10.4616,10.67355,10.586700731040567,11.317618474620646,10.029481525379357,1.9979073384636412,37.48645720476709,266510.15,1.0523210070810494,0.3723300019596341,-6.001101119471464,-0.0059370460051435
2015-07-07,10.196,10.391,10.137,10.26,329508,0,0.156188988676309,10.2866,10.3993,10.6331,10.555586375703372,11.274206576245662,9.991993423754336,2.0075817811809165,34.46905167518456,273864.4,2.5056722896320367,0.627697136131817,-5.724524487733151,0.0015606714053447
2015-07-08,10.173,10.26,10.102,10.12,338769,0,-1.3645224171540016,10.265,10.3191,10.5877,10.514101958969718,11.239569570422097,9.935830429577903,1.9929808707478596,28.744493392070524,283413.9,1.5640467234210995,-0.5209869261771437,-7.342977476652635,-0.013739175883304
2015-07-09,10.143,10.205,10.072,10.08,196660,0,-0.395256916996034,10.2018,10.2505,10.5453,10.472758915258316,11.21406731851667,9.876532681483331,1.980174423374416,28.262046561992477,282216.25,1.3204924543288414,-0.6211180124223662,-6.371911573472044,-0.0039604012160967
2015-07-10,10.12,10.195,10.089,10.143,230061,0,0.6250000000000089,10.1694,10.197399999999998,10.5106,10.441353304281334,11.18760747099989,9.83359252900011,2.017166158642327,30.079155672823276,284052.95,1.050649221924867,0.2272727272727417,-4.974704890387849,0.0062305497506361
2015-07-13,10.22,10.22,10.12,10.128,261527,0,-0.1478852410529474,10.1462,10.1848,10.47665,10.411510132445017,11.159151366877513,9.794148633122486,1.6138648144315666,30.079155672823276,286838.65,0.9881422924901326,-0.9001956947162477,-1.228788765359856,-0.0014799469920383
2015-07-14,10.112,10.236,10.112,10.22,238949,0,0.908372827804116,10.1382,10.2124,10.45235,10.393271072212158,11.135076199261531,9.769623800738469,1.267546972345804,31.98151950718687,287962.9,1.2262658227848156,1.0680379746835496,2.77554304102976,0.009042719373738
2015-07-15,10.275,10.282,10.173,10.205,282928,0,-0.146771037182003,10.1552,10.2101,10.42225,10.375340493906238,11.09210179036324,9.75239820963676,0.8889888998716,34.47703375760932,294794.15,1.0714636783642977,-0.6812652068126548,-0.2248728979272529,-0.0014687885137503
2015-07-16,10.205,10.319,10.205,10.305,214197,0,0.9799118079372836,10.2002,10.201,10.3929,10.3686413992485,11.02655037678535,9.759249623214652,0.76782025469643,39.834710743801665,294947.15,1.1170994610485132,0.9799118079372822,-0.8753366679492225,0.0097514180806142
2015-07-17,10.26,10.305,10.236,10.29,241537,0,-0.1455604075691452,10.2296,10.1995,10.36325,10.361151742177215,10.95441188004748,9.77208811995252,0.7174056063545202,51.27659574468084,287384.9,0.6740914419695101,0.2923976608187072,-0.1455604075691452,-0.0014566644964641
2015-07-20,10.254,10.26,10.044,10.066,200268,0,-2.176870748299309,10.2172,10.1817,10.32165,10.333042052446052,10.869907056498342,9.773392943501658,0.9849074709686274,54.607250755287005,291934.7,2.150537634408595,-1.833430856251208,-1.7376024990238048,-0.0220091414917898
2015-07-21,10.044,10.097,9.87,9.919,354374,0,-1.4603616133518793,10.157,10.1476,10.27345,10.29360947602262,10.781973342113142,9.76492665788686,1.0554253755972456,36.9839932603202,302429.25,2.2998986828774095,-1.2445240939864597,-3.323586744639373,-0.0147112985903115
2015-07-22,9.904,9.933,9.638,9.648,466565,0,-2.7321302550660453,10.0456,10.1004,10.20975,10.23212285925856,10.694843100125862,9.72465689987414,1.2706828169254536,21.007751937984523,319634.7,3.0608009960572726,-2.584814216478193,-4.664031620553355,-0.0277014697790271
2015-07-23,9.616,9.834,9.4829,9.546,1004831,0,-1.0572139303482664,9.8938,10.047,10.14875,10.16677782504346,10.646000916222851,9.651499083777146,1.283582090675509,20.830130668716393,359832.4,3.702453890687435,-0.7279534109817002,-5.297619047619051,-0.0106284214011248
2015-07-24,9.521,9.648,9.4532,9.4829,508607,0,-0.6610098470563486,9.73238,9.98099,10.089195,10.10164660361075,10.606477463711483,9.571912536288515,1.2171113699757177,20.79656204435581,372659.45,2.060677865696261,-0.4001680495746247,-6.507936507936507,-0.0066320419238377
2015-07-27,9.4068,9.4908,9.3133,9.474,305113,0,-0.0938531461894598,9.61398,9.91559,10.050195,10.041870736600202,10.629104073762438,9.47128592623756,1.2197739600344522,19.67592592592598,360200.75,1.9058765421494015,0.7143768337798156,-6.457345971563977,-0.0009389721583069
2015-07-28,9.4304,9.516,9.3684,9.468,760585,0,-0.0633312222925952,9.52378,9.84039,10.026395,9.987216380733516,10.66022039343947,9.392569606560532,1.115310452247444,21.944922547332222,362661.3,1.5755091584475536,0.3987105531048461,-7.358121330724076,-0.0006335128498225
2015-07-29,9.4214,9.537,9.4068,9.468,548064,0,0.0,9.48778,9.76669,9.988395,9.93776720161604,10.66125533422153,9.315534665778472,1.125136834520902,22.72727272727276,367790.5,1.3841051154484023,0.4946186341732624,-7.221950024497792,0.0
2015-07-30,9.4601,9.468,9.388,9.388,553484,0,-0.8449514152936266,9.45618,9.67499,9.937995,9.88540842050975,10.632946571126237,9.243043428873769,0.9492393960728476,16.856892010535546,379976.95,0.8521516829995748,-0.7621483916660575,-8.898592916060167,-0.0084854136629604
2015-07-31,9.3978,9.521,9.3978,9.521,381452,0,1.4167021729867946,9.4638,9.59809,9.898795,9.850702856651678,10.595026717250487,9.20256328274951,1.1896253816489586,25.85521081941134,379566.35,1.3109451148141122,1.3109451148141122,-7.473275024295411,0.0140676073147772
2015-08-03,9.608,9.622,9.501,9.521,495599,0,0.0,9.4732,9.543589999999998,9.862645,9.819302584589613,10.55848746394704,9.16680253605296,1.0987300051347504,20.00000000000003,395653.9,1.2735501526155188,-0.9054954204829282,-5.41426584542023,0.0
2015-08-04,9.554,9.679,9.537,9.63,328581,0,1.1448377271294996,9.5056,9.51469,9.831145,9.801273767009649,10.50802984436175,9.154260155638251,1.165612500919381,27.164416203336003,395607.55,1.4889378211177462,0.7954783336822326,-2.9136001613065843,0.0113833405064798
2015-08-05,9.616,9.692,9.575,9.575,258686,0,-0.5711318795431075,9.527,9.50739,9.803895,9.7797238844373,10.475678798162775,9.132111201837226,0.8077406507917112,19.934102141680427,391603.4,1.221932114882516,-0.4263727121464265,-0.7566334991708112,-0.0057276907433246
2015-08-06,9.575,9.601,9.501,9.569,224175,0,-0.0626631853785752,9.5632,9.50969,9.778345,9.75965494306232,10.444761912261155,9.111928087738844,0.7306398764873195,20.08298755186729,392979.15,1.0525207872855638,-0.0626631853785739,0.2409386130316493,-0.0006268282695837
2015-08-07,9.562,9.594,9.4819,9.4819,238936,0,-0.9102309541227038,9.55538,9.50959,9.74529,9.7332020913421,10.401047230110684,9.08953276988932,0.7603417111379452,22.657054582904237,393422.9,1.1822525021356465,-0.8376908596527906,-0.0105452973246711,-0.0091439886710612
2015-08-10,9.4998,9.546,9.328,9.4532,442318,0,-0.302681951929451,9.54182,9.50751,9.71155,9.706535225499994,10.353695287708826,9.069404712291176,0.7660986983968171,25.479048220678095,402462.45,2.33704974271012,-0.4905366428766894,-0.2195482372809754,-0.0030314096020705
2015-08-11,9.4048,9.4373,9.2494,9.3096,308196,0,-1.519062328100551,9.47774,9.49167,9.66603,9.668731870690472,10.285072758832944,9.04698724116706,0.901693881666842,29.426070038910552,405924.8,2.031483123229624,-1.0122490643075894,-1.6730038022813698,-0.0153071827122641
2015-08-12,9.2086,9.3438,9.1854,9.3358,407906,0,0.2814299218011573,9.4299,9.47845,9.62257,9.637024073481856,10.203142124718669,9.04199787528133,0.9117489328342416,35.922850254487145,412173.7,1.7244757985498762,1.3813174641096386,-1.3962822137727038,0.0028103464923325
2015-08-13,9.3516,9.3664,9.3106,9.3438,164623,0,0.085691638638341,9.38486,9.47403,9.57451,9.609097971245488,10.070145837878812,9.078874162121188,0.878315516688642,39.94215473608096,409695.0,0.5993169076106762,-0.083408186834334,-0.4708138048572619,0.0008565494431482
2015-08-14,9.3516,9.3664,9.2656,9.3106,300724,0,-0.3553158243969179,9.3506,9.452990000000002,9.52554,9.580669593031631,9.902961174203584,9.14811882579642,0.7143940622643018,38.58619726180505,412654.35,1.0878950094975106,-0.4384276487445849,-2.2098519063123656,-0.0035594857034788
2015-08-17,9.2782,9.3193,9.2328,9.2656,475448,0,-0.4833200867828235,9.31308,9.42745,9.48552,9.550662965123855,9.782898657076435,9.188141342923563,0.7141370306287231,36.59247482776895,426413.35,0.9368772203448674,-0.1358022030135245,-2.682491334943826,-0.0048449185543438
2015-08-18,9.2872,9.3802,9.2425,9.3595,334360,0,1.0134260058711986,9.323060000000002,9.4004,9.457545,9.532456968445397,9.678731241840053,9.236358758159946,0.6858744146144281,43.60787086131738,425412.65,1.4898566405193463,0.778490826083214,-2.8089304257528536,0.0100832527698586
2015-08-19,9.2949,9.3595,9.2656,9.2872,371838,0,-0.7724771622415805,9.31334,9.371620000000002,9.439505,9.509099161926786,9.654040684432962,9.22496931556704,0.6981383689879954,44.00713436385262,420676.3,1.013426005871195,-0.0828411279303684,-3.0057441253263595,-0.0077547622175578
2015-08-20,9.2494,9.2949,9.155,9.2715,472762,0,-0.169049875096916,9.29888,9.34187,9.42578,9.486470670314713,9.646657861939854,9.204902138060143,0.6948801436760208,32.76219427939756,394072.85,1.5281267067176494,0.2389344173676131,-3.108997805413327,-0.0016919292563884
2015-08-21,9.2175,9.2425,8.9758,8.9994,407270,0,-2.934800194143339,9.23664,9.29362,9.401605,9.440082987427596,9.691282493812414,9.111927506187586,1.077669556072511,23.81000200843549,389006.0,2.971322890438737,-2.36615134255492,-5.088642571636481,-0.0297872703380688
2015-08-24,8.404,8.7241,7.8248,8.4976,1005469,0,-5.575927284041149,9.08304,9.19806,9.352785,9.350322702910685,9.84757961884958,8.85799038115042,1.921603582356852,9.225118824715622,424023.8,11.49294550659442,1.113755354593055,-10.108746244657896,-0.0573741377612339
2015-08-25,8.5998,8.8125,8.4833,8.4833,447691,0,-0.1682828092637978,8.9078,9.11543,9.30355,9.267749112157285,9.92883328064409,8.678266719355909,1.9318648604214832,9.503672379256727,408379.1,3.880565346032796,-1.3546826670387715,-8.87578413680502,-0.0016842456383797
2015-08-26,8.5702,8.7175,8.5357,8.7175,459461,0,2.7607181167705885,8.793859999999999,9.0536,9.266025,9.215344434808973,9.938083800294324,8.593966199705678,2.2365225279998,22.98712010659223,403948.95,2.129878041636879,1.718746353644017,-6.622892521262247,0.0272329745200511
2015-08-27,8.7553,8.9683,8.7175,8.9277,423643,0,2.411241755090332,8.725100000000001,9.01199,9.24301,9.187949726731926,9.92886582311859,8.55715417688141,2.4347858810935787,33.69232580037668,397456.9,2.8769716088328066,1.96909300652176,-4.453220317215701,0.0238263033561833
2015-08-28,8.8329,8.9899,8.8329,8.9683,268103,0,0.4547643850039806,8.71888,8.97776,9.215375,9.167030705138409,9.898603370158831,8.532146629841167,2.4508728832535307,35.83075214774121,391789.45,1.777445686014786,1.532905387811465,-3.676454793461237,0.004537334561246
2015-08-31,8.9277,8.9588,8.8652,8.8894,358412,0,-0.8797653958944163,8.797239999999999,8.94014,9.183795,9.140589685601418,9.865929715742777,8.501660284257223,2.4565341184450835,37.238824101069035,384930.1,1.0558137436267692,-0.4290018705825639,-4.060179589017432,-0.0088365818004978
2015-09-01,8.8199,8.857,8.7175,8.7718,447948,0,-1.3229239318739094,8.854940000000001,8.88137,9.140885,9.105466858401282,9.812728892504182,8.46904110749582,2.419470737390263,33.772586028311665,390898.45,1.600229423573272,-0.5453576571162916,-6.279181580212612,-0.01331752520648
2015-09-02,8.8125,8.857,8.6927,8.7091,385144,0,-0.7147905789005815,8.85326,8.823559999999999,9.09759,9.067717633791636,9.763215283869805,8.431964716130196,2.419134617619258,32.29567642956765,397221.35,1.8900916861274288,-1.17333333333334,-6.224696356275317,-0.007173574458885
2015-09-03,8.7488,8.8652,8.6784,8.6927,293814,0,-0.1883087804709915,8.80626,8.76568,9.053775,9.032001668668624,9.703930330023791,8.403619669976209,2.4187487709993007,32.60122768485668,400703.3,2.1524705014749244,-0.6412307973664838,-6.24278703553901,-0.0018848630435204
2015-09-04,8.6474,8.67,8.5763,8.6223,236510,0,-0.8098749525464077,8.73706,8.72797,9.010795,8.992982462128754,9.655411300315183,8.366178699684815,2.2818490252751493,32.141469102215325,400582.0,1.0925457365064202,-0.2902606563822666,-4.190279351956805,-0.0081317225448903
2015-09-08,8.6628,8.7417,8.6223,8.671,499368,0,0.5648144926527765,8.693380000000001,8.74531,8.971684999999999,8.96231746573554,9.597937840397334,8.345432159602664,1.3853198604042918,30.394669400307507,403434.5,1.384781322848899,0.0946576164750271,2.040576162681207,0.0056322539641985
2015-09-09,8.7248,8.8291,8.7027,8.7184,411058,0,0.5466497520470792,8.6827,8.768820000000002,8.942125,8.939087230903583,9.556925920709896,8.327324079290104,1.3820289737734432,33.57019064124786,408577.6,1.4524228113114357,-0.0733541169998085,2.7713271957846786,0.0054516104516737
2015-09-10,8.7184,8.7691,8.5918,8.6071,464827,0,-1.2766103872270174,8.662299999999998,8.75778,8.90569,8.907469399388956,9.508510978575734,8.302869021424266,1.147330049886628,31.813204861491343,411423.65,2.0635955213110257,-1.2766103872270136,-1.2664181244622763,-0.0128482907967543
2015-09-11,8.6071,8.7184,8.5918,8.6161,410423,0,0.1045648360074702,8.64698,8.72662,8.869305,8.879719932780484,9.448153586601896,8.290456413398104,0.7417423518230624,37.74224496322352,423713.65,1.4734979864522173,0.1045648360074655,-3.4902606494393917,0.0010451020506267
2015-09-14,8.6295,8.6295,8.4816,8.535,383044,0,-0.9412611274242312,8.62952,8.68329,8.830524999999998,8.846889462991866,9.388435160189433,8.272614839810563,0.7033801918353739,51.636331816590825,427829.65,1.743774759479343,-1.0950808273944033,-4.831461927009572,-0.0094571898541653
2015-09-15,8.552,8.7184,8.552,8.7027,284305,0,1.964850615114244,8.63586,8.664620000000001,8.802380000000001,8.833157133183118,9.323453578399215,8.281306421600785,1.0289068262290355,58.463200123437765,418272.5,1.9457436856875727,1.7621608980355534,-2.1002542353814713,0.0194579660947255
2015-09-16,8.7027,8.8838,8.6791,8.8598,466701,0,1.8051868960207829,8.66414,8.673419999999998,8.777395,8.835694549070439,9.229323804244396,8.325466195755604,1.123227173441278,55.83627266015916,424889.55,2.3585394798999983,1.8051868960207729,1.0032148475797251,0.0178908686576468
2015-09-17,8.8208,8.9842,8.8154,8.937,390334,0,0.8713514977764625,8.73012,8.69621,8.759885,8.845342687254206,9.151797698523112,8.367972301476888,1.1063830324011787,50.42813737224932,425814.35,1.914830864169512,1.3173408307636405,2.616803113984223,0.0086757714004785
2015-09-18,8.8513,9.0743,8.8513,9.0581,315358,0,1.3550408414456871,8.81852,8.73275,8.749215,8.86560528846809,9.090877876470955,8.407552123529044,1.1432859144884713,53.84879135950628,417944.15,2.519403929366296,2.3363799667845337,4.2035270974495775,0.0134594226384994
2015-09-21,9.0181,9.1195,9.0097,9.0886,267319,0,0.3367152051754862,8.929239999999998,8.77938,8.753675,8.886842880042558,9.11105612856325,8.396293871436749,1.0609381020415816,58.90717224110174,410946.6,1.2186865267433975,0.7817611248489051,5.408069772566493,0.0033614958885032
2015-09-22,9.04,9.0581,8.9006,8.9455,189242,0,-1.5744999229804435,8.9778,8.80683,8.77607,8.892429272419458,9.12183162826354,8.43030837173646,1.2522753245915184,57.59377459123888,370135.25,1.7695436262723734,-1.0453539823008853,3.1657248298927465,-0.015870268378517
2015-09-23,8.9455,9.0258,8.9157,8.9157,135714,0,-0.3331283885752545,8.988980000000002,8.826559999999999,8.79769,8.894645532189033,9.11962543582931,8.475754564170689,1.265356221305195,59.29960388908895,354536.4,1.234900232174714,-0.3331283885752594,2.263029913745629,-0.0033368449657082
2015-09-24,8.8598,8.9006,8.7755,8.8513,377984,0,-0.7223212983837435,8.971839999999998,8.85098,8.804379999999998,8.890517386266268,9.124856616111352,8.483903383888643,1.202548270087691,56.84328615809458,350462.55,1.4255597971625726,-0.0959389602474066,2.8371925503363427,-0.0072494266944963
2015-09-25,8.9006,8.9455,8.8059,8.8208,333355,0,-0.3445821517743197,8.92438,8.87145,8.799035,8.88387763519329,9.114376220535664,8.483693779464335,1.2183881301795771,58.87031906336586,345948.15,1.5853007642603223,-0.8965687706446815,2.3757848678636506,-0.0034517720342536
2015-09-28,8.8348,8.8348,8.5755,8.6161,468690,0,-2.320651188100864,8.82988,8.87956,8.781425,8.858375003270119,9.096302666304467,8.466547333695532,1.4273634889015572,47.846889952153106,355977.5,3.0237303947291663,-2.4754380404762997,0.9502050380785,-0.0234800227527127
2015-09-29,8.5612,8.6555,8.4253,8.5056,435522,0,-1.2824827938394456,8.7419,8.85985,8.762235,8.82477738391106,9.095641167815405,8.428828832184598,1.3224567760026114,42.04783258594911,359833.0,2.7322469229582325,-0.6494416670560214,-2.2648143679547816,-0.012907776003835
2015-09-30,8.5056,8.6161,8.5056,8.5755,424873,0,0.8218115124153602,8.673860000000001,8.831419999999998,8.752419999999999,8.801036680681435,9.096041649952824,8.408798350047174,1.1844112821169344,48.781428351072,358679.25,1.299144093303236,0.821811512415356,-3.2088760468633626,0.0081845302932642
2015-10-01,8.535,8.5998,8.4648,8.4648,234112,0,-1.2908868287563324,8.59656,8.784199999999998,8.740205,8.769014139664154,9.106904288677118,8.373505711322881,1.1394142174390325,44.58985911463923,351127.65,1.594839807201585,-0.8224956063268871,-5.2836522322927015,-0.0129929117821836
2015-10-02,8.3873,8.4404,8.3231,8.4015,389762,0,-0.7478026651545178,8.512699999999999,8.71854,8.725644999999998,8.734012793029473,9.122195714750257,8.329094285249742,0.9257502543077752,45.16479536399856,355925.05,1.409330658048085,0.169303589951482,-7.248760777646512,-0.0075061272719551
2015-10-05,8.4481,8.535,8.419,8.4648,521477,0,0.7534368862702978,8.48244,8.65616,8.71777,8.70837347940762,9.128947728764702,8.306592271235298,0.9872303504719734,40.678630201394874,370173.4,1.377835847487821,0.1976775843088997,-6.8635433400083485,0.0075061272719551
2015-10-06,8.4481,8.7027,8.4481,8.6386,321950,0,2.05320858141953,8.50904,8.62547,8.71615,8.701728386130704,9.12835761503793,8.303942384962072,1.2605474599049389,41.44492574257427,361302.5,3.013695387128466,2.254944898852998,-3.4307752501257505,0.0203241440416933
2015-10-07,8.6791,8.8068,8.6555,8.7745,360582,0,1.5731715787280276,8.54884,8.61135,8.718955,8.708659016023017,9.13198975309431,8.30592024690569,1.3985193619223852,43.98816130225676,358778.7,1.7480214892265131,1.0991923125669678,-1.5837230952140513,0.015609255022016
2015-10-08,8.7193,8.8857,8.7193,8.8857,291633,0,1.2673086785571774,8.633019999999998,8.614790000000001,8.732885,8.725520062116063,9.148817829977569,8.316952170022432,1.4487880664382882,43.5748360166965,350119.0,1.908410078790722,1.908410078790722,0.3886434760995483,0.0125934552999618
2015-10-09,8.8617,9.0125,8.8617,8.9975,302811,0,1.2582013797449942,8.75222,8.63246,8.751955,8.751422913343104,9.18013588393684,8.323774116063161,1.4886102899218911,46.79879120106827,344738.4,1.7017050904453828,1.5324373427220477,2.0032196626156296,0.0125035179995625
2015-10-12,9.0125,9.0762,9.0049,9.0533,359132,0,0.6201722700750256,8.86992,8.676179999999999,8.77787,8.780173112072331,9.213437922554451,8.342302077445549,1.1949655535173256,54.035639412997945,343542.8,0.79179113593711,0.4527045769764309,5.074221515534871,0.0061825711594336
2015-10-13,9.0125,9.0762,8.9473,8.9664,254831,0,-0.9598709862701948,8.93548,8.72226,8.791055,8.797909006160681,9.232960769784606,8.349149230215394,1.144715786708377,51.820205356501795,342069.1,1.440658075620576,-0.5115117891816826,5.417607223476306,-0.0096450744099861
2015-10-14,8.9899,8.9975,8.9174,8.9333,164655,0,-0.3691559600285665,8.96724,8.75804,8.79473,8.81080338652633,9.240250635000251,8.349209364999746,1.1731471088248666,53.011605700014655,326966.8,0.8982438827460901,-0.629595434876932,4.172351466386792,-0.00369839022204
2015-10-15,9.0049,9.0533,8.957,9.0362,469473,0,1.1518699696640766,8.99734,8.815180000000002,8.79969,8.83226973066668,9.254001740409803,8.345378259590195,1.0230068039997866,57.51150788115493,330923.75,1.0751367645416925,0.3475885351308719,6.750307154333224,0.0114528645498265
2015-10-16,9.0049,9.1234,8.9975,9.0762,227955,0,0.4426639516611041,9.01308,8.88265,8.800595,8.855501184888901,9.257140765159104,8.344049234840895,0.9032265201155112,68.1270191474273,326553.6,1.3992775771047476,0.79179113593711,8.03070880199963,0.0044168707657888
2015-10-19,9.0762,9.174,9.022,9.1655,157723,0,0.9838919371543132,9.03552,8.95272,8.80444,8.885024881566148,9.272352445251837,8.336527554748162,0.9054362494375242,76.44041990544113,321073.8,1.684770560851244,0.9838919371543126,8.277809280786318,0.0097908323632108
2015-10-20,9.157,9.181,9.1157,9.181,209429,0,0.1691124324914028,9.07844,9.00696,8.816215,8.913212988083657,9.310200140518546,8.322229859481453,0.8068406030861753,75.36656891495598,322083.15,0.7163465230316794,0.2620945724582192,6.278795175144114,0.0016896959842805
2015-10-21,9.1952,9.2272,9.1157,9.1492,199317,0,-0.3463674980938802,9.12162,9.04443,8.82789,8.9356879415995,9.342386564972902,8.313393435027098,0.7811492186283288,80.70159698546566,325263.3,1.2231644305977545,-0.5002610057421195,4.270328793663469,-0.0034696873904953
2015-10-22,9.174,9.2272,9.1655,9.181,262745,0,0.3475713723604112,9.15058,9.07396,8.844375000000001,8.959050994780501,9.382610017637294,8.306139982362708,0.7224763151521101,85.9846736220109,319501.35,0.6731765861109605,0.0763025942882022,3.323317240059853,0.0034696873904952
2015-10-23,9.2444,9.3241,9.1874,9.2444,270026,0,0.6905565842501016,9.18422,9.09865,8.865554999999999,8.986227090515692,9.432458465188375,8.29865153481162,0.6611229884372464,85.98596750369278,316334.9,1.4879073513725252,0.0,2.744095582106132,0.006881831625516
2015-10-26,9.26,9.26,9.181,9.2533,158124,0,0.0962745013197041,9.20178,9.11865,8.897414999999999,9.011662605704672,9.47677399342604,8.318056006573958,0.651242864061928,83.46945442665796,300806.6,0.8604727153904873,-0.0723542116630709,2.2091392089072404,0.0009622818714512
2015-10-27,9.2533,9.2533,9.1492,9.1952,283093,0,-0.6278841062107521,9.20462,9.14153,8.931895,9.029142357542325,9.49492243870731,8.368867561292692,0.5899539660903638,75.02676977989296,293185.15,1.1378043981987382,-0.627884106210753,2.551748750892213,-0.0062986358871901
2015-10-28,9.1952,9.332,9.1655,9.2272,252697,0,0.3480076561684253,9.22022,9.17092,8.96448,9.04800499015734,9.515975862846954,8.412984137153046,0.5478952912883126,72.42874031262318,284576.35,1.8165948393432,0.348007656168436,3.2899376490210797,0.0034740351076709
2015-10-29,9.2116,9.2444,9.1952,9.2212,167794,0,-0.0650251430553194,9.22826,9.18942,9.002300000000002,9.0644997529995,9.511648297750677,8.492951702249329,0.4741556270175852,67.06331045003812,281260.45,0.5350617713589786,0.1042164227712768,2.0473207764325707,-0.0006504629357073
2015-10-30,9.1952,9.2685,9.1952,9.2444,217028,0,0.2515941526048726,9.22826,9.20624,9.044445,9.08163310985669,9.478385881130407,8.61050411886959,0.4672639261554233,65.33954085728051,272623.75,0.7971550374108198,0.5350617713589786,1.8531984751327668,0.002512781843775
2015-11-02,9.2685,9.2979,9.2272,9.2745,283673,0,0.3256025269352092,9.2325,9.21714,9.08493,9.100001385108431,9.433944716022747,8.735915283977253,0.3804862129278291,77.21250662427136,260733.55,0.7662129356684632,0.0647353940767139,1.1892422671976322,0.003250735897517
2015-11-03,9.2685,9.332,9.181,9.332,237624,0,0.6199795137204367,9.25986,9.23224,9.1196,9.122096491288582,9.415678396446848,8.823521603553152,0.4124613385830017,83.75952582557176,256517.25,1.6447010129615685,0.6851162539785427,1.6447010129615691,0.0061806554745876
2015-11-04,9.3241,9.3566,9.2695,9.3163,239141,0,-0.1682383197599724,9.27768,9.24895,9.14669,9.140592063546812,9.4067774338825,8.8866025661175,0.3912717855754211,77.82634611563692,250445.2,0.939640757322396,-0.0836541864630322,1.8263891924976905,-0.0016837999934968
2015-11-05,9.2745,9.3163,9.2212,9.2212,406548,0,-1.020791515945174,9.27768,9.25297,9.163465,9.148269009875689,9.394309648377718,8.93262035162228,0.5384614985985339,62.98352435530085,256190.95,1.031319134169093,-0.5746940535877958,0.4378607994771855,-0.0102603732223828
2015-11-06,9.204,9.2116,9.0837,9.1396,263961,0,-0.8849173643343589,9.25672,9.24249,9.17057,9.147443389887526,9.388280325167711,8.952859674832288,0.5586971107417249,47.64844743054294,254248.45,1.4080165571298078,-0.6996957844415569,-1.133659296438938,-0.0088885601110516
2015-11-09,9.131,9.1483,8.9664,9.0107,176207,0,-1.4103461858287036,9.20396,9.21823,9.16844,9.134420209898238,9.391742913456849,8.945137086543154,0.6849971238731635,37.17813582291828,245102.2,2.02868486795147,-1.3174898696747377,-2.621767369478989,-0.0142038607758903
2015-11-10,8.9729,9.0837,8.9306,9.0353,191122,0,0.2730087562564431,9.14462,9.20224,9.171885,9.12498018990793,9.38390468404248,8.95986531595752,0.6909218849729393,41.33049170345556,241916.75,1.7143305041094692,0.6954273423307987,-1.7389507569166571,0.0027263676424484
2015-11-11,9.0353,9.0609,8.9729,9.0201,196101,0,-0.1682290571425437,9.08538,9.18153,9.176225,9.114991600392887,9.370491673741885,8.981958326258118,0.6665137292343797,37.43557707324697,243489.05,0.980730867389595,-0.168229057142542,-2.2444511877926177,-0.0016837072112315
2015-11-12,8.9635,9.0032,8.8588,8.8588,189005,0,-1.7882285118790089,9.012899999999998,9.14529,9.167355,9.09059240035547,9.400791978760978,8.933918021239023,0.8246361045604984,23.882416689244067,229465.65,1.6300176096085155,-1.1680705081720235,-3.930074176896703,-0.0180441052240255
2015-11-13,8.8662,8.8662,8.7378,8.7782,293096,0,-0.9098297737842652,8.94062,9.09867,9.152455,9.060840743178758,9.44174927359916,8.863160726400839,0.8046752497797832,20.66921842202747,232722.7,1.4694774428345714,-0.9925334416096998,-5.043053091601413,-0.0091399400237571
2015-11-16,8.8125,8.924,8.8033,8.883,318621,0,1.193866624137052,8.91508,9.05952,9.13833,9.043903529542686,9.451540405823652,8.825119594176346,0.9406036534467452,31.776791968246513,240767.6,1.3710767553076617,0.7999999999999899,-4.221251819505101,0.0118679625477676
2015-11-17,8.8588,8.9081,8.7946,8.8274,306665,0,-0.6259146684678418,8.873499999999998,9.00906,9.12065,9.023284145776715,9.462343519185051,8.778956480814951,0.8661765407044502,27.28925244262669,245629.4,1.2905646646805808,-0.3544498126157002,-5.407201028718389,-0.0062788172669515
2015-11-18,8.8199,8.9081,8.8125,8.8744,265207,0,0.5324331060108101,8.844359999999998,8.964870000000001,9.10691,9.00910470332179,9.465454395842286,8.748365604157716,0.9267943374263612,31.17672600955271,248923.9,1.0848226950354525,0.6179208381047302,-4.743299378508636,0.0053102069217004
2015-11-19,8.8913,8.9081,8.7708,8.8588,246407,0,-0.1757865320472285,8.84436,8.92863,9.090799999999998,8.994789969672096,9.463982754721451,8.717617245278545,0.9104778381493136,28.89667250437816,248107.0,1.5654216263054652,-0.3655258511128728,-3.930074176896703,-0.0017594121787595
2015-11-20,8.8588,8.883,8.7461,8.7544,180290,0,-1.1784891858942492,8.8396,8.890110000000002,9.0663,8.971895686846182,9.46075565423548,8.671844345764521,0.9324476865230112,23.67648547423822,243620.2,1.5652690913664251,-1.1784891858942526,-4.214626460676607,-0.0118548841414569
2015-11-23,8.7855,8.8329,8.6983,8.7307,231590,0,-0.2707210088641165,8.809140000000001,8.86211,9.04017,8.948924669051307,9.451350667680444,8.628989332319556,0.8660165185773352,18.48862802641216,247293.5,1.5474288079279943,-0.6237550509362038,-3.107416737878288,-0.0027108812090328
2015-11-24,8.6745,8.7378,8.6583,8.7066,246284,0,-0.2760374311338243,8.78498,8.82924,9.01574,8.925846129141659,9.445765328018362,8.58571467198164,0.8418898089528557,18.32727272727256,245453.05,0.9181941027684356,0.3700501469825326,-3.6379533607074466,-0.0027641911700982
2015-11-25,8.6892,8.7855,8.6892,8.7145,224243,0,0.0907357636735328,8.753,8.798680000000001,8.990105,8.905717926366263,9.428106588437927,8.552103411562072,0.8525877762987022,21.055638066948266,244030.35,1.1082723380748651,0.2911660452055385,-3.387989046684625,0.000906946236634
2015-11-27,8.7232,8.7618,8.7066,8.7461,75702,0,0.3626140340811323,8.730459999999999,8.78741,8.96635,8.890516219093286,9.403111563279513,8.529588436720488,0.7054762519273386,26.16018417545125,239425.75,0.6340017917441854,0.2625183418928824,-1.27218133381497,0.003619581744072
2015-11-30,8.7708,8.8412,8.7145,8.8329,273052,0,0.992442345731237,8.74616,8.79288,8.945775000000001,8.88502896013202,9.365836057592508,8.525713942407494,0.7267002030440329,38.64913176710926,242226.95,1.4538986746227711,0.7080311944178517,0.6231345833997981,0.0098754997933073
2015-12-01,8.8125,8.883,8.8033,8.8412,239215,0,0.0939668738466403,8.76826,8.7887,8.92411,8.88085477345278,9.316573742342028,8.531646257657973,0.6107637761515927,37.345155822141095,240004.05,0.9053423148137516,0.3256737588652552,-0.4705617471574719,0.0009392275261713
2015-12-02,8.8412,8.8913,8.8033,8.8274,293361,0,-0.1560874089490127,8.79242,8.7887,8.89888,8.875763842647753,9.242813748822984,8.554946251177016,0.5783639063091632,37.41345525800133,242790.9,0.9996251405722762,-0.1560874089490093,0.0,-0.0015620935225379
2015-12-03,8.8588,8.8588,8.7066,8.7618,255945,0,-0.7431406756236436,8.80188,8.77744,8.871155,8.864910143347966,9.158083367918335,8.584226632081664,0.588826724048122,42.75903254702885,243631.1,1.7480991431787445,-1.0949564275071262,-1.2688181736230095,-0.0074591572282686
2015-12-04,8.7307,8.8199,8.7145,8.7708,359460,0,0.1027186194617613,8.80682,8.76864,8.848635,8.855947272552921,9.08636730655391,8.61090269344609,0.5927860045687895,49.38147776663319,241276.7,1.2094784554478315,0.4592987962018957,-0.9933625321714156,0.0010266589998656
2015-12-07,8.7232,8.7307,8.6252,8.7066,252755,0,-0.7319742782870398,8.78156,8.76386,8.826984999999999,8.841723722785977,9.029387904858693,8.624582095141307,0.5139460204333337,34.18220946915355,240716.4,1.2231600426656897,-0.1902971386647146,-0.546011148679526,-0.007346663549244
2015-12-08,8.6655,8.6983,8.6017,8.6178,358828,0,-1.0199159258493462,8.736880000000001,8.75257,8.80734,8.820397653949218,9.01092967402333,8.60375032597667,0.597014580395307,32.261340555179416,249847.45,1.1230338188962703,-0.5504587155963183,-1.2931380072617291,-0.01025152705927
2015-12-09,8.552,8.6242,8.4544,8.4626,702173,0,-1.800923669614063,8.66392,8.72817,8.778705,8.786321686906435,9.006907232334868,8.550502767665133,0.7993498534056189,20.543633762518,275400.0,2.008421650264955,-1.0453695042095357,-2.8024716881446254,-0.0181733766761244
2015-12-10,8.4384,8.4869,8.3979,8.4465,390436,0,-0.1902488596885132,8.60086,8.70137,8.750024999999999,8.75395771672487,8.994112989959815,8.505937010040183,0.7897129740653167,20.52894924946399,285116.75,1.0597887567129929,0.095989761092158,-3.075334213093106,-0.0019043006269248
2015-12-11,8.3337,8.4238,8.22,8.2441,791856,0,-2.396258805422369,8.49552,8.65117,8.719289999999999,8.705399838941549,9.04639381355562,8.392186186444379,0.9864055011571232,18.006269592476542,315259.3,2.479318734793179,-1.075152693281505,-5.73970112392953,-0.0242543613920374
2015-12-14,8.1958,8.2354,7.9359,7.9854,1209455,0,-3.138001722443917,8.35128,8.56642,8.679649999999999,8.636828425709021,9.141210932854348,8.21808906714565,1.1095983553883229,13.907990314770046,361077.25,3.7739890875641087,-2.5671685497449905,-9.594810311449242,-0.0318829186501799
2015-12-15,7.9918,8.22,7.9918,8.1151,821958,0,1.6242141908983765,8.250739999999999,8.49381,8.641255000000001,8.587140004212925,9.156254194583443,8.126255805416557,1.3552484586070526,24.01370705561905,386244.1,2.855426812482808,1.5428314021872471,-8.212686060715747,0.0161116494111034
2015-12-16,8.0898,8.5038,8.0898,8.4626,882406,0,4.282140700669124,8.25074,8.457329999999999,8.623014999999999,8.575279051430742,9.13609209598227,8.109937904017727,2.117995152307494,41.47661907017667,415031.15,5.117555440183931,4.608272145170459,-4.13258717176066,0.0419299312580386
2015-12-17,8.4788,8.5279,8.4147,8.4306,662823,0,-0.3781343795051128,8.247559999999998,8.424209999999999,8.600824999999999,8.561500094151624,9.106458463562529,8.09519153643747,2.114588804910825,39.327515053108726,434911.95,1.3452648341592792,-0.5684766712270555,-3.7800451961925496,-0.0037885111493581
2015-12-18,8.4544,8.4788,8.3819,8.4384,373909,0,0.0925201053305846,8.28642,8.39097,8.579804999999999,8.549776275660992,9.075131297452424,8.084478702547575,2.1143408018894276,35.90165106139659,441287.05,1.1560624679368612,-0.1892505677517034,-3.789848132439455,0.000924773318618
2015-12-21,8.4465,8.4626,8.3979,8.4465,492703,0,0.0959897610921522,8.37864,8.36496,8.56441,8.539940439883756,9.056013254240154,8.072806745759847,2.1146134995196197,35.892486954035306,456907.7,0.7704307029138261,0.0,-2.987388877403341,0.0009594372038153
2015-12-22,8.4306,8.5846,8.3933,8.5692,727353,0,1.4526727046705767,8.46946,8.3601,8.556335,8.54272706465673,9.041703406037634,8.070966593962368,2.162862669627167,41.4378564796392,481695.85,2.279198884824801,1.6440111024126431,-0.563949035716782,0.0144222249802817
2015-12-23,8.5763,8.7955,8.5206,8.7955,1054248,0,2.640853288521683,8.53604,8.39339,8.56078,8.566800677546565,9.053515007676577,8.068044992323422,2.215498370548645,51.00988912196588,522094.05,3.2262986174682604,2.5558807411121434,3.933779216789168,0.0260658476958955
2015-12-24,8.7461,8.957,8.7109,8.9333,477537,0,1.566710249559411,8.63658,8.44207,8.571720000000001,8.601705374923084,9.08797975347028,8.055460246529723,2.232335474566461,54.52066989372947,534758.75,2.8251960187810696,2.1403825705171324,5.763333925294489,0.0155456404416328
2015-12-28,8.8681,8.9399,8.6983,8.7307,484380,0,-2.2679189101451724,8.69504,8.49073,8.57095,8.61399057731136,9.086159518954778,8.055740481045222,2.2135862653922014,50.6225138192902,555192.65,2.7775542347355233,-1.5493735975011504,5.902402930580664,-0.0229403175853927
2015-12-29,8.7553,8.8135,8.6171,8.6737,666950,0,-0.6528686130550909,8.740480000000002,8.559560000000001,8.56299,8.619677188995993,9.065932197788523,8.060047802211473,1.8587182719670028,51.468039287777714,574887.55,2.2791890543222055,-0.9320068986785136,8.619480552007408,-0.0065500912174399
2015-12-30,8.6892,8.7378,8.5828,8.5828,490443,0,-1.0479956650564335,8.7432,8.60633,8.550070000000002,8.61616507575828,9.03590507316409,8.064234926835914,1.925241461953674,53.267014568384454,587448.95,1.805937456307957,-1.2245085853703326,5.763330088353813,-0.0105352581068344
2015-12-31,8.5828,8.7066,8.5673,8.5998,469990,0,0.198070559724095,8.704060000000002,8.62005,8.538689999999999,8.614606497114634,9.00753869470532,8.069841305294677,1.418839881016344,54.16462917685411,596280.4,1.6259498325026605,0.198070559724093,1.6212511521281892,0.0019787465862989
2016-01-04,8.5998,8.6737,8.4597,8.6655,435530,0,0.763971255145468,8.6505,8.643540000000002,8.533875,8.619453497389431,8.994990292696377,8.072759707303623,1.4157798222168698,62.36647493837309,605259.65,2.5296405309881016,0.7639712551454644,2.7862785566863613,0.0076106777322049
2016-01-05,8.6892,8.7875,8.6655,8.7307,347650,0,0.7524089781316912,8.650500000000001,8.672770000000002,8.53187,8.63004840239996,8.988978984356596,8.074761015643404,1.4212211123884195,74.67390584652061,604669.15,1.407881830246378,0.4776043824517905,3.463926810769835,0.0074959250057706
2016-01-06,8.6737,8.7027,8.5502,8.5863,355949,0,-1.6539338197395503,8.633019999999998,8.68675,8.525855,8.62588188788568,8.97640189796261,8.07530810203739,1.5572231013107336,65.44918032786885,609828.85,1.7835840097307647,-1.00764379676494,1.655123423903393,-0.0166776401201248
2016-01-07,8.4922,8.501,8.3461,8.3461,448433,0,-2.7974797060433487,8.58568,8.664439999999999,8.51227,8.59923599380133,8.967504200454814,8.057035799545185,1.739188098577284,45.891232277632774,614309.1,1.8559566743748528,-1.7204022514778334,-2.603510245997298,-0.028373545907676
2016-01-08,8.354,8.4278,8.2302,8.239,335405,0,-1.2832340853811797,8.51352,8.608789999999999,8.50109,8.564927803915488,8.972167349331519,8.03001265066848,1.42965020762065,43.582529474812446,595970.7,2.400913708050832,-1.3765860665549252,-6.327099084759247,-0.0129153865518094
2016-01-11,8.2807,8.3052,8.1091,8.1736,476178,0,-0.7937856535987442,8.415140000000001,8.532820000000001,8.487445,8.52765848925687,8.980477888729549,7.99441211127045,1.2009935573072166,41.46026831785347,600257.8,2.418270831534936,-1.293368918086624,-8.504136209463454,-0.0079695290383761
2016-01-12,8.1821,8.2473,8.0355,8.0837,453324,0,-1.099882548693354,8.28574,8.46812,8.479425,8.485376728375263,8.993877927109091,7.964972072890911,1.1036828346244567,38.886165911040294,583331.2,2.635803621429885,-1.2026252429082978,-7.410631449941018,-0.0110597597837231
2016-01-13,8.1403,8.1403,7.6995,7.7651,879440,0,-3.941264519959919,8.121500000000001,8.37726,8.46841,8.416778944720477,9.034265945589055,7.902554054410946,1.490002501482271,28.007220611563895,566830.45,5.725047080979288,-4.609166738326591,-10.47534500847389,-0.0402103536935634
2016-01-14,7.7568,7.8386,7.6666,7.8141,456695,0,0.6310285765798174,8.0151,8.30039,8.45336,8.359380949985193,9.072303086917284,7.834416913082715,1.5867604771220785,20.27501817300694,548567.3,2.2434977695458183,0.7387066831683127,-8.956284662347958,0.0062904592760724
2016-01-15,7.6666,7.6831,7.4539,7.6015,559468,0,-2.7207227959713864,7.887600000000001,8.20056,8.410305000000001,8.287201811891364,9.136967958070786,7.683642041929216,1.6257236168437843,11.41052387575334,532420.4,3.0749003877164927,-0.8491378185897289,-11.6084094978953,-0.0275841978551091
2016-01-19,7.6506,7.6749,7.4297,7.5441,393535,0,-0.7551141222127189,7.7617,8.088420000000001,8.36598,8.216430210758853,9.189168999466538,7.542791000533461,1.485236983928379,12.458871171855192,518956.0,3.3002678439237063,-1.392047682534698,-12.940972823264662,-0.0075797954281131
2016-01-20,7.4378,7.4378,7.1103,7.3396,975514,0,-2.710727588446604,7.61288,7.94931,8.311040000000002,8.132922571638963,9.252107007850022,7.369972992149982,1.332220080848511,11.39533537820472,549036.25,4.605994121204458,-1.320282879346047,-15.933430309139018,-0.0274814555819789
2016-01-21,7.3396,7.5441,7.2822,7.4459,315121,0,1.4483078096898971,7.54904,7.83527,8.26101,8.06749185053049,9.27529653462246,7.246723465377543,1.6666083632937951,17.392301956060322,540157.15,3.596440636071527,1.4483078096899022,-13.28162305067374,0.0143792001021339
2016-01-22,7.4948,7.6913,7.4868,7.6749,463637,0,3.0755180703474494,7.5212,7.76815,8.216294999999999,8.030102150479966,9.251999368457891,7.180590631542106,2.099026802153519,26.348897867334927,526971.35,2.731474061014056,2.4029994129263006,-8.042079534153679,0.0302917187416223
2016-01-25,7.6831,7.6831,7.4378,7.4539,321063,0,-2.879516345489841,7.49168,7.68964,8.149215,7.975225755196159,9.200632087403893,7.097797912596107,2.197003864764427,21.29726144224392,490312.1,3.2980182311973887,-2.9831708555140457,-9.52906906177935,-0.0292178787211179
2016-01-26,7.4868,7.642,7.4621,7.6015,403706,0,1.9801714538697723,7.503159999999999,7.632429999999999,8.082625,7.939632826129858,9.092839970088132,7.072410029911868,2.38909603608203,24.254445964432264,486620.55,2.4108494927701307,1.5320297056152166,-6.999363805422343,0.0196082108874537
2016-01-27,7.5441,7.642,7.4621,7.5481,358739,0,-0.7024929290271653,7.54486,7.57887,8.023495,7.902343985546063,9.012202448562425,7.034787551437579,2.384955574034352,25.304471931493808,480338.5,2.4108494927701307,0.053021566522177,-6.625678835186866,-0.0070497202775506
2016-01-28,7.5603,7.6666,7.536,7.626,307929,0,1.0320478001086375,7.580879999999999,7.564959999999999,7.97111,7.876025510732152,8.925179230413484,7.017040769586518,2.1289019080283302,31.43785121410528,462387.45,1.7330148619957575,0.8690131343994357,-1.7913484694337511,0.010267585474169
2016-01-29,7.6506,7.7731,7.6506,7.7651,307554,0,1.8240230789404732,7.59892,7.56006,7.930225,7.865461176376709,8.843117713763693,7.017332286236307,2.2100443862254746,37.98245169143377,453243.0,1.6011816066713784,1.4966146446030442,-0.6270715757412781,0.0180758733824182
2016-02-01,7.7323,7.8631,7.642,7.8548,377143,0,1.1551686391675586,7.6791,7.585389999999999,7.892975,7.864445826245594,8.74991315504953,7.036036844950471,2.0194927569695458,42.01402805611221,448600.65,2.893221669719966,1.584263414507968,3.332237058475296,0.0114854750761479
2016-02-02,7.634,7.7486,7.634,7.7078,575633,0,-1.8714671283801,7.700360000000001,7.60176,7.845090000000001,7.849527176126966,8.623721011591039,7.0664589884089635,2.1157318607123012,40.845550630753486,455605.8,1.5011789363374295,0.9667277966989708,2.1699076099203296,-0.0188920067464304
2016-02-03,7.7078,7.7486,7.5933,7.7403,247868,0,0.4216507952982784,7.7388,7.641830000000001,7.79557,7.839124587924397,8.453700680033053,7.137439319966947,1.8457937996036295,49.29824561403509,450616.7,2.045224079122378,0.4216507952982775,5.45942558177559,0.0042076433929132
2016-02-04,7.7241,7.7978,7.6791,7.7731,242220,0,0.4237561851607729,7.76822,7.674550000000001,7.75491,7.832836531931598,8.297725703531853,7.212094296468147,1.8185220960783095,48.82910669408272,444930.25,1.5457540597205348,0.634378115249678,4.394364683920005,0.0042286086705785
2016-02-05,7.7731,7.7813,7.552,7.716,528108,0,-0.7345846573439174,7.7584,7.678659999999999,7.723405000000001,7.821709243176207,8.189461081898385,7.257348918101617,1.591297901562276,53.5886667084561,448914.0,3.036281779661021,-0.7345846573439188,0.5355118633467493,-0.0073729601675168
2016-02-08,7.6414,7.6414,7.4265,7.5174,546561,0,-2.5738724727838225,7.69092,7.685010000000001,7.687325,7.792727410492759,8.093151983488177,7.281498016511821,1.5302239013500116,49.23121220846531,459471.8,2.8936915101326344,-1.6227392886120302,0.851903030628276,-0.0260757615460576
2016-02-09,7.3769,7.4427,7.3025,7.4427,449686,0,-0.993694628461972,7.6379,7.66913,7.65078,7.7593914666363055,7.999905551840848,7.301654448159152,1.4072779393613453,53.20843965892825,458147.2,1.9198904484765504,0.8919735932437787,-2.0890613694665494,-0.0099866472600667
2016-02-10,7.4427,7.5174,7.3685,7.3769,204910,0,-0.8840877638491396,7.565219999999999,7.65201,7.61544,7.722963707909038,7.920341470885571,7.310538529114428,1.4156016814149577,47.79721619205721,445726.5,2.020764063242183,-0.8840877638491448,-2.268120454154021,-0.0088801900729981
2016-02-11,7.2774,7.3351,7.1411,7.2196,494590,0,-2.132332009380633,7.45452,7.611370000000001,7.588165000000001,7.675024307155796,7.931828233414377,7.244501766585625,1.4576519246716566,34.76748076279692,426484.0,2.7166683004018983,-0.7942397009921167,-5.32913716233937,-0.0215539464564038
2016-02-12,7.236,7.3351,7.1782,7.3351,257289,0,1.5998116239126725,7.37834,7.56837,7.564215,7.642650563617149,7.908344475482073,7.220085524517927,1.4185067870123351,45.72354211663066,416513.7,2.1857847371207177,1.3695411829740185,-5.537597712843367,0.0158714950592236
2016-02-16,7.4016,7.4265,7.3522,7.3769,329785,0,0.5698627148914115,7.350239999999999,7.520580000000001,7.552985,7.617340986129801,7.906521623727475,7.1994483762725245,1.3503576872586376,41.24844139650875,405029.55,1.010581866652159,-0.3337116299178578,-6.084177827570403,0.0056824513971801
2016-02-17,7.3769,7.5753,7.3769,7.4759,424358,0,1.3420271387710292,7.356879999999999,7.49739,7.549575,7.603870416022201,7.904784138545304,7.194365861454696,1.40023109374196,47.28326309452139,406570.7,2.689476609415884,1.3420271387710312,-3.0086405978359543,0.0133310172025233
2016-02-18,7.4759,7.5255,7.4427,7.4514,259593,0,-0.3277197394293774,7.371779999999999,7.468500000000001,7.555165,7.589349424020087,7.899822922096664,7.210507077903335,1.3774143499931997,43.15508859965499,370774.65,1.1124994961505872,-0.3277197394293748,-3.732413472346041,-0.0032825791669787
2016-02-19,7.4514,7.542,7.4098,7.5255,351805,0,0.9944439971012242,7.43296,7.44374,7.559144999999999,7.583268526494364,7.9003109603875314,7.217979039612467,1.425005233037061,40.10244547257106,372608.85,1.7841237280358455,0.9944439971012228,-3.185344328517581,0.0098953194103755
2016-02-22,7.5753,7.6414,7.5011,7.5255,329711,0,0.0,7.47104,7.42469,7.551675,7.57776676206633,7.888686403056791,7.214663596943209,1.4198405126303806,35.308289461943474,365912.55,1.8703923424564384,-0.6573997069423031,-2.468895800933124,0.0
2016-02-23,7.5255,7.5752,7.4851,7.5011,267630,0,-0.3242309481097605,7.49588,7.42306,7.554035000000001,7.57046516567906,7.888817174430812,7.219252825569189,1.1642866810079588,39.64532611962734,363240.9,1.2037247331364929,-0.3242309481097598,-0.2168302870673377,-0.0032475771558529
2016-02-24,7.4924,7.5711,7.4514,7.5672,238310,0,0.8812040900667784,7.51414,7.435510000000001,7.55232,7.57015419751915,7.886429125571731,7.2182108744282685,1.13998562810138,41.610933410875234,354971.1,1.6064095337788982,0.9983449895894472,1.6727800395017756,0.0087734414623961
2016-02-25,7.5503,7.6993,7.5503,7.6827,173174,0,1.5263241357437396,7.5604,7.46609,7.559049999999999,7.580872845374469,7.898185926794753,7.219914073205246,1.1467083904047222,45.94400574300069,345692.85,1.97343151927738,1.7535727057202977,4.145372717537166,0.0151479299591415
2016-02-26,7.6827,7.807,7.6745,7.7819,251117,0,1.291212724693147,7.61168,7.522320000000001,7.566845000000001,7.600018288672139,7.91936291130424,7.214327088695762,0.7420208799205319,52.84911370514483,342852.25,1.7264968401850318,1.2912127246931495,7.788520139619925,0.0128294764367804
2016-02-29,7.7819,7.8811,7.7572,7.8563,246949,0,0.9560647142728528,7.677840000000001,7.57444,7.571405,7.624426070703364,7.936843582788274,7.205966417211727,0.686457264317606,66.41480189867282,339822.0,1.5972258031248374,0.9560647142728614,7.10556093304795,0.0095152333830087
2016-03-01,7.8893,8.0709,7.8399,8.0709,352712,0,2.73156574978044,7.791799999999999,7.64384,7.582210000000001,7.666947397303043,7.992905947977377,7.171514052022625,0.9382786378631396,76.79576864016373,338600.45,2.946466153905023,2.301851875324801,9.407745801081743,0.0269492425313147
2016-03-02,8.0391,8.1383,7.997,8.1048,286931,0,0.4200275062260505,7.89932,7.70673,7.60206,7.708647645178944,8.072364498899416,7.131755501100583,0.936088252360616,81.91703937560285,324165.35,1.7669125922220748,0.8172556629473405,8.412365066413386,0.0041914785302613
2016-03-03,8.0796,8.1787,8.0796,8.1135,326685,0,0.1073437962688883,7.98548,7.77294,7.62072,7.747205012304759,8.141070426864108,7.100369573135894,0.8858447448429403,95.06907330846016,328106.2,1.2265458686073565,0.4195752264963727,8.885578548997518,0.0010728622401238
2016-03-04,8.145,8.2695,8.122,8.1303,460989,0,0.2070623035681285,8.05516,7.833419999999999,7.63858,7.7836902492281155,8.203558660426793,7.073601339573207,0.9071455276124812,94.52407614781627,339044.65,1.8160551588278853,-0.180478821362793,8.036675303966522,0.0020684822504667
2016-03-07,8.1383,8.1968,8.0963,8.1706,441589,0,0.4956766662976841,8.118019999999998,7.897930000000001,7.66131,7.820538796920676,8.273969874387916,7.048650125612085,0.8726986833448022,94.51486259113848,334718.7,1.241307757864707,0.3968887851271286,8.572187894492057,0.0049445223399336
2016-03-08,8.1383,8.1787,8.0616,8.1706,220709,0,0.0,8.137960000000001,7.964879999999999,7.69397,7.853877959118707,8.342897095411104,7.045042904588896,0.8300647755795177,93.82965299684535,318426.1,1.4525652475935158,0.3968887851271286,8.925357614216578,0.0
2016-03-09,8.1872,8.2618,8.145,8.2618,306651,0,1.1161970969084225,8.169360000000001,8.03434,7.734925,7.892727677297877,8.419492222104399,7.0503577778955995,0.8339969581872219,97.16014897579144,311274.35,1.4340085942295837,0.9111784248582964,9.17908869859392,0.0111001358799691
2016-03-10,8.3128,8.3268,8.2371,8.2878,300650,0,0.3147013967900625,8.204220000000001,8.09485,7.780469999999999,7.930353612793318,8.485639671557836,7.075300328442163,0.8183626318223621,96.9917396128714,316061.35,1.0889754889463592,-0.3007410258877704,7.876137295482066,0.0031420724840084
2016-03-11,8.354,8.413,8.3208,8.389,267904,0,1.221071937064111,8.255959999999998,8.15556,7.838939999999999,7.974034221098716,8.542220141532836,7.135659858467163,0.8136286365024787,97.32544119259016,304727.05,1.1080665320642251,0.4189609767775933,7.80143666713784,0.0121367699123253
2016-03-14,8.3802,8.4218,8.3052,8.3959,260527,0,0.0822505662176675,8.30102,8.209520000000001,7.891980000000001,8.01421191432741,8.595272843401451,7.188687156598552,0.8364726513014409,100.0,304888.95,1.4039397004286476,0.187346364048578,6.8683731527563685,0.0008221675897594
2016-03-15,8.413,8.4218,8.3294,8.4218,326998,0,0.3084839028573372,8.35126,8.244609999999998,7.944225,8.05302982724861,8.641627690816884,7.246822309183116,0.4201452235460437,100.0,304749.6,1.1093236007395444,0.1046000237727211,4.34771834615717,0.0030800906754211
2016-03-16,8.4218,8.572,8.404,8.5647,386527,0,1.6967869101617294,8.411840000000002,8.2906,7.998665,8.1017603198916,8.711944540020074,7.285385459979926,0.5809262665296048,100.0,302858.05,1.9990480723464927,1.6967869101617343,5.674415161385848,0.0168255227636086
2016-03-17,8.5297,8.6719,8.5297,8.6555,307862,0,1.0601655633005302,8.48538,8.3448,8.05887,8.154497432282875,8.780868247847904,7.336871752152096,0.5774819143443204,100.0,305271.5,1.66711607676707,1.474846712076625,6.680224317495531,0.0105458521417003
2016-03-18,8.6719,8.7145,8.6645,8.6883,197914,0,0.3789498007047642,8.54524,8.4006,8.11701,8.205335772065458,8.845408438971027,7.388611561028974,0.5652537039750526,100.0,297576.95,0.5770673437590044,0.1891165719161784,6.863215379506293,0.0037823359475128
2016-03-21,8.6636,8.7232,8.6223,8.6719,224311,0,-0.1887595962386079,8.600439999999999,8.45073,8.174330000000001,8.249770460440176,8.886995499449736,7.461664500550267,0.6264822116817522,97.41243294414656,292306.95,1.1702214026419997,0.0958031303384297,6.135412332019685,-0.0018893797166697
2016-03-22,8.6636,8.6883,8.6242,8.6883,157500,0,0.1891165719161813,8.653739999999999,8.502500000000001,8.23369,8.291535178493493,8.906929126674074,7.560450873325924,0.6090021287991824,97.3389582995296,286800.45,0.743257345608866,0.2851008818504926,6.336131985411098,0.0018893797166697
2016-03-23,8.6799,8.6883,8.6295,8.6474,149793,0,-0.4707480174487632,8.67028,8.541059999999998,8.2877,8.325427066256017,8.906960564154085,7.668439435845913,0.668576928753207,91.16422513492678,282374.6,0.6813836259342921,-0.374428276823473,4.667263792393905,-0.0047185952556857
2016-03-24,8.6295,8.6295,8.4544,8.4635,245196,0,-2.126650785207107,8.631879999999999,8.55863,8.32674,8.33857686946973,8.880377831077894,7.773102168922104,1.0589664600033608,70.42667974497306,285975.7,2.0711109008327084,-1.923634046004987,2.119983590337604,-0.0214958980794593
2016-03-28,8.4956,8.4956,8.4296,8.4544,215166,0,-0.1075205293318393,8.5851,8.565169999999998,8.360365,8.349607643805946,8.853001123961901,7.867728876038098,1.0004548865994305,68.09026007139215,284178.15,0.7829553003701117,-0.4849569188756521,0.7795923232804869,-0.0010757837412004
2016-03-29,8.4384,8.5554,8.4384,8.5377,216210,0,0.9852857683573024,8.55826,8.57935,8.394435,8.367521201538713,8.831393397514583,7.957476602485416,1.040416211112153,71.15362452460528,282641.2,1.3865187713310685,1.1767633674630205,1.6889195917054731,0.0098046347782015
2016-03-30,8.5554,8.7066,8.5465,8.5963,196399,0,0.686367522869169,8.53986,8.5968,8.420705,8.389309658535026,8.838519456302492,8.002890543697507,1.052693548048041,70.02754161178306,274825.55,1.8732814602468837,0.4780606400635718,2.0720036096796512,0.0068402274407257
2016-03-31,8.6223,8.7145,8.6144,8.6799,147071,0,0.972511429335876,8.546359999999998,8.60832,8.44946,8.416984929150738,8.854702344127915,8.044217655872085,0.9598806524733744,71.96146521787836,267832.55,1.1620078008915238,0.6680352110225898,1.345055868857048,0.0096781297438258
2016-04-01,8.6295,8.6883,8.6053,8.6386,149554,0,-0.475811933317205,8.58138,8.60663,8.475715,8.438091126374477,8.856619675325476,8.094810324674523,0.9178717515813908,64.98559077809806,258976.0,0.964521864432387,0.1054522278231659,-0.1952515741436067,-0.0047694752190592
2016-04-04,8.6719,8.6719,8.587,8.6223,134813,0,-0.1886879818489228,8.61496,8.60003,8.500314999999999,8.455634828624527,8.84952228439463,8.151107715605367,0.9082536718427308,63.440987888862495,242667.2,0.9887038546640396,-0.5719623150636152,-0.759642277545669,-0.0018886622186834
2016-04-05,8.587,8.6053,8.4798,8.4956,197752,0,-1.4694455075791812,8.606539999999999,8.582399999999998,8.516564999999998,8.459441035422191,8.829537575056388,8.203592424943608,1.0109551946242574,53.91304347826088,230475.35,1.4799877355598083,-1.0643996739257031,-2.033003148099044,-0.0148034880188702
2016-04-06,8.4798,8.6223,8.4798,8.5963,194989,0,1.1853194594849017,8.606539999999999,8.5732,8.53785,8.47247522252484,8.8065216132941,8.269178386705901,1.0988803585191085,51.75399644760209,229189.35,1.6804641618906115,1.3738531569140815,-1.0588952959727504,0.0117834957127869
2016-04-07,8.5297,8.5963,8.4798,8.5224,251415,0,-0.8596721845445132,8.57504,8.5607,8.550880000000001,8.477229963236761,8.786415471461025,8.315344528538978,1.120100900681411,42.470867745220005,226427.55,1.3738531569140815,-0.085583314770751,-1.4455211971228343,-0.0086338868098907
2016-04-08,8.5377,8.597,8.5224,8.5647,130246,0,0.4963390594198813,8.56026,8.57082,8.564725,8.485560442928499,8.765073001186737,8.364376998813261,0.885744094220929,43.08260577568839,217907.35,0.8753402797334111,0.3162444217997942,1.1957228097122965,0.004951113578096
2016-04-11,8.5728,8.6304,8.5377,8.6061,215736,0,0.4833794528704915,8.55702,8.585989999999999,8.575579999999999,8.497040400744833,8.758617397388281,8.392542602611716,0.8884023660021036,46.4176829268292,215298.95,1.0857725148459263,0.3884378499439946,1.7943319454958306,0.004822149256091
2016-04-12,8.6233,8.69,8.5801,8.6818,157359,0,0.8796086496787314,8.59426,8.600399999999999,8.589875000000001,8.51463655305485,8.757865361567308,8.421884638432694,0.8783512712453518,49.66758719443597,210140.55,1.2808708523210648,0.6783945821205389,1.6878081919018184,0.0087576262962455
2016-04-13,8.6818,8.7755,8.6573,8.7488,234847,0,0.7717293648782375,8.62476,8.615649999999999,8.606224999999998,8.536937833716292,8.768906553641768,8.443543446358229,0.8843110057684311,55.05080693365211,205533.0,1.3653217515853655,0.7717293648782325,1.7740190547095749,0.0076876676621551
2016-04-14,8.7663,8.8319,8.7232,8.8256,191211,0,0.8778346744696464,8.6854,8.63022,8.61927,8.564429468600455,8.807730657350497,8.430809342649503,0.8753390787411727,70.19069923051185,195767.2,1.2461023477622766,0.6764541482723653,1.6785907671747369,0.0087400410693522
2016-04-15,8.8497,8.8848,8.7332,8.7407,427967,0,-0.9619742567077538,8.720600000000001,8.640429999999999,8.623529999999999,8.581217138257555,8.819154464083425,8.427905535916572,0.9271630249292364,64.71979434447303,201772.45,1.7359043649521386,-1.2316801699492637,1.1819044752621854,-0.0096663111833216
2016-04-18,8.6655,8.7232,8.6151,8.6573,692304,0,-0.954156989714794,8.73084,8.643930000000001,8.621979999999999,8.588463125090168,8.815927704293088,8.42803229570691,0.985383254075514,56.14846802385359,226491.95,1.2547735951991306,-0.0946281230165648,0.4059241733644247,-0.0095873823230746
2016-04-19,8.6304,8.6992,8.6304,8.6655,324806,0,0.0947177526480658,8.72758,8.66092,8.62166,8.595799970319677,8.81528175171556,8.428038248284441,0.8302216713979665,53.75189763608762,231516.7,0.7971820541342177,0.4067018909899878,1.999858750411976,0.0009467292368982
2016-04-20,8.6484,8.7562,8.6484,8.7232,231295,0,0.6658588656165421,8.72246,8.67361,8.623405,8.607933306479707,8.820159268061863,8.426650731938137,0.7763133609670934,52.415485886421976,235206.45,1.2464733361084042,0.864899865871141,1.4762165117550683,0.006636518172729
2016-04-21,8.7488,8.8097,8.7232,8.7571,236671,0,0.3886188554658831,8.708760000000002,8.69708,8.62889,8.622139658243544,8.834383008206144,8.423396991793856,0.6917948983954103,56.665541680728936,239550.35,0.9916085840058594,0.0948701536210702,2.753919083826162,0.0038786568307442
2016-04-22,8.7663,8.8256,8.7488,8.8256,138315,0,0.7822224252320931,8.725739999999998,8.72317,8.646995,8.64151683364892,8.854924739906044,8.439065260093956,0.7077187352794678,60.80119009669537,234206.3,0.8778346744696466,0.6764541482723653,3.046224619659754,0.0077917892660248
2016-04-25,8.7828,8.8412,8.7828,8.8179,147776,0,-0.0872461928933976,8.757859999999999,8.74435,8.66517,8.658315230444261,8.865629609793203,8.464710390206797,0.714511457634261,69.60223817053887,230836.8,0.6649360112948112,0.3996447602131428,2.461045072681012,-0.0008728427453573
2016-04-26,8.8412,8.8933,8.7828,8.8933,229496,0,0.8550788736547243,8.80342,8.7655,8.68295,8.680694732306712,8.898330392990527,8.467569607009473,0.7121316137751176,68.63704819277109,231501.1,1.25814091178212,0.5892865221915505,2.436130756294763,0.0085144378149184
2016-04-27,8.9268,8.9268,8.8005,8.8256,294538,0,-0.7612472310615903,8.823899999999998,8.77318,8.694415,8.694495233991788,8.914729734439318,8.474100265560681,0.749737855147894,69.17530989122184,236408.05,1.4351457303562358,-1.133664919119958,0.8778346744696464,-0.0076415950695611
2016-04-28,8.7921,8.8588,8.7407,8.7571,354547,0,-0.7761511965192147,8.823899999999998,8.76633,8.698274999999999,8.700457592659236,8.920218092517718,8.47633190748228,0.738980691398019,61.77766895200778,246781.85,1.351150365531366,-0.398084644169199,-0.7761511965192147,-0.0077917892660249
2016-04-29,8.7663,8.7828,8.6573,8.6818,296912,0,-0.8598737024813952,8.79514,8.76044,8.700435,8.698680679072641,8.92076776532151,8.48010223467849,0.7259614685503938,54.449277065945765,254149.75,1.4496436533330324,-0.9639186429850504,-0.6738590730719474,-0.0086359194654824
2016-05-02,8.7165,8.7571,8.6818,8.7165,264443,0,0.3996867009145477,8.77486,8.76636,8.705145,8.700377757256199,8.922451637340227,8.487838362659772,0.6654835058229978,52.142768926762955,260631.25,0.8673316593333017,0.0,0.683815970337176,0.0039889007558494
2016-05-03,8.7075,8.7232,8.6655,8.6737,244473,0,-0.4910227729019611,8.73094,8.76718,8.71405,8.697837018469894,8.908607002878222,8.519492997121779,0.6884633554379892,45.21960534691285,262967.3,0.6658588656165314,-0.3881711168532804,0.0946281230165713,-0.0049223225055093
2016-05-04,8.6573,8.6655,8.6061,8.6061,304568,0,-0.779367513287299,8.68704,8.755469999999999,8.71454,8.689100159568,8.907893980266106,8.521186019733893,0.6875497036140925,35.86242432049464,268446.25,0.690208108202323,-0.5914084067780913,-1.3423972853998656,-0.0078242045465855
2016-05-05,8.6061,8.6818,8.588,8.6484,204137,0,0.4915118346289437,8.6653,8.7446,8.720839999999999,8.685223953894857,8.895102529113878,8.54657747088612,0.6969279486297673,43.70996320021809,266082.35,1.092221704704258,0.4915118346289364,-1.24127850544129,0.0049030785872208
2016-05-06,8.6233,8.6465,8.6061,8.6151,190836,0,-0.3850423199667108,8.651959999999999,8.72355,8.72336,8.678545482095346,8.889378089060408,8.557341910939591,0.6222899745775257,46.91339964891754,269111.85,0.4694344708985486,-0.0950912063827122,-2.3851069615663523,-0.0038578551626778
2016-05-09,8.597,8.6745,8.588,8.6573,199139,0,0.4898376107067781,8.64012,8.70749,8.72592,8.676522102848171,8.885789994553159,8.566050005446842,0.6633668141531893,49.428651059085816,268282.0,1.0072193758733223,0.7014074677212958,-1.8212953197473405,0.0048864180968138
2016-05-10,8.6484,8.67,8.6061,8.6573,196911,0,0.0,8.63684,8.68389,8.724695,8.67469142638644,8.886353893321731,8.56303610667827,0.5622927672768292,45.00681921503249,270259.6,0.7424966012479555,0.1029092086397344,-2.653683109756788,0.0
2016-05-11,8.6304,8.6745,8.6061,8.6151,133494,0,-0.4874498977741281,8.638639999999999,8.66284,8.71801,8.669016052444874,8.886389782510934,8.549630217489065,0.5418559782336861,39.37443879078122,265191.95,0.7947850942935878,-0.1772803114571731,-2.3851069615663523,-0.0048864180968138
2016-05-12,8.6573,8.6745,8.6151,8.6745,153953,0,0.6894870634119199,8.64386,8.65458,8.710455,8.669538333164411,8.871926372403282,8.548983627596717,0.57768942650115,38.537399484145055,263329.05,0.6894870634119177,0.1986762616520251,-0.9432346324696472,0.0068712097106647
2016-05-13,8.6908,8.6908,8.588,8.6573,274966,0,-0.1982823217476559,8.6523,8.65213,8.706285,8.668372777624944,8.868772042723933,8.543797957276066,0.5145699287226277,37.989829494466,255679.0,1.1970190964136032,-0.3854650895199532,-0.282199543873407,-0.0019847916138508
2016-05-16,8.6828,8.7589,8.6636,8.6908,251121,0,0.3869566724036266,8.659,8.64956,8.70796,8.670508703565424,8.869005157447777,8.546914842552223,0.5134113199288777,33.84394447103871,233619.85,1.1000046170183289,0.0921361772699949,-0.2948431136350682,0.0038620992085541
2016-05-17,8.6745,8.7589,8.6745,8.7,259489,0,0.105859069360692,8.667539999999999,8.65219,8.709684999999999,8.673317398463956,8.869549959790936,8.549820040209061,0.4876957742989303,38.94755367828225,230354.0,0.9729667415989448,0.2939650700328455,0.3032154674475595,0.0010580307815888
2016-05-18,8.6908,8.7508,8.6151,8.7,203303,0,0.0,8.684520000000001,8.661579999999999,8.708525,8.675858598610246,8.868313714114707,8.548736285885292,0.3977159076718143,44.286571943165875,228954.4,1.575141321632946,0.1058590693607018,1.091086554885479,0.0
2016-05-19,8.6745,8.6908,8.6061,8.6392,159599,0,-0.6988505747126283,8.67746,8.66066,8.70263,8.672367303504508,8.863568341905449,8.54169165809455,0.4458322521628476,45.61005770816155,225100.8,0.9841856357699746,-0.4069398812611614,-0.106378058369172,-0.0070130397241249
2016-05-20,8.6233,8.6655,8.6061,8.6061,218203,0,-0.3831373275303362,8.66722,8.65976,8.691655,8.666056131742174,8.84712905910046,8.536180940899541,0.4456544470803069,38.58560794044664,229095.2,0.690208108202323,-0.1994596036320291,-0.1044677368805979,-0.003838731787375
2016-05-23,8.588,8.6573,8.588,8.6233,192464,0,0.1998582400855264,8.653720000000002,8.65636,8.681925,8.6619841191953,8.828218876910814,8.535631123089185,0.4181336010521447,44.497816593886505,231329.6,0.8069399161620883,0.4110386585934003,-0.3927321451260623,0.0019965878920667
2016-05-24,8.6484,8.7083,8.6304,8.6908,278151,0,0.7827629793698332,8.65188,8.659709999999999,8.6718,8.664728488795747,8.779413421196423,8.564186578803575,0.4927618021511859,59.24874426730724,233762.35,0.9026232851316236,0.490264095092721,0.3869566724036266,0.0077971528378442
2016-05-25,8.6908,8.7508,8.6908,8.7175,271909,0,0.3072214295577025,8.65538,8.669949999999998,8.666395,8.669754347005677,8.749566160870508,8.583223839129491,0.4613778620709179,57.81144019895985,232630.9,0.690385234961114,0.3072214295576926,1.1886106951747522,0.0030675046887202
2016-05-26,8.7508,8.8024,8.7241,8.7681,182797,0,0.5804416403785595,8.68116,8.67931,8.666945,8.679120599671803,8.752745637345937,8.581144362654063,0.4474806624080949,66.64490861618805,224043.4,0.8975137836567724,0.1976962106321769,1.079024727650002,0.0057876356824419
2016-05-27,8.7938,8.8024,8.7175,8.7845,180280,0,0.1870416623897863,8.716840000000001,8.692029999999999,8.67208,8.689156733036393,8.77264624106852,8.571513758931479,0.4345526022437688,64.66113416320889,218211.8,0.9739030685403052,-0.1057563283222229,1.469280260589323,0.0018686695728607
2016-05-31,8.7765,8.8274,8.7765,8.8256,141292,0,0.4678695429449542,8.757299999999999,8.70551,8.677535,8.70215132989007,8.798094717024247,8.556975282975754,0.4402369214610219,67.71951989892614,212054.25,0.579957841964341,0.5594485273172591,1.5510654945459557,0.004667784353819
2016-06-01,8.8189,8.8865,8.7681,8.8274,291995,0,0.0203952139231411,8.78462,8.71825,8.68522,8.714079774662444,8.82310110210008,8.547338897899918,0.4421204185053271,74.43037974683544,214430.35,1.3503495626190325,0.0963839027543288,1.4643678160919604,0.0002039313438213
2016-06-02,8.8024,8.8274,8.7845,8.7845,246474,0,-0.485986813784367,8.79802,8.7267,8.69414,8.72078646278983,8.833543547491349,8.554736452508653,0.4846599469840522,63.15789473684195,211525.65,0.4883601798622718,-0.2033536308279663,0.9712643678160936,-0.0048717156976404
2016-06-03,8.7508,8.8865,8.7508,8.8865,242249,0,1.161136091980186,8.8217,8.751430000000001,8.706045,8.736568704428894,8.867866246085761,8.544223753914238,0.5015837909291834,72.79236276849636,213431.25,1.5507153631667956,1.5507153631667956,2.8625335679229424,0.0115444663949374
2016-06-06,8.8522,8.9052,8.8189,8.8791,231092,0,-0.0832723794519818,8.84062,8.77873,8.719245,8.750143113530903,8.892496438516117,8.545993561483884,0.4649068434535415,69.75036710719517,215444.05,0.9785800950232044,0.3038792616524647,3.1721685781015863,-0.0008330707015773
2016-06-07,8.8709,8.9455,8.8617,8.9296,275215,0,0.5687513374103448,8.861419999999999,8.809360000000002,8.732859999999999,8.76723424557558,8.927136508319307,8.53858349168069,0.4694788937476292,72.1621621621621,219247.85,0.9456424839477562,0.6617141439989175,3.552004453051616,0.0056714005357002
2016-06-08,8.9899,9.041,8.9739,9.0324,335102,0,1.151227378605979,8.902420000000001,8.843520000000002,8.751615,8.792488126949333,8.983885652247038,8.519344347752961,0.5190086769758767,76.77190721649478,226157.4,0.7477239550251277,0.4727527558704815,3.930593271045258,0.0114465117943174
2016-06-09,9.0068,9.041,8.9549,8.9945,267237,0,-0.4196005491342358,8.94442,8.871220000000001,8.770585,8.81172735295416,9.017426276725066,8.523743723274935,0.5789304569633185,79.71232647599899,232844.55,0.9614847736993162,-0.1365634853666091,3.177516489819343,-0.0042048334257458
2016-06-10,8.937,8.9645,8.8608,8.896,212593,0,-1.0951136805825712,8.94632,8.88401,8.781659999999999,8.819753319339478,9.030219601240711,8.533100398759286,0.7190261821487431,71.85285692748371,235776.55,1.1703232213795585,-0.4587669240237059,1.458696867052156,-0.0110115419123771
2016-06-13,8.896,8.9221,8.8265,8.8265,237599,0,-0.7812500000000111,8.9358,8.888209999999999,8.79012,8.820395860354767,9.032293357656068,8.547946642343932,0.776011722897242,64.19787590832848,233908.2,1.083102022319164,-0.7812500000000163,0.4781148614036112,-0.007843177461026
2016-06-14,8.8179,8.8662,8.7398,8.7921,221757,0,-0.3897354557299004,8.9083,8.88486,8.795185,8.817701016511455,9.032806576861176,8.557563423138825,0.7721301196481613,57.42124542124537,232440.0,1.446257351426789,-0.2925866702956516,-0.3795775924583022,-0.0039049690342214
2016-06-15,8.8265,8.8782,8.7828,8.8608,256129,0,0.7813832872692439,8.87398,8.888200000000001,8.803225000000001,8.821805681605602,9.038152257499648,8.568297742500354,0.8145681855378021,59.88957902001371,232272.0,1.086213963656234,0.3886025038237127,0.3783673561863931,0.0077834629815263
2016-06-16,8.8106,8.9296,8.7828,8.9052,321013,0,0.5010834236186534,8.856119999999999,8.900269999999999,8.813485,8.829747997643164,9.047351595127015,8.579618404872985,0.8033754237007256,59.54336628149791,238157.5,1.6714487407205072,1.0737066715093158,1.3740110421765817,0.0049983217874456
2016-06-17,8.87,8.9296,8.8513,8.9174,129071,0,0.1369986075551388,8.860399999999998,8.90336,8.827395,8.838095807391435,9.050458752747916,8.604331247252082,0.7195684541539487,59.30541940904633,236631.1,0.8846158191452158,0.5343855693348528,0.3477184493332785,0.0013690485008396
2016-06-20,8.9296,9.0068,8.9296,8.9899,151221,0,0.8130172471796593,8.893080000000001,8.91444,8.846585000000001,8.852553349544632,9.05504759566162,8.638122404338382,0.7577252544306378,61.01945003353449,233282.0,0.8645404049453446,0.6752822074896948,1.2478742214864225,0.0080973006683489
2016-06-21,8.9739,9.0162,8.9436,8.9994,154958,0,0.105674145429857,8.934540000000002,8.92142,8.865390000000001,8.866538744826096,9.056146266643225,8.67463373335678,0.741686862947901,61.41795007965996,231406.7,0.8117536562458021,0.2841573897636389,0.7816699516215664,0.0010561834960917
2016-06-22,8.9549,8.9899,8.937,8.9549,171630,0,-0.4944774096050763,8.95336,8.91367,8.878595,8.874954102461706,9.054445241011086,8.702744758988915,0.6552157477446773,61.287758346581874,226080.65,0.5919212263623259,0.0,-0.8580222310792363,-0.0049570399427476
2016-06-23,8.9899,9.1185,8.9739,9.11,244795,0,1.7320126411238368,8.994319999999998,8.92522,8.89822,8.897339426036782,9.085600598895937,8.710839401104064,0.8555030199244766,63.83215744522832,224724.95,1.6113395513656128,1.335943670118677,1.2841180721552048,0.0171718427673828
2016-06-24,8.8608,9.0248,8.7663,8.87,631190,0,-2.634467618002201,8.98484,8.922619999999998,8.903315000000001,8.894735671176136,9.081094014510976,8.725535985489026,1.1782443966853322,49.56271023546371,247144.6,2.948792535049012,0.1038280967858418,-0.2922661870503829,-0.0266979149503788
2016-06-27,8.8106,8.869,8.7571,8.8106,223762,0,-0.6696730552423702,8.94898,8.92103,8.90462,8.886722750111742,9.079078893968472,8.730161106031526,1.170770469527023,44.330093386697165,249318.7,1.2778202829703935,0.0,-0.1801393530844408,-0.0067192542656132
2016-06-28,8.8782,8.9994,8.8782,8.9994,234691,0,2.1428733570925784,8.94898,8.941759999999999,8.91331,8.897453916767766,9.088508725062852,8.738111274937147,1.3414252806647493,48.54676765897476,253988.65,1.3651415827532605,1.3651415827532605,2.357798478179274,0.0212023663913568
2016-06-29,8.9899,9.0847,8.9645,9.059,205575,0,0.662266373313769,8.969800000000001,8.96158,8.924890000000001,8.91283925802798,9.106672077746852,8.74310792225315,1.336618196886514,52.7871402644542,249667.65,1.3408444419655363,0.7686403630741034,2.236818345973268,0.0066008302399189
2016-06-30,9.0685,9.1626,9.0324,9.1262,285718,0,0.7418037310961578,8.973040000000001,8.983680000000001,8.941975,8.933159328691982,9.132232917742318,8.75171708225768,1.344198313492843,60.22384082430274,251629.85,1.4414773482130832,0.6362684016099743,2.481696087679119,0.0073906589844519
2016-07-01,9.1358,9.1884,9.0847,9.153,197890,0,0.2936600118340626,9.02964,9.00724,8.955300000000001,8.954096535483222,9.165484790877628,8.745115209122375,1.3436011195586517,65.07247714892449,249411.9,1.1414796305876904,0.1882703211541493,2.6420257025590477,0.0029322967310397
2016-07-05,9.1626,9.2484,9.158,9.23,400330,0,0.8412542335846096,9.11352,9.03125,8.972845,8.980373055913391,9.212731345677662,8.732958654322337,1.3448998697942278,69.45011992537985,257873.8,0.98711509063115,0.7355990657673698,2.6707749808118075,0.0083773541121184
2016-07-06,9.2398,9.2989,9.1961,9.2705,350920,0,0.4387865655471223,9.16774,9.05836,8.989889999999999,9.00800419344545,9.26298480058349,8.716795199416508,1.34444520975426,68.66514806378142,261659.05,1.1178651819793195,0.3322582739886091,3.0124230504255944,0.0043782670410101
2016-07-07,9.2656,9.384,9.2656,9.325,279205,0,0.5878863060244877,9.220940000000002,9.09537,9.00452,9.038194270260169,9.315873423147607,8.693166576852391,1.316165787171498,68.95088479595525,258864.2,1.2778449317907226,0.6410809877395973,4.132932807736545,0.0058616499741082
2016-07-08,9.4204,9.4809,9.3704,9.4809,259410,0,1.671849865951747,9.29188,9.132459999999998,9.02884,9.08035672071158,9.405941909443229,8.651738090556771,1.3095909087484412,72.51658275393596,258472.85,1.1792452830188684,0.6422232601587972,4.0713501646542305,0.0165802829397078
2016-07-11,9.4661,9.595,9.4294,9.503,466214,0,0.2331002331002363,9.36188,9.19576,9.05919,9.120608461596191,9.485739578287566,8.632640421712432,0.7738143518768311,71.36314430843541,271153.9,1.756209302818857,0.3898120662152234,7.136414881623465,0.0023282897595911
2016-07-12,9.4988,9.742,9.4809,9.689,373125,0,1.9572766494791116,9.45368,9.2836,9.102315,9.174740989063222,9.598523204497845,8.606106795502157,0.7018447589103953,75.03267024829398,277930.2,2.753957957577875,2.0023581926138125,9.969809093591795,0.0193836831736888
2016-07-13,9.672,9.725,9.513,9.562,266068,0,-1.3107647848075166,9.51198,9.33986,9.14081,9.21162279962863,9.65482349931118,8.62679650068882,0.8804984419079778,70.79252003561888,280145.75,2.228529380847259,-1.1373035566584078,6.251527879636409,-0.0131943111989554
2016-07-14,9.562,9.585,9.4204,9.508,307879,0,-0.5647354110018821,9.548579999999998,9.38476,9.17317,9.239849199664,9.694398593553034,8.651941406446968,0.9550111566638012,64.64527524286135,282733.25,1.747271878051888,-0.5647354110018853,4.956396953306097,-0.0056633607059641
2016-07-15,9.508,9.603,9.4571,9.4809,217116,0,-0.2850231384097457,9.54858,9.42023,9.201955,9.26280641874362,9.724458030361802,8.679451969638198,0.9796941498115878,76.65590365651462,277538.4,1.5427562360554423,-0.2850231384097498,3.8866121715500417,-0.0028543010283602
2016-07-18,9.473,9.665,9.473,9.612,341701,0,1.382780115811788,9.57038,9.46613,9.236685,9.296062950291846,9.77173770286442,8.701632297135578,1.0276139868426095,82.90900131406045,288169.9,2.0268130476089765,1.4673281959252542,5.014749262536866,0.0137330694046354
2016-07-19,9.603,9.626,9.562,9.585,138769,0,-0.2808988764044895,9.54958,9.50163,9.26644,9.323580764549764,9.809830898942044,8.723049101057955,1.0467229223667036,77.73252509945073,287547.3,0.6693160426688983,-0.1874414245548152,3.8461538461538542,-0.0028129413766146
2016-07-20,9.603,9.821,9.603,9.785,405975,0,2.086593635889411,9.59418,9.55308,9.30572,9.367525453640264,9.880503377410804,8.730936622589194,1.1779533728138802,80.34609597057354,300098.15,2.2701239196084555,1.8952410704988063,5.549862466965094,0.0206512243504317
2016-07-21,9.776,9.837,9.725,9.785,167227,0,0.0,9.64958,9.59908,9.347225,9.407284934245952,9.935078726435924,8.759371273564074,1.190335705629961,79.17626217891943,299878.0,1.1516709511568133,0.0920621931260264,4.932975871313672,0.0
2016-07-22,9.776,9.846,9.752,9.846,146989,0,0.6234031681144669,9.7226,9.63559,9.384025,9.449067321460625,10.00078785940159,8.767262140598408,1.1185871829482563,79.78851444291612,294987.7,0.9639048400328076,0.71603927986907,3.850900230990728,0.0062146804879693
2016-07-25,9.854,9.862,9.742,9.76,242954,0,-0.8734511476741869,9.7522,9.66129,9.428525,9.478679957511993,10.016906100541188,8.84014389945881,1.1877843914460378,72.6070636410169,275575.9,1.2317799219872634,-0.9539273391516078,2.704409133957686,-0.0087728809110077
2016-07-26,9.785,9.821,9.725,9.767,164358,0,0.0717213114754145,9.7886,9.66909,9.476345,9.506139009177517,10.0057761723075,8.946913827692502,1.0299747971658304,71.80117678053921,272605.7,0.9871465295629828,-0.1839550332141102,0.805036639488077,0.0007169560403389
2016-07-27,9.965,9.965,9.812,9.889,288191,0,1.2491041261390334,9.8094,9.70179,9.520825,9.54260196068442,10.03065483693771,9.010995163062288,0.9602957298102184,73.3792074282872,275280.7,1.5593151243375507,-0.7626693426994532,3.419786655511392,0.0124136718225137
2016-07-28,9.908,9.985,9.897,9.975,249951,0,0.869653149964611,9.8474,9.74849,9.566624999999998,9.583782726333522,10.066243906873636,9.06700609312636,0.9160923463987,71.74161753058172,277499.5,0.8891583308073072,0.676221235365363,4.9116533445519694,0.0086589344880734
2016-07-29,9.975,9.976,9.871,9.934,267984,0,-0.4110275689223064,9.864999999999998,9.7938,9.607015,9.617136752396997,10.086939043442316,9.127090956557684,0.9286318833384708,68.65477839335179,276612.8,1.0637220139803507,-0.4110275689223094,4.779082154647751,-0.0041187460907683
2016-08-01,9.942,9.951,9.84,9.854,172940,0,-0.8053150795248598,9.8838,9.818,9.642065,9.639695156930616,10.083201232806903,9.200928767193094,0.9477179164444864,57.86313381624092,275365.3,1.1280487804878117,-0.885133775900231,2.5176862255513743,-0.0080857525633873
2016-08-02,9.854,9.889,9.638,9.681,236758,0,-1.755632230566273,9.8666,9.8276,9.664615,9.643628951508653,10.060888139587108,9.268341860412896,1.1360521670785144,55.43279766252739,267186.7,2.604274745797878,-1.7556322305662682,1.001564945226896,-0.0177122623838369
2016-08-03,9.672,9.76,9.659,9.699,225838,0,0.1859312054539819,9.8286,9.819,9.68604,9.648902384698305,10.036251661713774,9.335828338286229,0.9028371896611302,59.01623867069491,260932.6,1.0456569003002287,0.2791563275434165,-0.8788962698007219,0.0018575856734712
2016-08-04,9.717,9.751,9.699,9.725,151447,0,0.2680688730797076,9.7786,9.813,9.70604,9.6561497766318,10.012375553206304,9.399704446793695,0.909581482286578,61.534826575937984,254544.7,0.5361377461593938,0.0823299372234138,-0.6131834440470163,0.0026771020931043
2016-08-05,9.742,9.846,9.742,9.812,180530,0,0.8946015424164511,9.7542,9.8096,9.722595,9.67099265504782,10.01307740439564,9.43211259560436,0.9358120430549866,59.861932938855986,250600.7,1.067542599055627,0.718538287825893,-0.3453178955921232,0.0089062368917328
2016-08-08,9.837,9.854,9.68,9.75,246533,0,-0.6318793314308957,9.7334,9.808599999999998,9.734945,9.678517164090884,10.00650336806011,9.463386631939889,0.9145136783106113,57.86463298379405,239616.65,1.7975206611570194,-0.8844159804818517,-0.1024590163934413,-0.006338841386487
2016-08-09,9.732,9.795,9.71,9.75,147780,0,0.0,9.7472,9.8069,9.737995,9.685325053225084,10.008749660552386,9.467240339447612,0.9141134098075416,47.93875147232037,228349.4,0.8753861997940171,0.1849568434032129,-0.17405549298658,0.0
2016-08-10,9.75,9.759,9.663,9.689,327731,0,-0.6256410256410216,9.7452,9.7869,9.744345,9.68567504815603,10.003425653770606,9.485264346229393,0.8130156336559671,44.72527472527472,231432.55,0.993480285625583,-0.625641025641025,-2.0224491859641924,-0.0062760636068886
2016-08-11,9.689,9.812,9.671,9.741,264679,0,0.5366910929920587,9.7484,9.7635,9.755995,9.69094409118879,9.990075961928028,9.521914038071971,0.7699690316692036,44.17314095449498,229272.55,1.4579671181883986,0.5366910929920488,-2.34586466165414,0.0053525603859515
2016-08-12,9.767,9.795,9.698,9.724,152158,0,-0.1745200698080262,9.7308,9.7425,9.76815,9.694092272980331,9.964250162377589,9.572049837622412,0.7675701267557309,47.83653846153848,226024.65,1.0002062280882609,-0.440258011671949,-2.113952083752757,-0.0017467253349416
2016-08-15,9.804,9.846,9.767,9.837,245486,0,1.162073220896742,9.7482,9.740799999999998,9.7794,9.707702532696493,9.963212719336225,9.595587280663777,0.8463402338024231,53.731343283582106,221213.9,0.8088461144670895,0.3365973072215368,-0.1725187741018818,0.0115537300767438
2016-08-16,9.804,9.9,9.804,9.872,251554,0,0.3557995323777652,9.7726,9.759899999999998,9.79375,9.72334991053492,9.957362990091305,9.630137009908694,0.5873112089654763,49.00117508813164,226853.15,0.979192166462669,0.6935944512443861,1.9729366800950388,0.0035516806324111
2016-08-17,9.909,9.918,9.863,9.882,193876,0,0.1012965964343637,9.8112,9.7782,9.7986,9.73845944286493,9.966807140471396,9.630392859528603,0.5880995258358501,43.999999999999986,216248.2,0.5576396633884185,-0.2724795640327078,1.8867924528301885,0.0010124532605263
2016-08-18,9.9,10.013,9.863,9.996,163149,0,1.1536126290224713,9.8622,9.8053,9.80915,9.762987114973033,9.998859223481576,9.619440776518422,0.6632561017797324,53.65566037735856,216044.3,1.5208354456047892,0.9696969696969706,2.7866323907455026,0.0114700925491477
2016-08-19,9.943,9.952,9.882,9.925,173961,0,-0.7102841136454541,9.9024,9.8166,9.8131,9.778416913547028,10.00922122996352,9.616978770036482,0.6908580249291975,54.231227651966734,217392.9,0.7083586318559025,-0.1810318817258263,1.151651039543422,-0.0071281863994517
2016-08-22,9.918,9.925,9.854,9.872,176755,0,-0.5340050377833805,9.9094,9.8288,9.8187,9.787329588447312,10.014833252233975,9.622566747766024,0.6796770868107452,63.28233657858142,214082.95,0.7205195859549575,-0.4638031861262289,1.2512820512820433,-0.0053543594102221
2016-08-23,9.925,9.96,9.918,9.952,129847,0,0.8103727714748876,9.9254,9.849,9.827949999999998,9.803012484785665,10.031139799786152,9.624760200213844,0.710528293000134,66.19718309859158,212357.4,0.4234724742891873,0.2720403022669949,2.071794871794874,0.0080710688337917
2016-08-24,9.967,9.987,9.9,9.96,153611,0,0.080385852090048,9.941,9.8761,9.8315,9.817963676710836,10.041546110226651,9.621453889773347,0.651134469713438,65.39973787680218,205628.4,0.8787878787878761,-0.0702317648239156,2.796986273093216,0.0008035355996833
2016-08-25,9.918,9.952,9.9,9.917,124357,0,-0.4317269076305363,9.9252,9.8937,9.8286,9.827395707500282,10.03179386646431,9.625406133535687,0.6797931260615466,57.301808066759406,199348.7,0.5252525252525212,-0.0100826779592603,1.8067960168360653,-0.0043266153925189
2016-08-26,9.918,10.022,9.909,9.995,221845,0,0.7865281839265936,9.9392,9.9208,9.83165,9.843358021071683,10.043166106143692,9.620133893856307,0.6917288523265313,66.66666666666659,197041.75,1.1403774346553592,0.7763662028634801,2.7869189633895397,0.0078345117483753
2016-08-29,10.031,10.049,9.935,9.96,211440,0,-0.3501750875437581,9.9568,9.9331,9.83695,9.854466780969618,10.056002000556177,9.617897999443825,0.6402195354092924,63.6363636363637,198966.75,1.147458480120775,-0.7078058020137546,1.2503812137847126,-0.0035078963558563
2016-08-30,9.943,10.013,9.863,9.882,180209,0,-0.7831325301204894,9.942800000000002,9.9341,9.847,9.857088992305846,10.054040296103969,9.639959703896032,0.6938890410567868,62.26175349428204,196139.3,1.5208354456047892,-0.6134969325153369,0.1012965964343637,-0.0078621511729486
2016-08-31,9.872,9.904,9.75,9.767,305937,0,-1.1637320380489813,9.9042,9.9226,9.8504,9.848509088276716,10.049279386882118,9.651520613117883,0.7851685546440675,51.52941176470586,200144.25,1.5794871794871783,-1.0636142625607825,-1.1637320380489813,-0.0117055639582183
2016-09-01,9.804,9.854,9.767,9.776,221057,0,0.0921470256987744,9.876,9.9006,9.85295,9.841603460821792,10.04629014204662,9.65960985795338,0.6558228983514957,53.08788598574819,203624.75,0.8907545817548863,-0.285597715218283,-2.200880352140866,0.0009210459638994
2016-09-02,9.812,9.9,9.812,9.854,142815,0,0.7978723404255206,9.8478,9.8935,9.85505,9.84278408360067,10.047427343015112,9.662672656984888,0.70239728700682,51.05328376703838,201739.0,0.8968609865470951,0.4280472890338342,-0.7153652392947296,0.0079470616925317
2016-09-06,9.863,9.935,9.842,9.909,220587,0,0.558148975035544,9.837599999999998,9.8972,9.863,9.849090361352989,10.050169498190598,9.6758305018094,0.707048440099253,52.23700120918988,200441.7,0.9449298922983131,0.4663895366521459,0.374797406807148,0.0055659709549912
2016-09-07,9.918,9.977,9.863,9.967,175883,0,0.5853264708850503,9.8546,9.8987,9.87385,9.86031985074794,10.05858112751773,9.689118872482272,0.6829633628186444,54.85714285714288,201846.85,1.155834938659645,0.4940512200040458,0.1507234726688233,0.0058362009085568
2016-09-08,9.967,10.002,9.871,9.908,244356,0,-0.5919534463730391,9.8828,9.8935,9.8848,9.864860817343374,10.048117707810562,9.72148229218944,0.7086586664225909,44.634146341463385,197678.1,1.3271198460135774,-0.5919534463730415,-0.5220883534136633,-0.0059371243582061
2016-09-09,9.854,9.917,9.527,9.536,424474,0,-3.754541784416632,9.8348,9.8554,9.87455,9.833540739501148,10.092471738729328,9.65662826127067,1.3740902149695124,32.649420160570926,205667.85,4.09362863440748,-3.2271158920235403,-3.8418876676414304,-0.0382684013041191
2016-09-12,9.536,9.793,9.394,9.722,367600,0,1.9505033557047025,9.8084,9.8281,9.87445,9.82291781192961,10.092664259749863,9.656235740250134,1.5251070194959684,44.01913875598086,216439.95,4.247391952309975,1.9505033557046976,-2.7313656828414135,0.0193172483002698
2016-09-13,9.695,9.758,9.565,9.652,343006,0,-0.7200164575190349,9.757,9.7973,9.8652,9.806639925079171,10.104740437197815,9.625659562802184,1.5318458107350137,37.942122186495176,221315.95,2.0177731312075236,-0.4435275915420427,-3.0923694779116606,-0.0072262108604785
2016-09-14,9.633,9.774,9.633,9.722,229334,0,0.7252382925818424,9.708,9.781299999999998,9.8577,9.798578979833536,10.105591402369487,9.609808597630511,1.5534193524897912,40.88820826952524,220204.95,1.4637184677670512,0.9239074016401996,-1.6191054442420527,0.0072262108604783
2016-09-15,9.722,9.802,9.66,9.678,334714,0,-0.4525817732976667,9.662,9.7724,9.8475,9.787095267468436,10.107665534349673,9.587334465650327,1.5178318835843487,40.856924254016874,227246.85,1.469979296066247,-0.4525817732976621,-0.911231698576831,-0.0045360902521368
2016-09-16,9.66,9.784,9.652,9.784,219238,0,1.0952676172762963,9.7116,9.7732,9.8369,9.786800480090491,10.088731940619304,9.585068059380696,1.5630203835755383,42.09737827715362,230051.3,1.3675922088686434,1.2836438923395503,0.0818330605564687,0.0108931300137444
2016-09-19,9.802,9.845,9.731,9.766,151498,0,-0.1839738348323849,9.7204,9.7644,9.82895,9.784819481986634,10.07910487834178,9.57879512165822,1.539339302996387,42.640364188163865,228928.15,1.171513719042244,-0.3672719853091164,-0.8930383600568192,-0.0018414327454027
2016-09-20,9.784,9.82,9.739,9.748,124069,0,-0.1843129223837891,9.7396,9.7483,9.82275,9.781312864654574,10.074553494813513,9.570946505186493,1.523019913468616,44.67408585055643,226293.85,0.8317075675120599,-0.3679476696647727,-1.624785548491281,-0.0018448298765088
2016-09-21,9.766,9.82,9.695,9.793,157716,0,0.4616331555190811,9.7538,9.7309,9.8148,9.78242592516366,10.059357258391318,9.570242741608682,1.5168461068548762,51.09427609427608,227687.3,1.2893243940175347,0.276469383575663,-1.7457610113374211,0.0046057089756976
2016-09-22,9.854,9.925,9.821,9.868,139590,0,0.7658531604207264,9.7918,9.7269,9.8102,9.790575837052836,10.046582027993235,9.573817972006765,1.5350903010822845,53.66826156299842,226986.25,1.0589552998676406,0.142074284554507,-0.4037141703673752,0.007629353928453
2016-09-23,9.881,9.889,9.784,9.81,201225,0,-0.5877584110255407,9.797,9.7543,9.80485,9.792425757333518,10.035836237913786,9.573863762086214,0.8591085618503141,48.217179902755326,230829.65,1.073180703188866,-0.7185507539722673,2.873322147651014,-0.0058949250898385
2016-09-26,9.784,9.793,9.668,9.668,179605,0,-1.4475025484199875,9.7774,9.7489,9.7885,9.780575685206516,10.008862858653606,9.568137141346396,0.7978525689487584,40.87812263436787,228717.65,1.29292511377741,-1.1856091578086818,-0.5554412672289732,-0.0145808107360352
2016-09-27,9.705,9.82,9.686,9.802,170236,0,1.3860157219693914,9.7882,9.7639,9.7806,9.782616096139227,9.985888397909124,9.575311602090874,0.876271074944678,44.09448818897636,226657.45,1.3834400165186902,0.99948480164863,1.5540820555325352,0.0137649836461192
2016-09-28,9.802,9.908,9.774,9.908,114490,0,1.0814119567435163,9.8112,9.7825,9.781899999999998,9.794557420316446,9.990199278620905,9.573600721379092,0.9085430639787492,50.0,223371.5,1.3709842439124245,1.0814119567435203,1.9131865871219844,0.0107560651397573
2016-09-29,9.871,9.905,9.686,9.695,239465,0,-2.149777957206289,9.776599999999998,9.7842,9.778299999999998,9.785075761238687,9.990142145799998,9.566457854199998,1.164961381487429,56.186770428015585,220047.9,2.2609952508775493,-1.783000709148011,0.1756561272990175,-0.0217322229324979
2016-09-30,9.705,9.802,9.668,9.722,241980,0,0.2784940691077819,9.759,9.778,9.7756,9.779068545882623,9.988936798218196,9.562263201781803,1.1087601988194942,50.0,221094.05,1.3860157219693872,0.1751674394641881,-0.6336876533115432,0.0027810699286485
2016-10-03,9.722,9.784,9.668,9.731,249749,0,0.0925735445381548,9.7716,9.7745,9.76945,9.774490589131895,9.980348304253852,9.558551695746146,1.1087176371016887,53.70892018779345,226440.75,1.1998345055854511,0.0925735445381643,-0.3583862379684666,0.0009253072165881
2016-10-04,9.722,9.854,9.705,9.802,339407,0,0.7296269653684018,9.7716,9.7799,9.7641,9.777110533024098,9.965298409537228,9.562901590462774,1.1320385380022862,53.75234521575985,232381.75,1.5352910870685124,0.8228759514503196,0.5539597866228929,0.0072697806475037
2016-10-05,9.837,10.014,9.787,9.917,483984,0,1.173229953070809,9.7734,9.7923,9.7616,9.790433339402757,9.953196505847425,9.570003494152576,1.181309618528792,60.51011433597179,247786.8,2.3194032900786605,0.8132560740063035,1.266210558562242,0.0116640097166323
2016-10-06,9.889,9.889,9.729,9.76,280039,0,-1.5831400625189065,9.7864,9.7815,9.7542,9.787534926126302,9.932993147167323,9.575406852832678,1.2714212615904066,48.989898989898954,249570.95,1.6445677870284732,-1.3044797249469064,-1.0944466963923816,-0.0159580557789869
2016-10-07,9.756,9.805,9.65,9.666,220320,0,-0.9631147540983598,9.775200000000002,9.7671,9.7607,9.77596017125713,9.913681732656634,9.607718267343364,1.2926958855675872,46.04430379746837,239363.25,1.6062176165803042,-0.9225092250922496,-1.4678899082568808,-0.0096778270021087
2016-10-10,9.684,9.764,9.666,9.72,214801,0,0.5586592178770999,9.773,9.7723,9.7606,9.770630631137404,9.913690822717465,9.607509177282536,1.2209528652908608,48.92307692307697,231723.3,1.0138630250361986,0.3717472118959249,0.5378568473314083,0.0055710450494554
2016-10-11,9.693,9.773,9.586,9.737,289128,0,0.1748971193415549,9.76,9.7658,9.76485,9.767427713886224,9.909746732738194,9.619953267261804,1.1316506942465543,47.79874213836481,229029.4,1.9507615272272,0.4539358299804032,-0.6631299734747964,0.0017474435242713
2016-10-12,9.693,9.756,9.64,9.746,175317,0,0.0924309335524231,9.7258,9.7496,9.76605,9.765386979230392,9.909845871400703,9.622254128599296,1.061806269084814,44.94195688225539,226328.55,1.2033195020746852,0.5467863406582155,-1.635042389987884,0.0009238824246952
2016-10-13,9.676,9.746,9.586,9.693,200982,0,-0.5438128462959213,9.7124,9.7494,9.7668,9.75849298120845,9.908807560956204,9.624792439043796,0.8216400028671507,45.12905911740213,219641.95,1.6691007719591084,0.175692434890445,-0.0206291903042887,-0.0054529689108435
2016-10-14,9.756,9.801,9.703,9.703,209158,0,0.1031672340864542,9.7198,9.7475,9.76275,9.753207935379072,9.90728974139459,9.61821025860541,0.8169174049734299,51.63704396632368,219137.95,1.0099969081727378,-0.543255432554334,-0.1954330384694502,0.0010311405326915
2016-10-17,9.712,9.764,9.586,9.596,267402,0,-1.1027517262702236,9.695,9.734,9.75425,9.738235751057257,9.916851061692318,9.59164893830768,0.8838826309600215,40.115163147792714,224933.15,1.8568746088044965,-1.1943986820428305,-1.3873188778131706,-0.0110887710657142
2016-10-18,9.684,9.684,9.542,9.576,185062,0,-0.208420175072943,9.6628,9.7114,9.74565,9.722784727147042,9.926781269642817,9.564518730357186,0.8299281334758948,32.635983263598334,227982.8,1.488157618947804,-1.1152416356877195,-2.305651907773909,-0.002086376721776
2016-10-19,9.622,9.72,9.569,9.65,137381,0,0.7727652464494472,9.6436,9.6847,9.738499999999998,9.715852848371132,9.92301929010639,9.553980709893606,0.7615455555558286,47.24602203182374,226966.05,1.5780123314870913,0.2909997921430105,-2.692346475748708,0.0076979470952224
2016-10-20,9.676,9.703,9.596,9.64,104061,0,-0.103626943005175,9.633,9.6727,9.7271,9.708628767573884,9.906019446738943,9.548180553261057,0.6058795895013402,44.87500000000006,225189.6,1.1150479366402597,-0.3720545680033029,-1.2295081967213073,-0.0010368067284402
2016-10-21,9.63,9.684,9.596,9.63,148346,0,-0.1037344398340245,9.6184,9.6691,9.7181,9.701140313519227,9.89756927606961,9.538630723930387,0.5294424338311361,43.69538077403249,222545.65,0.9170487703209586,0.0,-0.3724394785847296,-0.00103788281242
2016-10-24,9.693,9.764,9.64,9.65,148198,0,0.2076843198338451,9.6292,9.6621,9.7172,9.696269807469776,9.8979034208755,9.5364965791245,0.4962299882797547,39.86666666666669,220975.3,1.286307053941896,-0.4436191065717452,-0.7201646090534974,0.0020746895408602
2016-10-25,9.64,9.666,9.586,9.596,209025,0,-0.5595854922279875,9.6332,9.648,9.7069,9.686720301996464,9.890708710635767,9.523091289364231,0.509934188336419,26.70537010159649,222914.75,0.8345503859795542,-0.4564315352697145,-1.448084625654722,-0.0056115703734465
2016-10-26,9.622,9.65,9.552,9.561,239334,0,-0.3647353063776615,9.6154,9.6295,9.68955,9.674746939901564,9.858326993943294,9.520773006056707,0.5068072498927393,32.451499118165756,229156.95,1.0259631490787349,-0.633963832882976,-1.898214652164998,-0.0036540208741391
2016-10-27,9.596,9.657,9.4353,9.4353,201819,0,-1.314716033887675,9.574459999999998,9.60373,9.676565,9.651942469434749,9.87998217854361,9.47314782145639,0.6138752569918235,30.733255386671047,227274.65,2.3496868144097194,-1.6746561067111327,-2.6586196224079206,-0.0132343492859089
2016-10-28,9.4621,9.586,9.3604,9.3634,142788,0,-0.762031943870356,9.52114,9.569770000000002,9.658635,9.624462234250483,9.904067544276028,9.413202455723972,0.6168087477424524,21.08336036328241,222315.05,2.41015341224734,-1.0431088236226538,-3.4999484695454885,-0.0076495024231843
2016-10-31,9.3988,9.4156,9.3007,9.3377,186040,0,-0.2744729478608265,9.45868,9.54394,9.63897,9.597151545274247,9.920378009462787,9.357561990537214,0.5578757048317933,18.071325763633396,219129.6,1.2353908845570618,-0.6500829893177822,-2.69174656106711,-0.0027485031552931
2016-11-01,9.3732,9.387,9.2116,9.2648,177310,0,-0.7807061696135098,9.39244,9.51282,9.61211,9.565499017152892,9.928387672141232,9.295832327858768,0.5796608907326155,15.08995937318619,211024.75,1.904120891050412,-1.1564887124994812,-3.2497911445280026,-0.007837696350892
2016-11-02,9.2648,9.2648,9.0781,9.131,292098,0,-1.4441758051981557,9.30644,9.46092,9.57281,9.524118158376426,9.923078786415791,9.22254121358421,0.5338894281630532,13.506493506493442,201430.45,2.0565977462244316,-1.444175805198159,-5.378238341968911,-0.0145470552538276
2016-11-03,9.1046,9.1952,8.989,9.0162,196261,0,-1.2572555032307586,9.22262,9.39854,9.53562,9.475745000435817,9.953605578195353,9.117634421804649,0.55107910306226,10.74531321444897,197241.55,2.2939147847368897,-0.9709377677218112,-6.470954356846481,-0.0126522583566043
2016-11-04,8.9984,9.0781,8.9616,8.9806,174404,0,-0.3948448348528033,9.14606,9.3336,9.50135,9.428588333727642,9.9820164956083,9.020683504391702,0.52519485586145,11.700273836196132,194945.75,1.2999910730226576,-0.1978129445234638,-6.743509865005192,-0.0039562640507565
2016-11-07,9.133,9.1961,9.0791,9.1695,273606,0,2.103422933879684,9.11242,9.28555,9.473825,9.40391325432501,9.964711505802835,8.982938494197168,1.0076077095158111,29.095958037642575,197886.0,1.2886739875097653,0.3996496222489894,-4.979274611398976,0.0208160639279105
2016-11-08,9.1234,9.179,9.0609,9.1147,246394,0,-0.5976334587491139,9.0824,9.23742,9.442710000000002,9.376369134865485,9.94217334105018,8.943246658949823,1.007908898201424,21.91795194628041,195749.3,1.303402531757332,-0.0953591862682885,-5.015631513130481,-0.0059942643468938
2016-11-09,9.0162,9.1961,9.0068,9.1415,256599,0,0.2940305221236228,9.0845,9.195469999999998,9.412485,9.354000645830675,9.907815589341324,8.917154410658675,1.0394013223718102,24.301474378801913,199813.4,2.101745347959312,1.3897207249173829,-4.387616358121527,0.0029359909785638
2016-11-10,9.2318,9.2504,9.0068,9.0515,211585,0,-0.9845211398566978,9.09156,9.15709,9.38041,9.32519106051347,9.88229471270053,8.87852528729947,1.0135494641116252,22.449757119725675,200343.55,2.704623173602175,-1.9530319114365455,-4.067703199686279,-0.009893995952561
2016-11-11,9.0971,9.0971,8.9616,9.0258,486379,0,-0.2839308401922369,9.1006,9.12333,9.34655,9.296677626178854,9.848173303832432,8.844926696167569,1.006339808535338,20.43387646835923,214204.6,1.5120067845027518,-0.7837662551802117,-3.605527906529682,-0.0028433468841654
2016-11-14,9.0162,9.0515,8.9277,9.0429,370559,0,0.189456890247941,9.07528,9.09385,9.318895,9.272508328447534,9.823589852987409,8.814200147012595,1.0214046436506898,22.852655345047552,219362.45,1.3866953414653385,0.2961336261396148,-3.157094359424706,0.0018927764703832
2016-11-15,9.0429,9.1874,8.989,9.179,219358,0,1.5050481593294365,9.08814,9.08527,9.299045,9.263602773357292,9.792260535142262,8.805829464857737,1.1530369396850215,32.9433827469191,221077.25,2.2071420625208527,1.5050481593294274,-0.926085830239176,0.0149383468168746
2016-11-16,9.1415,9.394,9.1415,9.394,352899,0,2.3423030831245306,9.13864,9.11157,9.286245,9.276021556847075,9.75372709523877,8.818762904761233,1.273298340397287,48.29211810437517,231853.15,2.76212875348684,2.76212875348684,2.8802978863213147,0.0231529213678495
2016-11-17,9.3762,9.385,9.2959,9.3586,187276,0,-0.376836278475634,9.20006,9.14581,9.272175,9.283886170480686,9.710880276323518,8.833469723676483,1.181426845012762,49.795326624594864,236013.9,0.9584870749470216,-0.1877093065421131,3.79760874869679,-0.0037754809519797
2016-11-18,9.332,9.3586,9.2872,9.3486,113336,0,-0.1068535892120636,9.26462,9.18261,9.258105,9.290049392339668,9.665416795609357,8.850793204390644,1.1638286621836489,50.47108652433225,234263.4,0.768800068912038,0.1778825546506495,4.097721755784667,-0.0010691071835969
2016-11-21,9.332,9.4502,9.3223,9.4204,168724,0,0.7680294375628671,9.34012,9.2077,9.246625,9.302463735926366,9.618861749084283,8.874388250915716,1.014807440786864,56.731268385533895,235289.7,1.3719790180534883,0.9472781825975142,2.7362451605867477,0.0076509510625345
2016-11-22,9.3586,9.4839,9.3586,9.4661,328436,0,0.4851174047811213,9.39754,9.24284,9.24013,9.318048142028616,9.59059544149834,8.889664558501659,0.9680523953607332,65.69261028378759,241260.25,1.338875472827144,1.1486760840296808,3.855310652023669,0.0048394450207292
2016-11-23,9.4403,9.4839,9.3674,9.3762,251530,0,-0.949704735846868,9.39398,9.26631,9.23089,9.323586414216368,9.554447058500786,8.907332941499215,1.0566238776613344,67.2612197928654,241870.05,1.2436748724299194,-0.6790038452167815,2.567412350270737,-0.0095424318873169
2016-11-25,9.4038,9.4502,9.3223,9.3674,163303,0,-0.0938546532710526,9.39574,9.2979,9.227495,9.327759136671952,9.543354585559616,8.911635414440386,0.9745230189456536,69.03543307086603,239944.25,1.3719790180534883,-0.3870775643888686,3.4900292769154184,-0.0009389872432807
2016-11-28,9.3762,9.4204,9.3486,9.385,169447,0,0.1878856459636591,9.40302,9.33382,9.228575,9.3332106474651,9.546531931046356,8.910618068953642,0.9516891752482944,62.75600805019529,241277.2,0.7680294375628589,0.0938546532710376,3.979702630237747,0.0018770936165792
2016-11-29,9.3586,9.4304,9.3407,9.4038,234804,0,0.200319659030379,9.3997,9.36991,9.23188,9.339933442944616,9.555928720184248,8.907831279815753,0.9514345868220628,67.874366266848,243715.4,0.9603134668707972,0.4829782232385319,3.9909763460836745,0.0020011928674683
2016-11-30,9.385,9.4304,9.3674,9.385,303615,0,-0.1999191816074441,9.38348,9.39051,9.23789,9.344225495997508,9.568893443455448,8.906886556544553,0.8807816159393881,65.20544523541886,250030.65,0.6725452099835666,0.0,2.2442531866216253,-0.0020011928674683
2016-12-01,9.3407,9.3674,9.2773,9.2872,214776,0,-1.0420884389984009,9.36568,9.37983,9.2457,9.338794496378698,9.573439196699214,8.917960803300785,0.5738280068034155,64.57637600494733,246164.55,0.9711877378116436,-0.5727622126821293,-1.1368958909942497,-0.0104755619967831
2016-12-02,9.2773,9.2872,9.2146,9.2504,249849,0,-0.396244293220771,9.34228,9.36901,9.25741,9.33037597291406,9.566847866563824,8.947972133436178,0.5748521980312639,63.70180575890677,248843.95,0.7878801033143007,-0.2899550515775008,-1.156155835274486,-0.0039703142090739
2016-12-05,9.259,9.332,9.259,9.3223,299001,0,0.777263685894658,9.32974,9.36638,9.274494999999998,9.32960683263653,9.55605830857775,8.992931691422246,0.6404444691019975,65.97666971637693,255073.8,0.7884220758181272,0.6836591424559878,-0.2813255460710651,0.0077425855353138
2016-12-06,9.332,9.4038,9.332,9.4038,278827,0,0.8742477714727137,9.32974,9.36472,9.28621,9.336672848575908,9.568874397624846,9.003545602375155,0.6557798592687735,63.71066113686261,255334.85,0.7693956279468456,0.7693956279468456,-0.1762133242749763,0.0087044835380116
2016-12-07,9.4038,9.4502,9.332,9.4304,301113,0,0.282864373976488,9.33882,9.36115,9.301995,9.345599243949632,9.57954547696511,9.024444523034887,0.6415829315843335,52.88248337028827,258070.8,1.2666095156450905,0.2828643739764795,-0.3771352510537618,0.0028246506552982
2016-12-08,9.4661,9.4661,9.4116,9.4502,355709,0,0.2099592806243722,9.37142,9.36855,9.31743,9.355561220716334,9.59171531514768,9.04314468485232,0.5573386097828956,57.43747970120178,263026.3,0.5790726337711004,-0.1679678008894924,0.7892323115974431,0.0020973917416222
2016-12-09,9.4661,9.549,9.4403,9.53,276065,0,0.8444265729825595,9.42734,9.38481,9.341355,9.372174437790967,9.60106057803704,9.08164942196296,0.6020004520134742,63.22928821470243,266250.3,1.1514464582693231,0.6750404073483114,1.7358071610051873,0.0084088123632498
2016-12-12,9.539,9.629,9.4502,9.503,476132,0,-0.2833158447009376,9.46348,9.39661,9.365215,9.38463401514421,9.587897850001072,9.14253214999893,0.618983188838347,56.44506866416975,265737.95,1.8920234492391583,-0.3773980501100701,1.2573255194459287,-0.0028371794369324
2016-12-13,9.503,9.657,9.4859,9.621,370068,0,1.2417131432179265,9.50692,9.41833,9.39412,9.407145061320952,9.588985876682193,9.199254123317806,0.7131728121674566,60.861029308652355,265713.4,1.8037297462549584,1.2417131432179347,2.3097045875071887,0.0123406711499493
2016-12-14,9.595,9.685,9.59,9.629,320946,0,0.0831514395592813,9.54664,9.44273,9.41662,9.428274103099907,9.610818689356408,9.222421310643591,0.6996630914248061,70.02534854245877,270792.8,0.9906152241918732,0.3543512245961325,2.599893446989876,0.0008311688790191
2016-12-15,9.667,9.726,9.629,9.721,348938,0,0.955447086924921,9.6008,9.48611,9.43297,9.456152759947535,9.66958046913786,9.196359530862145,0.5575899003795782,74.74804031354992,270594.75,1.0073735590404125,0.5586014275369843,4.670944956499268,0.0095091155807851
2016-12-16,9.721,9.748,9.664,9.73,302358,0,0.0925830675856387,9.640800000000002,9.534070000000002,9.45154,9.482233449476343,9.71976043879959,9.18331956120041,0.4918366273525569,74.44035137432712,276348.85,0.8692052980132413,0.0925830675856428,5.18464066418749,0.0009254023589817
2016-12-19,9.748,9.757,9.695,9.73,244757,0,0.0,9.6862,9.57484,9.47061,9.50583026381193,9.761306259640174,9.179913740359824,0.5057468222565404,73.74090247452702,282919.9,0.639504899432691,-0.1846532622076211,4.373384250667756,0.0
2016-12-20,9.748,9.758,9.603,9.639,580431,0,-0.9352517985611652,9.6898,9.59836,9.48154,9.518513095829842,9.780605332767813,9.182474667232189,0.6360936236660127,66.72813487881982,303505.25,1.614078933666556,-1.1181780878128846,2.501116569897266,-0.0093965273960827
2016-12-21,9.657,9.677,9.604,9.649,338553,0,0.103745201784422,9.6938,9.62022,9.490685,9.530940420036524,9.798810806671892,9.182559193328109,0.6375592505032474,76.94369973190345,304011.1,0.7600999583506914,-0.0828414621518162,2.318035290125531,0.0010369142364157
2016-12-22,9.667,9.685,9.621,9.667,455216,0,0.1865478287905508,9.683,9.6419,9.505225,9.54389847527114,9.818013516918615,9.192436483081382,0.637689071303161,81.91847992644799,314195.4,0.6652115164743795,0.0,2.29413134113563,0.0018637404442216
2016-12-23,9.685,9.713,9.639,9.713,263657,0,0.4758456604944561,9.6796,9.6602,9.522505,9.560003382388174,9.841360476088983,9.203649523911013,0.6081258655891787,81.17121429711179,319213.1,0.7677144932046878,0.2891068662880608,1.920251836306397,0.004747170937725
2016-12-27,9.694,9.776,9.649,9.758,343429,0,0.4632966127869897,9.685199999999998,9.6857,9.541155,9.578860203113113,9.869634972793875,9.212675027206124,0.588804603234827,80.00677736360548,327912.2,1.3161985697999865,0.6602021869197264,2.683363148479412,0.0046222669734519
2016-12-28,9.776,9.785,9.648,9.676,267198,0,-0.8403361344537674,9.6926,9.691199999999998,9.554765,9.588111612340434,9.881835835882011,9.227694164117986,0.5736467924284181,69.0210656753408,329531.9,1.4199834162520777,-1.0229132569558066,0.5716661469701734,-0.0084388686458644
2016-12-29,9.666,9.703,9.628,9.676,403443,0,0.0,9.698,9.6959,9.569315,9.596481934974678,9.890423784813738,9.24820621518626,0.5738524204593126,68.04090763822309,334523.3,0.7789779808890661,0.1034554107179783,0.4881088378855702,0.0
2016-12-30,9.638,9.684,9.556,9.684,722798,0,0.0826787928896122,9.7014,9.6922,9.589155000000002,9.604816988786611,9.884903046930996,9.293406953069006,0.4794844638775387,63.89891696750905,359924.4,1.339472582670575,0.477277443452992,-0.3806192778520789,0.0008264463280311
2017-01-03,9.693,9.813,9.671,9.776,219090,0,0.9500206526228848,9.714,9.6968,9.615435,9.621120132711695,9.875722753923306,9.355147246076694,0.5728291379620246,72.05169628432955,358386.45,1.4683073105159885,0.8562880429175712,0.4727646454265155,0.0094553633534274
2017-01-04,9.767,9.951,9.767,9.895,276159,0,1.2172667757774036,9.7414,9.7133,9.64407,9.647203929596298,9.89439204184192,9.393747958158082,0.6805481532374074,72.09677419354834,357244.35,1.883894747619546,1.310535476604895,1.695786228160312,0.0120991766252894
2017-01-05,9.933,9.977,9.795,9.923,196647,0,0.2829711975745441,9.7908,9.741699999999998,9.67003,9.673470222015698,9.923109634648872,9.416950365351129,0.5587841130699654,72.96875000000001,353135.35,1.8580908626850472,-0.1006745192791682,2.9463637306774704,0.0028257158775755
2017-01-06,9.951,9.987,9.895,9.942,253050,0,0.1914743525143647,9.844,9.771,9.69561,9.699044486585631,9.95012402525784,9.44109597474216,0.5561791605733931,69.48853615520282,350732.2,0.9297625063163266,-0.0904431715405521,3.0365841019794892,0.0019129127403764
2017-01-09,9.951,10.025,9.877,10.015,266850,0,0.7342587004626866,9.9102,9.8058,9.72385,9.72913548786319,9.988833236809018,9.458866763190985,0.5704440834903215,72.58320126782885,346289.25,1.4984306975802335,0.6431514420661245,3.599875866349445,0.0073157614453007
2017-01-10,10.005,10.015,9.959,9.972,112752,0,-0.4293559660509372,9.9494,9.8317,9.74595,9.752265441400027,10.016527919510482,9.47537208048952,0.6190210235955095,67.95252225519278,338123.6,0.5623054523546636,-0.3298350824587831,2.6665293935962175,-0.0043028034564702
2017-01-11,9.967,10.005,9.933,9.959,103550,0,-0.1303650220617735,9.9622,9.8518,9.76875,9.77195444698098,10.0298116986971,9.5076883013029,0.6263387354207262,76.84563758389264,319494.5,0.7248565388100368,-0.0802648740844877,2.059848329575731,-0.0013045007118089
2017-01-12,9.942,10.005,9.867,9.996,171411,0,0.3715232453057604,9.9768,9.8838,9.7875,9.793292118697076,10.05759121266378,9.51740878733622,0.5073631519243166,77.84911717495993,309561.65,1.3986013986013974,0.5431502715751385,3.307151715584955,0.0037083480232035
2017-01-13,10.015,10.078,9.987,10.069,144857,0,0.7302921168467424,10.002199999999998,9.9231,9.8095,9.819550012154496,10.096388571804228,9.522611428195772,0.5076164496103992,79.64601769911508,300757.2,0.9111845399018657,0.5391912131802323,4.061595700702769,0.0072763839607719
2017-01-17,10.069,10.069,9.977,9.987,198670,0,-0.8143807726685992,9.9966,9.9534,9.8228,9.835497630044545,10.116984045508705,9.528615954491295,0.6335757157091841,69.18767507002802,293243.8,0.92212087801945,-0.814380772668594,3.1288723667905805,-0.0081771496724803
2017-01-18,10.034,10.116,9.959,10.087,372242,0,1.001301692199852,10.0196,9.9845,9.84065,9.85945023670697,10.15383484536884,9.52746515463116,0.639507997087936,71.39141742522756,296738.0,1.5764635003514411,0.5282041060394563,3.1812602291325653,0.0099632188117006
2017-01-19,10.078,10.125,10.005,10.069,266107,0,-0.1784475066917701,10.0416,10.0019,9.8576,9.879407357020591,10.182061270092063,9.53313872990794,0.5692811716927503,77.87234042553189,297805.5,1.199400299850067,-0.0893034332208629,1.7584638706417577,-0.0017860691392203
2017-01-20,10.087,10.087,10.005,10.034,166174,0,-0.3476015493097617,10.0492,10.013000000000002,9.87735,9.894130465875772,10.193772951460229,9.56092704853977,0.5906297215440857,74.18918918918916,277092.65,0.8195902048975409,-0.5254287697035694,1.1186133225838946,-0.0034820708714166
2017-01-23,10.034,10.069,9.959,9.967,213218,0,-0.6677297189555564,10.0288,10.0155,9.89325,9.90107042150665,10.192872130445842,9.593627869554158,0.6384812886133596,67.7096370463079,270825.9,1.1045285671252256,-0.6677297189555528,0.251458459062559,-0.0066996900767421
2017-01-24,10.005,10.052,9.996,10.034,199349,0,0.6722183204575183,10.0382,10.0174,9.9116,9.91373038136316,10.197518943243592,9.625681056756408,0.6311036057418304,66.66666666666666,258032.55,0.5602240896358459,0.2898550724637672,0.1897154268597045,0.0066996900767421
2017-01-25,10.097,10.153,10.097,10.153,247512,0,1.1859677097867172,10.0514,10.0355,9.9336,9.93651796409048,10.222868696798727,9.644331303201271,0.7054431478219327,66.66666666666666,257225.3,0.5546201842131419,0.5546201842131419,1.8150822302446912,0.0117899022570243
2017-01-26,10.144,10.245,10.125,10.206,264545,0,0.5220131980695264,10.0788,10.0602,9.956,9.962182919891385,10.257153571595078,9.65484642840492,0.7034806416353927,67.70963704630782,253281.1,1.1851851851851776,0.611198738170341,2.480168691635698,0.0052065543226939
2017-01-27,10.189,10.289,10.18,10.281,244571,0,0.7348618459729783,10.1282,10.0887,9.98625,9.9925464513303,10.29050673023779,9.68199326976221,0.7197910220245393,69.82456140350875,252149.75,1.0707269155206285,0.9029345372460548,2.851140456182466,0.0073217489188019
2017-01-30,10.254,10.289,10.189,10.245,199640,0,-0.3501604902247046,10.1838,10.1063,10.0147,10.0165896464417,10.30278850979158,9.726611490208418,0.7263923017964599,64.05867970660132,241959.6,0.981450583963094,-0.0877706260971361,1.7479392193862298,-0.0035077498697185
2017-01-31,10.254,10.326,10.206,10.299,325934,0,0.5270863836017492,10.2368,10.1375,10.04545,10.043485870590107,10.315646400303716,9.775253599696285,0.642200320839414,69.72255729794928,222116.4,1.1757789535567411,0.4388531304856635,3.124061279663559,0.0052570214528015
2017-02-01,10.308,10.326,10.162,10.189,472250,0,-1.0680648606660736,10.244,10.1477,10.0661,10.057344359105336,10.311587184787673,9.820612815212328,0.7229972614649334,62.41900647948164,234774.4,1.6138555402479795,-1.1544431509507158,1.0112025379201084,-0.0107380961515163
2017-02-02,10.216,10.281,10.162,10.245,348540,0,0.5496123270193332,10.2518,10.1653,10.0836,10.075216324904828,10.327627090817533,9.839572909182468,0.7281443118097515,63.17460317460311,238393.45,1.1710293249360335,0.2838684416601401,1.7479392193862298,0.0054810746987147
2017-02-03,10.254,10.326,10.245,10.281,216868,0,0.3513909224011957,10.2518,10.19,10.1015,10.094814770151986,10.34842850019947,9.85457149980053,0.70551342925882,61.67400881057266,239404.5,0.7906295754026481,0.2633118782914084,2.461630456448072,0.0035077498697186
2017-02-06,10.299,10.316,10.272,10.289,242151,0,0.0778134422721343,10.2606,10.2222,10.118849999999998,10.113308601566082,10.367348882768257,9.870351117231742,0.6340313874823836,68.10551558752996,238859.55,0.4283489096573256,-0.0970968055150964,3.230661181900252,0.0007778318330915
2017-02-07,10.316,10.391,10.299,10.326,327116,0,0.359607347652835,10.266000000000002,10.2514,10.1344,10.133564925226455,10.39420186782728,9.874598132172723,0.6223496581692552,65.49935149156943,241872.85,0.8932906107389118,0.0969367972082181,2.9101056408212145,0.0035896230637842
2017-02-08,10.365,10.544,10.326,10.336,602377,0,0.0968429207824916,10.2954,10.2697,10.1526,10.152844456157268,10.415480721401234,9.889719278598765,0.537448055057901,67.49672346002615,266354.1,2.111175673058299,-0.2797877472262413,1.8024229291834892,0.0009679605827886
2017-02-09,10.356,10.403,10.326,10.383,277086,0,0.4547213622290824,10.323,10.2874,10.1738,10.174764031761338,10.43931606156236,9.90828393843764,0.5330950703520068,72.51612903225795,275030.9,0.7456904900251787,0.2607184241019626,1.7342739564961684,0.0045369062810706
2017-02-10,10.427,10.427,10.356,10.392,173672,0,0.0866801502455993,10.3452,10.2985,10.1936,10.195453171593591,10.462330661483328,9.924869338516672,0.4953049256381982,79.63737796373769,275143.95,0.6855928930088812,-0.3356670183178301,1.0796615115260977,0.0008664260469815
2017-02-13,10.427,10.558,10.416,10.521,280377,0,1.2413394919168708,10.3916,10.3261,10.2162,10.22645763144182,10.515137486864464,9.917262513135537,0.5799849454513021,81.2580231065468,281919.95,1.3632872503840194,0.9015057063393228,2.693997071742338,0.0123369804578524
2017-02-14,10.548,10.558,10.457,10.494,327523,0,-0.2566295979469779,10.4252,10.3456,10.24155,10.25193785701879,10.544609816920328,9.938490183079672,0.5938262570278251,74.81804949053841,288362.6,0.9658601893468404,-0.5119453924914702,1.893387707544414,-0.0025695945616308
2017-02-15,10.53,10.578,10.484,10.53,287979,0,0.3430531732418584,10.464,10.3797,10.2637,10.278419965874145,10.58349276184197,9.94390723815803,0.3968103896398989,74.1791044776118,284149.45,0.8966043494849238,0.0,3.346746491314146,0.0034246608813641
2017-02-16,10.548,10.568,10.467,10.503,341702,0,-0.2564102564102444,10.488,10.4055,10.2854,10.299808540552796,10.608447593039502,9.962352406960497,0.4279824667117294,67.84565916398705,287929.2,0.964937422375075,-0.4266211604095556,2.51830161054174,-0.0025673955052456
2017-02-17,10.484,10.521,10.419,10.467,310015,0,-0.3427592116538092,10.503,10.4241,10.30705,10.315731536690626,10.616926359044909,9.997173640955094,0.4644230548254209,67.84565916398725,295121.25,0.978980708321339,-0.1621518504387586,1.8091625328275465,-0.0034334797678915
2017-02-21,10.494,10.521,10.437,10.457,297411,0,-0.0955383586509928,10.4902,10.4409,10.33155,10.329185676053424,10.603369193002257,10.059730806997743,0.4718545950000564,63.667820069204275,299330.9,0.804828973843072,-0.3525824280541169,1.6328117406939624,-0.0009558402562949
2017-02-22,10.476,10.521,10.475,10.494,211799,0,0.3538299703547798,10.4902,10.4577,10.35455,10.34488227833405,10.596572595726697,10.112527404273305,0.4715907086153158,80.19801980198022,299953.4,0.4391408114558582,0.1718213058419139,1.626961069145838,0.0035320546480682
2017-02-23,10.511,10.558,10.457,10.521,216159,0,0.2572898799313883,10.4884,10.4762,10.37295,10.361655394683188,10.60625258193389,10.139647418066108,0.4718375373044883,78.99159663865558,298385.75,0.9658601893468404,0.095138426410442,1.7898606811145523,0.0025695945616307
2017-02-24,10.511,10.548,10.484,10.503,228817,0,-0.1710863986313149,10.4884,10.4882,10.3878,10.375116785665742,10.614061702227556,10.161538297772443,0.4726399847718013,74.23580786026194,296599.35,0.610454025181229,-0.0761107411283333,1.1557353366079326,-0.0017123291855124
2017-02-27,10.53,10.578,10.494,10.503,374194,0,0.0,10.4956,10.499300000000002,10.3989,10.387296139411864,10.62488267283406,10.172917327165942,0.4740297682936013,73.77777777777777,303080.5,0.8004574042309855,-0.2564102564102493,1.0681293302540418,0.0
2017-02-28,10.511,10.578,10.427,10.457,509934,0,-0.4379701037798611,10.4956,10.4929,10.4095,10.393934602325018,10.624719349551157,10.194280650448842,0.2889893547446805,64.27015250544666,318595.2,1.4481634218854875,-0.5137475026162924,-0.6083071951335395,-0.0043893200241864
2017-03-01,10.511,10.587,10.505,10.558,269893,0,0.9658601893468344,10.5084,10.499300000000002,10.42245,10.409559878294065,10.640819532288155,10.204080467711847,0.423927722338795,70.18181818181819,315793.15,0.7805806758686241,0.4471506041290135,0.6098723079855262,0.0096122557849726
2017-03-02,10.578,10.605,10.539,10.568,326971,0,0.0947149081265363,10.5178,10.5031,10.4414,10.42464941369463,10.639288219377974,10.243511780622024,0.4127360331779497,68.03118908382072,308529.2,0.6262453743239466,-0.094535829079219,0.3608736942070312,0.0009467008185996
2017-03-03,10.615,10.631,10.548,10.578,316720,0,0.0946252838758487,10.5328,10.5106,10.45805,10.439254231437998,10.641898307036428,10.274201692963572,0.399751740007762,68.09338521400781,306938.2,0.7868790291998501,-0.3485633537447085,0.714081690945445,0.0009458054237639
2017-03-06,10.597,10.597,10.53,10.548,278088,0,-0.2836074872376581,10.5418,10.5187,10.4714,10.449610971301045,10.639191098189793,10.303608901810206,0.3933201836964792,53.2530120481927,309999.2,0.6362773029439712,-0.4623950174577663,0.7738607050730817,-0.0028401041527478
2017-03-07,10.539,10.603,10.539,10.578,293393,0,0.2844141069396899,10.566,10.5308,10.48585,10.461838497843802,10.636391863386017,10.335308136613984,0.393065552789906,60.04784688995221,312561.3,0.6072682417686692,0.3700540848277797,1.1571196327818667,0.0028401041527477
2017-03-08,10.615,10.622,10.324,10.324,355210,0,-2.401210058612213,10.5192,10.5138,10.48575,10.448711021858678,10.636740937337477,10.334759062662524,0.8762419968998157,33.80503144654081,313966.0,2.886478109259977,-2.7414036740461647,-1.6199733180865206,-0.0243050907874207
2017-03-09,10.306,10.379,10.175,10.202,641192,0,-1.181712514529254,10.446000000000002,10.4819,10.47905,10.425214734062614,10.665700785665718,10.292399214334283,0.9173491575088912,29.41176470588223,315906.75,2.0049140049139935,-1.0091209004463344,-3.0320311757437546,-0.0118875023556326
2017-03-10,10.26,10.344,10.202,10.296,322409,0,0.921387963144471,10.389599999999998,10.4612,10.4747,10.412908568913794,10.674376686039022,10.27502331396098,0.996518652423392,39.163498098859186,318172.9,1.391883944324637,0.3508771929824521,-1.9708654670094303,0.0091716907930906
2017-03-13,10.323,10.371,10.251,10.251,253960,0,-0.4370629370629375,10.3302,10.436,10.46765,10.39748870520772,10.688459300910491,10.24684069908951,0.9966321213527354,37.499999999999865,322187.3,1.1706175007316455,-0.6974716652136099,-2.3993144815766976,-0.004380208492561
2017-03-14,10.26,10.306,10.202,10.232,212746,0,-0.1853477709491735,10.261,10.4135,10.4532,10.381727876140316,10.696035530219538,10.210364469780464,0.9942004607194996,33.74689826302722,318805.75,1.0194079592236738,-0.2729044834308038,-2.151668738643986,-0.0018551975247228
2017-03-15,10.269,10.423,10.232,10.408,248269,0,1.7200938232994512,10.2778,10.3985,10.4489,10.384229983174572,10.69173925807686,10.20606074192314,1.1148419695139804,44.08376963350776,314843.05,1.8666927286942996,1.3535884701528809,-1.42072362189809,0.0170546769336625
2017-03-16,10.446,10.475,10.381,10.408,311679,0,0.0,10.319,10.3825,10.4428,10.386493794300804,10.683178298346489,10.202421701653511,1.1130520345795942,44.93062966915682,316028.05,0.9055004334842444,-0.3637756078881893,-1.514004542013625,0.0
2017-03-17,10.436,10.539,10.436,10.52,219340,0,1.0760953112989968,10.3638,10.3767,10.44365,10.39920867103406,10.685042691643948,10.202257308356051,1.1780824476707632,50.81029551954239,309909.95,0.9869681870448423,0.8049060942889961,-0.5483078086594761,0.0107034660993596
2017-03-20,10.52,10.581,10.493,10.502,206779,0,-0.1711026615969446,10.413999999999998,10.3721,10.4454,10.408998321411769,10.688009844899726,10.202790155100276,1.1761253852823803,52.20372184133203,304748.15,0.8386543409892231,-0.1711026615969477,-0.4361016306408727,-0.0017124920938961
2017-03-21,10.493,10.539,10.286,10.306,264240,0,-1.866311178823099,10.4288,10.3449,10.43785,10.399188957467793,10.688214176856029,10.187485823143971,1.3007705771915774,38.70967741935479,303089.6,2.4596538985028205,-1.7821404746021268,-2.571374550954819,-0.0188394653096352
2017-03-22,10.306,10.418,10.273,10.39,211581,0,0.8150591888220537,10.4252,10.351499999999998,10.43265,10.398313818661334,10.682423181317429,10.18287681868257,1.0911988889559012,42.52100840336138,303078.7,1.411466952204805,0.8150591888220591,0.6392870980240328,0.0081175552051035
2017-03-23,10.381,10.502,10.344,10.418,221008,0,0.2694898941289603,10.4272,10.3731,10.4275,10.40018869307454,10.673826697914436,10.181173302085565,0.9989678928606108,43.3774834437086,303321.15,1.5274555297757275,0.3564203833927274,2.1172319153107244,0.0026912742118636
2017-03-24,10.426,10.502,10.418,10.426,116041,0,0.076790170858132,10.4084,10.3861,10.42365,10.402646912781726,10.66740162077768,10.179898379222315,0.9677531086169924,44.8566610455312,297682.35,0.8062967940103802,0.0,1.2626262626262763,0.0007676070229144
2017-03-27,10.398,10.456,10.354,10.436,146051,0,0.0959140610013342,10.3952,10.4046,10.4203,10.405823397278706,10.661285782503017,10.179314217496987,0.9475321455606242,43.910806174957145,286275.2,0.985126521151249,0.3654548951721509,1.8047019802946096,0.0009586809285677
2017-03-28,10.436,10.605,10.436,10.539,281627,0,0.9869681870448456,10.4418,10.4353,10.4244,10.418506883252162,10.670745414323187,10.178054585676811,0.96916041358011,60.59113300492609,274859.85,1.6193944039862065,0.9869681870448423,3.0003909304143983,0.0098212946773176
2017-03-29,10.605,10.605,10.558,10.597,277644,0,0.5503368441028611,10.4832,10.4542,10.42635,10.435506227704336,10.677714507816122,10.174985492183875,0.8408538781352813,70.76761303890638,275247.4,0.4451600681947395,-0.0754361150400838,1.8159108378170696,0.0054882802408993
2017-03-30,10.605,10.652,10.597,10.632,283897,0,0.3302821553269774,10.526,10.4766,10.42955,10.454219920303924,10.689973521453965,10.16912647854604,0.8393382043612782,68.83408071748877,273093.7,0.519014815513822,0.2545968882602475,2.1521906225979937,0.0032973792182452
2017-03-31,10.632,10.68,10.609,10.632,243937,0,0.0,10.5672,10.4878,10.43225,10.471151356465455,10.70016583517405,10.16433416482595,0.784024484512209,72.49114521841793,269454.55,0.6692430954849631,0.0,1.0646387832699666,0.0
2017-04-03,10.661,10.699,10.622,10.661,249045,0,0.2727614747930706,10.6122,10.5037,10.4379,10.489232179659222,10.720459653692634,10.155340346307364,0.77896917324954,75.02917152858808,268002.4,0.7249105629824888,0.0,1.513997333841166,0.0027239015573937
2017-04-04,10.67,10.699,10.616,10.652,250302,0,-0.0844198480442814,10.6348,10.5383,10.4416,10.504733876834534,10.733662286075305,10.149537713924696,0.3530680796209238,67.68115942028982,265847.85,0.7818387339864374,-0.1686972820993503,3.357267611100334,-0.0008445550166523
2017-04-05,10.699,10.699,10.587,10.622,268959,0,-0.2816372512204235,10.6398,10.5615,10.4565,10.51590207904077,10.75366236922661,10.15933763077339,0.3564248994391467,64.86111111111113,261535.3,1.057901199584397,-0.7196934292924568,2.232916265640039,-0.0028203459514783
2017-04-06,10.642,10.669,10.578,10.632,272564,0,0.0941442289587701,10.6398,10.5829,10.478,10.52695902389403,10.759438410575966,10.196561589424034,0.3581189024303509,59.06148867313916,243103.9,0.8602760446209217,-0.0939672993798138,2.0541370704549866,0.0009409994107368
2017-04-07,10.587,10.661,10.567,10.567,283445,0,-0.6113619262603454,10.6268,10.597,10.49155,10.530772450189836,10.761973040905886,10.221126959094114,0.4416731616639595,54.88721804511273,241155.7,0.8895618434749637,-0.1889109284972095,1.352388260118942,-0.0061323839520504
2017-04-10,10.577,10.632,10.539,10.577,303460,0,0.0946342386675569,10.61,10.6111,10.50785,10.53517507398128,10.755569939490554,10.260130060509445,0.4416860273337676,78.2881002087684,243630.7,0.8824366638200967,0.0,1.3510923725565285,0.0009458948870221
2017-04-11,10.557,10.653,10.539,10.642,280517,0,0.6145409851564754,10.608,10.6214,10.52835,10.545348876459254,10.745984435162654,10.310715564837343,0.3721029893496255,77.39130434782612,247019.25,1.0816965556504483,0.8051529790660138,0.9773223265964416,0.0061266038282617
2017-04-12,10.67,10.69,10.587,10.597,431594,0,-0.4228528472091653,10.603,10.621399999999998,10.5378,10.550268031082185,10.74977080235914,10.325829197640862,0.3678730153309997,68.76310272536696,256185.5,0.9728912817606477,-0.6841611996251209,0.0,-0.0042374939814785
2017-04-13,10.622,10.67,10.572,10.597,164538,0,0.0,10.596,10.6179,10.54725,10.554718694788642,10.751569538185542,10.342930461814458,0.3493458060659684,68.23027718550108,248828.45,0.9269769201664848,-0.2353605723969154,-0.3291948833709535,0.0
2017-04-17,10.605,10.736,10.6,10.661,316613,0,0.6039445125979093,10.6148,10.6208,10.5543,10.56484072385639,10.764311628751049,10.344288371248952,0.4035695142217763,71.5105162523901,253692.1,1.2830188679245378,0.5280528052805201,0.2727614747930706,0.0060212807756391
2017-04-18,10.642,10.727,10.637,10.7,191149,0,0.3658193415251753,10.6394,10.6247,10.5642,10.577713035870069,10.782341045632435,10.346058954367562,0.4108483787765707,67.53812636165581,252910.6,0.846103224593399,0.5450103364029302,0.3658193415251753,0.0036515184995223
2017-04-19,10.727,10.793,10.654,10.67,225594,0,-0.2803738317756932,10.645,10.6265,10.5824,10.586502270549108,10.768174509610947,10.396625490389052,0.4218242483755113,58.46867749419964,250978.3,1.304674300732113,-0.5313694415959763,0.1689823507322607,-0.0028076761541984
2017-04-20,10.68,10.765,10.67,10.755,221699,0,0.7966260543580184,10.6766,10.6398,10.600649999999998,10.602549673353955,10.778381050511497,10.4229189494885,0.471676659779161,62.78586278586295,251484.2,0.8903467666354324,0.7022471910112459,1.25211824515159,0.0079346974060314
2017-04-21,10.745,10.774,10.69,10.765,203261,0,0.0929800092980048,10.7102,10.6531,10.618,10.618021133034532,10.788246879560615,10.447753120439382,0.471685406037408,63.543788187372854,250596.85,0.7857811038353568,0.186133085155899,1.250940556809632,0.000929368096633
2017-04-24,10.84,10.868,10.803,10.813,249208,0,0.4458894565722238,10.7406,10.677699999999998,10.63735,10.636590548936004,10.80363862036616,10.47106137963384,0.4014571511595352,64.90196078431389,257255.2,0.6016847172081783,-0.2490774907749008,2.3280022712217407,0.0044489831470736
2017-04-25,10.868,10.906,10.813,10.906,350325,0,0.8600758346434922,10.7818,10.7106,10.66085,10.66224859189448,10.8396957435896,10.4820042564104,0.4433303735263578,71.38047138047158,267468.9,0.8600758346434845,0.3496503496503519,3.1105228325612133,0.0085639825404698
2017-04-26,10.945,11.01,10.936,10.963,261957,0,0.522648083623678,10.8404,10.7427,10.68205,10.690891583142625,10.896962932186886,10.467137067813114,0.4371723277498504,77.45571658615145,266485.4,0.6766642282370139,0.1644586569209584,3.0163503100920863,0.0052128701885329
2017-04-27,10.981,11.028,10.932,11.019,194245,0,0.5108090851044578,10.8932,10.7849,10.70315,10.722140003795708,10.961398574663823,10.444901425336177,0.3586510223547527,79.0104947526238,262315.45,0.8781558726673991,0.3460522721063678,3.9822591299424337,0.0050950888132371
2017-04-28,11.039,11.057,10.945,10.981,182147,0,-0.3448588801161611,10.9364,10.8233,10.7206,10.746793336767546,11.004496497077254,10.436703502922745,0.4129797104670203,82.34375000000004,257227.95,1.023298309730471,-0.525409910317962,3.6236670755874334,-0.0034545488900637
2017-05-01,10.981,11.076,10.975,11.057,232938,0,0.6921045442127349,10.9852,10.8629,10.74185,10.77633682850397,11.059446417187951,10.424253582812046,0.4197146717842632,83.99433427762045,256678.0,0.92027334851937,0.6921045442127357,3.714473313948053,0.0068972049446885
2017-05-02,11.076,11.104,10.929,10.945,376843,0,-1.012932983630277,10.993,10.8874,10.75605,10.792399987694068,11.083663684567489,10.428436315432512,0.605280302565407,70.11952191235065,263067.9,1.6012443956446056,-1.182737450343086,2.2897196261682407,-0.0101809805854384
2017-05-03,10.971,11.049,10.916,10.981,309809,0,0.3289173138419254,10.9966,10.9185,10.7725,10.810361893627968,11.11097490772284,10.434025092277157,0.5784590050505386,75.80645161290326,266043.25,1.2183950164895485,0.0911493938565289,2.9147141518275577,0.0032837756407498
2017-05-04,11.019,11.019,10.84,10.926,226515,0,-0.5008651306802614,10.978,10.9356,10.7877,10.82137504661578,11.125019526796155,10.450380473203843,0.5972133289247272,70.58823529411771,263921.05,1.6512915129151318,-0.8439967329158723,1.5899581589958078,-0.0050212366420502
2017-05-05,10.945,11.049,10.897,11.0,337766,0,0.677283543840379,10.9818,10.9591,10.8061,10.838386946938089,11.147778149571815,10.464421850428185,0.6181994337423745,70.95179233621761,267181.15,1.394879324584741,0.5025125628140678,2.1830004644681766,0.0067500028248446
2017-05-08,11.039,11.077,10.963,11.068,212709,0,0.6181818181818066,10.984,10.9846,10.83115,10.860254856753508,11.17248069317795,10.489819306822048,0.6275888863830547,71.95704057279241,263644.35,1.0398613518197644,0.262704955158981,2.358272449828891,0.0061627891263088
2017-05-09,11.077,11.095,10.971,11.01,181225,0,-0.5240332490061395,10.997,10.995,10.8528,10.87451629896746,11.18092937114894,10.52467062885106,0.6270764212540917,69.63048498845265,257532.6,1.1302524838209875,-0.6048569107158994,0.9536035209976036,-0.0052541111900908
2017-05-10,11.039,11.085,10.915,10.963,255165,0,-0.4268846503178936,10.9934,10.995,10.86885,10.882943318113416,11.184738904521936,10.552961095478064,0.6273063828366781,62.560386473429865,256265.0,1.5574896930829292,-0.688468158347681,0.0,-0.0042779840421856
2017-05-11,10.991,11.028,10.857,10.886,249871,0,-0.7023624920186045,10.9854,10.9817,10.8833,10.883234430674042,11.172108149761195,10.594491850238803,0.6351839738108214,56.759776536312785,247178.85,1.5750207239569047,-0.9553270857974746,-1.2070060804065808,-0.0070484066803946
2017-05-12,10.925,10.934,10.839,10.905,247858,0,0.1745361014146684,10.9664,10.9741,10.898700000000002,10.885307342038418,11.15414932549294,10.643250674507062,0.6359479693461344,55.31177829099301,251344.85,0.8764646185072318,-0.1830663615560764,-0.6921045442127349,0.0017438396415841
2017-05-15,10.935,10.991,10.905,10.944,250233,0,0.3576341127923044,10.9416,10.9628,10.91285,10.89089711898714,11.1429550332258,10.6827449667742,0.5992913125035917,52.33990147783253,248025.85,0.7886290692342989,0.0823045267489743,-1.0219770281269749,0.0035699612266023
2017-05-16,10.981,11.115,10.963,11.105,335773,0,1.4711257309941494,10.9606,10.9788,10.9331,10.911287869559796,11.155488848641411,10.710711151358588,0.687629955784105,57.751091703056815,255257.05,1.3864818024263523,1.1292232037155137,1.4618547281863847,0.014604096466196
2017-05-17,11.085,11.085,10.791,10.811,358866,0,-2.647456100855472,10.9302,10.9618,10.94015,10.901736643887434,11.13460608352814,10.745693916471858,1.112935502244115,40.98786828422878,261920.65,2.724492632749518,-2.471808750563833,-1.548128585739006,-0.0268313230357564
2017-05-18,10.857,10.953,10.743,10.811,306879,0,0.0,10.9152,10.9503,10.94295,10.893095058755296,11.127543408105057,10.758356591894945,1.106657654811308,42.38351254480288,266179.65,1.9547612398771208,-0.4236897853919073,-1.0525352370492458,0.0
2017-05-19,10.857,11.024,10.821,10.857,222451,0,0.4254925538802911,10.9056,10.936,10.94755,10.889657434111935,11.117474410439486,10.777625589560513,1.089737678129324,40.79189686924489,267139.15,1.8759818870714295,0.0,-1.3000000000000012,0.0042458989390805
2017-05-22,10.886,10.971,10.872,10.886,230920,0,0.2671087777470715,10.894,10.9178,10.9512,10.889309107053656,11.111837676645122,10.790562323354878,1.0685709186912236,47.05882352941171,266224.75,0.910596026490068,0.0,-1.6443801951572137,0.0026675267622931
2017-05-23,10.953,11.068,10.867,11.029,213879,0,1.3136138159103528,10.8788,10.9197,10.95735,10.902613001619974,11.12010558038794,10.79459441961206,1.1537232301927638,52.16216216216216,259402.45,1.8496365142173432,0.6938738245229664,0.1725703905540498,0.0130506073120016
2017-05-24,11.095,11.153,11.068,11.124,361475,0,0.8613654909783275,10.9414,10.9358,10.9654,10.923697477656168,11.14444354072049,10.786356459279512,1.1696853251898054,58.608695652173914,264378.35,0.7679797614745288,0.2613789995493458,1.46857611967528,0.0085767690477085
2017-05-25,11.172,11.199,11.085,11.115,201766,0,-0.0809061488673212,11.002199999999998,10.9587,10.9702,10.941916765498435,11.160111447508518,10.780288552491482,1.1352450322102767,55.29953917050691,264754.4,1.0284167794316552,-0.5102040816326565,2.1036193275767223,-0.0008093889555585
2017-05-26,11.163,11.199,11.085,11.115,140761,0,0.0,11.0538,10.9797,10.9769,10.958400883070016,11.177566153755937,10.776233846244066,1.1372633640294565,52.31071779744348,262685.1,1.0284167794316552,-0.4299919376511694,1.925722145804687,0.0
2017-05-30,11.172,11.248,11.143,11.172,206864,0,0.512820512820511,11.111,11.0025,10.98265,10.978743656110966,11.198960960376464,10.766339039623537,1.140755372494917,57.972440944881896,261381.4,0.942295611594711,0.0,2.083333333333326,0.0051151006667704
2017-05-31,11.248,11.257,11.154,11.191,225532,0,0.1700680272108901,11.1434,11.0111,10.99495,10.99895854600516,11.229457748721796,10.760442251278205,1.0519724553768324,61.53846153846158,253815.85,0.923435538820152,-0.5067567567567444,0.7744259342638449,0.0016992357529598
2017-06-01,11.219,11.305,11.191,11.286,252467,0,0.8488964346349714,11.1758,11.058600000000002,11.0102,11.026295827338002,11.278169047702065,10.742230952297938,0.4563249985082564,69.88071570576538,250948.75,1.0186757215619604,0.5972011765754539,4.393673110720564,0.0084531357110581
2017-06-02,11.313,11.391,11.286,11.313,172175,0,0.2392344497607723,11.2154,11.1088,11.02955,11.053600986639143,11.326267107874306,10.73283289212569,0.4370326066372346,70.11834319526628,248231.75,0.9303561935140922,0.0,4.643418740172045,0.0023894873973814
2017-06-05,11.381,11.391,11.313,11.333,153039,0,0.1767877662865791,11.259,11.1564,11.0462,11.080210416483036,11.371892525325126,10.720507474674871,0.4459329977704079,69.54773869346728,238995.4,0.6894722885176292,-0.4217555575081279,4.3842682140554645,0.0017663168064816
2017-06-06,11.391,11.391,11.323,11.381,228820,0,0.4235418688784964,11.3008,11.205900000000002,11.06185,11.108857043484653,11.420378146146115,10.703321853853884,0.4422776821443144,65.64625850340133,239800.95,0.6005475580676465,-0.087788605039064,4.54712474738197,0.0042264745489413
2017-06-07,11.505,11.505,11.379,11.457,319553,0,0.6677796327211993,11.354,11.2487,11.0842,11.142013515533732,11.48262880893516,10.685771191064838,0.3359743039971131,98.64457831325296,246717.35,1.1073029264434593,-0.4172099087353328,3.880678211986588,0.006655598611736
2017-06-08,11.544,11.544,11.365,11.428,255888,0,-0.2531203630967926,11.3824,11.2791,11.10745,11.169250323578138,11.529659464103968,10.685240535896032,0.3440276959686999,94.5165945165945,246753.5,1.5750109986801608,-1.004851004851002,2.7328299172959314,-0.0025344125429621
2017-06-09,11.466,11.486,11.255,11.305,192436,0,-1.0763038151907711,11.3808,11.298100000000002,11.1284,11.182178864189744,11.545898011341004,10.710901988658998,0.54329533876321,79.09090909090901,243881.75,2.052421146157262,-1.4041514041514007,1.709401709401703,-0.0108213786385935
2017-06-12,11.275,11.285,11.16,11.227,242549,0,-0.6899601946041556,11.3596,11.3093,11.1445,11.18644754379072,11.550397835214213,10.738602164785789,0.6074440624510615,70.81807081807082,243616.3,1.1200716845878136,-0.4257206208425724,1.0076473234367889,-0.0069235142532907
2017-06-13,11.322,11.37,11.277,11.322,148449,0,0.8461744009975902,11.3478,11.3243,11.1634,11.199357301524936,11.565169454708595,10.761630545291403,0.6407305909277974,69.00129701686114,238527.1,0.8246874168661875,0.0,1.3426423200859183,0.0084261441378256
2017-06-14,11.428,11.428,11.236,11.305,190112,0,-0.1501501501501412,11.3174,11.3357,11.1734,11.209418510903514,11.578986982039607,10.76781301796039,0.6467737458872458,63.05916305916301,231244.05,1.7087931648273422,-1.0763038151907691,1.0186757215619568,-0.0015026298845349
2017-06-15,11.342,11.342,11.189,11.275,228450,0,-0.2653693056169803,11.2868,11.3346,11.1966,11.215664367007944,11.566408712999731,10.826791287000267,0.5982069475854761,61.20448179271712,224723.25,1.3674144248815845,-0.5907247399047801,-0.0974658869395628,-0.002657220341191
2017-06-16,11.38,11.38,11.255,11.342,194709,0,0.594235033259416,11.2942,11.337500000000002,11.22315,11.227696332054805,11.550164742947851,10.896135257052148,0.6244750662700218,64.53265044814344,219114.75,1.1106175033318524,-0.3339191564147649,0.2563422611155275,0.0059247642030941
2017-06-19,11.419,11.495,11.4,11.486,220876,0,1.2696173514371356,11.346,11.352799999999998,11.2546,11.25229668138292,11.553087697004647,10.956112302995352,0.7387050038444861,68.08755760368666,219036.0,0.8333333333333233,0.5867413959190837,1.35003970705021,0.0126162528502685
2017-06-20,11.525,11.525,11.382,11.457,187755,0,-0.2524812815601573,11.373,11.3604,11.28315,11.271792235536926,11.539438714662063,11.026861285337937,0.7404633470380696,65.14806378132121,216877.75,1.2563697065542143,-0.5900216919739663,0.6677796327211993,-0.0025280055306158
2017-06-21,11.476,11.486,11.39,11.4,214464,0,-0.4975124378109541,11.392,11.3547,11.3017,11.284002498819124,11.53302487976863,11.07037512023137,0.7273452975528155,56.785714285714334,216907.0,0.8428446005267786,-0.6622516556291435,-0.4975124378109541,-0.0049875415110391
2017-06-22,11.39,11.466,11.255,11.275,871499,0,-1.0964912280701733,11.392,11.3394,11.30925,11.283145117979208,11.52552163718944,11.09297836281056,0.7991855477203297,47.974413646055424,242408.2,1.8747223456241535,-1.009657594381038,-1.338816940847043,-0.0110254700117077
2017-06-23,11.255,11.332,11.207,11.207,304422,0,-0.6031042128603059,11.365,11.3296,11.31385,11.275893201981187,11.516190281391651,11.11150971860835,0.7495145942200855,43.610547667342814,247541.0,1.115374319621665,-0.4264771212794317,-0.8668730650154721,-0.006049302318851
2017-06-26,11.255,11.38,11.215,11.275,215231,0,0.6067636298741741,11.3228,11.3344,11.32185,11.275808135125835,11.502585660419674,11.141114339580328,0.7452869792188229,44.73161033797216,251264.5,1.4712438698172174,0.1776988005330926,0.4275407499777284,0.0060493023188509
2017-06-27,11.332,11.332,11.207,11.217,260353,0,-0.5144124168514397,11.2748,11.3239,11.3241,11.270207360351948,11.49797097454561,11.15022902545439,0.7059645853414729,37.85425101214571,253938.95,1.115374319621665,-1.0148252735615972,-0.9273979862215008,-0.0051574007256556
2017-06-28,11.255,11.356,11.255,11.342,138676,0,1.1143799589908188,11.2632,11.3276,11.33165,11.277044754604145,11.493912003853955,11.169387996146042,0.801022644979911,46.033210332103295,249596.15,0.8973789426921288,0.7729897823189671,0.3272888102609617,0.0110821649287499
2017-06-29,11.4,11.4,11.207,11.275,218804,0,-0.5907247399047799,11.2632,11.3276,11.3311,11.276850016070416,11.494086470216546,11.168113529783456,0.8209632313607804,48.54085603112843,247913.0,1.7221379494958473,-1.0964912280701753,0.0,-0.0059247642030942
2017-06-30,11.332,11.437,11.275,11.351,196379,0,0.6740576496674144,11.292000000000002,11.3285,11.333000000000002,11.283911919301804,11.495984016006627,11.170015983993377,0.8277106096466288,56.042884990253455,249123.2,1.436807095343672,0.167666784327569,0.0793510844648182,0.0067179603844603
2017-07-03,11.457,11.457,11.361,11.4,155294,0,0.4316800281913391,11.317,11.3199,11.33635,11.294967926987349,11.502065386955008,11.170634613044994,0.7217724554247831,53.979591836734755,249235.95,0.8449960390810675,-0.4975124378109485,-0.7487375935921969,0.0043075096272473
2017-07-05,11.457,11.466,11.38,11.447,220335,0,0.4122807017543861,11.363,11.3189,11.33965,11.30944717203617,11.511619734179147,11.167680265820852,0.7338941621079548,57.02970297029702,248811.7,0.7557117750439237,-0.0872828838264952,-0.0872828838265005,0.0041143315358894
2017-07-06,11.505,11.505,11.334,11.361,325844,0,-0.751288547217599,11.3668,11.315,11.33485,11.314356965175584,11.498169866970716,11.171530133029284,0.7567973161476722,54.03377110694186,249126.25,1.508734780307051,-1.2516297262059983,-0.342105263157888,-0.0075412493485716
2017-07-07,11.438,11.438,11.361,11.41,267274,0,0.4313000616142926,11.3938,11.328500000000002,11.33395,11.323465825635052,11.495294972031866,11.172605027968132,0.6668175366741018,53.2442748091603,249695.55,0.6777572396796052,-0.2447980416156711,1.197339246119733,0.0043037262862167
2017-07-10,11.458,11.458,11.264,11.313,536611,0,-0.8501314636283896,11.3862,11.339099999999998,11.33435,11.322469080336475,11.495432228102574,11.173267771897423,0.7003589443774089,41.35864135864132,266904.3,1.722301136363644,-1.2654913597486437,0.9458374230391752,-0.0085376569296544
2017-07-11,11.342,11.38,11.304,11.332,189388,0,0.167948377972249,11.3726,11.3448,11.3396,11.323376786971098,11.492591778244744,11.186608221755256,0.6782254428800718,43.69323915237131,264246.25,0.6723283793347533,-0.088167871627577,0.5055432372505608,0.0016780750239404
2017-07-12,11.438,11.438,11.361,11.39,249503,0,0.511824920578885,11.3612,11.362100000000002,11.343,11.329721854878612,11.497361162281884,11.188638837718116,0.6603166544245072,49.495967741935495,269298.95,0.6777572396796052,-0.4196537856268582,1.5423018632432894,0.0051051954908205
2017-07-13,11.458,11.458,11.332,11.37,198889,0,-0.175592625109755,11.363,11.3649,11.34625,11.333557868699696,11.49997822909607,11.192521770903932,0.5722260386320641,55.35512965050729,269737.8,1.1118955171196565,-0.7680223424681529,0.2468700405572121,-0.0017574696966461
2017-07-14,11.39,11.491,11.361,11.438,317153,0,0.5980650835532231,11.3686,11.381200000000002,11.3544,11.343504738347344,11.509500510705193,11.199299489294807,0.5529967523877612,63.02142051860204,274172.95,1.1442654695889358,0.4214223002633893,1.4456762749445629,0.0059628377306799
2017-07-17,11.42,11.496,11.42,11.458,278132,0,0.174855744011193,11.3976,11.3919,11.3602,11.35440904898093,11.52188403234626,11.19851596765374,0.521571576381639,60.90584028605484,278344.1,0.665499124343262,0.332749562171631,0.9426482248259926,0.0017470304932616
2017-07-18,11.506,11.516,11.467,11.496,128020,0,0.3316460115203368,11.4304,11.4015,11.3607,11.367893901458936,11.524075060906714,11.197324939093283,0.5153206389752278,67.03296703296704,273701.3,0.4273131595011727,-0.0869111767773317,0.8421052631578885,0.0033109727903377
2017-07-19,11.554,11.593,11.486,11.593,261761,0,0.8437717466944994,11.471,11.4161,11.3675,11.389332577510466,11.556986286130511,11.17801371386949,0.5617357346843364,65.86599241466497,277401.6,0.9315688664461024,0.3375454388090678,1.27544334760199,0.0084023189115405
2017-07-20,11.652,11.68,11.571,11.632,210039,0,0.3364099025273903,11.5234,11.4432,11.3791,11.412443760604708,11.602359018795738,11.15584098120426,0.4703874197447069,73.39449541284405,277180.35,0.9420101979085644,-0.1716443529007859,2.385353401989243,0.0033584531028992
2017-07-21,11.622,11.652,11.564,11.603,152615,0,-0.2493122420907823,11.5564,11.4625,11.3955,11.43059197388045,11.63421453994027,11.15678546005973,0.4880591950949832,67.59776536312847,241236.15,0.7609823590453061,-0.1634830493890907,1.6914986853637126,-0.0024962354257551
2017-07-24,11.593,11.622,11.506,11.564,185285,0,-0.3361199689735361,11.5776,11.4876,11.41335,11.44329750017755,11.646029834242464,11.180670165757537,0.384991393668417,61.61473087818698,235279.3,1.0081696506170663,-0.2501509531613898,2.218686466896491,-0.0033668612113086
2017-07-25,11.603,11.632,11.574,11.612,167179,0,0.4150812867519837,11.6008,11.5156,11.4302,11.459364404922546,11.669412391863364,11.190987608136636,0.389163259955793,61.66902404526175,232876.7,0.5011232071885245,0.0775661466862047,2.470878926932585,0.0041422220082837
2017-07-26,11.564,11.69,11.564,11.662,180217,0,0.4305890458146777,11.6146,11.5428,11.45245,11.47866303302516,11.69094658499141,11.213953415008593,0.3837867533585232,72.42921013412814,228869.9,1.089588377723966,0.8474576271186507,2.38805970149254,0.0042966466375808
2017-07-27,11.699,11.719,11.632,11.699,147818,0,0.3172697650488665,11.628,11.5757,11.4703,11.499647506070383,11.72675280677971,11.213847193220287,0.3555292474660462,71.92716236722302,229327.0,0.74793672627235,0.0,2.8935795954265764,0.0031676752655001
2017-07-28,11.748,11.748,11.652,11.699,149208,0,0.0,11.647200000000002,11.6018,11.491499999999998,11.518633457873204,11.750067307739204,11.232932692260793,0.3474546338489395,84.34163701067602,225847.2,0.8238928939237907,-0.4170922710248509,2.281867459346043,0.0
2017-07-31,11.699,11.748,11.632,11.652,247037,0,-0.4017437387811018,11.6648,11.621199999999998,11.50655,11.531335033313852,11.765723158941483,11.247376841058516,0.4007223495458887,77.11864406779641,228380.1,0.9972489683631334,-0.4017437387810975,1.693140164077489,-0.0040255289682763
2017-08-01,11.67,11.728,11.622,11.652,295927,0,0.0,11.6728,11.6368,11.51915,11.542826934903008,11.781001122827895,11.257298877172104,0.3994655104915702,74.62406015037573,235411.75,0.9120633281707096,-0.1542416452442218,1.3569937369519725,0.0
2017-08-02,11.699,11.699,11.564,11.652,265941,0,0.0,11.670799999999998,11.6427,11.5294,11.553224369674153,11.795376176218287,11.263423823781713,0.3130193747622493,77.53906249999997,237692.05,1.167416118989967,-0.4017437387810975,0.5089278012593734,0.0
2017-08-03,11.662,11.68,11.554,11.568,283773,0,-0.720906282183309,11.6446,11.6363,11.53975,11.554631572562329,11.793985593184775,11.285514406815224,0.3778416242393361,62.310606060606,235588.5,1.090531417690838,-0.8060367003944536,-0.5502063273727598,-0.0072351736807792
2017-08-04,11.564,11.603,11.545,11.574,230989,0,0.0518672199170122,11.6196,11.633399999999998,11.54795,11.556476184699248,11.79504382407224,11.30085617592776,0.3725555093069282,61.284046692606985,233774.25,0.5023819835426576,0.0864752680733291,-0.2499353615444288,0.0005185377352381
2017-08-07,11.642,11.642,11.564,11.603,242489,0,0.2505616035942681,11.609799999999998,11.6373,11.562450000000002,11.5609070242517,11.784230806914604,11.340669193085398,0.3641106525017616,60.59405940594054,219068.15,0.6745070909719769,-0.3349939872874051,0.3372535454859937,0.0025024822137614
2017-08-08,11.612,11.652,11.505,11.525,217880,0,-0.6722399379470723,11.5844,11.6286,11.5721,11.5574873076563,11.76680344521566,11.37739655478434,0.3984840059844929,43.004115226337476,220492.75,1.2777053455019425,-0.7492249397175313,-0.7492249397175299,-0.006745096482696
2017-08-09,11.427,11.544,11.423,11.44,275499,0,-0.7375271149674734,11.542,11.6064,11.5746,11.546298040260462,11.760545549471669,11.388654450528332,0.4051390581472832,31.954887218045087,221792.55,1.0592663923662824,0.1137656427758808,-1.9036185902932767,-0.0074026029310604
2017-08-10,11.359,11.418,10.999,10.999,672439,0,-3.8548951048950952,11.4282,11.5364,11.55605,11.494174417378511,11.862749561546046,11.249350438453956,1.1972219570299152,18.008474576271198,245470.05,3.809437221565585,-3.169293071573197,-5.983417386101375,-0.0393116263766721
2017-08-11,11.076,11.408,11.027,11.388,645050,0,3.53668515319574,11.391,11.5053,11.55355,11.484062568104369,11.865078304027792,11.242021695972207,1.778309270046494,43.19938176197835,261864.9,3.455155527341981,2.8169014084506987,-2.6583468672536137,0.0347558098408114
2017-08-14,11.408,11.603,11.408,11.505,211606,0,1.0273972602739878,11.3714,11.4906,11.5559,11.486056609237286,11.8650937903644,11.2467062096356,1.8220777012187912,46.07483492296407,258538.6,1.7093267882187964,0.8502805049088473,-1.2615859938207907,0.0102215540715382
2017-08-15,11.505,11.525,11.447,11.486,184976,0,-0.1651455888744046,11.3636,11.474,11.5554,11.486051217881354,11.865033671499438,11.245766328500563,1.8216991040212336,43.39339339339339,261386.4,0.6814012404997046,-0.1651455888744035,-1.4246481290765445,-0.0016528210452244
2017-08-16,11.486,11.564,11.408,11.418,257349,0,-0.5920250740031441,11.3592,11.4506,11.54665,11.479570149511702,11.861653943166484,11.231646056833515,1.826675088154832,39.69185619955979,261165.8,1.3674614305750403,-0.5920250740031463,-2.0082389289392433,-0.0059378449000374
2017-08-17,11.427,11.466,11.31,11.32,200307,0,-0.8582939218777286,11.4234,11.4258,11.53105,11.464372992415347,11.858897509482071,11.20320249051793,1.8316415784709292,37.029431895961686,260679.2,1.3793103448275756,-0.9363787520784048,-2.1438450899031736,-0.0086199847670304
2017-08-18,11.32,11.388,11.281,11.281,165792,0,-0.3445229681978801,11.402,11.3965,11.51495,11.446908897899602,11.859138733415904,11.170761266584098,1.8298407857586343,37.23331039229184,261338.05,0.9484974736282183,-0.3445229681978772,-2.5315362018316856,-0.0034511781522536
2017-08-21,11.291,11.378,11.261,11.281,169677,0,0.0,11.3572,11.3643,11.500800000000002,11.431108050480592,11.859462779604472,11.142137220395531,1.8240682706479,37.23331039229184,260557.65,1.038984104431231,-0.0885661146045504,-2.7751443592174407,0.0
2017-08-22,11.31,11.398,11.301,11.368,180638,0,0.7712082262210762,11.3336,11.3486,11.488600000000002,11.42509775995863,11.847935292771952,11.129264707228051,1.845342637073139,40.779220779220815,261230.6,0.8583311211397181,0.5128205128205112,-1.3622559652928468,0.0076824961720162
2017-08-23,11.368,11.427,11.34,11.427,137495,0,0.5190007037297661,11.335400000000002,11.3473,11.47685,11.425278925676857,11.82757692931581,11.12612307068419,1.841527237947779,45.34653465346534,259094.5,0.767195767195765,0.5190007037297614,-0.1136363636363602,0.0051765853697771
2017-08-24,11.486,11.486,11.388,11.437,89292,0,0.0875120329045131,11.3588,11.3911,11.46375,11.426395218469535,11.798759740628125,11.12874025937188,1.2509158768418636,45.49045424621459,256168.2,0.8605549701440179,-0.4266063033257989,3.982180198199825,0.0008747376345028
2017-08-25,11.583,11.583,11.408,11.466,138805,0,0.2535629972894915,11.3958,11.3989,11.4521,11.43016710242482,11.768343676866165,11.135856323133837,0.5940384892323001,45.49045424621459,255648.05,1.5340112201963598,-1.0101010101010175,0.6849315068493178,0.0025324206871112
2017-08-28,11.476,11.476,11.349,11.388,302507,0,-0.6802721088435271,11.4172,11.3872,11.4389,11.42615118790817,11.74176762785075,11.13603237214925,0.5302174228349632,45.49045424621459,258421.55,1.1190413252268985,-0.7668177065179588,-1.016949152542379,-0.0068259650703997
2017-08-29,11.33,11.437,11.32,11.388,198276,0,0.0,11.4212,11.3774,11.4257,11.422517741440725,11.712021938788356,11.139378061211644,0.5305657195133492,48.18688981868899,253539.0,1.0335689045936316,0.5119152691968211,-0.8532126066515877,0.0
2017-08-30,11.476,11.564,11.427,11.535,155040,0,1.2908324552160175,11.4428,11.3891,11.41985,11.433230337493988,11.691087534275672,11.148612465724328,0.6508542858263096,73.50877192982456,247993.95,1.198914850791988,0.5141164168699832,1.0246978455070943,0.0128257222099258
2017-08-31,11.612,11.622,11.554,11.603,204899,0,0.5895101863892416,11.476,11.4174,11.421600000000002,11.449398876780275,11.697277462186957,11.145922537813046,0.568905402204186,63.12576312576313,244050.25,0.5885407651029912,-0.0775060282466443,2.499999999999991,0.0058777937396913
2017-09-01,11.642,11.681,11.593,11.671,150871,0,0.586055330517965,11.517,11.4564,11.42645,11.470503745658345,11.716457241288806,11.136442758711192,0.5362637304982649,60.779220779220715,240044.35,0.7590787544207641,0.2490980931111485,3.4571403244393117,0.0058434470648082
2017-09-05,11.69,11.69,11.505,11.603,215040,0,-0.5826407334418637,11.56,11.4886,11.42645,11.483122436548026,11.716457241288806,11.136442758711192,0.6047916751400758,57.14285714285711,238671.9,1.6079965232507494,-0.7442258340461911,2.854356883255016,-0.0058434470648082
2017-09-06,11.642,11.662,11.535,11.612,159295,0,0.0775661466862143,11.6048,11.513,11.4308,11.49539649021012,11.729510632728744,11.13208936727126,0.5819851280702535,62.76315789473696,235742.65,1.1009969657563994,-0.2576876825287696,2.146375791695987,0.0007753607969752
2017-09-07,11.632,11.652,11.544,11.583,289717,0,-0.2497416465725099,11.6144,11.5286,11.43795,11.50373968161868,11.744335017498097,11.131564982501905,0.587978446804713,69.03039073806085,236453.55,0.9355509355509248,-0.4212517193947687,1.3651877133105783,-0.0025005402121744
2017-09-08,11.583,11.632,11.486,11.518,244245,0,-0.561167227833892,11.5974,11.5367,11.4639,11.505097807178805,11.691544135947996,11.236255864052,0.6284626040214517,66.52719665271974,215043.85,1.2711126588890738,-0.5611672278338902,0.7082276820844724,-0.0056274768657283
2017-09-11,11.653,11.653,11.525,11.554,182441,0,0.3125542628928501,11.574000000000002,11.5455,11.4722,11.50975515887606,11.700296563115694,11.244103436884307,0.6306255024541663,68.1274900398407,191913.4,1.1106290672451202,-0.8495666352012374,0.767486481772206,0.003120668274593
2017-09-12,11.564,11.613,11.525,11.535,260466,0,-0.1644452137787744,11.5604,11.5602,11.4737,11.512159429459292,11.7030956361718,11.2443043638282,0.5808149321532116,62.18978102189784,194356.4,0.7635574837310125,-0.2507782774126592,1.2908324552160175,-0.0016458057333567
2017-09-13,11.623,11.643,11.456,11.486,378967,0,-0.4247941048981296,11.5352,11.57,11.4737,11.509668055225076,11.7030956361718,11.2443043638282,0.6063405650831426,54.37037037037047,204055.95,1.6323324022346473,-1.1786974103071384,0.8605549701440118,-0.0042569891836121
2017-09-14,11.515,11.554,11.486,11.554,165320,0,0.592025074003133,11.5294,11.5719,11.4805,11.51389014520364,11.711003796064023,11.249996203935972,0.4791619688449039,57.98090040927704,199454.5,0.5920250740031309,0.3386886669561415,0.1647160814911119,0.005902794916969
2017-09-15,11.554,11.594,11.466,11.525,334607,0,-0.2509953262939235,11.5308,11.5641,11.49075,11.514948226612816,11.70911509746156,11.27238490253844,0.4397728917997134,54.02455661664402,206169.5,1.1163439734868317,-0.2509953262939234,-0.6722399379470723,-0.0025131084763615
2017-09-18,11.564,11.64,11.544,11.604,273431,0,0.6854663774403358,11.5408,11.5574,11.5069,11.523429347887786,11.70695778112683,11.30684221887317,0.4569524756587599,64.71389645776568,211551.45,0.8316008316008323,0.3459010722933167,-0.574072487361843,0.0068312773764452
2017-09-19,11.613,11.662,11.57,11.662,141219,0,0.4998276456394501,11.5662,11.563300000000002,11.525949999999998,11.536626552850857,11.707102422009507,11.344797577990487,0.4465928420646528,67.2979797979799,210128.55,0.7951598962834964,0.4219409282700531,0.5084891838317729,0.0049858265408068
2017-09-20,11.623,11.722,11.623,11.662,148240,0,0.0,11.6014,11.5683,11.54065,11.548566881150771,11.715438021990884,11.365861978009116,0.4467658794646227,59.84496124031016,208508.65,0.8517594424847303,0.3355415985546027,0.4305890458146777,0.0
2017-09-21,11.702,11.722,11.584,11.643,170130,0,-0.1629223117818545,11.6192,11.5743,11.55145,11.557560511517366,11.72333916257411,11.379560837425888,0.4412354804480144,53.35570469798667,210140.4,1.1912983425414356,-0.5041873184071036,0.5180005180005276,-0.0016305517450852
2017-09-22,11.702,11.702,11.589,11.594,184423,0,-0.4208537318560634,11.633,11.5819,11.5593,11.561030938991902,11.723342484869027,11.39525751513097,0.421332651995933,43.327556325823224,214896.95,0.9750625593234924,-0.922919159118104,0.659836777218259,-0.0042174181373379
2017-09-25,11.662,11.672,11.554,11.574,218553,0,-0.1725030188028276,11.627,11.583900000000002,11.5647,11.56226608765934,11.722814016156576,11.406585983843424,0.4177753526855091,47.258979206049155,218884.35,1.0212913276787288,-0.7545875493054447,0.1731002250302982,-0.001726519765894
2017-09-26,11.584,11.662,11.554,11.604,145581,0,0.2592016588906176,11.6154,11.5908,11.5755,11.5662407459775,11.71063268333441,11.44036731666559,0.4186887314500078,49.27272727272719,211038.05,0.9347412151635844,0.1726519337016538,0.598179453836134,0.0025886631075105
2017-09-27,11.672,11.731,11.617,11.662,213023,0,0.4998276456394501,11.6154,11.6084,11.5892,11.575360674932025,11.69710951375011,11.48129048624989,0.4013601110165732,56.82210708117449,211775.4,0.9813204786089263,-0.085675119945166,1.5323001915375167,0.0049858265408068
2017-09-28,11.712,11.761,11.633,11.682,212811,0,0.1714971702966972,11.6232,11.6212,11.59655,11.585516801128971,11.70885123962335,11.484248760376651,0.3711313522608124,65.35580524344564,214663.95,1.1003180606894192,-0.2561475409836011,1.1078414401938683,0.0017135028181534
2017-09-29,11.712,11.771,11.662,11.702,186400,0,0.1712035610340612,11.6448,11.6389,11.6015,11.59661043911669,11.723322130907455,11.479677869092544,0.3487322682633446,64.28571428571423,213739.0,0.9346595781169608,-0.0853825136612003,1.535791757049898,0.0017105717479266
2017-10-02,11.741,11.741,11.692,11.741,195725,0,0.3332763630148561,11.6782,11.6526,11.605,11.610361825867482,11.738675175823577,11.471324824176424,0.3038924469372918,69.14498141263935,215981.7,0.4190899760519969,0.0,1.1806273698724556,0.0033272222820303
2017-10-03,11.741,11.771,11.653,11.692,683648,0,-0.4173409419981233,11.6958,11.655600000000002,11.60945,11.61813689007058,11.74865598141977,11.470244018580228,0.3140361373631647,69.14498141263935,239412.1,1.0126147773105665,-0.4173409419981218,0.2572457554450347,-0.0041821423990752
2017-10-04,11.741,11.741,11.633,11.712,499802,0,0.1710571330824528,11.7058,11.6606,11.61445,11.627076233873382,11.7610299225136,11.4678700774864,0.3170980127444848,66.12244897959178,256437.45,0.9283933637067012,-0.2469977003662372,0.4287429257417097,0.0017091099699562
2017-10-05,11.741,11.8,11.688,11.79,278958,0,0.6659836065573632,11.7274,11.6753,11.6248,11.642592783028295,11.790070559672966,11.459529440327035,0.3623306239852552,74.58256029684591,255899.5,0.9582477754962362,0.4173409419981218,1.2625611955681348,0.0066377573303236
2017-10-06,11.79,11.83,11.751,11.82,195734,0,0.2544529262086703,11.751,11.6979,11.6399,11.659488708454171,11.818714693850133,11.46108530614987,0.3078990299337542,72.04081632653063,253473.95,0.672283209939585,0.254452926208661,1.949284112471972,0.0025412974286727
2017-10-09,11.879,11.879,11.767,11.781,266252,0,-0.3299492385786751,11.759,11.7186,11.65125,11.67106121241092,11.835831318550293,11.46666868144971,0.3318015517262317,62.63269639065815,257664.5,0.9518143961927432,-0.8249852681202036,1.7884914463452528,-0.0033049477139698
2017-10-10,11.88,11.88,11.771,11.85,218221,0,0.5856888209829325,11.7906,11.743199999999998,11.667,11.688103001705118,11.863206121477203,11.470793878522796,0.3558774912077129,67.40740740740733,255552.25,0.9260045875456628,-0.2525252525252621,2.119958634953467,0.0058398033171578
2017-10-11,11.85,11.85,11.771,11.8,237216,0,-0.421940928270037,11.8082,11.757,11.6827,11.698759858685582,11.867864620924095,11.497535379075904,0.3903378753839652,63.747810858143666,248464.7,0.6711409395973056,-0.4219409282700332,1.1833304750471507,-0.004228336109521
2017-10-12,11.85,11.85,11.691,11.691,427077,0,-0.9237288135593212,11.7884,11.7579,11.68955,11.69802082452505,11.864523652151476,11.514576347848523,0.5093043625952093,57.68621236133136,261552.55,1.3600205286117433,-1.3417721518987251,0.077041602465333,-0.0092802164469372
2017-10-13,11.711,11.8,11.711,11.79,272939,0,0.8468052347959887,11.7824,11.7667,11.7028,11.706780745998856,11.86497417537249,11.54062582462751,0.5739393675001997,65.21126760563385,258469.15,0.7599692596703989,0.6745794552130377,0.7520082037258513,0.0084323995245976
2017-10-16,11.82,11.88,11.8,11.88,265518,0,0.7633587786259666,11.8022,11.780600000000002,11.7166,11.723277817808489,11.889961077401308,11.543238922598691,0.6102878395903457,67.92207792207807,258073.5,0.6779661016949159,0.5076142131979737,1.1838855293416328,0.0076045993852194
2017-10-17,11.89,11.89,11.82,11.84,252987,0,-0.3367003367003462,11.8002,11.7954,11.7255,11.734394216112442,11.905218493322058,11.545781506677942,0.6028949952051907,61.83510638297871,263661.9,0.5922165820643002,-0.4205214465937822,1.265822784810133,-0.0033726844786393
2017-10-18,11.82,11.88,11.781,11.83,268957,0,-0.0844594594594627,11.8062,11.807199999999998,11.7339,11.743499528863635,11.916798188531937,11.551001811468064,0.6062492595226343,59.97304582210244,269697.75,0.8403361344537832,0.0846023688663264,1.007513661202197,-0.0008449514655642
2017-10-19,11.83,11.85,11.81,11.83,180054,0,0.0,11.834,11.8112,11.74325,11.751737668971863,11.925701002794977,11.560798997205024,0.5730766256146506,58.864265927977875,270193.95,0.3386960203217539,0.0,0.3392705682782049,0.0
2017-10-20,11.87,11.87,11.82,11.82,170383,0,-0.0845308537616218,11.84,11.8112,11.75455,11.758238843355496,11.925726086622564,11.583373913377438,0.5686853773182841,55.69985569985576,269491.95,0.4230118443316322,-0.4212299915753912,0.0,-0.0008456660123432
2017-10-23,11.85,11.909,11.84,11.85,162565,0,0.2538071065989689,11.834,11.8181,11.76835,11.766978001131164,11.92182521658266,11.614874783417338,0.5607934842818778,61.72106824925816,266692.55,0.5827702702702773,0.0,0.5856888209829325,0.0025348556031878
2017-10-24,11.899,11.909,11.86,11.909,168523,0,0.4978902953586495,11.8478,11.824,11.783600000000002,11.780503905785338,11.92869873226562,11.638501267734382,0.5522682968002723,63.814866760168385,267839.65,0.4131534569983244,0.0840406756870456,0.4978902953586495,0.0049665492047185
2017-10-25,11.88,11.88,11.741,11.751,211487,0,-1.3267276849441734,11.832,11.8191,11.78805,11.777694009996258,11.922515765550523,11.653584234449475,0.6942373636259114,47.54098360655741,267762.85,1.183885529341633,-1.085858585858597,-0.4152542372881429,-0.0133560734340549
2017-10-26,11.81,11.84,11.711,11.731,146945,0,-0.1701982809973579,11.8122,11.8231,11.7905,11.773246961425189,11.91845805233638,11.66254194766362,0.6250353437716216,44.31673052362704,264469.55,1.1015284774997829,-0.6689246401354837,0.3421435292104924,-0.0017034328282206
2017-10-27,11.761,11.81,11.751,11.771,96257,0,0.3409768988151151,11.8024,11.8212,11.79395,11.77303296509898,11.915417301208931,11.672482698791065,0.5701818206894675,49.3622448979592,259962.4,0.5020849289422267,0.0850267834367958,-0.1611535199321334,0.0034039689067603
2017-10-30,11.79,11.87,11.79,11.86,126033,0,0.7560954889134219,11.8044,11.8192,11.7999,11.781315539851455,11.922102420511091,11.67769757948891,0.5690841892390179,50.62189054726367,256477.8,0.6785411365564045,0.5937234944868557,-0.1683501683501842,0.0075325141392357
2017-10-31,11.88,11.89,11.84,11.87,143578,0,0.0843170320404596,11.7966,11.8222,11.8088,11.789761678913225,11.923619033814672,11.693980966185327,0.5581400112920225,54.581151832460634,229474.3,0.4222972972973033,-0.0841750841750973,0.2533783783783772,0.0008428150519971
2017-11-01,11.899,11.959,11.88,11.909,285117,0,0.3285593934288178,11.8282,11.8301,11.818650000000002,11.801117709492916,11.93229816436254,11.705001835637464,0.5642470472601792,65.70605187319879,218740.05,0.6649831649831552,0.0840406756870456,0.6677937447168159,0.0032802081642821
2017-11-02,11.939,11.939,11.881,11.919,131074,0,0.0839701066420284,11.8658,11.839000000000002,11.8251,11.812344594303116,11.946293885549355,11.70390611445064,0.56374692300618,60.661157024793425,211345.85,0.4881743960946034,-0.1675182176061611,0.7523245984784488,0.0008393487147127
2017-11-03,11.989,11.989,11.87,11.89,183797,0,-0.2433090024330897,11.8896,11.846,11.8286,11.819740347226627,11.953169828229296,11.704030171770704,0.5709732879891858,50.91911764705879,210749.0,1.0025273799494656,-0.8257569438652114,0.5922165820642977,-0.0024360547978811
2017-11-06,11.88,11.969,11.88,11.89,213059,0,0.0,11.8956,11.85,11.83405,11.826431742728854,11.959386557441912,11.708713442558086,0.5670552222979821,54.96031746031752,208089.35,0.7491582491582377,0.0841750841750823,0.3375527426160429,0.0
2017-11-07,11.969,11.969,11.85,11.86,219743,0,-0.2523128679562725,11.8936,11.8451,11.83455,11.82962871961182,11.960233771928308,11.708866228071692,0.5483512263685888,52.86259541984725,208165.45,1.0042194092826984,-0.9106859386749102,-0.4114535225459792,-0.0025263171331111
2017-11-08,11.89,11.919,11.82,11.84,232281,0,-0.1686340640809414,11.8798,11.854,11.83655,11.83061646060117,11.961187537641292,11.71191246235871,0.3219117446854915,50.91911764705879,207918.7,0.8375634517766514,-0.4205214465937822,0.7573823504382737,-0.0016877641137197
2017-11-09,11.81,11.849,11.65,11.68,332046,0,-1.3513513513513489,11.832,11.8489,11.836000000000002,11.816272035782012,11.963408171264934,11.70859182873507,0.5547496049932047,39.91354466858789,203167.15,1.708154506437767,-1.100762066045731,-0.4347455459892568,-0.0136056520557785
2017-11-10,11.68,11.7,11.55,11.66,255335,0,-0.1712328767123239,11.786,11.8378,11.8295,11.801388984755151,11.978264030739684,11.680735969260317,0.5388614648426866,36.11111111111121,202286.95,1.2987012987012865,-0.1712328767123251,-0.942995497408894,-0.0017137964777346
