Date,Open,High,Low,Close,Volume,OpenInt,Daily Return,MA-5,MA-10,MA-20,EMA,BB_upper,BB_lower,Volatility-10,RSI,Volume MA-20,High-Low,Close-Open,ROC-10,Log Returns
2004-08-19,50.0,52.03,47.98,50.17,44703800,0,,,,,50.17,,,,,,8.441017090454366,0.3400000000000034,,
2004-08-20,50.505,54.54,50.25,54.155,22857200,0,7.942993821008559,,,,50.54952380952381,,,,,,8.53731343283582,7.227007227007223,,0.0764330667915387
2004-08-23,55.375,56.74,54.525,54.7,18274400,0,1.0063706028990982,,,,50.94480725623583,,,,,,4.0623567171022525,-1.218961625282162,,0.0100134041402351
2004-08-24,55.62,55.8,51.785,52.435,15262600,0,-4.14076782449726,,,,51.086730374689566,,,,,,7.753210389108816,-5.726357425386543,,-0.0422894021415671
2004-08-25,52.48,54.0,51.94,53.0,9197800,0,1.0775245542099745,52.89200000000001,,,51.268946529481035,,,,,,3.966114747785912,0.9908536585365916,,0.0107176062657533
2004-08-26,52.475,53.975,52.33,53.955,7102000,0,1.8018867924528337,53.649,,,51.52476114572094,,,,,,3.143512325625842,2.820390662220099,,0.0178584522635751
2004-08-27,54.05,54.31,52.845,53.075,6218000,0,-1.6309887869520812,53.43300000000001,,,51.67240294136656,,,,,,2.772258491815694,-1.8038852913968444,,-0.016444358226377
2004-08-30,52.64,52.745,51.005,51.005,5202000,0,-3.90014130946773,52.694,,,51.60884075647451,,,,,,3.411430251936075,-3.106003039513674,,-0.0397823404548375
2004-08-31,51.15,51.855,51.08,51.185,4922800,0,0.3529065777864826,52.444,,,51.568474970143605,,,,,,1.5172278778386818,0.0684261974584627,,0.0035228532372518
2004-09-01,51.35,51.485,49.835,50.125,9147400,0,-2.070919214613665,51.86900000000001,52.380500000000005,,51.431001163463264,,,,,,3.310926055984747,-2.385589094449857,,-0.0209266347450009
2004-09-02,49.595,51.185,49.47,50.755,15133800,0,1.256857855361604,51.229000000000006,52.439,,51.366620100276286,,,3.4838415272728853,,,3.466747523751776,2.338945458211521,1.1660354793701533,0.0124902496096612
2004-09-03,50.475,50.87,49.66,50.005,5157600,0,-1.4776869273963156,50.615,52.024,,51.23694199548807,,,2.176817872631246,,,2.436568666935161,-0.9311540366518056,-7.663188994552672,-0.014887134807915
2004-09-07,50.505,51.0,49.805,50.79,5853400,0,1.5698430156984244,50.572,51.633,,51.19437609115587,,,2.23450863978811,,,2.3993574942274876,0.5643005643005575,-7.148080438756866,0.0155764843846742
2004-09-08,50.37,51.515,50.25,51.15,4990600,0,0.7088009450679333,50.565000000000005,51.50450000000001,,51.19014979676007,,,1.9115988563726392,53.26014637391882,,2.5174129353233843,1.548540798094106,-2.4506531896633987,0.0070630075844819
2004-09-09,51.265,51.355,50.5,51.155,4065800,0,0.0097751710655069,50.771,51.32000000000001,,51.18680219706863,,,1.8594864799125277,53.27569005653475,,1.693069306930687,-0.2145713449722021,-3.4811320754716935,9.774693326793092e-05
2004-09-10,50.8,53.28,50.65,52.665,8707600,0,2.9518131169973483,51.153000000000006,51.190999999999995,,51.32758294020495,,,2.033897590654063,44.06847133757961,,5.192497532082927,3.671259842519689,-2.390881289963853,0.0290908589576018
2004-09-13,53.315,54.205,53.23,53.75,7852000,0,2.0601917782208323,51.902,51.258500000000005,,51.5582893268521,,,2.0842934664896995,46.374045801526705,,1.831673868119484,0.815905467504459,1.2717852096090445,0.0203925687192669
2004-09-14,53.725,56.0,53.395,55.745,10839800,0,3.711627906976744,52.892999999999994,51.7325,,51.9570236766757,,,1.8149031005443672,62.899454403741224,,4.8787339638542875,3.759888320148899,9.293206548377595,0.0364440532117626
2004-09-15,55.28,57.115,55.1,56.0,10723800,0,0.4574401291595809,53.863,52.214,,52.342069040801825,,,1.8116531460592096,61.98083067092652,,3.656987295825772,1.3024602026049183,9.407052847513908,0.0045639705156145
2004-09-16,56.17,57.9,55.825,56.985,9275600,0,1.758928571428564,55.029,52.9,52.64025,52.78425294167784,56.87623428877361,48.404265711226394,1.485008854349028,62.07171314741037,11274400.0,3.716972682489916,1.4509524657290327,13.6857855361596,0.0174363845725492
2004-09-17,57.21,58.745,56.775,58.745,9482000,0,3.088532069842942,56.245000000000005,53.699,53.069,53.35194313770853,57.94042538310482,48.19757461689519,1.58835915687238,71.10945644080415,9513310.0,3.469837076177893,2.6830973606012876,15.742291399862074,0.0304179677118373
2004-09-20,58.475,60.8,58.385,59.68,10639400,0,1.5916248191335525,57.431,54.6665,53.34525,53.95461521983152,59.03403626866279,47.65646373133721,1.202051034174766,85.27856852379014,8902420.0,4.136336387770831,2.0607097050021346,19.348065193480647,0.0157909128759695
2004-09-21,59.905,60.21,58.755,58.92,7236000,0,-1.2734584450402098,58.065999999999995,55.479499999999994,53.55625,54.427509008419,59.747465232297415,47.36503476770258,1.546935685045496,80.03883495145631,8350500.0,2.476384988511613,-1.6442700943159991,16.007088009450676,-0.0128163643010758
2004-09-22,58.7,59.835,58.405,59.19,7588800,0,0.458248472505085,58.70399999999999,56.2835,53.89399999999999,54.88107957904576,60.54742618505683,47.240573814943154,1.5632350283646426,87.50517170045512,7966810.0,2.4484205119424702,0.8347529812606386,15.718475073313789,0.004572017108204
2004-09-23,59.42,61.315,58.51,60.41,8544200,0,2.061158979557365,59.389,57.209,54.2645,55.40764342866045,61.50745657863555,47.02154342136445,1.4810904465269858,88.08678500986194,7934130.0,4.79405229875235,1.6661056883204222,18.092073111132812,0.0204020454480162
2004-09-24,60.47,62.05,59.88,59.915,9132600,0,-0.8194007614633292,59.623000000000005,57.934000000000005,54.5625,55.83691548307374,62.229837079764835,46.895162920235165,1.598603952593222,89.89533011272144,8035660.0,3.6239144956579734,-0.9178104845377868,13.766258425899558,-0.0082277630161699
2004-09-27,59.78,60.44,58.9,59.13,7073200,0,-1.31018943503296,59.513,58.472,54.86525,56.15054257992386,62.760078737184465,46.97042126281554,1.7689616300614743,83.57487922705319,8078420.0,2.61460101867572,-1.0873201739712255,10.009302325581393,-0.0131884813017413
2004-09-28,60.65,63.7,60.105,63.43,16946000,0,7.272112294943334,60.415,59.2405,55.48649999999999,56.843824238978726,64.03104464309799,46.941955356902,2.5620730102878575,87.53056234718831,8665620.0,5.981199567423685,4.583676834295138,13.785989774867712,0.0701985258130671
2004-09-29,63.35,67.51,63.115,65.54,30547000,0,3.3265016553681415,61.685,60.194500000000005,56.20425,57.67203145431409,65.59697466214928,46.811525337850725,2.613811155275586,88.9520714865963,9946830.0,6.963479363067421,3.4569850039463375,17.03571428571429,0.0327237076248629
2004-09-30,64.95,66.15,64.5,64.8,13771800,0,-1.1290814769606472,62.563,60.976,56.938,58.35088560152227,66.61947900836817,47.25652099163183,2.752082652794235,84.28934727324102,10178050.0,2.55813953488373,-0.2309468822170988,13.71413529876282,-0.0113550399124396
2004-10-01,65.4,67.12,64.45,66.29,15140000,0,2.299382716049392,63.838,61.730500000000006,57.71475,59.106991734710626,67.7921977110239,47.637302288976095,2.7068896434644913,84.64088397790056,10178360.0,4.142746314972849,1.3608562691131505,12.843646267767484,0.0227334528950712
2004-10-04,67.625,68.435,67.015,67.53,13035800,0,1.8705687132297475,65.518,62.51550000000001,58.590999999999994,59.90918299807152,68.89101154828171,48.29098845171828,2.712259609520324,83.97232631882386,10572270.0,2.1189285980750605,-0.1404805914972256,13.153485254691688,0.0185328873334503
2004-10-05,67.33,69.265,66.12,69.185,14988200,0,2.450762624018954,66.66900000000001,63.541999999999994,59.510749999999994,60.79259414111233,70.1570942082247,48.86440579177528,2.575603766080914,85.16937850093358,11029010.0,4.7565033272837205,2.755086885489386,17.421928038017654,0.0242121325345971
2004-10-06,68.775,69.225,68.0,68.54,13394800,0,-0.9322830093228208,67.269,64.477,60.38025,61.530442318149255,70.99197810719595,49.76852189280405,2.682300515679185,81.39092637870145,11449220.0,1.8014705882352855,-0.3416939294801882,15.796587261361728,-0.0093665596748848
2004-10-07,68.46,69.94,68.275,69.425,14129200,0,1.291216807703521,68.194,65.3785,61.29375,62.28230495451599,71.70532547863763,50.88217452136238,2.675730873626979,80.4620650313748,11952390.0,2.438667154888307,1.409582237803102,14.923025989074668,0.0128295167464003
2004-10-08,69.36,69.84,68.51,68.865,11080600,0,-0.8066258552394734,68.709,66.2735,62.103750000000005,62.90922829218113,72.2048264798922,52.002673520107805,2.6745393462373492,76.7706208102594,12071040.0,1.941322434681066,-0.7136678200692107,14.93782859050321,-0.0080989668235682
2004-10-11,68.5,69.43,66.925,67.63,10482600,0,-1.793363827778982,68.729,67.1235,62.79774999999999,63.35882559768769,72.37593105740442,53.21956894259557,2.733326514205631,74.70221213840044,12202570.0,3.7429958909226895,-1.2700729927007366,14.375105699306602,-0.0180963947824464
2004-10-12,67.22,68.805,66.7,68.7,11677200,0,1.5821381043915617,68.632,67.65050000000001,63.4455,63.867508874098384,72.76414057173915,54.12685942826085,1.8068368641892036,75.80032555615844,12244440.0,3.155922038980515,2.2017256768818867,8.308371433075834,0.0156975276414552
2004-10-13,71.66,71.775,70.04,70.45,19786000,0,2.547307132459964,69.014,68.1415,64.168,64.49441279085092,73.29475038727252,55.0412496127275,1.7001929430260088,76.47679324894516,12697550.0,2.477155910908051,-1.688529165503759,7.491608178211773,0.0251540391163854
2004-10-14,70.505,71.19,69.28,71.0,10452600,0,0.78069552874378,69.329,68.7615,64.86875,65.1139925250556,73.82388018213288,55.91361981786713,1.569394818298648,79.14804102024716,12756400.0,2.756928406466508,0.7020778668179626,9.567901234567898,0.007776638696626
2004-10-15,72.465,72.75,70.975,72.055,13208000,0,1.4859154929577567,69.967,69.33800000000001,65.53425000000001,65.77504085600268,74.55127791214606,56.517222087853966,1.510445163769436,83.51050038890327,12942700.0,2.5008805917576695,-0.5657903815635087,8.6966359933625,0.0147498392490095
2004-10-18,71.6,74.6,70.605,74.58,14050400,0,3.5042675733814255,71.357,70.04299999999999,66.27925,66.61360839352623,75.7122281394291,56.8462718605709,1.708716651701034,81.83894917190175,13113250.0,5.658239501451725,4.162011173184363,10.439804531319409,0.0344426584603496
2004-10-19,75.25,76.2,73.675,73.97,18128000,0,-0.8179136497720507,72.411,70.5215,67.03175,67.31421711795231,76.39375679960176,57.66974320039824,1.7153236693038607,76.32729544034974,13657850.0,3.4272141160502283,-1.7009966777408652,6.916239069162389,-0.0082127691508983
2004-10-20,74.015,74.495,69.8,70.245,22745400,0,-5.035825334595101,72.37,70.692,67.5845,67.59333929719494,76.27866434651489,58.89033565348512,2.469868512654727,64.33271913661493,14415680.0,6.7263610315186355,-5.093562115787335,2.487598482637865,-0.0516704742961614
2004-10-21,72.2,75.065,70.81,74.69,29179000,0,6.327852516193322,73.108,71.21849999999999,68.2985,68.26921174508114,76.8562186458222,59.74078135417781,3.126625597027864,69.13439635535308,15447420.0,6.009038271430582,3.4487534626038707,7.583723442563928,0.0613570830653605
2004-10-22,85.27,90.085,82.04,86.215,73783800,0,15.430445842816988,75.94000000000001,72.95349999999999,69.6135,69.97833443602579,80.51011951442308,58.71688048557692,5.515825712739796,78.9824724678145,18679980.0,9.806192101413927,1.108244400140738,25.194220576490256,0.1434979620831197
2004-10-25,88.2,97.215,86.275,93.7,65528400,0,8.681783912312246,79.764,75.5605,71.342,72.23754068021381,85.66532635579941,57.0186736442006,5.62433702870462,82.2014974385919,21602740.0,12.680382497826717,6.235827664399093,38.5479816649416,0.0832540127922816
2004-10-26,93.17,96.32,90.0,90.9,44614200,0,-2.988260405549626,83.15,77.78049999999999,72.7155,74.01491775828869,88.98095933468903,56.45004066531098,5.968060829027617,77.79711586275485,22986150.0,7.022222222222214,-2.4364065686379694,32.31441048034935,-0.0303381880609433
2004-10-27,91.36,94.76,90.885,92.985,26713000,0,2.293729372937281,87.69800000000001,80.034,74.08775,75.82159225749929,92.31663381113889,55.858866188861114,5.97069660225275,78.44036697247708,22794450.0,4.263629861913406,1.778677758318739,31.98722498225692,0.0226781886385591
2004-10-28,93.34,97.195,92.8,96.65,29693600,0,3.941495940205408,92.09,82.599,75.68025,77.80525013773746,95.94408698144376,55.41641301855623,5.925633871118613,81.20157215047728,23590540.0,4.735991379310341,3.5461752731947738,36.12676056338029,0.0386580158323474
2004-10-29,99.445,99.98,95.3,95.32,42325000,0,-1.3760993274702704,93.911,84.9255,77.13175,79.47332155319103,98.68152403105368,55.58197596894631,6.088906910511942,81.02868668758404,24949790.0,4.910807974816376,-4.148021519432852,32.287835681076935,-0.0138565534237987
2004-11-01,96.775,98.835,95.635,98.015,24449800,0,2.827318506084775,94.774,87.269,78.656,81.23919569098236,101.61278035375452,55.699219646245496,6.086392634349606,81.69531841280138,25520490.0,3.3460553144769056,1.281322655644531,31.422633413783863,0.0278808759518463
2004-11-02,99.39,99.62,96.67,97.435,22692600,0,-0.5917461613018427,96.081,89.6155,80.0685,82.78165324422213,104.02619629114932,56.11080370885067,6.071326065123474,79.93344425956738,25905710.0,3.051618909692772,-1.9669986920213285,31.72231985940246,-0.0059350391662898
2004-11-03,99.09,100.8,95.375,95.835,27777400,0,-1.6421203879509516,96.651,92.1745,81.43325,84.02482912572478,105.73308155128971,57.133418448710266,5.6559131566171,76.92140921409212,26624840.0,5.68807339449541,-3.2848925219497525,36.429639120222056,-0.0165575262936815
2004-11-04,94.22,95.2,91.675,92.35,28819200,0,-3.636458496373973,95.791,93.9405,82.5795,84.81770254232242,106.65608043126475,58.50291956873523,5.932317150103378,70.89898053753474,27359340.0,3.845104990455419,-1.9847166206750209,23.64439684027313,-0.0370422560771672
2004-11-05,90.99,91.15,84.275,84.675,39666200,0,-8.310774228478612,93.662,93.7865,83.36999999999999,84.804111824006,106.57296714238352,60.16703285761645,4.7171363318197645,59.398566241504504,28788620.0,8.157816671610798,-6.940323112429936,-1.7862320941831489,-0.0867653079414135
2004-11-08,85.465,87.72,84.7,86.275,22383600,0,1.889577797460884,91.314,93.044,84.30225,84.94419641219591,106.30992150336456,62.29457849663545,3.6932041609317294,61.24874302952738,29383670.0,3.565525383707197,0.9477563915052972,-7.924226254002131,0.0187194702802317
2004-11-09,87.05,87.6,82.635,84.35,22128400,0,-2.2312373225152227,88.69699999999999,92.389,85.08475,84.88760627770105,105.8335207879414,64.33597921205859,3.6499450596848617,63.33301824369031,29906230.0,6.008349972771815,-3.1016657093624387,-7.205720572057217,-0.0225650599920899
2004-11-10,85.335,86.26,83.165,83.93,21288000,0,-0.4979253112033066,86.316,91.4835,85.75874999999999,84.79640567982476,105.3493040812538,66.16819591874618,3.5006248056354345,59.4536525475752,29981330.0,3.721517465279864,-1.6464522177301073,-9.738129805882656,-0.0049916908972409
2004-11-11,84.565,91.875,83.785,91.51,29971000,0,9.031335636840222,86.148,90.9695,86.78425,85.43579561507954,105.23603504415748,68.33246495584251,4.51576640902069,55.89315525876461,30957250.0,9.65566628871517,8.21261751315557,-5.318158303155718,0.0864651378325506
2004-11-12,92.615,94.9,88.7,91.0,33492200,0,-0.557316140312536,87.41300000000001,90.5375,87.7315,85.96571984221482,104.90001987612348,70.56298012387653,4.504594894494484,46.44268774703557,31971460.0,6.989853438556937,-1.7437780057226095,-4.532102391942927,-0.0055887494104367
2004-11-15,90.225,94.16,89.375,92.435,23803000,0,1.5769230769230758,88.64500000000001,89.9795,88.62424999999999,86.58184176200389,104.73780600434824,72.51069399565174,4.422528856507676,52.097854311876446,32459090.0,5.35384615384615,2.4494319756165233,-5.693006172524617,0.0156461882875587
2004-11-16,88.75,89.735,85.415,86.27,41834800,0,-6.669551576783695,89.02900000000001,88.863,89.23925,86.55214254657494,103.86836814264905,74.61013185735096,4.835362928164248,41.74351407844585,33644430.0,5.057659661651926,-2.794366197183103,-11.458921332170169,-0.0690237817159215
2004-11-17,84.51,88.75,84.5,86.25,36265800,0,-0.0231830300220226,89.49300000000001,87.9045,90.0395,86.52336706594876,101.75452674256238,78.32447325743763,4.842468968362616,35.95353862776878,34320450.0,5.029585798816568,2.0589279375221805,-10.001565190170602,-0.0002318571770182
2004-11-18,85.145,87.21,82.865,83.77,33259200,0,-2.8753623188405797,87.94500000000001,87.0465,90.4935,86.26114163109649,100.24273430191766,80.74426569808233,4.80123500848094,34.87031700288186,34524460.0,5.243468291799915,-1.6148922426449002,-9.290741743367626,-0.029175107745751
2004-11-19,84.55,84.99,83.26,84.7,17538600,0,1.110182642950952,86.685,87.049,90.41775,86.11246147575397,100.3291498559874,80.5063501440126,4.042634823743445,31.712676830105764,31712200.0,2.0778284890703698,0.1774098166765295,0.0295246530853221,0.0110406534922907
2004-11-22,82.235,84.75,80.655,82.55,24736400,0,-2.5383707201889094,84.708,86.6765,89.86025,85.77317943044407,100.23767969647432,79.48282030352567,4.064281506568925,30.401579986833458,29672600.0,5.0771805839687545,0.3830485802881956,-4.317589104607366,-0.0257114312918717
2004-11-23,83.985,85.415,83.25,83.76,24826600,0,1.4657783161720284,84.20599999999999,86.6175,89.50325000000001,85.58144805611607,100.21591307988643,78.79058692011357,4.044003676746194,33.936410802181754,28683220.0,2.6006006006006084,-0.2679049830326776,-0.6994665085951257,0.0145513961961445
2004-11-24,87.41,88.605,86.255,87.38,30562000,0,4.321872015281736,84.43199999999999,86.9625,89.223,85.75273871743835,99.84502547837096,78.60097452162903,4.259259140450151,43.41198303287381,28875670.0,2.72447974030492,-0.034321015902072,4.110568330751807,0.0423108569610082
2004-11-26,87.9,90.015,87.66,89.695,12960200,0,2.649347676813907,85.61699999999999,86.78099999999999,88.87525,86.12819217292041,98.9128018481982,78.83769815180177,3.1768843694315616,57.756489493201464,28039000.0,2.686516084873379,2.0420932878270617,-1.9833897934652067,0.0261486026277639
2004-11-29,90.18,91.475,88.755,90.525,21333200,0,0.9253581582028048,86.78200000000001,86.73349999999999,88.63550000000001,86.54693577549942,98.24483093678413,79.0261690632159,3.1905376003598063,56.72681228236783,26989410.0,3.0646160779674374,0.3825681969394531,-0.5219780219780201,0.009211029500651
2004-11-30,90.355,91.5,90.125,90.99,15400000,0,0.5136702568351081,88.47,86.589,88.28425,86.97008474926137,96.91360642840333,79.65489357159669,3.149387407684962,61.01891802190507,26536920.0,1.5256588072122053,0.7027834652205089,-1.5632606696597715,0.0051235547168943
2004-12-01,90.975,91.25,89.775,89.98,15728200,0,-1.110012089240564,89.714,86.96000000000001,87.9115,87.25674334456981,95.4518895613454,80.3711104386546,2.2153944827194487,59.84700520833332,26188700.0,1.6429963798384788,-1.093707062379764,4.3004520690854475,-0.011162186955573
2004-12-02,89.95,90.755,89.275,89.7,12521800,0,-0.3111802622805082,90.178,87.305,87.60475,87.48943445461079,94.23177558904818,80.97772441095181,2.2239968028476573,46.13578138343296,25425920.0,1.657798935872293,-0.2779321845469705,4.0000000000000036,-0.0031166543482758
2004-12-03,89.975,90.53,88.8,90.2,11738400,0,0.557413600891854,90.279,87.948,87.49725,87.74758355417167,93.86484516284597,81.12965483715402,1.9011685614216476,48.2913284920974,24571880.0,1.9481981981982024,0.2500694637399372,7.6757789184672465,0.0055586580038274
2004-12-06,89.565,90.35,88.01,88.145,12508000,0,-2.278270509977831,89.803,88.29249999999999,87.67075,87.78543273948866,93.90220186681448,81.43929813318552,2.120782684635319,41.073657927590496,23213970.0,2.6587887740029417,-1.5854407413610248,4.067296340023607,-0.0230462413308712
2004-12-07,88.0,88.1,85.275,85.715,13741800,0,-2.7568211469737314,88.748,88.60900000000001,87.64275,87.58824866906116,93.90556211009245,81.37993788990757,2.1554773646851753,48.63266814486328,22781880.0,3.3128114922310035,-2.596590909090905,3.8340399757722743,-0.0279553462782623
2004-12-08,85.175,86.84,84.365,84.99,15083600,0,-0.8458262847809705,87.75,88.732,87.67475,87.34079641486485,93.87292925302556,81.47657074697446,2.1521573389589643,46.999999999999986,22429640.0,2.93368102886269,-0.2171998825946607,1.468481375358155,-0.0084942369489095
2004-12-09,85.125,86.75,84.235,86.715,15308000,0,2.0296505471232074,87.15299999999999,88.6655,87.814,87.2811967563063,93.7786843124656,81.8493156875344,1.7437210896885038,57.27340083971352,22130640.0,2.9856947824538502,1.867841409691634,-0.7610437170977202,0.0200932766920143
2004-12-10,86.715,87.44,85.645,85.825,8634400,0,-1.026350689038802,86.27799999999999,88.27850000000001,87.52975,87.14251135094379,93.29119487999913,81.7683051200009,1.4752647937824448,52.78396436525613,21063810.0,2.095860820830173,-1.026350689038806,-4.31462177378894,-0.0103165398587933
2004-12-13,86.085,86.59,84.725,85.225,9637200,0,-0.6990969997087149,85.694,87.7485,87.241,86.95989122228248,92.84690628383696,81.63509371616304,1.3967588843873326,57.16965960868398,19871060.0,2.2012393036294,-0.9990126038218036,-5.854736260701476,-0.007015521319789
2004-12-14,85.5,89.41,84.8,89.345,22176800,0,4.8342622469932595,86.41999999999999,87.584,87.0865,87.18704443920795,92.24189890743108,81.93110109256892,2.20905657465765,62.94922327846045,19789750.0,5.436320754716981,4.497076023391811,-1.8078909770304352,0.0472104623066578
2004-12-15,88.995,90.345,88.33,89.89,22942000,0,0.6099949633443513,87.4,87.575,87.26750000000001,87.444468778331,92.55470152821934,81.98029847178069,2.193830973759455,56.78745267712277,18845110.0,2.2812181591758183,1.005674476094158,-0.1000222271616002,0.0060814202546834
2004-12-16,88.475,90.245,87.975,88.235,17145600,0,-1.841139170096784,87.704,87.4285,87.36675,87.519757466109,92.64804995460692,82.08545004539307,2.2708233037655705,45.9057767807067,17889100.0,2.580278488206889,-0.2712630686634585,-1.6332218506131535,-0.0185829908901114
2004-12-17,88.38,90.25,88.275,90.04,14772400,0,2.045673485578292,88.547,87.4125,87.68025,87.75978056457481,92.8046318369176,82.5558681630824,2.3683997042613916,48.71044934857751,16964760.0,2.2373265363919503,1.8782529984159433,-0.1773835920177324,0.0202503063433351
2004-12-20,91.0,94.23,90.935,92.51,19669000,0,2.7432252332296736,90.00399999999999,87.849,88.07075,88.21218241556768,93.42408469609606,82.71741530390395,2.3623127635667953,53.65209034118215,17071280.0,3.6234673118161345,1.6593406593406648,4.952067615860245,0.0270627307446957
2004-12-21,93.155,93.94,91.7,91.875,11032600,0,-0.6864122797535455,90.51,88.465,88.53699999999999,88.56102218551362,93.47391294977832,83.60008705022166,2.1228382108770334,54.63665280156592,16386090.0,2.4427480916030477,-1.3740539960281264,7.1866067782768495,-0.0068877892502265
2004-12-22,91.95,93.425,91.505,93.15,7814000,0,1.387755102040833,91.162,89.281,89.00649999999999,88.99806769165518,93.81490722069216,84.19809277930781,2.0566765320411395,58.049463369108715,15535460.0,2.098245997486478,1.305057096247964,9.60112954465233,0.0137821395145968
2004-12-23,93.725,94.3,93.0,93.95,7229200,0,0.8588298443370945,92.305,90.0045,89.33500000000001,89.46968029244992,94.55556964022374,84.11443035977628,2.020749657246212,58.628624022089255,14368820.0,1.3978494623655884,0.2400640170712281,8.343423859770516,0.0085516288118768
2004-12-27,94.575,96.65,94.55,95.955,12208200,0,2.1341138903672174,93.488,91.0175,89.648,90.08732978840708,95.65139500440807,83.64460499559192,1.945164664467912,68.01199261992618,14331220.0,2.2210470650449587,1.4591593973037225,11.80308767841538,0.0211166057107363
2004-12-28,96.055,96.775,95.505,96.38,8291600,0,0.4429159501849744,94.262,92.133,89.94075000000001,90.68663171332068,96.65334952391215,83.22815047608786,1.8567935713042985,77.10292249047006,13679140.0,1.329773310297901,0.3383478215605524,13.088882370196542,0.0044193796419759
2004-12-29,95.89,96.76,95.89,96.45,5356200,0,0.0726291761776298,95.177,92.8435,90.21375,91.23552393109966,97.52357098924053,82.90392901075948,1.3876006003275323,80.12618296529965,13176950.0,0.9072896026697304,0.5840025028678718,7.952319659745943,0.0007260281395513
2004-12-30,96.485,99.115,95.925,98.8,11808600,0,2.436495593571797,96.307,93.7345,90.65475,91.95595022337588,98.90846971964947,82.40103028035053,1.480323729045582,80.75846271315851,12980970.0,3.3255147250456063,2.3993366844587216,9.912114806986306,0.024072865402084
2004-12-31,99.62,99.94,96.28,96.395,15337000,0,-2.4342105263157943,96.796,94.5505,90.9895,92.37871686876863,99.61487559822936,82.36412440177062,1.6110946858668855,74.97637051039693,13121730.0,3.801412546738675,-3.23730174663723,9.248030826769416,-0.02464327170239
2005-01-03,98.7,101.82,97.73,101.36,31688400,0,5.150682089319991,97.877,95.6825,91.5475,93.23407716698117,101.3248414210184,81.7701585789816,2.085708694349831,81.60626836434867,14119230.0,4.184999488386359,2.6950354609929046,12.572190137716554,0.0502242029614515
2005-01-04,100.7,101.46,96.74,97.25,27511800,0,-4.054853985793216,98.051,96.1565,92.00275,93.61654600822104,101.95928050700122,82.04621949299876,2.5799728037668688,65.49088771310993,14869420.0,4.87905726690097,-3.4260178748758716,5.123770403199646,-0.0413935535143279
2005-01-05,96.725,98.45,96.115,96.755,16473200,0,-0.508997429305913,98.112,96.6445,92.55475,93.91544638839046,102.26457544967528,82.84492455032472,2.5712678309741275,63.47928529354013,15005990.0,2.4293814701139347,0.0310157663478946,5.31156462585034,-0.005102972337445
2005-01-06,97.54,97.95,93.86,94.275,20774200,0,-2.5631750297142153,97.207,96.757,93.019,93.94968958949612,102.07155567287656,83.96644432712341,2.726826320399317,61.48725751236212,15290520.0,4.357553803537187,-3.3473446791060084,1.2077294685990392,-0.0259659670166897
2005-01-07,95.32,97.125,94.39,96.925,19325800,0,2.8109254839564946,97.313,97.0545,93.5295,94.2330524857346,102.22990343892188,84.82909656107815,2.8500255557358596,62.686567164179095,15491410.0,2.897552706854539,1.683801930339912,3.1665779670037253,0.0277214404125718
2005-01-10,97.25,99.05,95.915,97.53,15079200,0,0.6241939644054728,96.547,97.212,94.11475,94.5470474870932,102.18490520296874,86.04459479703127,2.784159078770797,59.93272655322516,15813650.0,3.2685190011989684,0.2879177377892042,1.6413944036266948,0.0062225394269308
2005-01-11,97.81,98.855,96.59,96.77,13917400,0,-0.779247411053019,96.451,97.251,94.692,94.75875725022718,101.6613089591741,87.72269104082592,2.798982087907054,59.63772396140972,16027660.0,2.344963246712911,-1.0632859625805196,0.4046482672753759,-0.0078229940910726
2005-01-12,97.165,97.965,95.25,97.69,16355600,0,0.9507078640074385,96.638,97.375,95.10925,95.03792322639602,101.7207099669619,88.4977900330381,2.812623980633638,59.06549520766772,15736600.0,2.8503937007874054,0.5403180157464019,1.285640228097451,0.009462170772
2005-01-13,97.69,98.695,97.025,97.665,13698800,0,-0.0255911556965804,97.316,97.2615,95.498,95.2881210143583,101.72016614845266,89.27583385154735,2.6969019550311057,57.6550587265609,15274440.0,1.7212058747745296,-0.0255911556965825,-1.1487854251012064,-0.0002559443079159
2005-01-14,98.0,100.0,97.065,99.98,19280600,0,2.37034761685353,97.927,97.62,96.08525,95.73496663203846,101.59768233637934,90.57281766362068,2.6591863873838415,58.189216683621574,15381190.0,3.0237469736774347,2.0204081632653104,3.7190725660044777,0.0234269106284892
2005-01-18,100.48,102.51,99.33,101.95,26345200,0,1.9703940788157623,98.811,97.679,96.68075,96.32687457184431,102.01377844249151,91.34772155750848,2.1733557700164003,60.662327718223594,15959830.0,3.201449713077627,1.4629777070063683,0.5820836621941661,0.0195123310350398
2005-01-19,102.32,102.65,98.355,98.65,22515400,0,-3.236880823933297,99.187,97.819,96.98775,96.54812461262108,102.0075733089058,91.96792669109422,2.009696412460678,53.74787052810904,16102150.0,4.366834426312848,-3.586786551993733,1.4395886889460252,-0.0329042645518397
2005-01-20,96.25,98.125,96.0,96.96,18003200,0,-1.713127217435395,99.041,97.8395,97.242,96.58735083999048,101.6491991344309,92.83480086556912,2.088833411227034,46.79330777274311,16450680.0,2.213541666666667,0.7376623376623312,0.211875355278801,-0.0172797101476202
2005-01-21,97.27,97.68,94.06,94.14,18516800,0,-2.908415841584155,98.336,97.826,97.2915,96.35426980761044,101.52395866084852,93.05904133915148,2.1389076125882034,46.12609517265076,16985820.0,3.848607271954077,-3.2178472293615665,-0.1431980906921315,-0.029515486348008
2005-01-24,94.345,94.665,90.16,90.36,28045400,0,-4.015296367112809,96.412,97.1695,97.112,95.7833869687904,102.16593582947225,92.05806417052776,2.231649446347496,30.30085959885386,18026630.0,4.99667258207632,-4.223859240023318,-6.7732783079700765,-0.0409813443731936
2005-01-25,90.97,91.12,88.145,88.56,21318400,0,-1.9920318725099584,93.734,96.2725,96.74225,95.09544535271512,103.07328506545352,90.41121493454646,2.2155455719133816,33.0339711050371,18482140.0,3.3751205400192963,-2.6492250192371074,-9.197170101507224,-0.020121403199421
2005-01-26,89.635,94.705,89.575,94.62,24615800,0,6.842818428184283,92.928,96.0575,96.65425,95.05016484293274,103.05502896164144,90.25347103835855,3.3146612801622157,46.575781876503626,19298350.0,5.727044376221039,5.561443632509622,-2.2217629430608565,0.0661885818026205
2005-01-27,94.38,94.43,92.6,94.04,13254800,0,-0.6129782287042862,92.344,95.6925,96.53375,94.95395866741534,103.0405811270381,90.0269188729619,3.2924272914825607,49.598633646456015,19693280.0,1.976241900647962,-0.3602458147912579,-3.73630873170232,-0.0061486465311332
2005-01-28,95.01,97.35,93.17,95.17,24416400,0,1.2016163334751084,92.55,95.443,96.35225,94.9745340324234,102.79511016496288,89.90938983503712,3.327801626008665,46.8384074941452,20323670.0,4.486422668240842,0.1684033259656842,-2.554651103261152,0.0119445424123831
2005-01-31,96.845,98.18,95.86,97.81,19193400,0,2.7739833981296647,94.04,95.226,96.423,95.24457841028784,102.89882906702034,89.94717093297966,3.364810106824622,50.46995636119503,20516490.0,2.4201961193407127,0.9964376064845922,-2.1704340868173633,0.0273620552181495
2005-02-01,97.19,98.33,95.315,95.95,37678000,0,-1.901646048461303,95.518,94.626,96.1525,95.31176141883184,102.19766466189932,90.1073353381007,3.3136648516099374,48.67270961476207,20815970.0,3.163195719456539,-1.2758514250437236,-5.885237861696913,-0.0191995988486926
2005-02-02,107.78,108.4,101.83,102.98,65598600,0,7.326732673267333,97.19,95.059,96.439,96.04206985513358,103.2034999037158,89.67450009628422,3.980771412558584,57.14864864864867,22720310.0,6.4519296867327975,-4.453516422341805,4.389254941713117,0.0707075721642864
2005-02-03,103.0,106.68,102.9,105.43,25976200,0,2.3791027383958108,99.468,95.906,96.87275,96.93615844035897,104.7444598222888,89.00104017771119,3.938075884270934,59.847812301838935,23195460.0,3.673469387755103,2.3592233009708803,8.735561056105624,0.023512430970863
2005-02-04,103.24,103.88,101.3,102.18,29638600,0,-3.082614056720101,100.87,96.71,97.268,97.43557192222951,105.3806576864086,89.1553423135914,3.9571790592168,52.725470763131824,23638680.0,2.546890424481736,-1.0267338240991748,8.540471637985991,-0.0313112616862064
2005-02-07,102.63,103.2,97.755,98.015,25920800,0,-4.076140144842444,100.911,97.4755,97.3225,97.49075554868386,105.44009913949168,89.20490086050833,3.965600414384208,45.376571495711424,23968430.0,5.570047567899348,-4.496735847218158,8.47166888003541,-0.0416154357202643
2005-02-08,98.48,100.01,97.265,99.32,22960000,0,1.3314288629291404,101.585,98.5515,97.412,97.66496930595208,105.5785552874612,89.24544471253881,3.83471640278745,50.82593688362918,24362470.0,2.8221868092325137,0.8529650690495423,12.14995483288166,0.0132264324575781
2005-02-09,100.38,100.8,94.73,95.79,34343000,0,-3.5541683447442463,100.147,98.6685,97.363,97.4864008006233,105.55748685012335,89.16851314987665,3.538290780281834,48.620283018867944,25383750.0,6.407684999472177,-4.572624028690964,1.2365250475586675,-0.0361886652451653
2005-02-10,95.985,96.105,92.625,93.99,37965400,0,-1.8791105543376263,97.859,98.6635,97.178,97.15341024818298,105.50735670732723,88.84864329267279,3.592006703651787,49.818753020782985,26464240.0,3.7570850202429193,-2.0784497577746572,-0.053168864313069,-0.0189699017625904
2005-02-11,93.33,96.16,93.035,93.7,26232000,0,-0.3085434620704208,96.163,98.5165,96.97975,96.82451403407032,105.44788996540484,88.51161003459517,3.56997788423815,54.40749538136712,27090900.0,3.3589509324447793,0.3964427300975083,-1.5446043921403807,-0.0030902043878334
2005-02-14,91.425,96.54,90.5,96.495,77124400,0,2.9829242262540134,95.859,98.385,96.8055,96.79313174511124,105.15630639030886,88.45469360969113,3.5892211672963272,60.20316317346021,29983090.0,6.6740331491712785,5.545529122231345,-1.3444433084551677,0.0293930042866969
2005-02-15,96.8,99.92,96.54,97.615,51565600,0,1.1606819006166005,95.518,98.5515,96.58875,96.8714049122435,104.5952689722272,88.58223102777282,3.5467463306618754,54.41154809250256,31244110.0,3.501139424072918,0.8419421487603282,1.7352787910369871,0.011539976603692
2005-02-16,97.35,99.66,97.15,99.205,33064600,0,1.6288480254059268,96.201,98.174,96.6165,97.0936520634584,104.656875154903,88.57612484509701,2.614889021145525,57.38807037619796,31771570.0,2.583633556356141,1.905495634309198,-3.6657603418139506,0.016157246111668
2005-02-17,98.915,99.88,98.405,98.95,20828800,0,-0.2570434957915424,97.193,97.526,96.716,97.2704471050338,104.82324795930694,88.60875204069305,2.4369371106179667,55.54577464788733,31912850.0,1.4989075758345554,0.0353839154829869,-6.146258180783459,-0.0025737441978589
2005-02-18,99.255,99.42,98.33,98.975,16971800,0,0.0252652854977109,98.248,97.2055,96.95775,97.43278547598295,105.02984519204747,88.88565480795253,2.2789631341508136,51.851263308437936,31835600.0,1.108512152954341,-0.2821016573472381,-3.1366216480720466,0.0002526209436194
2005-02-22,98.25,99.45,95.195,95.685,26967400,0,-3.324071735286682,98.086,96.9725,97.224,97.26632971636552,104.70978625058692,89.73821374941309,2.1490082398953545,49.59720322237422,31781700.0,4.469772572088881,-2.610687022900761,-2.3771871652298104,-0.0338057466301659
2005-02-23,96.65,97.24,94.33,96.975,31172000,0,1.3481736949364942,97.958,96.738,97.64475,97.23858402909262,103.9297735313383,91.3597264686617,2.1503569760135286,38.94310440066283,32274380.0,3.084914661295449,0.3362648732539975,-2.3610551751912956,0.0133916669640023
2005-02-24,91.685,94.925,91.115,94.445,51628600,0,-2.608919824697087,97.006,96.6035,97.636,96.97252840727428,103.93921521965302,91.33278478034696,2.00313327569442,29.832935560859127,33625020.0,4.181528837183782,3.0103070295031804,-1.4041131642133942,-0.0264355588422479
2005-02-25,94.575,94.96,92.755,92.935,19947000,0,-1.5988141246227827,95.803,96.498,97.58075,96.58800189229576,104.03426171232029,91.12723828767972,1.9776313948020905,31.868993920376496,33959630.0,2.377230337987169,-1.7340734866508067,-1.1224598361527782,-0.0161173304234665
2005-02-28,93.0,94.935,92.925,93.995,15636800,0,1.140582127293266,94.807,96.5275,97.522,96.34104933112474,104.0883250957564,90.9556749042436,2.013033473383797,41.02277802590441,33520650.0,2.163034705407592,1.0698924731182846,0.314834578441836,0.0113412653056084
2005-03-01,94.645,94.875,91.0,93.03,18622400,0,-1.02665035374222,94.276,96.181,97.283,96.02571129958903,104.14642970885716,90.4195702911428,1.7454159911197753,35.736961451247154,33492100.0,4.258241758241758,-1.706376459400914,-3.59085963003265,-0.0103195675854574
2005-03-02,92.975,93.835,92.18,92.59,14571000,0,-0.4729657099860285,93.399,95.6785,97.115,95.69850069962818,104.27394067435606,89.95605932564393,1.662677533381559,41.561181434599135,32336750.0,1.7954003037535111,-0.4140898090884549,-5.147774419914963,-0.0047408773205115
2005-03-03,93.065,93.875,92.155,93.505,15217200,0,0.988227670374764,93.211,95.1085,96.64125,95.48959587109216,103.4093585556494,89.8731414443506,1.5812654248104707,48.65836791147994,29817680.0,1.8664207042482763,0.4727878364583869,-5.7456781412227205,0.0098337663407275
2005-03-04,93.35,93.625,92.535,92.95,13548200,0,-0.5935511469974841,93.214,94.5085,96.01725,95.2477295976548,101.56475439386956,90.46974560613046,1.5772370263738082,47.95528898582334,29196280.0,1.1779326741233085,-0.4284949116229153,-6.063668519454268,-0.0059531966332302
2005-03-07,93.89,94.8,93.515,94.405,17334800,0,1.5653577192038748,93.296,94.0515,95.6285,95.1674696359734,100.3919055707635,90.8650944292365,1.7155342523083223,43.85294117647056,28581090.0,1.37411110517029,0.5485142187666424,-4.617327607981803,0.0155323236830424
2005-03-08,94.55,94.925,92.485,92.6,16092200,0,-1.9119750013240844,93.21,93.743,95.35775,94.92294871826164,100.16537494705864,90.55012505294135,1.4977218837654305,35.82131750070678,28089660.0,2.6382656647023817,-2.062400846113171,-3.2241208130846077,-0.0193048961983618
2005-03-09,92.105,92.325,90.08,90.675,22720800,0,-2.078833693304538,92.827,93.113,94.9255,94.5183821736653,99.78737953692608,90.06362046307393,1.466097900301562,26.331853496115357,28077700.0,2.4922291296625274,-1.5525758645024774,-6.49651972157772,-0.0210074564831676
2005-03-10,90.505,90.6,88.7,89.99,21921000,0,-0.7554452715743065,92.124,92.6675,94.6355,94.08710768093528,99.95101245239633,89.31998754760369,1.3000581594430614,25.71815718157174,27456600.0,2.1420518602029213,-0.5690293353958351,-4.717031076287781,-0.0075831321231089
2005-03-11,90.22,90.475,88.575,88.9,16056600,0,-1.2112456939659788,91.314,92.264,94.381,93.59309742560812,100.28182206583396,88.48017793416605,1.268199937788969,24.186523187291797,26361160.0,2.1450747953711446,-1.4630902238971328,-4.341744229838051,-0.012186410525998
2005-03-14,89.165,89.2,86.285,87.495,22293200,0,-1.580427446569177,89.93199999999999,91.614,94.07075,93.01232624221686,100.72652254403243,87.41497745596757,1.1813644871912805,26.772546795235343,26164220.0,3.3783392246624633,-1.87293220434027,-6.915261450077126,-0.0159304936461482
2005-03-15,87.65,90.0,87.105,89.305,20844200,0,2.0686896394079612,89.273,91.2415,93.71125,92.65924755248192,100.58870812514762,86.8337918748524,1.4609513893988495,28.87052341597797,23350210.0,3.323574995694846,1.8881916714204232,-4.004084703858968,0.0204758284827362
2005-03-16,88.35,89.305,87.505,87.8,14212600,0,-1.685235989026379,88.69800000000001,90.7625,93.2205,92.19646207129315,100.3221557743137,86.1188442256863,1.517061542129723,30.598540145985396,21482560.0,2.0570253128392793,-0.6225240520656449,-5.1733448536559035,-0.0169959767153759
2005-03-17,88.565,89.82,87.9,89.645,16521200,0,2.1013667425967997,88.62899999999999,90.3765,92.7425,91.95346568355096,99.42254845554444,86.06245154445554,1.6728202583891765,40.578465063001126,20655390.0,2.184300341296914,1.2194433466945165,-4.128121490829361,0.0207959254063194
2005-03-18,89.405,90.2,89.155,90.02,14180000,0,0.4183166936248428,88.85300000000001,90.0835,92.296,91.76932609464131,98.3977888662606,86.19421113373942,1.6908641467047003,38.15201192250369,20322950.0,1.172115977791489,0.6878809909960236,-3.1522323830016186,0.0041744418173959
2005-03-21,89.635,91.085,88.625,90.44,14967400,0,0.4665629860031162,89.442,89.687,91.86925,91.6427236094374,97.1417119985654,86.59678800143459,1.5882646049674922,42.02094886013553,20222730.0,2.775740479548653,0.898086684888707,-4.199989407340721,0.0046547795449825
2005-03-22,90.59,90.97,88.925,89.3,11263400,0,-1.2605042016806678,89.44099999999999,89.357,91.55,91.41960707520526,96.6189405100807,86.48105948991929,1.5325047309995743,40.28352037802715,19437530.0,2.2996907506325575,-1.4239982338006472,-3.5637149028077686,-0.0126851595273156
2005-03-23,88.985,90.12,88.985,89.49,9690000,0,0.2127659574468143,89.779,89.2385,91.17575,91.23583497280477,95.62568113489004,86.72581886510999,1.4121501792526108,37.61184819500154,18363430.0,1.2754958700904704,0.567511378322184,-1.3068651778329277,0.0021253993123135
2005-03-24,90.35,90.43,89.6,89.625,7410400,0,0.1508548441166768,89.775,89.202,90.93475,91.08242211825193,95.15535543798616,86.71414456201384,1.3960064750432468,39.46784922394678,16152520.0,0.9263392857142998,-0.8024349750968394,-0.4056006222913577,0.0015074117250177
2005-03-28,90.84,92.4,90.475,90.71,17476000,0,1.2105997210599684,89.91299999999998,89.38300000000001,90.8235,91.04695334508509,94.93807371329105,86.70892628670896,1.3786407538003542,38.01492053194938,16028970.0,2.127659574468098,-0.1431087626596319,2.0359955005624153,0.0120333057070683
2005-03-29,90.525,91.64,89.035,89.785,12946000,0,-1.0197332157424688,89.782,89.612,90.613,90.92676731221982,94.46691175164584,86.75908824835415,1.3072742343309929,40.31647746818027,15894430.0,2.925815690458813,-0.8174537420602144,2.6172924167095157,-0.0102496811329915
2005-03-30,90.32,90.725,89.8,90.225,12472200,0,0.4900595867906698,89.96700000000001,89.704,90.47275,90.85993233010365,94.15672021960653,86.7887797803935,1.151480287226811,48.27586206896551,15586920.0,1.030066815144763,-0.1051815766164735,1.0301774816639409,0.0048886270349911
2005-03-31,88.975,90.695,88.82,90.255,13537200,0,0.0332502078137952,90.12,89.9495,90.356,90.80231972723664,93.90289871948946,86.80910128051053,0.9675856355950636,51.06897942718839,15535230.0,2.111011033551002,1.4386063500983437,2.7961275626423587,0.0003324468115724
2005-04-01,90.88,91.475,89.995,90.02,12364000,0,-0.2603733865159774,90.199,89.987,90.18175,90.72781308654744,93.4049149614038,86.95858503859618,0.7336752531478035,54.85268630849216,15392570.0,1.6445358075448522,-0.9463028169014078,0.4183166936248428,-0.002607129475638
2005-04-04,89.975,92.66,89.92,92.645,16152800,0,2.9160186625194484,90.58599999999998,90.2495,90.1665,90.91040231640004,93.33697248678708,86.99602751321292,1.17038181435647,70.18025078369902,15522800.0,3.0471530249110264,2.967490969713811,2.9160186625194484,0.0287431168695913
2005-04-05,93.865,95.13,93.785,94.285,17473400,0,1.7701980678935805,91.486,90.634,90.1605,91.231792571981,93.29747625110554,87.02352374889446,1.2608510658290617,69.77760127084983,15529730.0,1.4341312576638043,0.447451126618017,4.251437417072101,0.0175471254445081
2005-04-06,94.62,94.825,93.79,94.61,10505200,0,0.3446995810574282,92.363,91.165,90.261,91.55352661274472,93.82656129780727,86.6954387021927,1.116431222060462,79.84224364592464,15250380.0,1.1035291608913491,-0.0105685901500793,5.946248600223969,0.0034410685374668
2005-04-07,94.39,97.31,94.32,96.88,19384400,0,2.399323538737974,93.688,91.904,90.57125,92.06080979248333,95.20754829088956,85.93495170911042,1.2424707599076867,80.56611744824674,15083560.0,3.170059372349458,2.6379913126390453,8.257905911275,0.0237099205284839
2005-04-08,96.845,97.55,95.725,96.025,10233200,0,-0.882535094962833,94.889,92.544,90.873,92.43835171700871,96.09818133656626,85.64781866343372,1.3417882059289985,74.3808363784004,14499170.0,1.9065030033951451,-0.846713821054255,7.140864714086481,-0.0088645250128682
2005-04-11,96.545,97.4,96.16,96.615,10821000,0,0.6144233272585176,95.683,93.1345,91.25875,92.83612774396026,96.9856715345732,85.53182846542678,1.329778959741546,74.72967561073293,14237390.0,1.289517470881873,0.0725050494587945,6.5097563664425095,0.0061254344349951
2005-04-12,96.5,97.21,94.705,96.98,14639200,0,0.3777881281374684,96.222,93.854,91.733,93.23078224453548,97.7129202599859,85.75307974001407,1.2033311518682883,82.7924850555082,13854690.0,2.6450556992766967,0.4974093264248745,8.013588015815575,0.0037707630102426
2005-04-13,96.735,97.16,94.865,96.465,13111600,0,-0.5310373272839786,96.593,94.478,92.091,93.53880298315114,98.31135250312704,85.87064749687296,1.272055416729295,78.97798088907362,13468060.0,2.4192273230380033,-0.2791130407815124,6.916043225270174,-0.00532452342227
2005-04-14,96.635,97.18,95.05,95.725,12305400,0,-0.7671176074223851,96.362,95.025,92.48725,93.74701222285104,98.56471006070583,86.40978993929414,1.3404812416012877,74.12974683544304,13372700.0,2.2409258285113203,-0.9416877942774468,6.060606060606055,-0.0077007508915779
2005-04-15,95.05,95.17,92.33,92.5,23154800,0,-3.3690258553147,95.657,95.273,92.63,93.62824915400807,98.55866275860453,86.70133724139548,1.8320295295357203,56.05548037889042,13704380.0,3.0759233185313586,-2.682798527091002,2.754943345923122,-0.0342708528449786
2005-04-18,92.29,93.94,91.745,93.485,13100600,0,1.0648648648648562,95.031,95.357,92.80325,93.61460637743588,98.61207384598512,86.99442615401489,1.6179088043428296,62.466307277628054,13650410.0,2.392500953730441,1.2948315093726224,0.9066868152625585,0.0105923510988579
2005-04-19,94.665,96.0,94.015,95.7,16860000,0,2.369364069101998,94.775,95.4985,93.06625,93.81321529387056,98.90080033670806,87.23169966329193,1.6957668078685852,66.4760758350888,13745040.0,2.111365207679625,1.0933291079068257,1.5007689452192885,0.0234173028416711
2005-04-20,99.29,100.25,97.955,99.05,30903000,0,3.5005224660396905,95.292,95.9425,93.55375,94.31195669445432,99.68506554098786,87.42243445901212,1.9999051376758112,72.05919237521948,14727020.0,2.3429125618906657,-0.2417161849128906,4.692950005284846,0.0344064746856511
2005-04-21,100.21,102.5,99.66,102.11,35503800,0,3.0893488137304415,96.569,96.4655,94.18475,95.05462748545868,101.10229479946705,87.26720520053296,2.083722718886703,76.55975395430582,16017710.0,2.849688942404178,1.8960183614409796,5.398431048720065,0.0304258904228866
2005-04-22,111.45,112.0,107.13,107.9,66410200,0,5.670355498971702,99.649,97.653,95.0985,96.27799629636736,104.01822391595417,86.17877608404585,2.560224128234627,79.42140790742529,18967700.0,4.545878838793993,-3.1852848811126035,12.366571205415266,0.0551542086966424
2005-04-25,108.91,112.37,108.76,111.76,39680000,0,3.577386468952737,103.304,99.1675,96.151,97.75247283957049,107.52140044658904,84.78059955341095,2.654395351160121,81.0445905134127,20077900.0,3.319235012872379,2.616839592323945,15.67561972778555,0.0351488426846174
2005-04-26,110.11,111.0,109.14,109.38,34544000,0,-2.1295633500358013,106.04,100.4075,97.13075,98.859856378659,109.52251988123476,84.73898011876524,2.8807641841262797,74.45364238410596,21157800.0,1.7042330951072011,-0.6629733902461211,12.786141472468548,-0.0215256570300798
2005-04-27,109.0,110.42,108.37,109.89,20529600,0,0.4662643993417426,108.208,101.75,98.114,99.91034624735816,111.29424263014448,84.93375736985553,2.8291513052364663,72.87271448663853,21560670.0,1.8916674356371663,0.8165137614678905,13.916964702223613,0.004651807540206
2005-04-28,109.75,111.04,108.86,109.72,17365600,0,-0.1547001547001603,109.73,103.1495,99.08725,100.844598985705,112.69185698865624,85.48264301134378,2.784574266727216,74.67123040893529,21752090.0,2.0025721109682224,-0.0273348519362197,14.620005223295896,-0.0015481993894302
2005-04-29,110.96,111.12,108.91,110.0,18340400,0,0.2551950419249049,110.15,104.8995,100.08625,101.71654193944735,113.82109538069447,86.35140461930554,2.284651162906367,74.38513390417197,22050910.0,2.0291984207143585,-0.8651766402307082,18.918918918918926,0.0025486997230137
2005-05-02,111.02,111.85,110.1,111.14,19534800,0,1.0363636363636353,110.026,106.665,101.011,102.61401413569048,115.12167777849194,86.90032222150805,2.2856473789537666,75.08858965272853,22220010.0,1.5894641235240692,0.1080886326788007,18.885382681713647,0.0103103020593589
2005-05-03,110.92,114.08,110.66,113.1,35560400,0,1.7635414792154025,110.77,108.405,101.95175,103.6126794561009,116.67003768466044,87.23346231533955,2.2759466785885336,78.03809202764197,23124360.0,3.0905476233508056,1.9653804543815296,18.18181818181817,0.0174817152702995
2005-05-04,113.62,114.94,113.5,114.25,24167000,0,1.0167992926613634,111.642,109.925,102.93375,104.62575760313892,118.20010201832368,87.66739798167633,2.1925253693492768,80.79800498753116,23807450.0,1.2687224669603503,0.55447984509769,15.34578495709238,0.0101166466522393
2005-05-05,114.31,114.31,112.94,113.49,15019200,0,-0.6652078774617154,112.396,111.06300000000002,103.76425,105.46997116474472,119.4455097758567,88.08299022414327,2.2037796815353663,88.01159000362183,23589190.0,1.2130334690986404,-0.7173475636427323,11.144843795906368,-0.0066743024612665
2005-05-06,114.2,114.62,113.24,114.01,13527800,0,0.4581901489117967,113.198,111.674,104.6635,106.28330724429284,120.53761302122211,88.78938697877787,1.5035661882945015,87.80622582427699,23753920.0,1.2186506534793446,-0.1663747810858123,5.662650602409647,0.0045714365325808
2005-05-09,114.0,114.25,112.72,113.01,11073600,0,-0.8771160424524194,113.572,111.799,105.48325,106.92394464959828,121.30053810178109,89.66596189821892,1.1227171919280372,83.37832626301577,23766550.0,1.357345635202272,-0.8684210526315744,1.1184681460272072,-0.008809853473569
2005-05-10,112.74,113.9,112.36,113.9,12691600,0,0.7875409255817978,113.732,112.251,106.32925,107.58833087344608,122.04118621858396,90.61731378141604,0.809403740406878,81.63613123135914,23669170.0,1.370594517621935,1.0289160901188672,4.132382519656264,0.0078445600810769
2005-05-11,114.48,115.99,113.96,115.64,22957600,0,1.5276558384547778,114.01,112.826,107.28799999999998,108.35515650454644,122.80445015018468,91.77154984981529,0.8839513863185988,80.54176072234759,24161470.0,1.7813267813267826,1.013277428371765,5.232505232505225,0.0151610466950087
2005-05-12,115.4,116.12,114.1,114.36,17896400,0,-1.1068834313386344,114.184,113.29,108.21975,108.9270463612563,123.03480723206911,93.40469276793088,1.0068290059400145,68.31065759637184,24441020.0,1.7703768624014111,-0.9012131715771284,4.22894640904119,-0.0111305496940342
2005-05-13,114.59,115.54,113.66,114.62,14831000,0,0.2273522210563205,114.306,113.752,109.32575,109.46923242208904,122.4000000137126,96.2514999862874,1.0073725428506106,60.185185185185155,24024830.0,1.6540559563610857,0.0261802949646575,4.200000000000004,0.0022709416694804
2005-05-16,114.84,115.81,114.28,115.52,11362800,0,0.7852032804048115,114.808,114.19,110.42749999999998,110.0454960009377,121.43092889141526,99.4240711085847,0.9932416372797178,74.44267515923565,23937940.0,1.3388169408470434,0.5921281783350685,3.940975346409936,0.0078213660209246
2005-05-17,115.28,116.72,115.1,116.56,15617800,0,0.9002770083102574,115.34,114.536,111.4705,110.66592495322936,120.34458640219916,102.5964135978008,0.8932433174788789,75.47746371275781,23875830.0,1.4074717636837573,1.1103400416377525,3.0592396109637487,0.0089624867424333
2005-05-18,116.8,119.98,116.76,119.58,24624000,0,2.5909402882635435,116.128,115.069,112.497,111.51488448149324,119.95891480999292,105.03508519000708,1.1377768514935405,80.92848180677538,23561880.0,2.7577937649880084,2.380136986301371,4.665207877461697,0.0255794415658088
2005-05-19,120.17,120.58,119.14,119.59,19433000,0,0.0083626024418803,117.174,115.679,113.371,112.2839431023034,119.72252994416246,107.01947005583756,1.0821569895101366,80.59987236758134,22758340.0,1.2086620782272937,-0.4826495797620024,5.3749229006961,8.362252795775231e-05
2005-05-20,120.6,120.84,119.82,120.8,16327000,0,1.0117902834685166,118.41,116.358,114.016,113.09499614017926,120.6422933990686,107.38970660093142,1.0921804415581169,80.68614993646757,20254180.0,0.8512769153730683,0.1658374792703174,5.9556179282518995,0.0100670595199984
2005-05-23,121.58,129.05,121.36,127.72,42776600,0,5.728476821192063,120.85,117.829,114.814,114.4878536506384,123.74102437604718,105.8869756239528,1.8464121297643348,85.31400966183573,20409010.0,6.336519446275554,5.050172725777267,13.01654720821166,0.0557040823458667
2005-05-24,128.48,132.72,126.75,128.0,58086200,0,0.2192295646727293,123.138,119.239,115.74499999999998,115.77472473152996,126.06149573307432,105.42850426692564,1.8706800951013216,84.66969238527481,21586120.0,4.710059171597632,-0.3735990037359821,12.379280070237051,0.0021898960730359
2005-05-25,126.36,130.49,125.32,130.4,36115800,0,1.8750000000000044,125.302,120.715,116.7705,117.16760809043188,128.60264083934604,104.93835916065396,1.8808589218195784,89.38053097345133,22365430.0,4.125438876476234,3.1972143083254245,12.763749567623671,0.0185763855729354
2005-05-26,130.48,131.88,129.15,129.6,27093200,0,-0.613496932515345,127.304,122.239,117.7645,118.35164541515266,130.41463996178095,105.11436003821905,1.8183549262562664,85.83908045977006,22851810.0,2.113821138211374,-0.6744328632740616,13.32633788037776,-0.0061538655743783
2005-05-27,130.23,133.02,129.62,133.0,24368200,0,2.6234567901234573,129.744,124.077,118.9145,119.74672680418574,132.7214905635178,105.10750943648222,1.8230759072084377,91.38716356107656,23153200.0,2.623051998148438,2.127006066190594,16.035595882045016,0.0258963443035794
2005-05-31,134.72,139.2,134.68,138.64,44473600,0,4.240601503759378,131.928,126.38899999999998,120.2895,121.54608615616804,136.15967523864438,104.41932476135564,1.989671148275312,92.80276816608992,24400140.0,3.3561033561033424,2.9097387173396583,20.01385041551247,0.0415315171855966
2005-06-01,141.6,146.44,141.01,144.0,70383400,0,3.866128101557998,135.128,129.13299999999998,121.8345,123.6845541412949,140.52367556121493,103.14532443878508,2.0510725729468327,93.60393603936036,26141290.0,3.850790724062128,1.6949152542372925,23.541523678792032,0.03793265416865
2005-06-02,144.36,144.89,142.3,143.95,35948200,0,-0.0347222222222276,137.83800000000002,131.57,123.3195,125.61459660402872,144.07659793629304,102.56240206370693,2.154524289101914,97.2834771492489,26730350.0,1.8200983836963984,-0.2840121917428823,20.379662150861332,-0.0003472825178157
2005-06-03,143.4,144.65,138.71,140.13,37564600,0,-2.6536992011114924,139.94400000000002,133.624,124.6515,126.9970159750736,146.15822186231966,103.14477813768036,2.542679644757693,86.59971305595406,27857620.0,4.282315622521806,-2.28033472803348,17.175349109457304,-0.0268954538760584
2005-06-06,141.2,146.88,140.92,145.47,45051800,0,3.810747163348327,142.438,136.091,126.2245,128.75634778697136,149.01758526262944,103.43141473737056,2.620387608158314,88.11402392466273,29433820.0,4.2293499858075565,3.024079320113322,20.422185430463568,0.0373993166032443
2005-06-07,148.55,149.79,145.15,146.56,48646000,0,0.7492953873651009,144.022,137.975,127.902,130.4519337120217,151.52345287211386,104.28054712788614,2.2619315028128115,88.12913065582102,31312440.0,3.1966930761281342,-1.3396162908111808,14.751017851550262,0.0074650211404496
2005-06-08,146.43,146.6,139.0,139.78,51401800,0,-4.626091703056767,143.178,139.153,129.196,131.34032097754346,152.41991725423603,105.97208274576394,2.957078934022934,73.43387470997678,33247950.0,5.467625899280571,-4.5414191081062665,9.203125,-0.0473651428768371
2005-06-09,142.36,144.25,140.28,143.16,32882200,0,2.4180855630276055,143.02,140.429,130.572,132.46600469396788,153.67485796856775,107.46914203143226,2.981378147985843,75.36044760060251,33744180.0,2.8300541773595658,0.561955605507153,9.785276073619633,0.023893127848842
2005-06-10,143.5,143.64,140.01,141.25,25393200,0,-1.334171556300645,143.244,141.594,131.91649999999998,133.30257567549475,154.16065644140048,109.67234355859948,3.032397702987014,71.67691329234682,34119020.0,2.592671952003425,-1.56794425087108,8.989197530864201,-0.0134315158712747
2005-06-13,139.91,142.1,138.26,141.38,25606400,0,0.0920353982300836,142.426,142.432,133.2545,134.0718541825905,154.30529518438112,112.20370481561888,2.978269560394649,66.91431401684001,34657790.0,2.7773759583393636,1.0506754342077045,6.300751879699251,0.0009199307162576
2005-06-14,139.29,140.62,138.88,139.18,20183800,0,-1.5560899702928177,140.95,142.486,134.4375,134.558344260439,153.89057538939,114.98442461061,2.758376331618897,63.21513002364067,35098840.0,1.2528801843318038,-0.0789719290688385,0.3894979803808596,-0.0156832413261038
2005-06-15,137.5,138.65,133.72,137.4,41766200,0,-1.2789193849691016,140.474,141.82600000000002,135.47949999999997,134.8289781403972,153.0411885352905,117.91781146470944,2.4329231323905702,58.397312859884835,36406260.0,3.686808256057439,-0.0727272727272685,-4.583333333333329,-0.0128716796284549
2005-06-16,137.13,139.15,136.54,138.72,24924800,0,0.9606986899563186,139.586,141.303,136.4365,135.19955165083556,152.3596777772637,120.51332222273628,2.471467150644598,60.80568720379148,36421300.0,1.9115277574337293,1.1594837015970272,-3.633205974296627,0.0095611332439826
2005-06-17,139.5,140.15,137.95,140.15,20868800,0,1.03085351787775,139.366,141.305,137.4645,135.67102292218456,151.33002631529106,123.5989736847089,2.360676375677731,58.886403181705205,36493090.0,1.5947807176513351,0.4659498207885345,0.0142724612859579,0.0102557645785656
2005-06-20,138.04,143.84,135.86,143.35,42049400,0,2.2832679272208223,139.76000000000002,141.093,138.592,136.4023540724527,150.24224797567706,126.94175202432297,2.126414118262913,56.23180735644352,37779210.0,5.873693508022957,3.846711098232398,-1.4573451570770612,0.0225759147185814
2005-06-21,144.04,145.15,142.49,143.92,30264600,0,0.3976281827694494,140.708,140.829,139.402,137.11832035126673,150.0817843463359,128.7222156536641,2.1131949908148613,49.87878787878786,37153610.0,1.866797670011928,-0.0833101916134438,-1.8013100436681362,0.0039683973128988
2005-06-22,144.84,146.16,144.34,144.65,20948000,0,0.5072262367982416,142.158,141.316,140.2345,137.8356231749556,149.6985515970492,130.7704484029508,1.4168627361840602,51.03919239904991,35296700.0,1.2609117361784627,-0.1311792322562812,3.484046358563453,0.0050594417798666
2005-06-23,144.0,147.4,143.25,144.85,28112800,0,0.138264777048036,143.384,141.485,140.957,138.50365906305507,149.4123890632281,132.5016109367719,1.216780600436311,57.850964737192285,34896550.0,2.897033158813268,0.5902777777777739,1.1804973456272627,0.0013816927932151
2005-06-24,145.45,149.0,144.79,148.62,35542400,0,2.602692440455656,145.078,142.22199999999998,141.90800000000002,139.46712010466888,149.18082931986038,134.63517068013965,1.3246438661554132,55.52825552825554,35319010.0,2.9076593687409407,2.1794431075971237,5.217699115044261,0.0256939885139639
2005-06-27,149.45,152.24,146.93,152.05,35605800,0,2.3078993406001835,146.81799999999998,143.28900000000002,142.8605,140.66548961850995,150.2105346579942,135.5104653420058,1.4269025836216218,58.903665261109325,35880890.0,3.613965834070647,1.73971227835398,7.5470363559202225,0.0228167013940504
2005-06-28,153.14,154.62,151.0,151.0,38073000,0,-0.6905623150279538,148.234,144.471,143.4785,141.64972870246137,151.39130980103783,135.56569019896216,1.2920761003226535,72.35059760956176,35560860.0,2.3973509933774864,-1.3974141308606416,8.492599511424048,-0.0069295773084493
2005-06-29,151.25,152.19,146.07,146.36,36597400,0,-3.0728476821191952,148.57600000000002,145.367,143.5965,142.09832596889362,151.61177823991093,135.58122176008905,1.6823698411519974,56.06980273141127,33871560.0,4.189772027110293,-3.23305785123966,6.52110625909752,-0.0312104966639181
2005-06-30,147.17,149.46,145.52,147.07,30188800,0,0.485105220005444,149.02,146.202,143.7525,142.5718187337609,151.91680968494035,135.58819031505965,1.6792205402603095,61.56597774244833,33583590.0,2.7075316107751495,-0.0679486308350848,6.019319492502873,0.004839323761216
2005-07-01,147.52,148.12,144.61,145.62,18455200,0,-0.9859250696946932,148.42000000000002,146.749,144.027,142.86212171149796,152.0463689212287,136.00763107877128,1.7415380975565165,58.006042296072536,32628120.0,2.427218034714052,-1.2879609544468584,3.9029611130931174,-0.0099081749456572
2005-07-05,146.05,147.99,145.12,147.85,14988000,0,1.531383051778601,147.57999999999998,147.199,144.14600000000002,143.33715773897435,152.32458152673837,135.96741847326166,1.6656427865178474,66.35231987929083,31124930.0,1.977673649393608,1.2324546388223092,3.1391698639693155,0.0151977573319212
2005-07-06,148.65,148.8,145.69,145.76,16000600,0,-1.413594859655054,146.532,147.38299999999998,144.10600000000002,143.5679046209768,152.24258767220024,135.9694123277998,1.75271608526418,65.58538404175988,29492660.0,2.134669503740829,-1.9441641439623376,1.27848804891606,-0.014236812786838
2005-07-07,144.7,147.9,144.26,147.77,21344200,0,1.3789791437980314,146.814,147.695,144.5055,143.96810418088378,152.53161389219957,136.47938610780045,1.794146687864736,66.44856415848784,27989780.0,2.5232219603493795,2.1216309606081696,2.1569305219495405,0.0136955774038944
2005-07-08,148.12,148.75,147.02,148.12,14915200,0,0.2368545712932324,147.024,148.022,144.7535,144.36352283032343,152.91002215617925,136.59697784382075,1.7938688032313637,65.07756337495272,27091430.0,1.1767106516120185,0.0,2.2575077666551646,0.0023657451298694
2005-07-11,148.2,148.3,145.51,146.68,16780600,0,-0.9721847150958696,147.23600000000002,147.828,145.025,144.58413970362597,153.05094083680052,136.9990591631995,1.6178338753770647,56.74908796108637,26660800.0,1.9173939935399769,-1.0256410256410136,-1.3053424841878547,-0.0097694128422866
2005-07-12,146.7,147.2,145.46,145.89,11729800,0,-0.5385874011453629,146.844,147.212,145.25050000000002,144.70850735089968,153.09665084980705,137.404349150193,1.3755668239677918,53.957412615508225,25966970.0,1.19620514230715,-0.5521472392638053,-4.051298914830658,-0.0054004301193212
2005-07-13,146.26,149.62,146.05,149.43,22875800,0,2.426485708410464,147.578,147.055,145.763,145.15817331748067,153.27136754281034,138.25463245718967,1.632600164426435,58.62815884476534,26101570.0,2.444368366997599,2.167373171065237,-1.0397350993377463,0.0239751426694977
2005-07-14,152.67,153.38,150.04,150.44,21335400,0,0.6759017600214134,148.112,147.46300000000002,146.41500000000002,145.66120443010155,153.08333049413275,139.7466695058673,1.2600972442125036,59.80357769203788,25080030.0,2.2260730471874193,-1.4606667976681666,2.7876468980595703,0.0067362778488339
2005-07-15,150.62,151.7,149.89,150.6,16876800,0,0.1063546929008119,148.608,147.81599999999997,147.009,146.131565912949,152.85727423937868,141.1607257606213,1.2590205430515995,53.97590361445781,24677630.0,1.2075522049502985,-0.0132784490771545,2.400217583463649,0.0010629817636574
2005-07-18,150.0,150.95,148.88,149.77,12415600,0,-0.5511288180610752,149.22599999999997,148.231,147.49,146.47808344504912,152.48285805716336,142.49714194283666,1.2186655335869168,44.887892376681606,24254970.0,1.3903815153143426,-0.1533333333333265,2.8498832577942723,-0.0055265313614888
2005-07-19,151.05,155.18,150.9,154.95,25242800,0,3.458636576083318,151.038,148.941,148.07,147.28493264075874,153.6931663678068,142.44683363219318,1.545661918575321,57.4725690503216,23414640.0,2.836315440689199,2.58192651439919,4.80216435576597,0.0340017002294529
2005-07-20,152.78,156.3,150.9,156.0,28620800,0,0.6776379477250849,152.352,149.965,148.674,148.11493905592457,154.97456104436088,142.37343895563913,1.3950086910642665,71.10332749562171,23332450.0,3.578528827037777,2.107605707553344,7.025246981339195,0.0067535230157799
2005-07-21,157.02,158.9,155.6,156.97,39578800,0,0.6217948717948785,153.658,150.88500000000002,149.29000000000002,148.95827819345556,156.30281533675333,142.27718466324671,1.373839349353016,71.42857142857144,24263990.0,2.1208226221079767,-0.0318430773149989,6.225891588279064,0.0061986970375786
2005-07-22,153.18,154.62,148.16,151.2,46773600,0,-3.675861629610755,153.778,151.193,149.60750000000002,149.17177550836456,156.34344247694156,142.87155752305847,1.935574324213248,60.17505470459515,25197030.0,4.3601511879049735,-1.2925969447708696,2.07939508506616,-0.0374512405416829
2005-07-25,151.2,151.65,147.48,147.93,19317600,0,-2.162698412698405,153.41,151.31799999999998,149.573,149.0535111742346,156.3372468752632,142.80875312473682,2.050451532125182,50.14054813773719,24385790.0,2.8275020341741364,-2.162698412698401,0.8521952549768175,-0.0218642748412881
2005-07-26,147.5,149.0,146.04,148.04,19633800,0,0.0743594943554359,152.028,151.533,149.3725,148.956986300498,156.06494625246546,142.68005374753454,2.0382381424861697,54.30513595166164,23587190.0,2.026841961106552,0.3661016949152488,1.473713071492222,0.0007433186138107
2005-07-27,148.87,149.12,146.2,148.46,14435800,0,0.2837071061875251,150.52,151.43599999999998,149.24550000000002,148.90965427187913,155.90422273195745,142.5867772680426,1.8806320298319184,51.38609883487344,22405330.0,1.997264021887836,-0.2754080741586596,-0.6491333734859106,0.0028330541714457
2005-07-28,148.71,148.71,146.64,146.75,11851200,0,-1.151825407517182,148.476,151.06699999999998,149.265,148.70397291265255,155.8903436852289,142.63965631477112,1.8911254804517164,47.390476190476186,21168020.0,1.4116202945990328,-1.318001479389421,-2.4528051050252575,-0.0115851029811951
2005-07-29,146.07,146.42,143.5,143.88,16726600,0,-1.9557069846678043,147.012,150.395,149.10549999999998,148.24454692097137,156.09682537694744,142.11417462305252,1.9612658884854437,44.94219653179189,20494910.0,2.034843205574904,-1.4992811665639747,-4.462151394422309,-0.0197508398807826
2005-08-01,144.06,146.25,144.05,145.8,11324800,0,1.334445371142623,146.58599999999998,149.998,149.1145,148.01173292849788,156.08737217119483,142.14162782880516,2.038319288483473,49.84380423464079,20138390.0,1.527247483512661,1.207830070803838,-2.6507311210522744,0.0132562007471346
2005-08-02,145.8,149.76,145.56,149.6,14580400,0,2.6063100137174056,146.898,149.46300000000002,149.202,148.16299645911712,156.15194312737293,142.2520568726271,1.877508706524371,50.29239766081869,20118010.0,2.8854080791426138,2.6063100137174096,-3.4527266860277517,0.0257292459658189
2005-08-03,149.0,149.86,147.8,148.65,11861200,0,-0.6350267379679031,146.93599999999998,148.728,149.3465,148.20937774872502,156.1128697022408,142.58013029775918,1.8444568533175123,46.91485694588074,19911040.0,1.393775372124494,-0.2348993288590565,-4.711538461538456,-0.00637051609627
2005-08-04,147.78,149.5,147.62,148.86,10473000,0,0.1412714429868788,147.358,147.917,149.401,148.27134177265597,156.13136762896994,142.67063237103008,1.8190514049513593,47.00619408121132,19367480.0,1.273540170708573,0.7308160779537234,-5.166592342485821,0.0014117174876579
2005-08-05,148.75,149.26,145.66,146.18,11879400,0,-1.800349321510153,147.818,147.415,149.304,148.07216636573636,156.16672126477016,142.44127873522984,1.5306675324542869,44.19281785829828,19215690.0,2.4715089935466117,-1.7277310924369702,-3.320105820105812,-0.018167527879519
2005-08-08,146.8,147.82,145.24,145.62,8963600,0,-0.383089341907239,147.782,147.18400000000003,149.251,147.8386267118567,156.21467688721322,142.2873231127868,1.3905054035448507,32.25561049828836,18824840.0,1.776370145965288,-0.8038147138964623,-1.5615493814642112,-0.0038382500856806
2005-08-09,145.98,146.34,144.26,145.78,11558600,0,0.1098750171679707,147.018,146.95800000000003,149.24550000000002,147.64256702501322,156.22051850592018,142.27048149407986,1.3911833124447777,29.88188976377954,18816280.0,1.4418411201996484,-0.1370050691875521,-1.5266144285328245,0.0010981469875018
2005-08-10,145.65,146.16,142.44,142.84,13758000,0,-2.0167375497324724,145.85600000000002,146.39600000000002,148.916,147.18517968929768,156.45420696257142,141.37779303742855,1.4984713428484275,24.18706613080016,18360390.0,2.61162594776748,-1.9292825266048763,-3.785531456284519,-0.0203735132278191
2005-08-11,142.94,143.29,140.31,142.02,15029800,0,-0.5740688882665879,144.488,145.923,148.495,146.69325781412647,156.5944359777659,140.3955640222341,1.4761674870651236,29.52720785013385,18045110.0,2.123868576722963,-0.643626696516012,-3.223168654173758,-0.0057572299723
2005-08-12,141.68,145.1,140.82,144.86,13171800,0,1.9997183495282345,144.224,146.02100000000002,148.208,146.51866183182872,156.3996378415033,140.01636215849666,1.5177231694944535,43.01955434288315,17859860.0,3.0393410026984813,2.244494635798989,0.68112315818738,0.0197998660132324
2005-08-15,144.9,146.38,141.88,142.0,16349400,0,-1.974320033135446,143.5,145.64100000000002,147.8195,146.08831308594029,156.4257363557225,139.21326364427748,1.573088833471428,37.79304769603884,18056550.0,3.171694389625036,-2.0013802622498313,-2.606310013717428,-0.0199407011659193
2005-08-16,142.44,143.9,141.67,142.82,14218400,0,0.5774647887323958,142.908,144.963,147.21300000000002,145.77704517299358,155.40303013939783,139.02296986060222,1.263826942643954,38.78281622911692,17505330.0,1.574080609868016,0.2667789946644169,-4.532085561497324,0.0057580385197032
2005-08-17,142.76,143.28,142.0,142.55,7766600,0,-0.1890491527797078,142.85,144.353,146.5405,145.46970753747038,153.85452250907065,139.22647749092937,1.2646574795808987,41.13924050632913,16462620.0,0.901408450704226,-0.1471000280190386,-4.103599058190377,-0.0018922807622827
2005-08-18,137.96,140.25,137.5,140.0,23745600,0,-1.7888460189407265,142.446,143.467,145.692,144.94878301009226,151.73927898793573,139.64472101206428,1.317211851530436,41.70230966638154,15670960.0,2.0,1.4786894752102,-5.951901115141755,-0.0180503927493767
2005-08-19,140.5,140.72,139.81,140.0,11085800,0,0.0,141.474,142.84900000000002,145.132,144.4774703424644,151.10552615603854,139.15847384396147,1.2571858707190957,36.48648648648644,13886570.0,0.6508833416779891,-0.3558718861209964,-4.2276645231905885,0.0
2005-08-22,140.62,140.74,136.68,137.0,13626000,0,-2.1428571428571463,140.474,141.987,144.5855,143.76533030984876,151.41918891672432,137.75181108327567,1.3690263412038162,19.50629235237173,13601990.0,2.970441908106528,-2.574313753377901,-5.919516549924464,-0.0216614967811794
2005-08-23,138.08,139.87,137.06,139.79,11643400,0,2.036496350364958,139.868,141.388,144.173,143.3867274231965,151.12368069366576,137.22231930633424,1.5966509100041455,30.31111111111107,13202470.0,2.05019699401722,1.238412514484342,-4.108931266291682,0.0201603706549121
2005-08-24,138.78,142.38,138.22,141.28,17186200,0,1.0658845410973727,139.61399999999998,141.23200000000003,143.814,143.18608671622542,150.571378501354,137.056621498646,1.548220522370689,34.062237174095856,13339990.0,3.009694689625233,1.801412307248883,-1.092131055726686,0.0106024403726128
2005-08-25,141.28,142.0,139.99,141.29,8753200,0,0.0070781426953603,139.872,141.15900000000002,143.541,143.00550702896587,150.23986368997586,136.84213631002413,1.5392863017407867,38.4178114637612,13185090.0,1.4358168440602834,0.0070781426953503,-0.5140121109702966,7.07789220666015e-05
2005-08-26,141.74,142.51,141.33,141.79,7510600,0,0.3538820864887881,140.23,140.852,143.4365,142.88974445477865,150.17816705918327,136.69483294081672,1.3762130157743953,40.90261282660328,12724290.0,0.8349253520130039,0.035275857203318,-2.119287588016028,0.0035325739717501
2005-08-29,141.12,144.56,141.12,144.22,11806000,0,1.7138021016996907,141.674,141.074,143.35750000000002,143.01643545908544,150.01910680791,136.69589319209004,1.3432916060475295,46.65523156089193,12748350.0,2.4376417233560077,2.1967120181405857,1.563380281690141,0.0169928217391468
2005-08-30,143.7,144.76,142.94,143.64,9584000,0,-0.4021633615310049,142.44400000000002,141.156,143.0595,143.07582255822015,149.0441416592398,137.07485834076022,1.3454577045462262,51.908396946564835,12498530.0,1.2732615083251666,-0.041753653444678,0.5741492788124969,-0.0040297421307314
2005-08-31,144.12,144.25,142.18,143.0,10068000,0,-0.4455583402951713,142.788,141.20099999999996,142.777,143.0686013621992,148.15295856813933,137.40104143186065,1.353270685901556,52.35803657362847,12408870.0,1.455900970600642,-0.7771301693033614,0.3156787092248203,-0.0044655390979746
2005-09-01,142.96,143.75,142.5,143.12,5484200,0,0.0839160839160912,143.154,141.51299999999998,142.48999999999998,143.07349647056117,147.0494736538371,137.93052634616285,1.1920782790380666,45.18272425249167,12159430.0,0.8771929824561403,0.1119194180190239,2.228571428571424,0.0008388089405565
2005-09-02,143.26,145.0,143.22,144.22,6869000,0,0.7685858021240888,143.64,141.935,142.392,143.18268728288868,146.6945456357142,138.0894543642858,1.2005598472999237,56.809815950920246,11908910.0,1.2428431783270502,0.6701102889850677,3.0142857142857027,0.0076564722881497
2005-09-06,144.5,144.7,143.4,143.56,8424600,0,-0.4576341700180286,143.50799999999998,142.59099999999998,142.28900000000002,143.21862182737547,146.3584905927211,138.2195094072789,0.8994683193655466,52.292441140024806,11881960.0,0.9065550906554972,-0.6505190311418669,4.788321167883214,-0.0045868452092069
2005-09-07,142.94,147.75,142.64,147.44,14999000,0,2.7027027027026973,144.26799999999997,143.356,142.372,143.6206578438159,146.79375292699666,137.95024707300337,1.041623756007079,62.379746835443,12053980.0,3.58244531688167,3.1481740590457536,5.4724944559696675,0.0266682470821612
2005-09-08,147.42,149.64,146.68,147.7,13226600,0,0.1763429191535381,145.208,143.998,142.61499999999998,144.00916662059535,147.63829520702066,137.5917047929793,1.0295464492254989,72.05040091638028,12027410.0,2.0179983637850967,0.1899335232668574,4.544167610419025,0.0017618761757661
2005-09-09,148.64,149.55,148.28,149.54,8781000,0,1.2457684495599253,146.492,144.823,142.991,144.53591265672912,148.87824187053155,137.10375812946842,1.0447269165831985,74.71502590673575,11714970.0,0.8564877259239345,0.6054897739504883,5.839054427064894,0.0123807260344354
2005-09-12,150.88,155.71,150.5,154.87,20773000,0,3.5642637421425816,148.622,146.131,143.4915,145.52011145132636,151.40206129487882,135.58093870512118,1.4018197573829252,91.30836800739716,12095030.0,3.4617940199335604,2.644485683987281,9.224910078284786,0.0350221397563136
2005-09-13,154.5,157.76,153.08,155.84,20599800,0,0.626331762123078,151.078,147.29299999999998,144.1835,146.50295797977148,153.78530087275482,134.5816991272452,1.3731302396574203,90.5098435133771,12307550.0,3.0572249804023897,0.8673139158576074,8.05713493274165,0.006243784566142
2005-09-14,154.36,156.64,150.15,151.5,22551600,0,-2.784907597535935,151.89,148.079,144.6175,146.97886674360277,154.73084891694265,134.50415108305737,1.755704975406325,72.55075022065313,12724210.0,4.322344322344309,-1.8528116092251965,5.472013366750228,-0.0282442149448011
2005-09-15,149.76,153.38,148.96,151.31,30932400,0,-0.1254125412541218,152.612,148.91000000000005,145.0555,147.3913556251644,155.54366169733805,134.56733830266194,1.7384088723355815,71.9352014010508,13882500.0,2.967239527389895,1.0349893162393238,5.8111888111888055,-0.0012549124859444
2005-09-16,152.01,152.25,149.94,150.1,15159600,0,-0.7996827704712217,152.724,149.608,145.5605,147.64932175610113,155.99622502714308,135.1247749728569,1.788168886399931,67.64331210191082,13453200.0,1.5406162464986008,-1.256496283139265,4.877026271660134,-0.0080289738240631
2005-09-19,150.5,153.0,150.35,151.9,11523800,0,1.1992005329780175,152.13000000000002,150.376,146.1555,148.05414825552006,156.61328778055824,135.69771221944174,1.8007200817057052,66.75392670157069,13475100.0,1.7625540405720026,0.9302325581395386,5.32519761475525,0.0119206709623109
2005-09-20,153.07,155.65,152.62,153.96,18702000,0,1.3561553653719471,151.754,151.416,147.00349999999997,148.61661032642292,157.0789026170061,136.92809738299388,1.7808993877056507,71.14754098360659,13728900.0,1.985323024505308,0.5814333311556901,7.244357759821685,0.0134704188138181
2005-09-21,154.21,156.88,152.98,155.95,20239400,0,1.292543517796818,152.644,152.267,147.8115,149.3150283905731,158.04188050432114,137.58111949567885,1.6576824061195996,75.14563106796115,14158700.0,2.549352856582564,1.128331496011919,5.771839392295175,0.0128426146382667
2005-09-22,155.75,159.61,155.08,155.68,26012800,0,-0.1731324142353218,153.518,153.065,148.5315,149.92121616289947,158.85289377573204,138.21010622426795,1.6706552988958114,74.24710424710428,14600030.0,2.921072994583441,-0.0449438202247147,5.402843601895757,-0.0017328246161172
2005-09-23,156.5,158.6,156.29,157.68,16967600,0,1.2846865364851023,155.03400000000002,153.879,149.351,150.66014795690904,159.85260067999835,138.84939932000165,1.6725260616057738,75.11194029850749,15010750.0,1.4780216264636268,0.7539936102236465,5.443359636217737,0.0127650444067698
2005-09-26,159.75,160.48,156.28,157.14,19788800,0,-0.34246575342467,156.082,154.106,150.1185,151.27727672291772,160.53676185119363,139.7002381488064,1.3044241731566408,75.44977511244375,15624660.0,2.687484003071403,-1.633802816901417,1.4657454639374734,-0.0034305350967893
2005-09-27,157.48,159.21,156.69,156.97,13746200,0,-0.1081837851597211,156.68400000000003,154.219,150.756,151.8194408445446,161.21482634051682,140.29717365948318,1.2954798227222817,70.74444928167175,15721670.0,1.6082711085583064,-0.3238506477012897,0.7251026694045093,-0.0010824234605598
2005-09-28,157.11,157.55,152.8,153.0,15994800,0,-2.529145696629931,156.094,154.369,151.224,151.93187504982606,161.1670597853363,141.28094021466364,1.2336881190436348,59.93253373313345,16042210.0,3.108638743455497,-2.6160015275921413,0.990099009900991,-0.0256167828946801
2005-09-29,153.34,155.36,153.04,154.81,11227600,0,1.183006535947717,155.92000000000002,154.719,151.8145,152.20598218793788,161.08082266810896,142.54817733189105,1.275168634548683,59.88742964352722,16100190.0,1.5159435441714726,0.9586539715664528,2.3131319807018658,0.0117606371599386
2005-09-30,157.11,158.75,156.15,158.23,18302600,0,2.2091596150119353,156.03,155.53199999999998,152.57,152.77969817003904,161.29993880728745,143.84006119271254,1.3559788477172952,56.790622473726735,16741110.0,1.6650656420108834,0.712876328686892,5.4163890739507,0.0218511121785175
2005-10-03,156.82,160.06,156.4,159.34,18320600,0,0.7015104594577659,156.46999999999997,156.276,153.326,153.40448882051152,161.61912816353868,145.0328718364613,1.3379949313190942,57.03376205787781,17313690.0,2.3401534526854197,1.606937890575188,4.8979591836734615,0.0069906132213282
2005-10-04,159.98,160.64,155.37,155.5,18288600,0,-2.4099410066524385,156.176,156.43,153.923,153.60406131379614,160.86500365434063,146.98099634565935,1.5752839595811965,58.20344544708778,17806890.0,3.3919031988157182,-2.800350043755463,1.0002598077422764,-0.0243945523329311
2005-10-05,156.34,157.45,154.0,155.35,16656800,0,-0.096463022508042,156.646,156.37,154.3185,153.7703411886727,160.57255729359875,148.06444270640125,1.519765802147955,58.299096138044355,17889780.0,2.240259740259733,-0.6332352564922663,-0.384738698300735,-0.0009650957802324
2005-10-06,157.07,157.24,155.04,156.38,15987600,0,0.6630189893788163,156.95999999999998,156.44,154.7525,154.0188801230848,160.22907163215658,149.27592836784342,1.5338362840812958,62.996688741721854,18027830.0,1.4189886480908265,-0.4392945820334868,0.4496402877697703,0.0066083068573114
2005-10-07,157.4,158.34,155.27,156.5,13540600,0,0.0767361555186196,156.61399999999998,156.322,155.1005,154.2551772542196,160.04072149514468,150.16027850485534,1.4726229402688236,60.23131672597864,18265810.0,1.9772010047014832,-0.5717916137230024,-0.7483510908168456,0.00076706728384
2005-10-10,156.66,157.41,154.57,155.32,11144400,0,-0.7539936102236466,155.81,156.14,155.123,154.35658894429392,160.06290027600548,150.1830997239945,1.4869105393904232,53.14814814814811,17784380.0,1.837355243578963,-0.8553555470445572,-1.1582028764159258,-0.0075685051167413
2005-10-11,155.3,156.32,152.43,153.05,17085200,0,-1.4614988411022267,155.32,155.748,154.9835,154.23215190198022,159.99520115041685,149.97179884958314,1.547441980529413,43.37294332723954,17608650.0,2.551991077871801,-1.4488087572440438,-2.4972924762693416,-0.0147228394720449
2005-10-12,152.6,153.6,149.5,150.49,18612400,0,-1.6726559947729536,154.348,155.497,154.933,153.875756482744,160.11012010983092,149.75587989016907,1.425683636986817,39.263549855192394,17411690.0,2.7424749163879563,-1.3826998689383914,-1.6405228758169854,-0.0168680285927943
2005-10-13,151.0,151.0,145.34,148.72,21135400,0,-1.1761578842448106,152.816,154.88799999999998,154.8035,153.38473205581602,160.46875987698016,149.13824012301987,1.3737157085700873,31.286549707602347,16921840.0,3.894316774459885,-1.509933774834438,-3.9338544021704,-0.0118312933854387
2005-10-14,149.95,150.12,146.27,148.07,17038200,0,-0.4370629370629375,151.13000000000002,153.872,154.702,152.87856709811925,160.77979599941978,148.62420400058022,1.0284536757738392,31.143451143451173,17015770.0,2.6321186846243205,-1.253751250416803,-6.421032673955629,-0.004380208492561
2005-10-17,148.75,152.6,147.28,152.5,15133400,0,2.991828189369894,150.56599999999997,153.188,154.73200000000003,152.84251308877455,160.75725771451752,148.70674228548253,1.5078201309880224,42.10526315789475,17196250.0,3.612167300380224,2.5210084033613445,-4.292707418099662,0.0294794611268388
2005-10-18,152.48,153.98,151.37,151.64,14155600,0,-0.5639344262295176,150.28400000000002,152.802,154.616,152.72798803270078,160.79130020578884,148.44069979421118,1.3420507210430177,47.30158730158728,16968930.0,1.7242518332562498,-0.5508919202518386,-2.482315112540201,-0.0056553053993323
2005-10-19,152.0,154.94,151.98,154.35,14021400,0,1.787127407016631,151.05599999999998,152.702,154.536,152.88246536291976,160.679910635318,148.392089364682,1.4890385875257557,49.118773946360136,16658030.0,1.9476246874588816,1.5460526315789436,-0.6437077566784688,0.0177134603000343
2005-10-20,155.0,155.56,150.6,151.6,27823400,0,-1.7816650469711703,151.632,152.224,154.332,152.76032580454643,160.58593046937892,148.07806953062106,1.5572397938100595,36.96421549351164,16748560.0,3.293492695883139,-2.193548387096778,-3.056656861491236,-0.017977277739897
2005-10-21,172.9,173.22,166.5,169.95,45784800,0,12.104221635883894,156.00799999999998,153.569,154.94549999999998,154.3974376326849,164.24706178171084,145.64393821828912,4.2303233704043075,62.43262245137095,18189420.0,4.036036036036035,-1.7061885482938213,8.594249201277936,0.1142588029338536
2005-10-24,171.68,174.65,171.1,174.32,18863400,0,2.5713445130920887,160.372,155.469,155.8045,156.29482452481014,168.50976865434117,143.0992313456588,4.216219363936545,71.78240740740738,18143150.0,2.074810052600825,1.537744641192909,12.232809683234612,0.0253884144942394
2005-10-25,172.89,173.7,171.43,173.46,13756600,0,-0.4933455713630019,164.73600000000002,157.51,156.629,157.92960314149488,171.5922924887974,141.66570751120258,4.158106621521999,70.62172625825552,18143670.0,1.324155632036389,0.3296893978830595,13.335511270826528,-0.0049456653800546
2005-10-26,173.14,178.0,173.1,177.72,17815000,0,2.4558976132825983,169.41,160.233,157.865,159.8144028423049,175.42471645856796,140.30528354143206,4.029493206257169,72.63470513364446,18234680.0,2.830733679953787,2.6452581725771127,18.094225529935535,0.024262252811398
2005-10-27,178.3,178.54,175.84,176.53,10268800,0,-0.6695926176007228,174.39600000000002,163.01399999999998,158.951,161.4063644763711,178.30962968182234,139.59237031817764,3.991684921242183,70.77369840282098,18186740.0,1.5354868061874365,-0.9927089175546888,18.69956966110813,-0.006718444466516
2005-10-28,177.64,179.48,177.51,179.08,11807000,0,1.444513680394266,176.22199999999998,166.115,159.99349999999998,163.08956785957386,181.33293350010263,138.65406649989734,3.9183764029462007,73.96127470754338,17861960.0,1.1097966311757077,0.8106282368835995,20.942797325589257,0.0143417997715731
2005-10-31,180.12,187.38,179.76,186.07,28685800,0,3.903283448737982,178.572,169.472,161.32999999999998,165.27818044437635,185.6387439325644,137.02125606743556,3.954838852242216,80.4051565377532,18380220.0,4.238985313751672,3.3033533200088767,22.01311475409835,0.0382903136267851
2005-11-01,185.93,191.95,184.5,189.69,32712200,0,1.945504380072016,181.818,173.277,163.0395,167.60311564015004,190.25675186251192,135.8222481374881,3.846872884188985,85.40462427745663,19101400.0,4.037940379403788,2.022266444360776,25.092323925085736,0.0192682137390815
2005-11-02,190.85,192.5,188.58,189.84,21130800,0,0.0790763877906108,184.242,176.826,164.76399999999998,169.72091415061195,194.20925582375463,135.31874417624533,3.910880935872483,88.2582806103461,19325100.0,2.078693392724566,-0.5292114225831758,22.99319727891158,0.0007904513888766
2005-11-03,191.2,193.29,190.69,192.98,14896800,0,1.6540244416350491,187.532,180.964,166.594,171.936065183887,198.30729749324055,134.8807025067594,3.6700258517433832,89.93419882624934,19270560.0,1.3634695054800956,0.930962343096235,27.295514511873353,0.0164049444647295
2005-11-04,194.99,195.9,192.72,195.22,17649800,0,1.16074204580785,190.76,183.491,168.53,174.15358278542158,202.30894080792507,134.75105919207493,1.4448095067271445,89.52627683197632,19476020.0,1.6500622665006262,0.1179547669111183,14.869079140923812,0.0115405711545812
2005-11-07,197.55,198.74,196.08,197.52,19183000,0,1.1781579756172669,193.05,185.811,170.64,176.37895585347667,206.1711694150368,135.10883058496324,1.3858280741952105,91.3482335976929,19877950.0,1.35658914728682,-0.0151860288534553,13.308857273978902,0.0117127172901051
2005-11-08,197.12,197.8,194.29,194.95,15795000,0,-1.3011340623734435,194.102,187.96,172.735,178.14762672457414,208.8357114669655,136.63428853303444,1.5170886764177778,86.68232743043006,19813440.0,1.8065777960780376,-1.1008522727272807,12.389023405972544,-0.0130967296083178
2005-11-09,193.34,194.14,189.02,189.58,20933800,0,-2.7545524493459705,194.05,189.146,174.6895,179.2364241793766,209.94198507851004,139.43701492148998,1.8828031541504011,82.76397515527952,19929510.0,2.7087080732197526,-1.944760525499116,6.673418861129865,-0.0279320164037106
2005-11-10,189.18,195.68,188.72,195.55,18257400,0,3.1490663572106836,194.564,191.048,177.031,180.79009806705503,211.22578932296776,142.83621067703223,1.9676094239481992,78.08249232119354,19785610.0,3.6880033912674905,3.3671635479437594,10.774372627881943,0.0310050021766276
2005-11-11,197.56,198.45,194.42,195.2,14127800,0,-0.17898235745335,194.56,192.66,179.3875,182.16246967971645,211.6182743591357,147.15672564086427,1.9978084772012037,75.12030798845043,19640090.0,2.0728320131673703,-1.1945738003644533,9.001563547018087,-0.0017914272225311
2005-11-14,196.06,199.11,195.76,198.48,15615800,0,1.6803278688524603,194.752,193.901,181.6865,183.71652018641012,212.36406339394512,151.00893660605487,1.7302190162260294,78.44474761255113,19664210.0,1.711279117286485,1.23431602570641,6.669532971462355,0.0166636654045534
2005-11-15,197.19,198.5,195.48,196.4,17249800,0,-1.0479645304312668,195.04199999999997,194.572,183.9245,184.92447064484725,211.7729934677103,156.07600653228968,1.7422456354460945,72.3444976076555,19818920.0,1.5449150808266885,-0.4006288351336234,3.537350413833096,-0.0105349434631799
2005-11-16,198.1,199.42,197.06,199.08,17390400,0,1.364562118126278,196.942,195.496,186.161,186.27261629771897,211.0346079959642,161.2873920040358,1.766318667970031,76.04527604527605,19987370.0,1.197604790419154,0.4946996466431187,4.867256637168138,0.0135533580699879
2005-11-17,200.9,201.9,199.76,201.72,18424400,0,1.3261000602772688,198.176,196.37,188.667,187.74379569793615,208.45975157063555,168.87424842936446,1.7452338355635484,76.09497464269248,19517420.0,1.071285542651189,0.408163265306119,4.528966732303874,0.013173843218171
2005-11-18,201.74,202.25,199.92,200.1,14051400,0,-0.8030933967876241,199.156,196.858,190.1745,188.9205770600375,208.50344228435492,171.84555771564513,1.7676717669427615,68.45566956064192,17930750.0,1.165466186474596,-0.8129275304847897,2.499743878700955,-0.0080633556188368
2005-11-21,199.58,204.99,196.74,204.68,20670200,0,2.2888555722138992,200.396,197.574,191.6925,190.42147448289103,209.51455006224336,173.87044993775663,1.863958548793558,69.23274313574544,18021090.0,4.193351631594998,2.555366269165244,3.624949372215469,0.0226305423472033
2005-11-22,204.32,208.66,203.12,208.24,19192000,0,1.7393003713113142,202.764,198.903,193.4315,192.1184769130919,210.5357269629486,176.3272730370514,1.8077870123557724,71.70835299669655,18292860.0,2.727451752658523,1.9185591229444088,6.8171325981020825,0.0172434767494188
2005-11-23,208.52,212.36,207.89,211.43,20170000,0,1.531886285055695,205.234,201.088,195.117,193.95766958803551,212.3455614758277,177.88843852417227,1.3554924242801012,71.74169219891587,18410610.0,2.150175573620678,1.395549587569536,11.52547737103069,0.0152027137504673
2005-11-25,212.89,214.38,212.65,214.31,9680200,0,1.362152958425944,207.752,202.964,197.006,195.8959867701274,213.93581847759364,180.07618152240636,1.1597352516413426,72.16159739958206,18381180.0,0.813543381142718,0.6670111325097544,9.593454359498852,0.0135295905098068
2005-11-28,214.91,215.62,211.22,211.74,22016800,0,-1.199197424291909,210.08,204.618,198.639,197.40494041106763,214.55889539770115,182.71910460229887,1.3037087521444006,66.40516843562528,18891670.0,2.083136066660357,-1.4750360616071787,8.473360655737716,-0.0120644580313506
2005-11-29,212.23,213.2,201.07,201.77,42991600,0,-4.708604892793044,209.498,204.94700000000003,199.424,197.8206603719183,214.24470727767704,184.60329272232295,2.13685193310271,56.72053606621997,19606960.0,6.032724921669068,-4.928615181642549,1.65759774284564,-0.048230672088647
2005-11-30,202.13,204.22,197.78,202.46,31193200,0,0.3419735342221397,208.342,205.55299999999997,200.0625,198.26250224125943,214.20215215830848,185.92284784169152,2.092456315239618,63.981762917933125,19531010.0,3.2561431894023647,0.1632612675011193,3.0855397148676245,0.003413901344019
2005-12-01,204.6,207.72,204.14,207.04,19489800,0,2.2621752444927257,207.464,206.349,200.9225,199.09845440875856,214.5263723202376,187.3186276797624,2.160191278825386,62.86098052384149,19448960.0,1.753698442245524,1.1925708699902238,3.998392605987533,0.0223696751419299
2005-12-02,208.47,209.76,206.93,208.85,15087000,0,0.8742272024729436,206.372,207.062,201.716,200.02717303649584,215.22022530368537,188.21177469631465,2.143658369030762,64.79514415781489,19458470.0,1.3676122360218357,0.1822804240418263,3.534602419194921,0.0087042796306485
2005-12-05,208.5,208.75,202.14,202.92,20578800,0,-2.83935839118985,204.608,207.344,202.101,200.30268036635337,215.2600799550433,188.9419200449567,2.353777856473442,54.551045510455104,19604920.0,3.2700108835460644,-2.6762589928057614,1.409295352323836,-0.0288044782446951
2005-12-06,204.35,208.2,200.85,202.27,30229400,0,-0.3203232801103794,204.708,207.103,202.3385,200.4900441409864,215.31971278090853,189.3572872190915,2.233786179085331,56.1985216473073,20157240.0,3.6594473487677344,-1.0178615121115655,-1.17744772327536,-0.0032083741334849
2005-12-07,203.08,203.35,199.5,202.11,23331800,0,-0.0791021901418886,204.638,206.49,202.6965,200.64432565136863,215.20612118152775,190.18687881847225,2.139860963644459,53.379433415123806,20534080.0,1.9298245614035057,-0.4776442781169976,-2.943718786016136,-0.000791334924326
2005-12-08,202.65,205.32,201.32,205.32,17820200,0,1.5882440255306385,204.294,205.879,203.4835,201.0896279702859,214.39735652327315,192.56964347672684,2.1452231059753704,53.96475770925109,20378400.0,1.986886548778065,1.3175425610658709,-2.889845338882857,0.0157576340514241
2005-12-09,207.5,207.89,204.28,204.6,15286800,0,-0.3506721215663311,203.444,204.908,203.936,201.42394911597296,214.1957248347252,193.67627516527483,2.0672296309044063,55.05617977528091,20229870.0,1.7671822988055537,-1.397590361445786,-4.530819840418088,-0.0035128841745762
2005-12-12,207.32,207.6,204.98,206.3,13900200,0,0.8308895405669592,204.12,204.364,204.491,201.88833491445172,213.9289366612157,195.0530633387843,2.0843341326504614,51.946179721287855,20218490.0,1.2781734803395477,-0.4919930542156964,-2.5691886275621023,0.00827456655968
2005-12-13,206.25,209.0,205.82,208.74,16314000,0,1.1827435773145822,205.414,205.061,205.004,202.5408744464087,214.17791129350613,195.83008870649385,1.4018107148232617,50.617283950617285,20253400.0,1.5450393547760213,1.2072727272727315,3.454428309461277,0.0117580383146994
2005-12-14,208.52,209.86,207.74,209.48,13260800,0,0.3545080003832357,206.888,205.763,205.658,203.20174354675075,214.0837065298041,197.23229347019588,1.4018092586587907,47.4375821287779,20053950.0,1.0205064022335633,0.4603874928064356,3.467351575619859,0.0035388110193811
2005-12-15,209.56,211.57,208.25,211.28,12091600,0,0.8592705747565432,208.08,206.187,206.26800000000003,203.97110130420305,214.45154343533187,198.0844565646682,1.2513408704263174,45.90208276981335,19789010.0,1.594237695078028,0.8207673220080163,2.0479134466769855,0.0085559985775898
2005-12-16,212.67,216.25,211.38,215.08,32661000,0,1.7985611510791475,210.176,206.81000000000003,206.936,205.0290916561837,215.71578395610385,198.15621604389617,1.3370571444902342,54.3717277486911,20500840.0,2.3039076544611623,1.1332110781962783,2.9830021546564556,0.0178257839526006
2005-12-19,216.1,223.1,210.06,212.3,43873600,0,-1.292542309838196,211.37600000000003,207.748,207.546,205.7215591174995,216.0157788450632,199.0762211549368,0.97315021465262,66.97839406643021,21991950.0,6.207750166619057,-1.7584451642757903,4.622511334516077,-0.0130096832322668
2005-12-20,213.93,216.1,212.34,214.87,20169400,0,1.2105511069241626,212.602,209.008,208.0555,206.5928392015472,217.01137657704305,199.099623422957,0.9575407960318042,68.86591669200367,21966910.0,1.7707450315531652,0.4393960641331265,6.2292974736738005,0.0120328253804264
2005-12-21,216.78,218.43,210.36,213.16,22443800,0,-0.7958300367664206,213.338,210.113,208.3015,207.21828308711417,217.5444006041944,199.05859939580552,1.0382911793834873,60.19320453031313,22129500.0,3.8362806617227574,-1.6698957468401163,5.467319776359392,-0.0079901366610554
2005-12-22,215.88,216.43,212.96,216.02,15093200,0,1.3417151435541452,214.286,211.183,208.531,208.05654184072233,218.31318122270056,198.74881877729948,1.01322297812175,61.538461538461576,21875660.0,1.629413974455296,0.0648508430609666,5.211377362166392,0.0133279385617466
2005-12-23,216.08,216.25,214.39,215.46,9190200,0,-0.2592352559948163,214.362,212.269,208.5885,208.7616330939869,218.5259957663052,198.6510042336948,1.0049323234246696,74.39688715953312,21851160.0,0.8675777788143167,-0.2869307663828233,5.307917888563063,-0.0025957185242816
2005-12-27,215.93,215.93,211.38,212.32,13405600,0,-1.4573470713821646,214.36600000000004,212.871,208.6175,209.10052518027385,218.59701559841548,198.63798440158453,1.1734406033967777,67.82547002483146,21420600.0,2.1525215252152576,-1.6718380956791616,2.9180804653417214,-0.0146807068821491
2005-12-28,212.17,213.89,210.63,213.34,14235800,0,0.480406932931432,214.06,213.331,209.196,209.5042846869144,218.83993979330612,199.55206020669388,1.1347323116501091,69.32874354561098,19982810.0,1.5477377391634577,0.5514445963142838,2.203698380760754,0.0047925666134394
2005-12-29,213.99,214.36,209.58,210.08,13891600,0,-1.5280772475860127,213.444,213.391,209.577,209.5591147167321,218.68779198129272,200.46620801870728,1.2599342275777126,58.178694158075615,19117730.0,2.2807519801507783,-1.827188186363847,0.2864235249188551,-0.0153987266428507
2005-12-30,208.64,209.1,206.87,207.43,15174200,0,-1.2614242193450087,211.72600000000003,213.006,209.5965,209.35634188656712,218.6860736105235,200.50692638947655,1.284161509430763,54.5601031260071,18901950.0,1.077971673031367,-0.5799463190183951,-1.8222264293828117,-0.0126944771964319
2006-01-03,211.26,217.84,209.11,217.62,26242400,0,4.912500602612924,212.158,213.26,210.035,210.1433569449893,219.79442513406607,200.27557486593392,1.9963279705893435,64.32186234817812,19459720.0,4.174836210606853,3.0105083783016253,1.180955923377347,0.0479564891648118
2006-01-04,221.95,224.48,219.88,222.62,30572800,0,2.297582942744225,214.218,214.292,211.02,211.33160866451416,221.68992625634604,200.35007374365392,2.0335355367546724,66.49239543726233,19959420.0,2.0920502092050186,0.3018697904933615,4.8610456900612276,0.0227158595422136
2006-01-05,223.0,225.78,220.75,225.62,21616600,0,1.3475878178061285,216.67400000000004,215.367,212.1875,212.6924078393223,223.8864533944875,200.4885466055125,2.039353565320567,68.20027063599458,19528780.0,2.278595696489242,1.1748878923766837,5.003025084935087,0.0133858861116945
2006-01-06,228.44,235.25,226.62,232.83,35513800,0,3.1956386845137796,221.224,217.334,213.7235,214.61027375938684,227.697024251243,199.749975748757,2.143792228041665,71.65829145728642,20137880.0,3.8081369693760463,1.921729994746986,9.227810095702772,0.0314564053573828
2006-01-09,233.2,236.7,230.47,233.45,25583800,0,0.2662887084997622,226.42800000000005,219.077,215.13,216.40453340135,231.0669362439016,199.19306375609847,2.146530673480804,69.72299763796433,20526060.0,2.7031717794072936,0.1072041166380789,8.068697342838615,0.0026593478827888
2006-01-10,232.21,235.12,231.02,234.88,18194200,0,0.6125508674234448,229.88,221.019,216.644,218.16410164884047,234.05404477155207,199.2339552284479,2.1162483023964413,74.96682883679784,20671430.0,1.7747381179118664,1.149821282459837,9.01327392555462,0.0061068240092048
2006-01-11,235.64,237.56,234.59,235.82,18014800,0,0.4002043596730287,232.52,223.369,218.12,219.8456157775223,236.79686438238423,199.4431356176157,1.96367324404444,74.03074099564117,20877160.0,1.2660386205720613,0.0763877100662055,11.068198944988694,0.0039940567223765
2006-01-12,236.86,237.5,230.75,231.82,20250600,0,-1.6962089729454677,233.76,225.217,219.27399999999997,220.9860333225202,238.35825242251832,200.18974757748165,2.148507628795481,70.33565823888404,21073990.0,2.925243770314193,-2.127839229924859,8.6622293053342,-0.0171075936879283
2006-01-13,232.16,233.44,230.8,233.12,15313200,0,0.560779915451648,233.818,227.521,220.45600000000005,222.1416491965659,239.91087669887696,201.00112330112313,1.9865476299921585,69.29151624548734,21176610.0,1.143847487001727,0.4135079255685768,10.967250571210974,0.0055921339862957
2006-01-17,231.53,234.95,231.26,233.56,16540600,0,0.188743994509255,233.83999999999995,230.13399999999996,221.57,223.22911117784537,241.361194214123,201.77880578587695,1.845921173618979,70.47511312217193,21399060.0,1.595606676468044,0.876776227702674,12.59702068167574,0.001885660968442
2006-01-18,223.65,228.68,221.62,222.46,40971400,0,-4.752526117485867,231.356,230.618,221.939,223.15586249424103,241.49449609108663,202.38350390891335,2.189395035635694,59.720092024539895,21814580.0,3.185633065607798,-0.5320813771517986,2.224060288576424,-0.0486916932514535
2006-01-19,225.58,226.74,216.5,218.22,29074600,0,-1.9059606221343173,227.836,230.17800000000005,222.235,222.6857803519324,241.35044484386987,203.1195551561301,2.1541415214895183,54.40592271578186,21074630.0,4.729792147806009,-3.262700594024299,-1.9764621327823195,-0.0192435819369305
2006-01-20,219.35,220.02,197.37,199.73,82233400,0,-8.47310054073871,221.41800000000003,227.58900000000003,221.478,220.49951555651023,242.88346865689084,200.07253134310912,3.3098156272806647,42.67100977198695,24177830.0,11.47590819273446,-8.944609072258949,-11.475046538427447,-0.0885372737498723
2006-01-23,203.69,214.2,202.86,213.75,45482800,0,7.019476292995552,217.544,225.681,221.5075,219.85670455112833,242.86627669964616,200.14872330035385,4.014788376256267,53.85459868260551,25329780.0,5.590062111801229,4.938877706318427,-8.19482025512177,0.0678406533397892
2006-01-24,218.02,222.48,217.24,221.52,30929200,0,3.635087719298258,215.136,224.488,221.78250000000003,220.01511364149707,242.98484532707425,200.58015467292583,4.246782938936659,52.45098039215687,26121580.0,2.412078806849558,1.605357306669113,-5.110301991861199,0.0357057710458369
2006-01-25,225.63,227.12,214.61,216.5,37479600,0,-2.2661610689779788,213.944,222.65,221.8345,219.68034091373545,242.9765712773092,200.6924287226909,4.264953881316787,46.1548127670269,27536050.0,5.8291785098550815,-4.0464477241501555,-7.825272479564028,-0.0229223314201619
2006-01-26,219.77,220.0,211.78,217.14,25852200,0,0.2956120092378667,213.728,220.782,222.0755,219.43840368385588,242.8679080021146,201.28309199788535,4.262004286225859,44.5091945091945,28158380.0,3.881386344319576,-1.1967056468125876,-7.921295903655334,0.0029517593611614
2006-01-27,217.5,219.11,214.49,216.74,16904400,0,-0.1842129501703815,217.13,219.27399999999997,222.24550000000005,219.181412856822,242.79131886009085,201.69968113990925,4.251095789575766,38.57406618378071,28291810.0,2.15394657093571,-0.3494252873563176,-6.505047019239063,-0.0018438283088567
2006-01-30,214.62,216.64,212.5,213.41,17177800,0,-1.5364030635784842,217.062,217.30300000000005,222.412,218.6317544895056,242.59345537499007,202.23054462500988,4.239828948868154,36.29649890590811,28456120.0,1.9482352941176408,-0.5637871586990998,-8.454873026767329,-0.0154832803689696
2006-01-31,215.28,219.8,211.98,216.33,44132000,0,1.3682582821798572,216.02400000000003,215.58,222.85700000000003,218.41253977621935,242.0139848193422,203.70001518065783,4.286478746525778,37.56869052405846,29904010.0,3.689027266723286,0.4877369007803843,-7.377119369755092,0.0135898214708984
2006-02-01,194.52,201.0,193.76,200.89,54245000,0,-7.137244025331679,212.902,213.423,222.0205,216.7437264641985,243.46482740597895,200.57617259402105,4.593558016185571,30.40062843676357,31304140.0,3.736581337737413,3.2747275344437465,-9.696125146093692,-0.0740475250227199
2006-02-02,201.91,203.25,197.99,198.02,23615400,0,-1.428642540693903,209.07799999999995,211.403,220.7905,214.9605144199891,244.7630180154293,196.8179819845707,4.584628026868277,30.79108888383726,30956270.0,2.6566998333249106,-1.9266009608241228,-9.25671340848684,-0.0143894588796892
2006-02-03,196.81,196.95,186.28,190.78,36563600,0,-3.656196343803664,203.886,210.508,219.04849999999996,212.65760828475203,246.37249159790136,191.72450840209856,3.8988870834242,27.45954003407157,31703620.0,5.727936439768085,-3.0638687058584426,-4.4810494167125565,-0.0372471039773066
2006-02-06,192.66,194.95,189.78,192.55,17880800,0,0.927770206520595,199.714,208.388,217.0345,210.7425979719185,245.97170713617993,188.09729286382003,2.980470512032679,28.47244094488191,30821970.0,2.7242069764990977,-0.0570954012249482,-9.91812865497076,0.0092349285438558
2006-02-07,191.5,191.85,181.68,183.96,33260400,0,-4.461178914567643,193.24,204.632,214.56,208.1918743555453,245.94709154715596,183.17290845284404,2.664969072418364,29.243045072244996,31205800.0,5.597754293262873,-3.937336814621406,-16.955579631635974,-0.0456375175891948
2006-02-08,184.24,185.34,177.34,184.54,41608200,0,0.315285931724274,189.96999999999997,201.436,212.043,205.9393148931124,244.6202035890787,179.46579641092126,2.739622018720919,31.09564436461608,32376500.0,4.511108604939664,0.1628310898827523,-14.762124711316403,0.0031478994786865
2006-02-09,185.6,187.2,178.06,179.38,23824800,0,-2.7961417578844627,186.242,197.66,209.221,203.4098563318636,242.88592655569104,175.55607344430896,2.682087408561028,36.567656765676574,32667000.0,5.133101201842067,-3.3512931034482754,-17.38970249608547,-0.0283597814605526
2006-02-10,180.98,182.25,176.57,181.3,30447000,0,1.0703534396253822,184.346,194.116,206.695,201.304155728829,240.7987380263292,172.5912619736708,2.7960451662452095,24.509033778476063,33176820.0,3.2168545052953545,0.1768151176925746,-16.351388760727136,0.0106466570709483
2006-02-13,173.32,175.3,170.94,172.85,39435600,0,-4.660783232211818,180.406,190.06,203.6815,198.5942361356072,238.59534359730264,168.76765640269736,2.942321835872763,12.171615109591173,34382940.0,2.5506025506025587,-0.2711747057465952,-19.005669837402184,-0.0477289513931719
2006-02-14,172.66,175.84,171.2,171.66,29308000,0,-0.6884582007520956,177.946,185.593,200.5865,196.02907078935888,235.32222241337456,165.85077758662544,2.7422351212306904,12.942148760330596,35021310.0,2.7102803738317847,-0.5791729410401946,-20.6490084592983,-0.0069083900775596
2006-02-15,170.64,173.0,168.92,171.19,25894000,0,-0.2737970406617718,175.276,182.623,198.023,193.66344499989617,233.52091104306163,162.52508895693836,2.1860448350226225,11.917785513011808,34267440.0,2.41534454179494,0.3223159868729556,-14.78421026432375,-0.0027417255033868
2006-02-16,172.84,183.5,172.24,183.23,42631000,0,7.03312109352181,176.046,181.144,196.2735,192.6697835713346,231.0212588978212,161.52574110217876,3.4922311155763515,26.719466444351823,34945260.0,6.537389688806311,6.011339967600084,-7.468942531057476,0.0679681435053965
2006-02-17,184.93,186.07,181.81,184.38,28640400,0,0.6276264803798615,176.66199999999998,180.504,195.50600000000003,191.88028037406465,230.60858314081685,160.4034168591832,3.35182025939648,29.201891388451088,32265610.0,2.3431054397447837,-0.2974098307467752,-3.3546493343117767,0.0062566510783647
2006-02-21,183.22,186.77,182.56,183.3,17372000,0,-0.5857468272046806,178.752,179.579,193.9835,191.0631108146299,228.38879841386975,159.57820158613023,3.324753000444393,25.695364238410605,30860070.0,2.3060911481156925,0.0436633555288792,-4.803947026746302,-0.0058746905247889
2006-02-22,183.58,184.48,181.93,182.74,12952400,0,-0.3055100927441323,180.968,179.457,192.0445,190.27043359418897,224.21396801909592,159.87503198090403,3.011523813475972,32.89994347088752,29961230.0,1.4016379926345202,-0.4575661836801413,-0.6631876494890165,-0.0030597772751847
2006-02-23,182.8,190.62,182.7,189.04,25103200,0,3.4475210681842894,184.538,179.90699999999998,190.6715,190.15324944236144,220.72025916520477,160.62274083479525,3.207522428790625,42.05309734513273,29342410.0,4.334975369458137,3.413566739606116,2.4384957190852985,0.0338942553081777
2006-02-24,188.65,190.04,186.74,188.7,12968600,0,-0.1798561151079125,185.632,180.839,189.2495,190.0148447335651,216.59435921088664,161.90464078911333,3.0298963569637776,47.9032258064516,28698230.0,1.767162900289163,0.0265041081367521,5.195673988181504,-0.0018001805041478
2006-02-27,190.64,195.85,190.14,195.19,20424400,0,3.439321674615803,187.794,182.228,188.172,190.50771666370176,212.48622853955555,163.85777146044444,3.1648418625889088,52.43004418262149,28874230.0,3.003050383927637,2.386697440201433,7.661334804191933,0.0338149907840148
2006-02-28,196.6,198.77,169.26,181.31,78875200,0,-7.111020031763915,187.396,183.074,186.567,189.63174364811113,207.9247202607604,165.20927973923958,3.685375189824081,47.77721858748531,31959100.0,17.434715821812606,-7.77721261444557,4.894417124674577,-0.0737651697208018
2006-03-01,184.28,184.72,180.65,182.4,24122400,0,0.6011802989355219,187.328,184.14799999999997,184.8705,188.94300615781484,201.03210814692608,168.7088918530739,3.6600759471970568,48.220226214238195,30958620.0,2.2529753667312447,-1.0201866724549573,6.25655365256903,0.0059938042025135
2006-03-02,182.14,190.55,181.1,188.22,36660600,0,3.190789473684208,187.164,185.851,184.237,188.87414842849913,198.65377984338673,169.82022015661326,3.724299414120572,57.27212898979928,30079400.0,5.218111540585321,3.338091577907112,9.948010981949883,0.0314094137904107
2006-03-03,192.15,193.62,187.88,189.09,23924000,0,0.4622250557857921,187.242,186.437,183.7905,188.89470572102303,196.9041738198219,170.67682618017813,3.066187041143727,56.52101121714381,30094830.0,3.0551415797317483,-1.592505854800938,3.1981662391529886,0.0046116007624867
2006-03-06,190.46,191.7,183.57,184.05,17879400,0,-2.6653974297953353,185.014,186.404,183.454,188.43330517616369,196.1512825936579,170.75671740634212,3.2076585612764243,59.943181818181834,29160620.0,4.428828239908479,-3.365536070565996,-0.1789781972014181,-0.0270156323680982
2006-03-07,182.51,184.22,179.08,182.22,20757600,0,-0.9942950285248608,185.196,186.296,182.9375,187.84156182605287,194.8957587625301,170.9792412374699,3.2189452286241194,59.26966292134832,29304460.0,2.870225597498317,-0.1588954029916125,-0.5891980360065552,-0.0099927115393177
2006-03-08,176.96,180.02,175.27,176.94,23491200,0,-2.8975963121501525,184.104,185.716,182.5865,186.8033178426193,194.82715920997663,170.34584079002337,3.3470662615792586,54.654362959365386,28816000.0,2.7101044103383347,-0.0113019891500961,-3.173908284995086,-0.0294040562304725
2006-03-09,177.7,179.26,170.75,171.5,27820800,0,-3.0744885271843603,180.76,183.962,181.9345,185.34585900046503,195.0918673178524,168.77713268214762,3.17293954491463,39.36922240348016,28126630.0,4.983894582723274,-3.489026449071462,-9.27845958527296,-0.0312274254492453
2006-03-10,171.75,172.25,165.78,168.75,38651200,0,-1.603498542274051,176.692,181.967,181.403,183.76530100042075,195.79567518383627,167.01032481616372,3.1678294986881164,36.23392636956139,28867950.0,3.9027626975509704,-1.7467248908296942,-10.572337042925271,-0.0161649368533553
2006-03-13,170.46,173.05,167.72,168.53,27284800,0,-0.1303703703703695,173.588,179.301,180.7645,182.3143199527616,196.2666770627308,165.26232293726918,2.7813797128472517,36.791271686639234,28709840.0,3.1779155735750138,-1.1322304352927413,-13.658486602797272,-0.0013045542647106
2006-03-14,168.57,176.18,166.31,175.58,36901400,0,4.183231472141458,172.26000000000002,178.728,180.901,181.6729561477367,196.1558537918452,165.64614620815482,2.492831940405555,44.26282051282051,28583130.0,5.934700258553307,4.158509817879824,-3.1603331311014227,0.040981004010134
2006-03-15,175.38,176.15,170.26,172.25,25537600,0,-1.8965713634810368,171.322,177.71300000000002,180.9305,180.77553175271416,196.1122168088199,165.74878319118008,2.518306206928507,35.874137640922115,28394610.0,3.459415012334086,-1.7846960884935543,-5.564692982456143,-0.0191478696042947
2006-03-16,174.3,174.38,168.95,169.38,20033400,0,-1.6661828737300488,170.898,175.829,180.84,179.69024301436042,196.2854857993847,165.3945142006153,2.161327947116943,34.40929632020661,28101580.0,3.2139686297721264,-2.8227194492254823,-10.009563277016264,-0.016802198400315
2006-03-17,169.4,170.89,167.46,169.9,17103400,0,0.3070020073208335,171.128,173.91,180.1735,178.75783891775467,196.31929270600577,164.0277072939942,2.1499613765328087,27.41560993034473,26825200.0,2.0482503284366285,0.2951593860684769,-10.148606483685018,0.0030653171844335
2006-03-20,171.17,175.04,170.77,174.1,20815200,0,2.4720423778693323,172.24200000000002,172.91500000000002,179.6595,178.31423521130185,195.89571873920815,163.42328126079187,2.326022295366303,42.215504210753615,26433940.0,2.5004391872108576,1.7117485540690585,-5.406139635968499,0.0244198180962569
2006-03-21,175.0,175.83,169.54,169.96,19662200,0,-2.377943710511188,171.118,171.689,178.9925,177.51859376260643,195.68854160462,162.29645839538,2.396782425488102,37.39870340356565,26548450.0,3.710038928866356,-2.8799999999999955,-6.728130830863788,-0.0240667315275324
2006-03-22,169.88,172.05,168.75,170.11,15192000,0,0.0882560602494697,170.69,171.006,178.361,176.81301340426296,195.4118760694835,161.31012393051648,2.2709028834500513,29.27443350881211,26660430.0,1.9555555555555624,0.1353896868377785,-3.860065558946524,0.0008821713748806
2006-03-23,171.18,172.88,170.1,170.94,14869400,0,0.4879195814472936,171.002,170.95,177.456,176.25367879433315,194.03517831752384,160.87682168247613,2.070014487747473,29.209621993127143,26148740.0,1.6343327454438572,-0.1402032947774325,-0.3265306122449019,0.0048673311163804
2006-03-24,184.31,185.04,181.26,182.9,30361200,0,6.996606996607002,173.602,172.36499999999998,177.166,176.88666176630142,193.10771013741328,161.22428986258672,2.9398390256735745,48.86296223057148,27018370.0,2.0854021847070516,-0.7650154630785072,8.385185185185184,0.0676269376589481
2006-03-27,183.54,185.86,182.5,184.84,14047400,0,1.0606889010388088,175.75,173.996,176.6485,177.64412255046318,190.6847362251589,162.61226377484113,2.919928860806942,52.58484609313339,26699520.0,1.8410958904109664,0.7082924703062066,9.677802171720163,0.0105510306052455
2006-03-28,185.86,188.93,185.58,188.6,17891600,0,2.034191733391033,179.478,175.298,177.013,178.68753945041908,191.9110904463428,162.1149095536572,2.7296794935475948,61.85923515052888,23650340.0,1.8051514171785723,1.4742279134832563,7.415423168925828,0.0201377841972914
2006-03-29,189.97,199.5,189.76,197.49,38055000,0,4.7136797454931045,184.954,177.822,177.76749999999998,180.4782499789506,195.1376472587171,160.39735274128287,2.8164059301253768,74.70062725717544,24346970.0,5.132799325463749,3.958519766278892,14.653120464441226,0.0460595799485378
2006-03-30,194.6,196.75,191.8,194.22,29423400,0,-1.65578003949568,189.61,180.306,178.06750000000002,181.7869880761934,196.37947235632996,159.7555276436701,2.8151444169296433,73.96950875211743,23985110.0,2.580813347236699,-0.1952723535457325,14.665249734325192,-0.0166964129816871
2006-03-31,194.37,195.94,192.02,195.0,73042800,0,0.4016064257028162,192.03000000000003,182.816,178.363,183.04537016417495,197.591691391554,159.134308608446,2.8111720830144566,74.65077295585769,26441050.0,2.041454015206743,0.3241240932242606,14.773396115361969,0.0040080213975388
2006-04-03,194.76,196.24,193.96,194.85,16245400,0,-0.0769230769230744,194.032,184.891,178.903,184.16962062472976,199.370815145788,158.43518485421197,2.820939592944078,70.59200683906815,26359350.0,1.1755001031140446,0.0462107208872476,11.91843767949454,-0.0007695267790285
2006-04-04,194.95,202.45,194.07,202.17,31431400,0,3.756735950731338,196.746,188.112,179.90050000000002,185.8839424699936,202.8437943764001,156.95720562359995,2.6245243685291872,79.46041748719968,26893040.0,4.318029576956766,3.703513721467042,18.951518004236267,0.0368788958415171
2006-04-05,204.1,207.28,201.41,204.0,26821000,0,0.9051788099124548,198.048,191.501,181.2535,187.60928128237515,206.53417393755336,155.97282606244664,2.5782981236918348,84.80096501809409,27059530.0,2.914453105605483,-0.0489955903968614,19.922403150902348,0.0090110662179811
2006-04-06,203.24,206.94,202.72,205.59,17197000,0,0.779411764705884,200.32199999999995,194.966,182.958,189.3217306840537,210.00498570616557,155.91101429383443,2.5626324745362647,85.1210391655186,26528340.0,2.081689029202841,1.1562684510923018,20.270270270270263,0.0077639004216256
2006-04-07,206.2,206.42,202.01,203.08,14051800,0,-1.2208765017753698,201.938,196.984,184.6745,190.63204204747717,212.27660707060053,157.0723929293995,1.99934673076945,79.49918566775246,25298370.0,2.1830602445423475,-1.5130940834141495,11.033351558228556,-0.0122839041866483
2006-04-10,203.54,208.58,202.62,208.19,18640200,0,2.51624975379161,204.606,199.319,186.6575,192.304228519146,215.062838916257,158.252161083743,2.050928770807097,88.16130964264323,24866140.0,2.9414667851149976,2.2845632308145847,12.632547067734246,0.0248511342084886
2006-04-11,208.21,209.55,203.11,204.83,22214400,0,-1.6139103703347812,205.138,200.942,188.12,193.4971591363702,217.1294402057794,159.11055979422062,2.207565486928387,82.57035647279551,24131790.0,3.1706956821426804,-1.6233610297295975,8.60551431601273,-0.0162707574751178
2006-04-12,204.5,205.66,202.6,204.48,12034000,0,-0.1708734072157547,205.234,201.641,189.7315,194.54314398052543,218.60948380117827,160.85351619882175,1.7509880453431568,81.74933737220748,23456610.0,1.5103652517275432,-0.0097799511002495,3.53941971745404,-0.0017101956233944
2006-04-13,204.32,204.88,200.25,201.08,13105800,0,-1.6627543035993675,204.332,202.327,191.3165,195.16570169666588,218.9439678535703,163.68903214642964,1.7518822320689011,70.53773158608226,23110230.0,2.312109862671658,-1.5857478465152608,3.5320770260529377,-0.0167673323647954
2006-04-17,201.72,206.25,200.42,203.41,16519000,0,1.1587427889397262,204.398,203.168,192.992,195.95087296365008,219.1775963621639,166.80640363783613,1.7700803208051492,70.79507278835386,23081010.0,2.9088913282107636,0.8377949633154858,4.312820512820514,0.0115208077900212
2006-04-18,203.96,204.92,200.75,202.12,16275200,0,-0.6341871097782725,203.184,203.895,194.39299999999997,196.53840887187388,219.2892589453466,169.49674105465334,1.7966338597668483,66.02655286865814,22854010.0,2.0772104607720983,-0.9021376740537376,3.731075186040544,-0.0063620661906878
2006-04-19,206.28,206.82,203.36,205.25,13563400,0,1.5485849990104938,203.26799999999997,204.203,196.15749999999997,197.36808421740972,218.6486508914311,173.66634910856885,1.4349893223775336,60.653487095002745,22549070.0,1.701416207710454,-0.499321310839636,1.5234703467378985,0.0153671679088298
2006-04-20,205.5,208.0,204.1,207.5,24543000,0,1.0962241169305775,203.872,204.553,198.027,198.3330285776564,217.40183891953603,178.65216108046394,1.4472238104446364,68.75706214689268,23016620.0,1.9108280254777097,0.97323600973236,1.7156862745097978,0.0109025913382154
2006-04-21,224.45,225.36,218.08,218.55,45102600,0,5.325301204819288,207.366,205.849,200.4075,200.25845442740345,217.31111639911703,183.50388360088297,2.1833081500248337,75.78278957740315,24528280.0,3.3382245047688928,-2.628647805747373,6.303808550999568,0.0518834816385706
2006-04-24,219.7,222.35,218.26,220.25,17672800,0,0.7778540379775656,210.734,207.56599999999997,202.275,202.1624111486031,219.28700381155292,185.2629961884471,2.0838304803826424,76.8953833121559,23893860.0,1.873911848254377,0.2503413746017348,8.454796139452437,0.0077484435069652
2006-04-25,219.82,220.52,213.0,213.58,19138000,0,-3.0283768444948844,213.026,208.105,203.712,203.24980056302184,219.3204573565972,188.10354264340276,2.311714451730745,62.25037577839816,24148390.0,3.530516431924888,-2.83868619779819,2.5889812190787342,-0.0307517950728896
2006-04-26,213.87,215.02,211.76,212.98,14555600,0,-0.2809251802603385,214.57200000000003,208.92,204.931,204.17648622368645,219.33142236222983,190.5305776377701,2.22728469565216,59.90295544772828,23981590.0,1.5394786550812332,-0.4161406461869429,3.978909339452219,-0.0028132051561615
2006-04-27,211.46,213.46,209.7,210.02,16675800,0,-1.3898018593295092,215.076,209.474,205.55750000000003,204.73301134524013,219.68248476944055,191.4325152305595,2.2951078864053036,54.74202526225649,22912630.0,1.7930376728660085,-0.6809798543459745,2.709311424100158,-0.0139955003093903
2006-04-28,209.32,212.86,208.15,208.97,14842600,0,-0.4999523854871013,213.16,210.263,206.295,205.1365340742649,219.4333352306015,193.15666476939847,2.213111608854439,56.50828729281767,22183590.0,2.262791256305553,-0.1672081024269034,3.92381141834095,-0.0050120632858407
2006-05-01,209.24,209.72,199.28,199.45,20722400,0,-4.555677848494999,209.0,209.867,206.5175,204.59495940052537,218.98397863166545,194.05102136833457,2.684985402611374,41.20016109544904,19567570.0,5.2388598956242465,-4.678837698336848,-1.946806941644963,-0.046627122640591
2006-05-02,200.54,201.24,194.2,197.4,26208600,0,-1.027826522938069,205.76400000000004,209.395,206.645,203.90972517190391,218.6527632782902,194.63723672170977,2.6955079777415913,42.31644260599792,20065730.0,3.625128733264686,-1.5657724144808949,-2.3352463882841845,-0.0103314513520343
2006-05-03,198.18,200.75,195.44,197.08,16144400,0,-0.1621073961499464,202.584,208.57800000000003,206.39050000000003,203.25927515553212,218.99837969987036,193.7826203001297,2.625331134813666,42.34271523178809,19301380.0,2.7169463774048315,-0.5550509637703069,-3.980511571254563,-0.0016223893236188
2006-05-04,197.52,199.44,196.1,197.38,9304000,0,0.1522224477369604,200.056,207.56599999999997,206.0595,202.6993441883386,219.26505620702616,192.8539437929738,2.583204530081198,45.90888987173815,18425530.0,1.7032126466088748,-0.0708788983394161,-4.877108433734945,0.0015210670680987
2006-05-05,198.8,200.34,195.89,197.15,12130000,0,-0.1165264971121682,197.692,205.426,205.6375,202.1708352180206,219.43249508784868,191.8425049121513,1.620913508032101,42.74118738404453,18172180.0,2.2716830874470455,-0.8299798792756568,-9.791809654541296,-0.0011659444202249
2006-05-08,197.56,198.56,195.02,197.39,10237200,0,0.1217347197565166,197.28,203.14,205.353,201.71551757820913,219.59744948226205,191.1085505177379,1.552185345925173,44.37841692417397,17981450.0,1.815198441185515,-0.0860498076533791,-10.37911464245177,0.0012166068312597
2006-05-09,197.85,204.5,196.88,204.4,18281200,0,3.5513450529408797,198.68,202.222,205.16349999999997,201.97118257076065,219.3497576571791,190.97724234282083,1.971762603018437,49.07508161044614,17963500.0,3.8703778951645695,3.310588829921664,-4.298155257982961,0.0348973911746532
2006-05-10,204.16,205.86,200.93,201.49,12374400,0,-1.4236790606653615,199.562,201.073,204.99650000000003,201.9253556592596,219.2776075421924,190.71539245780767,1.995727475434098,43.5528856468569,17471500.0,2.453590802767136,-1.3077978056426272,-5.394872758005443,-0.0143391059658745
2006-05-11,201.71,202.36,192.49,193.5,17785600,0,-3.965457342796175,198.786,199.421,204.4475,201.12294083456823,219.6280788323204,189.2669211676796,2.2661804846352385,21.239954075774932,17759080.0,5.127539092939895,-4.070199791780283,-7.865917531663658,-0.0404622398938383
2006-05-12,191.77,192.44,186.78,187.06,20175200,0,-3.3281653746770057,196.768,197.23,203.7465,199.78361313603793,220.76534067422983,186.72765932577016,2.3982349687906295,15.634706978670508,18112550.0,3.0303030303030285,-2.4560671637899607,-10.48475857778628,-0.0338480914634316
2006-05-15,187.96,190.08,184.12,188.1,17180200,0,0.5559713460921545,194.91,196.095,202.981,198.6708880754629,221.3845144240978,184.5774855759022,2.100266184373259,20.13595874355363,18145610.0,3.2370193352161674,0.074483932751642,-5.690649285535221,0.0055443153005796
2006-05-16,188.0,188.43,184.94,185.65,12982200,0,-1.3024986709197162,191.16000000000005,194.92,202.1575,197.43080349684735,222.13028977957333,182.18471022042667,2.108781282066034,19.299033924960657,17980960.0,1.8870985184384177,-1.249999999999997,-5.952380952380953,-0.0131105556838955
2006-05-17,185.3,189.92,185.11,187.25,21287600,0,0.861836789657966,188.312,193.937,201.2575,196.4612031638143,222.2402175752376,180.2747824247624,2.1562836499006033,23.615295480880604,18367170.0,2.5984549727189097,1.0523475445223898,-4.987822204181047,0.0085814417742398
2006-05-18,189.39,190.9,185.36,185.5,11670000,0,-0.9345794392523366,186.712,192.749,200.1575,195.41727905297483,222.04926040624164,178.26573959375835,2.147727336959053,23.23831242873429,17723520.0,2.9887785930081954,-2.053962722424619,-6.018846894315533,-0.009389740349839
2006-05-19,186.64,187.25,180.28,185.01,22796400,0,-0.2641509433962352,186.302,191.53500000000005,198.4805,194.4261096193582,219.56354230019133,177.39745769980868,2.1445551996900445,29.26479035037332,16608210.0,3.866208120701131,-0.8733390484354885,-6.157747907684508,-0.0026450043759787
2006-05-22,183.92,186.52,182.62,185.48,17208800,0,0.2540403221447551,185.778,190.344,196.742,193.5740991794193,215.91437003167985,177.5696299683202,2.1499913179239094,32.0697954271961,16585010.0,2.1355820830139116,0.8481948673336246,-6.033740311059321,0.002537181851749
2006-05-23,187.1,191.94,186.78,187.79,17966000,0,1.2454172956652965,186.206,188.683,195.4525,193.0232325909032,213.27836987617096,177.62663012382905,1.73987494215231,36.815214305989166,16526410.0,2.762608416318662,0.3687867450561185,-8.126223091976525,0.0123772576968548
2006-05-24,188.68,191.72,185.8,190.62,19107600,0,1.5070025027956735,186.88,187.596,194.3345,192.79435329653143,210.23225949126729,178.43674050873273,1.8706939076647284,41.04872881355933,16754010.0,3.186221743810542,1.0281958872164498,-5.3948086753685125,0.0149576002893647
2006-05-25,189.54,191.5,186.16,191.5,16389200,0,0.461651453152867,188.08,187.396,193.4085,192.67108155400464,207.5160497145125,179.30095028548754,1.4444927470514897,42.64514449362144,16739680.0,2.868500214868932,1.0340825155640012,-1.033591731266148,0.0046058911112208
2006-05-26,192.28,192.94,190.02,190.68,7334000,0,-0.428198433420357,189.214,187.758,192.49399999999997,192.48145473933752,204.58068062046496,180.40731937953495,0.9184486362312448,41.39522954603748,16364250.0,1.5366803494368946,-0.8321198252548336,1.935207954666951,-0.0042911782840756
2006-05-30,189.14,190.5,185.72,185.97,8632000,0,-2.4701069855254887,189.312,187.545,191.82,191.8613161927339,203.77613385849187,179.8638661415081,1.2316493095764944,24.88416462251294,15759730.0,2.5737669610165845,-1.6760071904409368,-1.1323763955342847,-0.0250112599546872
2006-05-31,186.9,189.12,183.39,185.91,15962600,0,-0.0322632682690726,188.936,187.571,191.2455,191.29452417437832,203.17687478292407,179.3141252170759,1.1579461586663395,26.97990543735223,15247430.0,3.1244887943726587,-0.5296950240770514,0.14004847831941,-0.0003226847398118
2006-06-01,186.77,191.5,185.8,191.31,12556000,0,2.9046312731967117,189.074,187.977,190.957,191.29599806253276,202.569128142596,179.344871857404,1.462964872152086,46.49600000000001,15068010.0,3.067814854682448,2.430797237243664,2.1682242990654244,0.0286324633531641
2006-06-02,193.42,193.54,188.72,189.72,12772800,0,-0.8311118080602142,188.718,188.399,190.574,191.1459030089582,201.79276886012508,179.35523113987497,1.454197325210582,55.03787878787878,15241450.0,2.554048325561675,-1.9129355806017936,2.2749326145552473,-0.0083458479859089
2006-06-05,188.09,190.72,187.08,187.22,11117000,0,-1.3177313936327262,188.026,188.62,190.0775,190.77200748429553,200.9442912757929,179.2107087242071,1.5305183533635325,48.42067480258436,15190800.0,1.9456916827025796,-0.4625445265564382,1.1945300254040392,-0.0132649050657823
2006-06-06,188.29,195.0,188.15,195.0,20519600,0,4.15553893814764,189.832,189.572,189.958,191.17467343817216,200.53490353653288,179.38109646346712,1.9931825560977423,64.08556794215123,15704920.0,3.640712197714586,3.56365181369165,5.132628854863053,0.0407151626201482
2006-06-07,196.62,197.43,193.25,193.26,17822600,0,-0.8923076923076922,191.302,190.119,189.401,191.37327596787003,197.7046273620924,181.0973726379076,2.021115634718208,59.01590159015899,15681990.0,2.1630012936610643,-1.7088800732377245,2.9128281591139116,-0.0089631259925843
2006-06-08,193.88,197.14,189.3,196.65,20719000,0,1.754113629307685,192.37,190.722,189.159,191.87582111378717,196.15894556370304,182.159054436297,2.0388678355810144,65.94223620245924,16099220.0,4.14157422081351,1.428718795131014,3.163361661945241,0.0173890663066562
2006-06-09,196.1,197.72,192.68,193.28,12315000,0,-1.7137045512331528,193.082,190.9,189.148,192.00955243628363,196.11985801709952,182.17614198290048,2.1369981907877773,60.92470277410832,15825690.0,2.6157359352293916,-1.4380418154003023,0.9295039164490816,-0.0172855841313683
2006-06-12,194.17,195.24,190.5,190.77,10038200,0,-1.2986341059602613,193.792,190.909,189.3335,191.89149982330423,196.26876844621904,182.398231553781,2.1788045186781595,56.63073451992983,15318840.0,2.4881889763779577,-1.751042900551052,0.0471994965387079,-0.0130714007990239
2006-06-13,190.45,193.5,189.06,193.26,15318200,0,1.3052366724327635,193.444,191.638,189.5915,192.02183317346572,196.71492104388685,182.46807895611315,2.0195287278703606,56.82555527826303,15225740.0,2.3484608060933025,1.4754528747702822,3.9199870946926785,0.0129679186237362
2006-06-14,194.92,195.55,189.26,192.2,15544000,0,-0.5484839076891235,193.23200000000003,192.267,189.919,192.03880144265943,196.87984659098495,182.95815340901504,2.0384110008510707,52.06266318537857,15353830.0,3.323470358237356,-1.3954442848348034,3.383357538593934,-0.0054999360349703
2006-06-15,193.31,196.12,191.5,195.5,13571400,0,1.71696149843914,193.002,192.686,190.3315,192.36843940050144,197.59749078621303,183.06550921378695,1.9032612229051975,54.911591355599214,14968020.0,2.4125326370757207,1.1328953494387242,2.1901625633788058,0.0170238828892284
2006-06-16,194.55,195.46,194.0,195.35,10609200,0,-0.0767263427109976,193.416,193.249,190.824,192.65239755283463,198.04626498953183,183.6017350104682,1.8710761841943904,55.83021223470659,14914980.0,0.752577319587633,0.4112053456694849,2.967531098460885,-0.0007675579243408
2006-06-19,195.42,197.4,193.49,194.07,15266200,0,-0.6552341950345486,194.076,193.934,191.277,192.78740730970753,198.0886775891859,184.46532241081408,1.818078878274904,61.059530311305274,14538470.0,2.020776267507363,-0.6908197727970496,3.658797137058012,-0.0065739027770757
2006-06-20,194.02,195.94,193.26,193.58,8079800,0,-0.2524862163136965,194.14,193.79199999999997,191.682,192.86289232783065,197.9867704578665,185.37722954213348,1.242937226046715,60.35087719298247,14082020.0,1.386732898685712,-0.2267807442531686,-0.7282051282051172,-0.0025280550030611
2006-06-21,195.53,202.0,194.88,201.06,17488800,0,3.8640355408616545,195.912,194.57199999999995,192.3455,193.6435692489896,199.64088707894584,185.05011292105416,1.7128713690290085,62.458471760797345,14058160.0,3.6535303776683112,2.8282105047818753,4.036013660353932,0.0379125072563314
2006-06-22,200.79,203.0,194.0,199.98,11823800,0,-0.5371530886302711,196.808,194.905,192.8135,194.24703884432395,200.81001838713956,184.81698161286045,1.6656185583160643,63.283272915587766,13693970.0,4.639175257731959,-0.4034065441506062,1.6933638443935806,-0.0053860094295708
2006-06-23,201.38,204.88,200.37,202.43,10629600,0,1.225122512251242,198.224,195.82,193.36,195.02636847819787,202.40391624533885,184.31608375466112,1.5495096059666005,69.71739694062742,13405990.0,2.2508359534860465,0.5214023239646496,4.7340645695364225,0.0121767862257827
2006-06-26,203.38,204.15,201.62,202.11,7102400,0,-0.1580793360667853,199.832,196.954,193.9315,195.70100005170283,203.67950227847356,184.18349772152644,1.4428145497772629,61.42719382835103,13394410.0,1.2548358297787925,-0.6244468482643238,5.944330869633596,-0.0015820441328077
2006-06-27,202.86,204.0,200.5,201.16,8214200,0,-0.470041066745841,201.348,197.744,194.69099999999997,196.2209048086835,204.19103634342468,185.1909636565753,1.453976139042904,63.02770448548813,13373520.0,1.7456359102244388,-0.8380163659666848,4.087757425230265,-0.0047114923369142
2006-06-28,202.0,203.24,200.56,203.06,7421000,0,0.94452177371247,201.748,198.83,195.5485,196.8722472078565,204.80415380556647,186.29284619443357,1.4208046037374709,61.11689212625736,12946440.0,1.336258476266457,0.5247524752475259,5.650364203954217,0.0094008905693126
2006-06-29,204.0,209.1,202.91,208.9,13316400,0,2.875997242194428,203.532,200.17,196.428,198.01774747377493,207.2056193055245,185.65038069447553,1.5655636158192094,74.95207667731628,12984460.0,3.0506135725198353,2.4019607843137285,6.854219948849116,0.0283541666894434
2006-06-30,207.8,209.66,206.16,209.66,12516000,0,0.3638104356151306,204.978,201.601,197.425,199.12653342865352,209.23003460839237,185.61996539160765,1.548130300019704,81.96277495769878,12971620.0,1.697710516103997,0.8950914340712152,7.325313539800349,0.0036315024619065
2006-07-03,210.02,211.88,209.72,211.6,4313400,0,0.9253076409424744,206.87600000000003,203.354,198.644,200.3144826259246,211.0326525328232,186.2553474671768,1.470875842165276,81.62068965517238,12631440.0,1.0299446881556344,0.7523093038758137,9.032823208120778,0.0092105289597176
2006-07-05,210.76,211.4,207.82,210.73,9971200,0,-0.4111531190926332,208.78999999999996,205.069,199.4305,201.30643666155083,212.80325230498968,186.0577476950103,1.4852128057815808,82.1589725789656,12104020.0,1.722644596285253,-0.0142342000379584,8.859386300237615,-0.0041200067750229
2006-07-06,211.69,212.69,210.99,211.6,7374200,0,0.4128505670763616,210.498,206.123,200.3475,202.2867760271174,214.4348125075116,186.2601874924884,1.0463055963616086,80.51554207733128,11581600.0,0.8057253898288964,-0.0425149983466405,5.24221625385457,0.0041200067750229
2006-07-07,213.02,213.94,207.94,210.22,12083800,0,-0.6521739130434745,210.762,207.147,201.026,203.04232116739195,215.6600358861072,186.39196411389284,1.0597290933328547,76.92864904020281,11149840.0,2.8854477253053767,-1.314430569899545,5.120512051205117,-0.0065430985889359
2006-07-10,211.72,212.62,208.19,209.1,8872800,0,-0.5327751878983933,210.65,207.814,201.817,203.61924296097365,216.39825415153524,187.23574584846477,1.0728352327173265,77.37704918032786,10977730.0,2.1278639704116467,-1.2374834687322902,3.29496616114211,-0.0053419949606204
2006-07-11,209.26,212.52,206.52,212.28,11942600,0,1.5208034433285444,210.786,208.831,202.8925,204.44407696469045,217.21374498410745,188.57125501589252,1.1183960813341882,81.02189781021892,11072950.0,2.905287623474724,1.443180732103608,5.0319133145316775,0.0150935515251062
2006-07-12,211.04,211.37,208.36,208.62,9813400,0,-1.7241379310344862,210.364,209.577,203.6605,204.8417839204342,217.44407905549335,189.87692094450665,1.2952944904472556,64.36170212765956,10797710.0,1.4446150892685692,-1.146702047005301,3.708490753628957,-0.0173917427118692
2006-07-13,207.0,209.17,203.42,204.42,13849000,0,-2.013229795800986,208.92799999999997,209.713,204.2715,204.80161402325,216.955562565203,191.587437434797,1.475300560979897,57.5407608695652,10712960.0,2.82666404483335,-1.2463768115942089,0.669752782428823,-0.0203377143468949
2006-07-14,205.16,205.74,199.3,201.75,15104200,0,-1.306134429116523,207.234,208.998,204.584,204.51098411627385,216.65110604996667,192.51689395003336,1.150571198346629,48.85367498314227,10789600.0,3.2313095835423975,-1.6621173718073683,-3.422690282431784,-0.013147393750872
2006-07-17,202.32,205.5,201.86,203.94,11623800,0,1.08550185873606,206.202,208.426,205.0135,204.4566046766287,216.28180725624495,193.74519274375507,1.2202631253074416,52.9019980970504,10840330.0,1.8032299613593512,0.8007117437722443,-2.728226652675758,0.0107965257860214
2006-07-18,204.88,205.28,198.87,201.52,17073600,0,-1.1866235167205974,204.05,207.418,205.386,204.1769280407593,215.57163777297217,195.2003622270279,1.1723122583474102,50.54545454545457,10930700.0,3.223211142957709,-1.6399843811011252,-4.763705103969751,-0.0119372008917248
2006-07-19,197.5,200.57,197.33,199.5,17037000,0,-1.0023818975784082,202.22599999999997,206.295,205.682,203.73150632259177,214.70023089198455,196.6637691080155,1.183272104046399,44.625603864734295,11378560.0,1.641919627020717,1.0126582278481011,-5.329094101456833,-0.0100743957144366
2006-07-20,202.14,202.22,192.83,193.56,25077400,0,-2.9774436090225564,200.054,204.491,205.307,202.76279143472587,215.6595010453913,194.9544989546087,1.353437832174429,26.91149909692956,11757990.0,4.869574236374001,-4.244582962303347,-8.525519848771268,-0.0302266944048003
2006-07-21,193.07,195.88,188.84,195.06,23509200,0,0.7749535027898435,198.716,202.975,205.061,202.02919225046625,216.153829167866,193.968170832134,1.4516728859634656,28.504122497055377,12342260.0,3.728023723787329,1.0307142487180865,-7.211492721910373,0.0077196616187512
2006-07-24,196.41,196.94,190.6,195.45,16172200,0,0.1999384804675319,197.018,201.61,204.712,201.4026025123266,216.56642151577944,192.8575784842206,1.481268081151808,25.084850354828745,12619390.0,3.326337880377756,-0.4887734840384949,-6.52797704447633,0.0019973886950946
2006-07-25,192.51,195.66,191.9,194.68,11522200,0,-0.3939626502941884,195.65,199.85,204.3405,200.76235465400975,216.9780805062805,191.7029194937195,1.2773507328142075,25.16248839368616,12840380.0,1.9593538301198496,1.12721417069244,-8.29093649896363,-0.0039474072737102
2006-07-26,194.1,195.96,191.5,192.75,11063800,0,-0.9913704540784885,194.3,198.263,203.92,199.9992732583898,217.52574801131695,190.314251988683,1.2424516857663142,21.75606832484266,12982860.0,2.328981723237602,-0.6955177743431192,-7.607132585562271,-0.0099631725218146
2006-07-27,193.68,193.74,188.98,191.2,11282200,0,-0.8041504539559097,193.828,196.94099999999997,203.327,199.16124723378124,218.0763344720536,188.5776655279464,1.165681302002853,21.6457960644007,13175920.0,2.5187850566197585,-1.280462618752591,-6.467077585363468,-0.008074011826138
2006-07-28,191.0,194.78,190.86,194.06,8167200,0,1.4958158995815871,193.628,196.172,202.585,198.6754141638973,217.6437362299162,187.5262637700838,1.31973118625054,28.68480725623584,12918460.0,2.053861469139677,1.6020942408376977,-3.8116480793060736,0.0148473889798524
2006-07-31,194.0,194.58,191.66,193.3,9190600,0,-0.3916314541894228,193.198,195.108,201.767,198.16346995781183,216.984091637196,186.549908362804,1.2160748709792235,21.119902617163717,12752190.0,1.5235312532609913,-0.3608247422680353,-5.217220751201324,-0.0039240033828681
2006-08-01,192.56,192.88,187.76,187.76,10926400,0,-2.8660113812726484,191.814,193.732,200.575,197.17266329516312,216.276158522461,184.87384147753895,1.4166108497383043,19.976971790443287,13082840.0,2.726885385598639,-2.4927295388450412,-6.828106391425182,-0.0290788346715172
2006-08-02,187.8,188.58,182.6,183.62,14195600,0,-2.204942479761396,189.988,192.144,199.2195,195.88193345752853,215.8808368706076,182.55816312939237,1.4944490772461545,20.011534025374857,13294060.0,3.2749178532311163,-2.225772097976574,-7.959899749373434,-0.0222961468272141
2006-08-03,182.49,188.96,181.68,187.7,12654000,0,2.221980176451366,189.288,191.558,198.0245,195.10270169966867,214.37244237817336,181.67655762182665,1.5618096209652028,30.5347741756719,13558050.0,4.007045354469397,2.8549509562167676,-3.027485017565623,0.0219765388769091
2006-08-04,189.78,190.34,185.88,186.92,10190400,0,-0.4155567394778958,187.86,190.744,196.85949999999997,194.3233967758907,212.8654034832734,180.85359651672653,1.5158060563340257,25.46136101499421,13463380.0,2.3993974607273554,-1.507008114659086,-4.17307495129704,-0.0041642257602377
2006-08-07,185.75,189.86,185.58,188.98,7893800,0,1.1020757543334092,186.996,190.097,195.8535,193.81450184485348,211.13274946489847,180.57425053510153,1.5818757041673257,31.7307692307692,13414430.0,2.3062830046341203,1.7388963660834402,-3.310309542082379,0.0109604715222544
2006-08-08,191.41,192.25,189.54,190.5,11486400,0,0.8043179172399162,187.544,189.679,194.7645,193.4988350024865,208.09452226870917,181.43447773129083,1.620954926044365,36.69426374926079,13391620.0,1.4297773557032858,-0.4754192570921042,-2.147113211423879,0.0080110052122757
2006-08-09,191.4,192.34,188.18,188.47,8622000,0,-1.0656167979002595,188.514,189.251,193.757,193.019898335583,205.6456927261542,181.8683072738458,1.625121985253926,41.49114008692744,13332050.0,2.2106493782548604,-1.5308254963427412,-2.2204928664072643,-0.0107133515382192
2006-08-10,186.94,188.84,186.23,187.1,8523800,0,-0.7269061389080567,188.394,188.841,192.891,192.4560984940989,204.0074816471128,181.77451835288724,1.6221775546366315,36.63532572196103,13065790.0,1.4014927777479536,0.085588959024284,-2.144351464435146,-0.0072956097484925
2006-08-11,187.2,187.64,184.0,184.25,7533000,0,-1.523249599144838,187.86,187.86,192.016,191.6745653041847,202.94986126239633,181.0821387376037,1.5498673812664117,32.630272952853616,12687230.0,1.9782608695652095,-1.5758547008546948,-5.055137586313507,-0.0153497022105979
2006-08-14,185.75,187.56,184.34,184.72,9936600,0,0.2550881953867101,187.008,187.002,191.055,191.01222575140525,200.90053011056088,181.2094698894391,1.5685756880906043,34.40826549780839,12602870.0,1.7467722686340452,-0.5545087483176319,-4.438696326952929,0.002547633976794
2006-08-15,187.06,190.84,186.3,190.48,13396400,0,3.118233001299253,187.004,187.274,190.503,190.9615375846047,199.0273801441612,181.97861985583876,1.6786491259982648,46.8269499580654,12419010.0,2.43692968330649,1.82829038811076,1.4486578610992673,0.0307060371323673
2006-08-16,191.74,194.22,191.06,193.86,11706400,0,1.7744645107097945,188.082,188.29799999999997,190.221,191.23758162416615,197.81451496171232,182.6274850382877,1.5209010369877138,53.53723404255323,12152480.0,1.6539307023971508,1.105663919891522,5.576734560505403,0.0175890468858546
2006-08-17,193.2,195.0,191.96,192.9,10160400,0,-0.4952027236149847,189.242,188.818,190.188,191.3959071837694,197.72595058006044,182.6500494199396,1.4298890720221678,48.37535014005603,11406630.0,1.5836632631798249,-0.1552795031055812,2.7703782631859353,-0.0049643291527785
2006-08-18,193.16,193.54,190.38,191.68,9904400,0,-0.6324520476930995,190.728,189.294,190.019,191.42296364245803,197.24201555337345,182.7959844466265,1.443241311386258,47.759955752212385,10726390.0,1.65983821830024,-0.7662041830606697,2.5465439760325337,-0.0063446049845988
2006-08-21,189.05,189.5,187.61,188.65,8046600,0,-1.5807595993322154,191.514,189.261,189.679,191.15887186698583,196.4517500439599,182.9062499560401,1.517008105400511,51.32243684992572,10320110.0,1.0074089867277791,-0.2115842369743484,-0.174621653084972,-0.015933868516765
2006-08-22,188.86,189.63,187.42,189.14,8328200,0,0.2597402597402487,191.246,189.125,189.402,190.96659835584433,195.75361181367708,183.0503881863229,1.494242749344702,59.199999999999974,10160410.0,1.1791697791057565,0.148257968865812,-0.7139107611548678,0.0025940351770465
2006-08-23,188.82,189.14,186.33,186.72,7284600,0,-1.2794755207782504,189.818,188.95,189.1005,190.56216041719247,195.3546791501498,182.84632084985023,1.5116371468818968,48.2709950599859,9971450.0,1.5080770675682786,-1.112170320940575,-0.9285297394810876,-0.0128773130491201
2006-08-24,187.22,188.2,186.13,186.86,6965000,0,0.0749785775492783,188.61,188.926,188.88349999999997,190.2095737107932,195.13212519616656,182.63487480383336,1.494863253565664,49.891696750902575,9755590.0,1.112125933487344,-0.19228714880888,-0.1282736504542914,0.0007495048265637
2006-08-25,186.54,187.66,186.25,186.63,4933400,0,-0.1230868029540976,187.6,189.164,188.512,189.86866192881288,194.33368577503288,182.69031422496712,1.399141779532847,45.458059528411304,9593900.0,0.75704697986577,0.0482470247668078,1.291723202170969,-0.0012316261697716
2006-08-28,187.8,190.48,187.5,190.48,8328000,0,2.06290521352408,187.966,189.74,188.371,189.9268846022593,193.8296981289699,182.91230187103008,1.5270222617467937,49.96453900709218,9550770.0,1.589333333333328,1.4270500532481247,3.118233001299253,0.0204191549835691
2006-08-29,190.39,191.16,188.6,189.48,8920000,0,-0.5249895002099936,188.034,189.64,188.457,189.8843241639489,193.92934617249685,182.9846538275031,1.1798170738240314,51.85866764814131,9450450.0,1.3573700954400862,-0.4779662797415813,-0.5249895002099936,-0.0052637241230562
2006-08-30,189.6,192.32,189.26,190.38,8088800,0,0.4749841671944255,188.766,189.292,188.795,189.93153138642992,193.82674553787825,183.7632544621218,1.0173590931091836,56.14232209737828,9145110.0,1.616823417520872,0.4113924050632918,-1.7951098731043058,0.0047385967676081
2006-08-31,190.74,191.08,189.1,189.26,5919800,0,-0.5882970900304652,189.246,188.928,188.873,189.86757601629375,193.88158673207263,183.86441326792735,1.021020461914107,60.03203844613533,8808400.0,1.0470650449497716,-0.7759253433994013,-1.8869880767236944,-0.0059003437430725
2006-09-01,190.5,190.64,188.6,189.3,5345800,0,0.0211349466342714,189.78,188.69,188.992,189.8135211575991,193.91761767433763,184.0663823256624,1.0101017094905562,59.331703341483305,8566170.0,1.0816542948038137,-0.6299212598425137,-1.2416527545909828,0.0002113271351906
2006-09-05,189.94,192.7,188.72,192.18,8148600,0,1.5213946117274224,190.12,189.043,189.152,190.0389000949706,194.27972279405728,184.0242772059427,0.987845495778725,53.92428439519855,8578910.0,2.108944467994908,1.1793197851953297,1.87119003445535,0.0150993746338446
2006-09-06,191.05,191.6,189.83,190.07,7448200,0,-1.0979290248725238,190.238,189.136,189.1305,190.0418619906877,194.23799078367512,184.0230092163249,1.0672876470796338,40.7062285434036,8377000.0,0.9324132118210936,-0.512954723894278,0.4916992703817291,-0.0110400074863756
2006-09-07,189.7,190.88,188.7,189.24,7684000,0,-0.4366812227074135,190.01,189.388,189.169,189.9654941820508,194.26712721032877,184.0708727896712,0.9799792614138672,40.96742349457059,8330100.0,1.155272919978806,-0.2424881391670952,1.3496143958869,-0.0043763745997987
2006-09-08,188.36,190.4,188.36,188.92,6166800,0,-0.1690974424012004,189.942,189.594,189.26,189.86592330756977,194.2667827678334,184.25321723216655,0.9847633369693918,42.87190082644625,8212250.0,1.0830324909747249,0.297303036738147,1.1024296264583011,-0.0016924057350311
2006-09-11,189.13,192.34,188.88,192.04,9058400,0,1.6514926953207665,190.49,190.135,189.6495,190.07297823065835,194.20711930005945,185.09188069994053,1.0914042918582512,58.714652956298146,8288520.0,1.831850910631093,1.5386242267223584,2.898783689653328,0.0163800386348231
2006-09-12,192.5,196.36,192.44,195.95,10884400,0,2.036034159550093,191.24399999999997,190.682,190.211,190.63269458964328,194.9739530866184,185.4480469133816,1.0865807894699433,64.88850021862697,8335910.0,2.0369985450010475,1.7922077922077864,2.871692566148676,0.0201558409829008
2006-09-13,197.58,203.38,197.55,203.28,19536400,0,3.740750191375364,193.886,192.062,190.851,191.8371998668201,198.3944402315112,183.3075597684888,1.4929439250066765,79.80561555075585,8642910.0,2.9511516071880455,2.884907379289396,7.283090563647887,0.0367248143662683
2006-09-14,202.15,203.14,200.96,201.99,10732200,0,-0.634592680047219,196.436,193.223,191.2575,192.80413321283723,200.22539566351244,182.2896043364875,1.5528272051949576,76.14932595921184,8594200.0,1.0847929936305625,-0.0791491466732607,6.09832965647652,-0.0063661477866093
2006-09-15,203.74,205.02,203.37,204.94,15676400,0,1.4604683400168297,199.64,194.791,191.8595,193.95993004970987,202.71040241214817,181.00859758785185,1.5126117200463491,78.92575039494469,8870000.0,0.8113291045877,0.5889859625012215,8.284899080629815,0.0144990621462726
2006-09-18,205.0,209.34,204.74,207.34,14213400,0,1.1710744608178114,202.7,196.595,192.6425,195.234222425928,205.5112853677872,179.77371463221277,1.4895709415299718,77.91390728476819,9085450.0,2.2467519781185863,1.141463414634148,9.529846804014785,0.0116427045233942
2006-09-19,207.73,207.74,196.37,201.9,28585800,0,-2.62370984855792,203.89,197.567,193.305,195.86905838536345,206.663300396149,179.94669960385102,1.840379969761692,67.92725173210161,10112410.0,5.790090135967818,-2.806527704231447,5.057758351545427,-0.0265874325761741
2006-09-20,203.55,203.7,197.31,198.5,18295600,0,-1.6840019811788065,202.93400000000003,198.41,193.773,196.11962425342404,207.17268750617825,180.37331249382177,1.905448035612545,60.93161012385568,10610780.0,3.2385586133495443,-2.4809629083763256,4.435208081233233,-0.0169834251915467
2006-09-21,200.15,204.22,199.93,203.42,21384200,0,2.4785894206549086,203.22,199.828,194.608,196.8148981340503,208.23649584317508,180.97950415682493,1.976215181352903,67.29360039081581,11315760.0,2.145751012854495,1.6337746689982422,7.493130416402449,0.024483707070205
2006-09-22,202.49,203.72,200.68,201.89,9299200,0,-0.7521384327991321,202.61,201.125,195.3595,197.29824116890265,208.84591808011496,181.873081919885,2.014337843359062,64.83620080131979,11432470.0,1.5148495116603509,-0.2963109289347734,6.8653398263815335,-0.0075498125753176
2006-09-25,202.79,204.72,201.25,201.99,11474600,0,0.0495319233245972,201.54,202.12,196.1275,197.74507534329288,209.26570764031663,182.98929235968336,1.992462549417355,62.370744010088266,11759530.0,1.7242236024844717,-0.3944967700576868,5.181212247448452,0.0004951966031669
2006-09-26,202.75,203.84,200.88,203.44,10578800,0,0.7178573196692906,201.848,202.86899999999997,196.7755,198.28744912012212,210.01888718797431,183.53211281202573,1.9237482560772965,67.14542190305207,11872070.0,1.4735165272799722,0.3403205918618978,3.822403674406738,0.0071529298885649
2006-09-27,203.15,205.61,201.18,201.46,11753400,0,-0.9732599292174516,202.44,202.687,197.3745,198.5895968229676,210.3086155985195,184.4403844014805,1.554151915277812,65.22172396611859,12013740.0,2.202008151903771,-0.831897612601525,-0.8953168044077087,-0.009780270599329
2006-09-28,202.04,203.49,200.27,201.79,10214800,0,0.1638042291273622,202.114,202.66699999999997,197.945,198.89439712554213,210.58327186721155,185.30672813278844,1.5429066888313832,66.027397260274,12120040.0,1.607829430269136,-0.1237378736883785,-0.0990148027130155,0.0016367021632576
2006-09-29,202.56,202.81,200.7,200.95,6621800,0,-0.4162743446156858,201.926,202.268,198.5295,199.09016882787145,210.54235359850136,186.5166464014987,1.457403832464102,61.76392923158173,12155140.0,1.0513203786746457,-0.7948262243286007,-1.9469112911095987,-0.0041714317825825
2006-10-02,200.95,203.0,200.4,200.72,7303800,0,-0.1144563324209979,201.672,201.606,199.1005,199.24539084426465,210.3260338168732,187.8749661831268,1.37889849150417,56.97572389587601,12253040.0,1.2974051896207557,-0.1144563324209951,-3.192823381884824,-0.0011452188370432
2006-10-03,200.64,203.23,199.1,202.02,10929400,0,0.6476683937823857,201.388,201.618,199.5925,199.50963933528703,210.39550908373397,188.78949091626603,1.1373117521816116,47.76278409090911,12392080.0,2.07433450527373,0.6877990430622128,0.0594353640416045,0.0064558003428712
2006-10-04,202.48,207.88,201.52,207.85,13323600,0,2.88585288585288,202.666,202.55299999999997,200.4815,200.3039593985931,210.9046589817088,190.0583410182912,1.2883237055456085,58.96024464831803,12685850.0,3.156014291385463,2.652113789016201,4.710327455919394,0.0284499632976082
2006-10-05,207.35,209.12,205.43,205.9,11579600,0,-0.9381765696415578,203.488,202.801,201.3145,200.8369156463461,210.5501482689334,192.0788517310666,1.1406790680252463,51.51419558359623,12880630.0,1.7962322932385717,-0.6993006993006938,1.2191524923803154,-0.0094260516649025
2006-10-06,205.11,210.96,204.88,210.25,14673000,0,2.112676056338026,205.348,203.637,202.381,201.73339987050363,210.44172714495093,194.32027285504907,1.2498627930588957,54.32392273402675,13305940.0,2.967590784849674,2.5059724050509415,4.140868789935115,0.0209066848193136
2006-10-09,212.4,215.98,211.71,214.5,15166600,0,2.021403091557672,208.104,204.888,203.504,202.94926654950328,211.7546022746721,195.2533977253279,1.338464162101509,69.40850277264327,13611350.0,2.016909923952568,0.9887005649717489,6.193375909698484,0.0200124395150142
2006-10-10,215.78,218.92,211.2,213.32,19577200,0,-0.5501165501165528,210.364,205.87600000000003,204.3725,203.9369554495506,212.9263440112332,195.8186559887668,1.386387690622439,74.50396825396828,14045990.0,3.6553030303030303,-1.1400500509778515,4.856468737711372,-0.0055163526356702
2006-10-11,212.51,214.96,211.88,213.25,11270800,0,-0.0328145509094324,211.444,207.055,204.871,204.8239120734029,214.2764360541397,195.4655639458603,1.3061329619868882,69.35801496652232,13632710.0,1.453653011138386,0.348218907345541,5.852278367914221,-0.0003281993606129
2006-10-12,214.28,214.84,212.0,213.72,9688000,0,0.2203985932004659,213.008,208.248,205.4575,205.67115854260263,215.54470476644,195.37029523355992,1.3042603300007638,74.31154952733257,13580500.0,1.3396226415094354,-0.2613403024080653,5.912086822934737,0.002201560717782
2006-10-13,213.88,214.75,212.78,213.65,7245000,0,-0.0327531349429088,213.688,209.51799999999997,205.89299999999997,206.4310482052119,216.61804810442345,195.16795189557652,1.27694411178176,73.99176954732516,13158930.0,0.9258388946329535,-0.1075369365999578,6.319980094550881,-0.0003275849995365
2006-10-16,213.85,214.6,210.67,210.88,8638800,0,-1.2965129885326498,212.964,210.534,206.07,206.85475789995365,217.01028191689525,195.1297180831048,1.4013406096691958,64.51990632318504,12880200.0,1.865476812075762,-1.388823942015431,5.061777600637707,-0.0130499107758915
2006-10-17,210.15,211.88,208.35,210.32,10422000,0,-0.2655538694992465,212.364,211.364,206.491,207.1847809571009,217.40362118158257,195.57837881841743,1.4205453123539202,68.30578512396694,11972010.0,1.6942644588432931,0.0808945990958779,4.108504108504096,-0.0026590708925166
2006-10-18,211.5,212.38,208.75,209.66,12034600,0,-0.3138075313807498,211.646,211.545,207.049,207.42051610404368,217.366225045121,196.73177495487897,1.1327167072889504,66.04158173664904,11658960.0,1.7389221556886207,-0.869976359338063,0.8708203031031925,-0.0031430093971991
2006-10-19,210.12,214.75,209.78,213.03,23007000,0,1.6073643041114138,211.508,212.258,207.5295,207.95475266556332,218.02861770729683,197.0303822927032,1.1610386708705025,72.32076866223213,11740100.0,2.369148631900085,1.384922901199313,3.462846041767853,0.0159458298376853
2006-10-20,229.5,230.05,226.8,229.84,23295800,0,7.890907383936541,214.746,214.217,208.927,210.0390619355097,223.07281076168348,194.7811892383165,2.637041704853079,83.36388634280479,12439930.0,1.4329805996472662,0.1481481481481496,9.317479191438771,0.0759504138089222
2006-10-23,231.14,242.32,230.18,240.39,30209000,0,4.590149669335175,220.648,216.806,210.847,212.92962746546112,230.41369684088903,191.28030315911093,2.870502087074086,86.27339761769711,13376650.0,5.2741332869927815,4.001903608202821,12.069930069930068,0.0448791897870546
2006-10-24,238.14,238.93,235.7,236.66,17320400,0,-1.5516452431465488,225.916,219.14,212.508,215.189662944941,234.8678941716754,190.14810582832456,2.9539008881794446,78.36188226028747,13713730.0,1.370386084005099,-0.6214831611656966,10.941308831802,-0.015638092501676
2006-10-25,238.74,244.25,237.56,243.3,18375000,0,2.8057128369813222,232.644,222.14500000000004,214.6,217.8668379025657,240.20177954341415,188.99822045658584,2.971248286327758,83.70583994232157,14044810.0,2.8161306617275628,1.9100276451369704,14.091441969519348,0.0276707378330641
2006-10-26,243.84,245.98,242.1,242.55,14063400,0,-0.3082614056720056,238.548,225.028,216.638,220.21761524517845,244.34864898858436,188.92735101141565,2.9984633294649496,81.1295296838859,14237240.0,1.6026435357290358,-0.5290354330708629,13.489612577203824,-0.0030873750982513
2006-10-27,241.95,242.62,236.24,237.6,13208000,0,-2.0408163265306145,240.1,227.423,218.4705,221.87308045992336,246.65620483138952,190.28479516861043,3.161382866018001,71.9665271966527,14566550.0,2.7006434134778172,-1.7978921264724097,11.209922770886948,-0.0206192872027357
2006-10-30,237.41,240.23,235.0,238.28,13126200,0,0.2861952861952899,239.67799999999997,230.16299999999995,220.34849999999997,223.43564422564495,248.5595827606178,192.13741723938213,3.065586338462768,73.963133640553,14857670.0,2.225531914893613,0.366454656501413,12.993171471927155,0.0028578652719968
2006-10-31,239.03,241.08,236.92,238.2,12570800,0,-0.0335739466174267,239.986,232.951,222.15750000000003,224.8417733470121,250.05827220210583,194.25672779789423,3.0535291584760835,73.94893453637931,14939740.0,1.7558669593111704,-0.3472367485252949,13.255990871053625,-0.0003357958392869
2006-11-01,239.38,239.56,232.63,233.75,10852600,0,-1.8681780016792549,238.076,235.36,223.4525,225.69017588539188,250.95864543774215,195.94635456225788,3.1813111161175387,67.86160156946673,14816190.0,2.978979495335944,-2.351909098504468,11.49003147953831,-0.0188584887524032
2006-11-02,233.75,236.86,233.19,234.96,10473400,0,0.5176470588235338,236.558,237.55300000000005,224.9055,226.5730162772593,251.5647584687831,198.24624153121692,3.18210242740927,68.62436636951581,14760880.0,1.5738239204082576,0.5176470588235328,10.294324742993943,0.0051631187215682
2006-11-03,236.12,236.88,232.53,235.9,9815400,0,0.4000680966973036,236.218,238.159,226.188,227.46130044132985,252.34179823477623,200.0342017652238,2.0770627545596385,72.58938244853738,14518000.0,1.8707263578893023,-0.0931729629002197,2.6366167768882676,0.0039926995232646
2006-11-06,236.88,239.83,236.16,238.48,9983000,0,1.0936837643068964,236.258,237.968,227.387,228.51070039929843,253.48330915625945,201.29069084374055,1.4790380288857532,74.52961672473867,14258820.0,1.55403116531166,0.6754474839581198,-0.7945422022546667,0.0108774629561865
2006-11-07,238.48,239.51,235.88,236.28,9794200,0,-0.9225092250922496,235.874,237.93,228.535,229.25063369460335,254.0390937890395,203.0309062109605,1.4212590214379022,72.58228707159824,13769670.0,1.5389180939460725,-0.9225092250922462,-0.1605679033212181,-0.0092679069307815
2006-11-08,235.18,240.87,234.3,237.5,15930000,0,0.5163365498561001,236.624,237.35,229.7475,230.03628762845065,254.48620257841512,205.0087974215849,1.0550504741884748,71.54428596583905,14002630.0,2.8040973111395617,0.9864784420443886,-2.383888203863549,0.0051500810356613
2006-11-09,238.25,239.74,235.93,236.32,9758400,0,-0.4968421052631622,236.896,236.727,230.8775,230.63473642574107,254.5764681098948,207.1785318901052,1.0581675185158947,57.871720116618064,14006150.0,1.614885771203324,-0.8100734522560364,-2.5685425685425756,-0.0049808046916262
2006-11-10,236.89,237.36,235.14,236.78,5593400,0,0.1946513202437438,237.07200000000003,236.645,232.03399999999996,231.2199996232895,254.41396321901215,209.65403678098775,0.8556921889734785,44.190537495976855,13923570.0,0.9441183975504072,-0.0464350542445798,-0.3451178451178371,0.0019446212004205
2006-11-13,237.45,240.58,237.07,240.52,8683800,0,1.5795252977447438,237.48,236.869,233.516,232.10571394488105,253.8277393072169,213.2042606927831,0.9953471132683698,56.20978120978122,13925820.0,1.4805753574893574,1.2929037692145806,0.9400705052879044,0.0156718061878777
2006-11-14,240.35,244.98,240.25,244.65,14446800,0,1.7171129220023174,239.154,237.514,235.2325,233.3004078548923,252.9238667616402,217.54113323835975,1.1162379370172903,52.36261813090653,14127060.0,1.9687825182101932,1.7890576242979035,2.7078085642317395,0.0170253715637645
2006-11-15,246.72,249.92,245.96,245.96,16741400,0,0.5354588187206133,240.846,238.735,237.0475,234.5060832972835,250.67346727614813,223.42153272385184,0.8245981900545409,55.85307243391691,14362400.0,1.610017889087648,-0.3080415045395553,5.223529411764716,0.0053403033501363
2006-11-16,247.5,248.84,246.28,247.95,10185200,0,0.8090746462839471,243.17199999999997,240.03399999999996,238.7935,235.78645631658983,247.535077058736,230.05192294126397,0.8298933011879633,69.77455101260986,13721310.0,1.039467273022577,0.1818181818181772,5.52860061287026,0.0080581918498739
2006-11-17,246.62,249.83,246.5,249.4,11022000,0,0.5847953216374435,245.696,241.38399999999996,239.7715,237.0829842864385,248.67064312848095,230.87235687151903,0.8284213914660857,70.63845582776541,13107620.0,1.3509127789046704,1.1272402887032686,5.722763883001281,0.0058309203107933
2006-11-20,249.2,249.2,246.32,247.52,10249000,0,-0.7538091419406534,247.096,242.28799999999995,240.128,238.07698578296817,249.67886019824672,230.57713980175325,0.8994233806562373,66.21433542101606,12109620.0,1.1692107827216611,-0.6741573033707778,3.790674270379069,-0.00756664642118
2006-11-21,248.27,255.0,247.92,254.82,16855000,0,2.9492566257272035,249.12999999999997,244.142,241.036,239.6715585655426,252.46660048153905,229.60539951846096,1.0910845737647348,83.34916112693892,12086350.0,2.855759922555668,2.6382567366173855,7.846622651091928,0.0290660267284787
2006-11-22,255.48,256.5,252.89,254.0,9001400,0,-0.3217957774115043,250.738,245.792,241.571,241.03617203549092,254.367739551856,228.774260448144,1.143134793797444,80.51282051282054,11617670.0,1.4274981217130032,-0.57930170659151,6.947368421052635,-0.0032231465346981
2006-11-24,252.25,253.75,252.0,252.5,3465400,0,-0.5905511811023612,251.648,247.41,242.0685,242.127965174968,255.76735169986443,228.36964830013557,1.1541822997642108,76.13350125944586,11087770.0,0.6944444444444444,0.0991080277502477,6.846648612051465,-0.005923018303122
2006-11-27,250.68,250.89,242.38,242.38,14649400,0,-4.0079207920792115,250.244,247.97000000000003,242.30750000000003,242.1519684916377,255.8439239621975,228.7710760378026,1.882173156284928,54.961832061068705,11159840.0,3.5110157603762646,-3.3109940960587245,2.3650646169439904,-0.0409045061750732
2006-11-28,240.56,244.93,238.52,244.75,15595200,0,0.9778034491294774,249.69,248.39300000000003,242.63100000000003,242.39940006386263,256.07105936704215,229.1909406329579,1.8441852624674675,60.729668102356214,11283290.0,2.687405668287773,1.741769205187894,1.758689506070188,0.0097305388702785
2006-11-29,247.12,247.37,241.12,242.32,12630600,0,-0.9928498467824288,247.19,248.16,242.837,242.3918381530186,256.1164373691903,229.55756263080968,1.793244480406435,55.92428711897737,11286280.0,2.5920703384207036,-1.9423761735189429,-0.95238095238096,-0.0099781146916378
2006-11-30,242.1,245.2,240.78,242.4,11155000,0,0.0330141961043306,244.87,247.804,243.26949999999997,242.39261547177873,255.8477409865582,230.69125901344177,1.781048709473819,57.68064679130876,11301400.0,1.8357006395880004,0.1239157372986416,-1.4473898194828472,0.0003300874761775
2006-12-01,242.99,244.2,239.25,240.4,11262800,0,-0.8250825082508295,242.45,247.04900000000004,243.5415,242.20284256970456,255.5871522403264,231.49584775967355,1.7600252208383238,54.40175097276265,11340870.0,2.0689655172413746,-1.065887485081692,-3.0449687436983175,-0.0082850515341069
2006-12-04,241.5,243.72,239.68,242.42,9799800,0,0.8402662229617164,242.458,246.35100000000003,243.8675,242.2235242297327,255.3836577565536,232.3513422434464,1.7759916136494482,52.41116751269033,11340090.0,1.6855807743658178,0.3809523809523757,-2.7987169206094675,0.0083675563813133
2006-12-05,243.7,244.72,242.44,243.5,8206000,0,0.4455077963864351,242.208,245.949,244.11850000000004,242.34509335071053,255.3556925225841,232.881307477416,1.780117397932968,48.41815680880329,11251240.0,0.9404388714733546,-0.0820681165367208,-1.6241111829347177,0.0044451834802785
2006-12-06,243.48,246.2,242.26,244.36,8900600,0,0.3531827515400376,242.616,244.90299999999996,244.5225,242.53698922207144,255.1368475392676,233.90815246073237,1.4336113644146882,47.77158774373259,11206560.0,1.626351853380665,0.3614259898143683,-4.104858331371153,0.0035256052589216
2006-12-07,245.12,245.9,241.21,241.32,9328600,0,-1.2440661319364943,242.4,243.635,244.7135,242.4210854866361,254.92563576301507,234.5013642369849,1.4568663819298688,41.02841677943169,10876490.0,1.9443638323452583,-1.5502610966057488,-4.992125984251972,-0.0125186942090052
2006-12-08,240.97,244.3,240.0,242.06,7949800,0,0.3066467760649782,242.73199999999997,242.591,245.0005,242.38669639267073,254.5184552757788,235.4825447242212,1.4782136093741245,39.87306843267109,10786060.0,1.7916666666666712,0.4523384653691345,-4.134653465346538,0.0030617757378967
2006-12-11,242.46,244.45,241.9,241.96,6526800,0,-0.0413120713872561,242.64,242.549,245.25950000000003,242.3460586409878,254.092880410343,236.42611958965705,0.7669742780406422,41.93267556587348,10832730.0,1.0541546093426966,-0.2062195826115647,-0.1732816238963597,-0.0004132060717442
2006-12-12,241.92,243.18,240.14,240.89,8362000,0,-0.442221854852054,242.118,242.16299999999995,245.27799999999996,242.2073863894651,254.0710441408709,236.48495585912903,0.6904380222083443,25.327665603967475,10816640.0,1.265928208545024,-0.4257605820105825,-1.5771195097037838,-0.0044320254799084
2006-12-13,242.34,242.75,238.51,239.5,9324200,0,-0.5770268587321992,241.146,241.881,245.0205,241.94954006665893,254.18477267623337,235.85622732376663,0.645546460358674,24.826388888888943,10560510.0,1.7777032409542617,-1.1719072377651247,-1.1637504126774445,-0.0057869809078352
2006-12-14,240.12,241.88,238.63,241.06,9497800,0,0.6513569937369512,241.094,241.747,244.7755,241.86482196507237,254.0947036592325,235.4562963407676,0.6894335160236156,30.180180180180244,10198330.0,1.361941080333571,0.3914709312010651,-0.552805280528057,0.0064924483092275
2006-12-15,241.32,242.06,239.92,240.15,10381600,0,-0.3774993777482804,240.712,241.722,244.3855,241.70150558744643,253.79771708878735,234.97328291121264,0.6469817624730346,44.325699745547126,10208150.0,0.891963987996005,-0.4848334162108352,-0.1039933444259566,-0.0037821370493641
2006-12-18,241.26,241.37,230.36,231.4,16033200,0,-3.643556110764101,238.6,240.62,243.4855,240.72040981721344,254.22725027393173,232.74374972606827,1.2583005524033966,24.35651171724939,10458710.0,4.779475603403364,-4.086877227886921,-4.545829552017155,-0.0371159133512571
2006-12-19,230.86,234.66,229.25,234.32,13174000,0,1.2618841832324978,237.286,239.702,242.8255,240.1108469774788,254.1308028544892,231.5201971455108,1.3467290733755224,34.91704374057318,10604960.0,2.359869138495091,1.4987438274278695,-3.7700205338809023,0.0125398877599018
2006-12-20,235.0,235.75,231.16,231.45,8735600,0,-1.2248207579378612,235.676,238.41099999999997,241.657,239.2860044081951,252.56641669530137,230.74758330469865,1.3443389210745569,31.320368474923228,10198990.0,1.9856376535732845,-1.5106382978723454,-5.283188737927658,-0.0123238350421984
2006-12-21,232.09,232.62,226.17,228.1,13906600,0,-1.4473968459710496,233.084,237.089,240.362,238.22067065503367,251.2511555904865,229.47284440951353,1.3577584224751529,29.941291585127203,10444250.0,2.8518371136755616,-1.7191606704295783,-5.47820321564727,-0.0145797381869371
2006-12-22,228.75,229.32,226.36,227.79,7976600,0,-0.1359053046909308,230.612,235.662,239.1265,237.22727344979236,249.82249093611244,228.4305090638875,1.333608818192651,24.73229706390333,10669810.0,1.307651528538602,-0.4196721311475445,-5.895232586961918,-0.0013599773970903
2006-12-26,228.26,229.74,227.3,228.76,4148600,0,0.4258308090785423,230.08399999999995,234.342,238.4455,236.42086645457405,249.97143318519628,226.9195668148037,1.363116973945842,24.445214979195583,10144770.0,1.073471183457984,0.2190484535179181,-5.4554471813523016,0.0042492671538634
2006-12-27,230.0,234.04,229.55,234.02,8463000,0,2.2993530337471757,230.02399999999997,233.65500000000003,237.90899999999996,236.19221250651935,249.19574658265995,226.62225341734,1.6358312128452734,34.44645006016849,9788160.0,1.9560008712698675,1.7478260869565263,-2.8519241147411556,0.0227331627436965
2006-12-28,233.56,234.29,231.12,231.28,6232400,0,-1.1708400991368273,229.99,232.83300000000003,237.35699999999997,235.72438274399371,248.81399712656105,225.90000287343892,1.6585612917938073,34.760170006071675,9468250.0,1.3715818622360625,-0.9761945538619632,-3.4321503131524045,-0.0117774840827212
2006-12-29,231.05,232.24,229.93,230.24,5118400,0,-0.4496713939813213,230.41800000000003,231.751,236.749,235.20206057789903,248.3686274965262,225.12937250347383,1.6218610755973708,32.22021660649821,9166420.0,1.0046535902231124,-0.3505734689461165,-4.488509084875137,-0.0045068545690329
2007-01-03,233.0,238.33,230.56,233.8,15413000,0,1.546212647671985,231.62,231.11600000000004,236.419,235.06853099905152,247.9767595716437,224.86124042835633,1.74065954874674,38.882833787465955,9373930.0,3.3700555170020867,0.3433476394849834,-2.6441807203830936,0.0153438058989102
2007-01-04,234.5,241.98,234.18,241.63,15775200,0,3.3490162532078704,234.194,232.139,236.37949999999995,235.69343280866565,247.856019690684,224.90298030931592,1.6285837419818705,50.851357570179495,9672700.0,3.330771201639757,3.0405117270788895,4.420916162489186,0.0329415814993946
2007-01-05,241.25,243.75,239.06,243.6,13744200,0,0.8152961138931492,236.11,233.067,236.38449999999995,236.4464392078403,247.87416121071345,224.8948387892865,1.6097193517513042,54.654859218891914,9949610.0,1.961850581443988,0.9740932642487022,3.960396039603964,0.0081199052983793
2007-01-08,243.84,244.94,241.1,241.79,9508800,0,-0.7430213464696189,238.212,234.10100000000003,236.256,236.9553497594746,247.42304814221995,225.08895185778005,1.5621682959790264,50.82411379543914,9980020.0,1.5927001244296983,-0.8407152230971175,4.467487578310658,-0.0074579550032223
2007-01-09,242.72,244.12,240.6,242.75,10762800,0,0.3970387526365915,240.714,235.56600000000003,236.3275,237.5072212109532,247.6483217574207,225.00667824257937,1.4153887642845182,52.93188994136219,10051730.0,1.463009143807153,0.0123599208965067,6.422621657167915,0.0039625263389147
2007-01-10,242.22,246.78,241.02,244.73,11937000,0,0.8156539649845529,242.9,237.26000000000005,236.46099999999996,238.19510490514813,248.1242466365671,224.7977533634328,1.3896801772324832,67.74021825924939,10251090.0,2.3898431665421915,1.0362480389728308,7.436674129680854,0.008123454863476
2007-01-11,248.6,250.88,248.09,249.86,14416400,0,2.096187635353264,244.546,239.37,236.856,239.306047295134,249.7712906522351,223.94070934776488,1.448405040137432,69.53242835595779,10645570.0,1.1245918819783112,0.5068382944489217,9.223640496590324,0.020745198968773
2007-01-12,251.0,252.5,250.0,252.5,8947400,0,1.056591691347153,246.326,241.218,237.4365,240.56261421940695,252.0475589334938,222.82544106650624,1.3655138277434375,76.61188369152971,10674840.0,1.0,0.5976095617529881,7.896760960601656,0.0105104877117313
2007-01-16,253.78,256.5,251.65,252.14,15137800,0,-0.1425742574257427,248.396,243.304,238.06850000000003,241.66522238898727,254.0815923736971,222.05540762630295,1.235551484532314,82.87746170678332,10965520.0,1.9272799523147208,-0.6462290172590491,9.019370460048414,-0.0014267599122911
2007-01-17,251.7,253.88,247.19,248.64,13398200,0,-1.3881177123820088,249.574,245.144,238.4475,242.32948692336944,255.1045710447428,221.7904289552572,1.3750323915052751,76.2264150943396,11160540.0,2.7064201626279374,-1.2157330154946375,7.991660875608053,-0.0139784216238406
2007-01-18,247.26,248.24,243.72,243.92,11864000,0,-1.8983268983268964,249.412,246.156,238.636,242.480964359239,255.45869569737417,221.81330430262588,1.578250362906892,67.42528735632183,11234660.0,1.8545872312489784,-1.350804820836368,4.328485885372113,-0.0191657644992832
2007-01-19,243.99,245.38,243.37,244.88,9956600,0,0.3935716628402863,248.416,246.481,239.31,242.7094439440734,255.99158139670436,222.62841860329564,1.2045841002671231,63.85204081632651,10930830.0,0.825902946131401,0.364769047911794,1.3450316599759926,0.0039279919571578
2007-01-22,246.25,246.32,239.25,240.42,10808600,0,-1.8213002286834423,246.0,246.16299999999995,239.615,242.49140166368545,256.1347075289559,223.09529247104413,1.3231245862462742,61.168132942326466,10812560.0,2.9550679205851593,-2.367512690355335,-1.305418719211826,-0.0183809007610489
2007-01-23,240.4,242.38,238.64,239.52,9331000,0,-0.3743448964312335,243.47599999999997,245.936,240.0185,242.20841102904873,256.0865399027363,223.9504600972637,1.309003030810999,61.378126532614026,10842330.0,1.5672142138786496,-0.3660565723793658,-0.9388312171719204,-0.0037504732047898
2007-01-24,242.22,249.77,241.64,249.54,12118600,0,4.183366733466931,243.656,246.61499999999995,241.09049999999996,242.90665759771076,256.6636800153216,225.51731998467835,1.88521128706188,66.65961049957662,10752930.0,3.364509187220669,3.0220460738171884,2.797116374871256,0.040982302311557
2007-01-25,250.5,252.25,242.83,244.04,12737000,0,-2.2040554620501696,243.68,246.54599999999996,241.90299999999996,243.01459496935735,256.197509950921,227.60849004907888,2.0284322536958084,52.683144065909595,10990950.0,3.8792570934398496,-2.578842315369265,-0.2819433661586212,-0.0222870766992235
2007-01-26,245.46,248.95,243.52,247.92,10993000,0,1.5899032945418723,244.288,246.352,242.86099999999996,243.4817764008471,255.9653775731275,229.7566224268724,1.9756565593678443,54.61341307133703,11333170.0,2.22979632063074,1.002199951112189,-0.7764348034899671,0.015773967195841
2007-01-29,249.0,249.38,245.25,246.24,9551400,0,-0.6776379477250627,245.452,245.72600000000003,243.47200000000004,243.7444643626712,255.9660433807532,230.97795661924687,1.942537873144579,54.76547440565434,11387590.0,1.6839959225280303,-1.1084337349397555,-2.4792079207920703,-0.0067994433889236
2007-01-30,247.0,249.0,245.61,247.16,8361000,0,0.3736192332683519,246.98,245.228,244.266,244.06975347098825,255.44707498833992,233.08492501166012,1.9520709058847088,54.726688102893895,11494020.0,1.380236961035783,0.0647773279352213,-1.97509320218926,0.0037292301022096
2007-01-31,248.24,252.5,247.76,250.75,24412200,0,1.452500404596213,247.22200000000004,245.439,245.2915,244.70596742613225,254.6735506680036,235.90944933199637,1.9637570378902875,56.237049316203915,12458710.0,1.9131417500807273,1.0111182726393777,0.8486164736164703,0.0144205266492661
2007-02-01,253.0,253.0,240.76,240.88,31317400,0,-3.936191425722835,246.59,245.135,245.6455,244.3415895760244,253.6324511342688,237.6585488657312,2.275384371008143,41.52830188679243,13253930.0,5.083900980229278,-4.7905138339920965,-1.246310265660866,-0.0401575426685665
2007-02-02,241.3,242.5,238.9,240.75,12573000,0,-0.053968781135838,245.156,244.72200000000004,245.60150000000004,243.9995334259268,253.69063572900413,237.51236427099596,2.2689449801216828,38.36403248167953,13093820.0,1.5069066555043926,-0.2279320348114427,-1.6865403462920647,-0.0005398334952434
2007-02-05,238.75,239.0,233.1,233.58,14413800,0,-2.9781931464174405,242.62399999999997,244.038,245.1005,243.00719690917188,254.7937151528863,235.40728484711371,2.390071423362383,33.80453752181501,13127300.0,2.5311025311025337,-2.165445026178005,-2.845021212877452,-0.0302344198278155
2007-02-06,234.05,236.65,233.63,235.74,10643800,0,0.9247367069098456,240.34,243.66000000000005,244.798,242.31508291782217,255.27234881785205,234.32365118214796,2.4184529860841963,38.47390993566833,13184050.0,1.2926422120446903,0.7220679342020925,-1.5781563126252562,0.0092048719480041
2007-02-07,236.91,237.18,234.39,235.0,8239600,0,-0.3139051497412448,237.19,242.20600000000005,244.4105,241.6184083542201,255.74220024870317,233.07879975129688,1.886297445974163,41.419776837245095,13057890.0,1.1903238192755752,-0.8062133299565221,-5.82672116694718,-0.0031439886542644
2007-02-08,234.02,236.88,232.58,235.52,8153400,0,0.2212765957446905,236.118,241.35400000000004,243.94999999999996,241.03760755858005,255.95555134752405,231.94444865247587,1.8089461869363908,40.91967403958091,12868710.0,1.848826210336221,0.640970857191693,-3.491230945746593,0.0022103213963525
2007-02-09,235.82,236.34,230.75,230.94,9717200,0,-1.9446331521739135,234.156,239.656,243.004,240.07593064823908,255.99036272565365,230.01763727434633,1.7337536487720495,40.82462253193961,12633750.0,2.4225352112676073,-2.069374946993468,-6.848983543078413,-0.0196378990168016
2007-02-12,230.34,231.2,227.51,229.14,11509000,0,-0.7794232268121593,233.26799999999997,237.946,241.836,239.0344134436449,255.41476577602472,228.2572342239753,1.7339506464802026,40.12557077625568,12761830.0,1.621906729374532,-0.5209690023443678,-6.9444444444444535,-0.0078247660582299
2007-02-13,229.58,231.39,228.63,229.55,8125200,0,0.1789299118442944,232.03000000000003,236.185,240.70649999999995,238.13113597282157,254.43374264105697,226.97925735894293,1.721562654707982,26.728754365541363,12411200.0,1.207190657394039,-0.013067340360659,-7.124939310568045,0.0017877002297512
2007-02-14,230.0,234.56,229.61,232.96,11397600,0,1.4855151383140974,231.622,234.406,239.9225,237.63864683255284,253.5324914923261,226.31250850767387,1.7262233157411664,36.44150758688206,12311170.0,2.1558294499368444,1.286956521739134,-7.094715852442668,0.0147458943130901
2007-02-15,233.0,233.06,230.36,230.74,8084800,0,-0.952953296703296,230.666,233.392,239.2635,236.9816328485002,253.32729491348468,225.19970508651537,1.3181029806490432,28.086734693877588,12122210.0,1.1720784858482325,-0.9699570815450604,-4.209564928595144,-0.0095752295091775
2007-02-16,231.4,235.08,231.03,234.97,12354000,0,1.8332322094131823,231.472,232.814,238.76799999999997,236.79004876769065,252.6962576837664,224.83974231623355,1.499194067872776,36.50299401197604,12242080.0,1.753019088430079,1.5427830596369894,-2.400830737279336,0.0181663109213701
2007-02-20,234.24,236.38,232.36,236.05,8135200,0,0.4596331446567792,232.854,233.061,238.5495,236.7195679326725,252.5057194775447,224.5932805224553,1.1540693773458748,36.745406824147025,12108410.0,1.7300740230676457,0.7727117486338807,1.057453549105225,0.004585800571782
2007-02-21,234.92,239.34,233.87,237.93,11281200,0,0.7964414319000301,234.53000000000003,233.27999999999997,238.47000000000003,236.83484717717988,252.4210557985721,224.51894420142796,1.1446961518141363,34.05472636815922,12205920.0,2.338906229956813,1.2812872467222969,0.9289895647747404,0.0079328657710422
2007-02-22,239.34,242.12,237.2,237.92,11487800,0,-0.0042029168242807,235.522,233.57200000000003,237.88900000000004,236.9381950650675,250.8302289337576,224.9477710662425,1.1364612110357395,45.12195121951219,12174380.0,2.074198988195622,-0.5932982368179226,1.2425531914893595,-4.203005149304742e-05
2007-02-23,237.88,238.48,233.9,235.31,7765200,0,-1.097007397444516,236.436,233.551,237.4525,236.7831288683944,250.10588710635585,224.7991128936442,1.19933753609999,41.712370505789174,11925790.0,1.9581017528858415,-1.0803766605010905,-0.0891644021739135,-0.0110306889440558
2007-02-26,236.42,237.62,231.88,232.46,7939800,0,-1.2111682461433793,235.93400000000003,233.70300000000003,236.6795,236.3714023094997,248.5020466577137,224.85695334228637,1.0842722794067816,48.03508771929824,11773130.0,2.475418319820601,-1.674985195837907,0.6581796137524965,-0.0121856265522271
2007-02-27,227.5,229.9,223.58,224.38,18625600,0,-3.475866815796269,233.6,233.227,235.58649999999997,235.22936399430927,247.7251850497479,223.44781495025205,1.553141622083315,33.497966298663584,12226840.0,2.8267286877180395,-1.3714285714285734,-2.0773326350702614,-0.0353771240987433
2007-02-28,225.2,226.84,221.52,224.72,16064600,0,0.1515286567430163,230.958,232.744,234.4645,234.22847218532743,246.24189757689877,222.6871024231012,1.552425282304969,34.89124044679603,12612020.0,2.401589021307328,-0.2131438721136722,-2.104116750163365,0.0015141396791695
2007-03-01,221.34,226.21,220.0,224.12,17370400,0,-0.2669989320042698,228.198,231.86000000000004,233.133,233.26576054862957,243.02921958655892,223.23678041344104,1.435324625883375,33.28445747800589,12259930.0,2.8227272727272763,1.255986265473932,-3.79464285714286,-0.0026735600989044
2007-03-02,222.56,224.35,219.34,219.34,13167200,0,-2.1327860074959792,225.004,230.71999999999997,232.056,231.9394976392363,243.03180381902905,221.08019618097092,1.5331121310755316,33.090379008746396,11352420.0,2.2841251025804645,-1.4468008626887126,-4.940625812602928,-0.0215585853650209
2007-03-05,218.51,222.75,218.5,220.48,12710200,0,0.5197410413057213,222.608,229.271,231.04249999999996,230.84811691168997,242.3757187558764,219.70928124412353,1.3577407875282026,37.12841854934603,11359280.0,1.9450800915331807,0.9015605693103286,-6.166744690811599,0.0051839504932307
2007-03-06,223.74,229.5,223.69,228.78,15067400,0,3.7645137880987,223.488,228.544,230.8025,230.65115339629097,242.1127354668644,219.4922645331356,1.9321082976266433,49.07295930652539,11391960.0,2.597344539317807,2.25261464199517,-3.0798559627197686,0.0369538552722336
2007-03-07,231.34,231.57,227.14,227.82,13068200,0,-0.4196170993968073,224.108,227.533,230.4065,230.38151973950133,241.5420935251796,219.2709064748204,1.893626019342812,43.423746161719535,11513180.0,1.9503389979748205,-1.521569983573965,-4.249148909343092,-0.0042049996257614
2007-03-08,229.61,232.75,227.05,227.36,10725600,0,-0.2019137915898472,224.756,226.477,230.0245,230.09375595478693,241.01989898991823,219.02910101008172,1.8898634134230088,45.47159699892819,11637480.0,2.5104602510460197,-0.9799224772440224,-4.438466711499656,-0.0020211791229754
2007-03-09,229.0,229.2,225.05,226.48,9955400,0,-0.3870513722730617,226.18400000000003,225.594,229.57250000000005,229.7495887209977,240.3579304747861,218.78706952521404,1.8755939640961363,37.5036797173977,11727580.0,1.8440346589646643,-1.1004366812227118,-3.752496706472319,-0.0038780235451464
2007-03-12,226.28,227.62,225.56,227.38,6930800,0,0.3973860826563147,227.564,225.086,229.3945,229.52391360471225,240.20238693501773,218.58661306498232,1.8639938025748477,37.170760580053255,11588260.0,0.913282496896614,0.4861233869542135,-2.18532220597093,0.0039659858973164
2007-03-13,225.06,225.96,221.42,221.52,12754600,0,-2.577183569355257,226.112,224.8,229.01349999999996,228.76163611854915,240.3818702947265,217.64512970527343,1.7035378020547989,28.276409849086576,11650540.0,2.0504019510432756,-1.5729138896294286,-1.2746234067207318,-0.026109747838254
2007-03-14,221.62,224.33,219.5,224.0,16033800,0,1.119537739256038,225.348,224.728,228.736,228.3081469644016,240.31816850889967,217.15383149110036,1.7473208742705129,32.7037773359841,12045970.0,2.200455580865609,1.0739102969046097,-0.3203987184051238,0.0111331729923333
2007-03-15,223.93,224.91,221.97,223.1,7888400,0,-0.4017857142857184,224.496,224.62600000000003,228.243,227.8121329677919,239.9072307030881,216.57876929691196,1.7499691596272058,34.155203737347506,11870510.0,1.3245033112582771,-0.3706515428928739,-0.4551133321434975,-0.004025950416553
2007-03-16,222.82,223.35,219.94,220.42,11318200,0,-1.2012550425818058,223.284,224.734,227.727,227.1081203041927,239.83090993809844,215.62309006190156,1.6475049265380637,34.306569343065675,12032180.0,1.550422842593433,-1.077102594022083,0.4923862496580611,-0.0120852841750909
2007-03-19,221.62,224.25,220.32,223.62,10395400,0,1.4517738862172225,222.532,225.048,227.15950000000004,226.7759183704601,238.8921561357659,215.42684386423417,1.7017948145023207,48.86499402628437,11934250.0,1.783769063180831,0.902445627650934,1.4241654571843343,0.0144133654558261
2007-03-20,222.9,223.8,221.8,222.64,6843000,0,-0.4382434487076425,222.756,224.43400000000003,226.489,226.3820213827972,237.59855757327028,215.37944242672967,1.1361376342717284,46.9519343493552,11869640.0,0.9017132551848512,-0.1166442350830055,-2.683801031558708,-0.0043920655015868
2007-03-21,222.65,228.28,222.6,228.28,11596600,0,2.533237513474673,223.612,224.47999999999996,226.0065,226.56278125110225,235.78198873459135,216.23101126540865,1.4359086498823257,55.31154239019406,11885410.0,2.551662174303687,2.5286323826633708,0.2019137915898472,0.025016828450872
2007-03-22,227.8,231.08,226.26,231.02,11361400,0,1.200280357455763,225.196,224.846,225.6615,226.9872782748068,234.05616064641944,217.26683935358056,1.4786330735510986,65.73275862068964,11879090.0,2.1302925837532136,1.4135206321334497,1.6097818437719846,0.0119313411920269
2007-03-23,230.72,231.7,228.54,230.92,8222600,0,-0.0432862955588309,227.296,225.29,225.442,227.36182320101565,232.958000056029,217.92599994397105,1.4682111714520285,64.46784922394674,11901960.0,1.3826901198914836,0.0866851595006885,1.9604380077711037,-0.0004329566678014
2007-03-26,230.28,232.5,227.81,232.5,9420600,0,0.6842196431664727,229.07200000000003,225.802,225.444,227.8511733723475,232.96788029788917,217.92011970211087,1.4751932189880084,56.33514986376019,11976000.0,2.058733154822,0.964043772798332,2.2517371800510277,0.0068188948346782
2007-03-27,231.78,232.62,230.17,231.81,7482400,0,-0.2967741935483881,230.906,226.831,225.8155,228.22820447974297,233.83554455953737,217.79545544046263,1.1279524852408152,56.85802681333791,11418840.0,1.064430638223929,0.0129433083096044,4.645178764897073,-0.0029721544138088
2007-03-28,230.94,232.72,230.08,230.94,9183200,0,-0.3753073637893123,231.438,227.525,226.1265,228.48647071976745,234.44453690150863,217.80846309849136,1.1299993532583517,56.06779661016944,11074770.0,1.1474269819193263,0.0,3.0982142857142847,-0.0037601340898924
2007-03-29,232.28,233.0,227.5,230.46,7977000,0,-0.2078461938165743,231.32599999999996,228.261,226.4435,228.6744258893134,234.92126851226143,217.96573148773857,1.1180018178274649,56.8384879725086,10605100.0,2.417582417582418,-0.7835371103840163,3.298969072164959,-0.0020806249378413
2007-03-30,231.05,231.7,228.07,229.08,6760400,0,-0.5988023952095745,230.958,229.127,226.9305,228.71305199509308,234.78634187589537,219.07465812410464,1.039774032510705,52.87356321839083,10284760.0,1.591616608935851,-0.8526293010170953,3.928863079575362,-0.0060060240602118
2007-04-02,228.88,229.26,226.06,229.26,6897000,0,0.0785751702461867,230.31,229.69099999999997,227.3695,228.7651422812747,234.6691884576721,220.06981154232793,0.9726119100520452,66.19246861924677,9994100.0,1.4155533929045334,0.1660258650821371,2.5221357660316635,0.0007854431612068
2007-04-03,232.02,237.12,232.0,236.3,13003600,0,3.0707493675303343,231.208,231.057,227.7455,229.48274777829616,236.05583212333443,219.43516787666556,1.2797616288738187,71.6092761770906,9890910.0,2.2068965517241397,1.8446685630549091,6.135465325188649,0.0302454535059987
2007-04-04,236.07,236.5,234.79,235.51,7557600,0,-0.3343207786711932,232.122,231.78000000000003,228.12999999999997,230.0567717994108,237.1372228327059,219.12277716729403,1.1095144884724877,71.88712522045847,9615380.0,0.7283104050428076,-0.2372177743889534,3.167163132994566,-0.0033488087929003
2007-04-05,235.65,236.04,234.81,235.76,5431600,0,0.1061526049849215,233.18199999999996,232.254,228.55,230.5999363899431,238.1686638748304,218.9313361251696,1.0659060255564767,79.59104938271594,9350680.0,0.5238277756483922,0.0466793974114089,2.0517704094883404,0.0010609630294772
2007-04-09,236.49,236.5,232.8,234.1,6124200,0,-0.7041058703766478,234.186,232.57199999999995,228.931,230.9332757813771,238.80470969585497,219.05729030414503,1.1030749433872562,71.49302707136988,9159120.0,1.5893470790377957,-1.010613556598594,1.3771002944742872,-0.0070659639325741
2007-04-10,233.54,235.4,232.58,233.25,5958600,0,-0.3630926954293012,234.984,232.647,229.2245,231.1539161831507,239.25186776081597,219.197132239184,1.0955937601402197,71.87628865979379,9110510.0,1.2124860263135235,-0.1241757300676509,0.3225806451612856,-0.0036375347694118
2007-04-11,233.03,234.7,231.3,232.26,7624000,0,-0.4244372990353739,234.176,232.692,229.7615,231.2592574990411,239.18365815037367,220.33934184962635,1.1006540501392446,60.15306122448974,8853980.0,1.4699524427150787,-0.3304295584259581,0.1941244985117052,-0.0042534059098415
2007-04-12,232.0,234.0,231.12,233.7,5415800,0,0.6199948333763805,233.814,232.968,230.24650000000003,231.49170916579908,239.41513595434375,221.0778640456563,1.1054485798946974,57.32240437158462,8323080.0,1.2461059190031134,0.7327586206896503,1.1951156144452968,0.0061808077272004
2007-04-13,234.22,234.38,231.68,233.14,5589600,0,-0.2396234488660664,233.29,233.23599999999996,230.7485,231.64868924524677,239.35159925795537,222.1454007420446,1.1065545335454647,55.916844349680154,8208140.0,1.165400552486183,-0.4611049440696834,1.1628916080881568,-0.0023991100531259
2007-04-16,234.23,238.5,234.08,237.14,10155800,0,1.715707300334568,233.898,234.042,231.5845,232.1716712218899,239.1483850362914,224.0206149637086,1.1789327785728758,60.95372993389987,8150020.0,1.8882433356117512,1.2423686120479858,3.5184215121354834,0.0170115525382382
2007-04-17,236.9,238.2,235.8,236.4,6420200,0,-0.3120519524331566,234.52799999999996,234.756,232.22349999999997,232.57436920075756,239.08065999215583,225.36634000784412,1.1953765008604122,60.810174281676886,7951260.0,1.017811704834596,-0.2110595187842971,3.1143679665009305,-0.0031253984979812
2007-04-18,235.63,239.95,234.76,238.0,11341000,0,0.6768189509306133,235.676,234.926,232.9915,233.09109594354257,238.66834224678348,227.31465775321652,0.7315734742536776,66.07468123861568,8176160.0,2.2107684443687163,1.0058142002291748,0.7194244604316502,0.0067453881395314
2007-04-19,237.25,240.98,234.8,235.82,22019200,0,-0.915966386554623,236.1,234.957,233.3685,233.35099156796707,238.72004980013145,228.01695019986855,0.7885567220214563,61.327134404057446,8697290.0,2.6320272572401953,-0.6027397260274001,0.1316292301813071,-0.0092018715229474
2007-04-20,245.26,246.25,241.01,241.24,24323000,0,2.29836315834111,237.71999999999997,235.505,233.8795,234.10232570435116,240.15825775512147,227.60074224487855,1.0706766043951543,71.9494584837545,9345370.0,2.17418364383221,-1.6390768979858037,2.3243976925687138,0.0227234864342587
2007-04-23,240.05,242.5,239.13,239.54,11349200,0,-0.7046924224838436,238.2,236.04900000000004,234.3105,234.62019944679392,240.9091552856682,227.7118447143318,1.0707337924139977,67.59069130732371,9501700.0,1.4092752895914376,-0.2124557383878439,2.323793250747541,-0.0070718710634254
2007-04-24,239.3,239.99,237.78,238.76,7389400,0,-0.3256241128830273,238.67199999999997,236.6,234.6235,235.0144661661469,241.45048137810352,227.7965186218965,1.0684710872306484,55.35714285714281,9400140.0,0.9294305660694792,-0.2256581696615212,2.3622722400857388,-0.0032615542189116
2007-04-25,240.0,240.68,238.06,239.0,7933600,0,0.1005193499748813,238.872,237.27399999999997,234.983,235.39404081699004,241.94212305426055,228.02387694573943,1.0448978021423043,57.78670236501563,9422700.0,1.1005628833067314,-0.4166666666666667,2.9019202617756035,0.0010046886310616
2007-04-26,239.05,242.22,238.56,240.59,8249800,0,0.6652719665271922,239.826,237.963,235.4655,235.8888940725148,242.5807333985555,228.3502666014445,1.0465768781322908,60.1684210526316,9376030.0,1.5342052313883283,0.6442166910688106,2.9482242190842944,0.0066306879855451
2007-04-27,240.04,241.2,239.16,239.5,5851400,0,-0.4530529115923332,239.478,238.599,235.9175,236.23280892275147,242.83980833116453,228.9951916688355,1.0607904020132528,61.64797238999137,9269750.0,0.8529854490717479,-0.2249625062489552,2.7279746075319578,-0.0045408230660858
2007-04-30,239.58,240.68,235.69,235.69,7282400,0,-1.590814196242174,238.708,238.454,236.248,236.1811128348704,242.382079435942,230.113920564058,1.0768622290428198,54.66717674062738,9295850.0,2.1171878314735495,-1.6236747641706382,-0.6114531500379439,-0.0160360346226735
2007-05-01,236.1,236.4,232.08,234.5,7316400,0,-0.5049005049005073,237.856,238.26400000000004,236.51,236.02100685059705,241.77314694736947,231.2468530526305,1.083660102641998,54.25208807896736,9316820.0,1.8614270941054776,-0.6776789495976258,-0.8037225042301199,-0.0050617943419623
2007-05-02,234.32,235.54,232.86,232.89,6125400,0,-0.6865671641791082,236.634,237.753,236.3395,235.72281572196871,241.84657286850992,230.83242713149005,1.0640938617345728,48.47227461335345,8972910.0,1.1509061238512317,-0.6102765448958718,-2.147058823529413,-0.0068893488006354
2007-05-03,233.11,237.04,232.64,236.62,7188400,0,1.6016144961140455,235.84,237.833,236.39500000000004,235.808261843686,241.88923238258224,230.9007676174178,1.1713805686033265,55.86253369272239,8954450.0,1.8913342503438817,1.5057269100424653,0.3392417945891068,0.015889239739818
2007-05-04,235.06,237.42,232.94,235.56,7900000,0,-0.4479756571718396,235.052,237.265,236.385,235.78461785857303,241.88482392063833,230.88517607936168,0.864929987706874,47.04562453253556,9077870.0,1.9232420365759375,0.2127116480898493,-2.354501741004811,-0.0044898207491467
2007-05-07,236.07,236.41,233.24,233.64,6040200,0,-0.8150789607743292,234.642,236.675,236.362,235.58036853870897,241.90573083573491,230.81826916426508,0.8722691028197239,45.05730659025786,9073670.0,1.3591150746012637,-1.029355699580636,-2.463054187192115,-0.0081841889042614
2007-05-08,233.06,234.08,232.36,233.4,5810200,0,-0.1027221366204367,234.42199999999997,236.139,236.36949999999996,235.3727143921652,241.89588256101192,230.843117438988,0.8728465104341284,41.340361445783174,9066250.0,0.7402306765364085,0.1458851797820318,-2.244932149438761,-0.0010277493196529
2007-05-09,233.08,235.86,231.94,234.62,7779800,0,0.5227077977720596,234.76800000000003,235.701,236.48749999999995,235.3010273071971,241.7383360236727,231.2366639763272,0.900040321358311,47.65625000000003,9074040.0,1.6900922652410173,0.6607173502659996,-1.8326359832635977,0.0052134642251186
2007-05-10,233.52,234.74,230.51,230.74,7372600,0,-1.6537379592532542,233.592,234.716,236.3395,234.8666437541307,242.06642799069945,230.61257200930052,0.9548094434093276,28.179551122194567,9171880.0,1.8350613856231912,-1.190476190476191,-4.094101999251832,-0.0166756485784305
2007-05-11,230.92,233.5,230.5,233.37,5888200,0,1.1398110427320862,233.154,234.103,236.35100000000003,234.72410625373732,242.05174011816607,230.650259881834,1.0729509645308388,37.655062024809965,9186810.0,1.3015184381778742,1.060973497315095,-2.5594989561586567,0.0113336413876488
2007-05-14,232.74,233.76,230.0,230.89,7745400,0,-1.0626901486909257,232.604,233.623,236.03849999999997,234.3589532771909,242.22191508435213,229.8550849156478,1.01103814585584,35.25665043087301,9066290.0,1.6347826086956485,-0.7948784050872315,-2.0365734651448975,-0.0106837702558802
2007-05-15,230.98,231.27,228.7,229.0,8238000,0,-0.8185716141885679,231.724,233.073,235.6685,233.84857677460127,242.60105106080417,228.73594893919585,1.0262668228377752,32.35709244883559,9157180.0,1.123742894621785,-0.8572170750714304,-2.3454157782516027,-0.0082194030766724
2007-05-16,231.0,236.57,229.51,236.3,13108400,0,3.1877729257641985,232.06,233.414,235.5835,234.08204565321068,242.436922579468,228.730077420532,1.4707769802538977,43.70044052863438,9245550.0,3.0761186876388837,2.294372294372299,1.4642105715144682,0.0313801806386225
2007-05-17,236.23,237.61,235.4,235.48,9321200,0,-0.3470165044435092,233.008,233.3,235.5665,234.21518416242873,242.41913921497817,228.71386078502184,1.3843857615329762,44.04973357015985,8610650.0,0.9388275276125776,-0.3174871946831478,-0.4817851407319828,-0.0034762000328015
2007-05-18,236.02,236.35,234.88,235.16,7391800,0,-0.1358926448105979,233.366,233.26,235.2625,234.3051666231498,241.5734257807913,228.95157421920868,1.3776619141285409,49.12512380323539,7764090.0,0.6258514986376017,-0.3643759003474339,-0.1698081168279852,-0.0013598506260064
2007-05-21,234.76,239.6,233.36,235.3,12318600,0,0.0595339343425704,234.248,233.426,235.0505,234.3999126590403,241.03271038185397,229.06828961814605,1.3482172807267825,51.367989056087566,7812560.0,2.673980116558099,0.2300221502811469,0.7104947782913928,0.0005951621992625
2007-05-22,236.5,239.5,236.5,237.93,7678000,0,1.117722056948578,236.034,233.879,235.00899999999996,234.7361114534174,240.8935771658788,229.12442283412113,1.3846931976551509,58.327825512227385,7826990.0,1.2684989429175475,0.6046511627907006,1.940874035989726,0.0111152170300211
2007-05-23,240.41,241.7,236.88,236.98,10120400,0,-0.3992770983062277,236.17,234.11499999999995,234.908,234.9498151245205,240.56926115762792,229.24673884237205,1.3915675313647415,50.65502183406111,7936330.0,2.0347855454238406,-1.4267293373819754,1.0058818515045642,-0.004000763374744
2007-05-24,237.58,239.6,235.75,237.16,8347200,0,0.0759557768588159,236.506,234.757,234.7365,235.16030892218524,239.85478620578607,229.6182137942139,1.248270629955296,53.007518796992464,7941200.0,1.6330858960763497,-0.1767825574543378,2.782352431307955,0.0007592694505731
2007-05-25,239.85,242.48,238.64,241.76,10697000,0,1.9396188227357003,237.82599999999996,235.596,234.8495,235.78885092959615,240.48432209125804,229.21467790874192,1.3321632983102265,63.86612021857923,8183480.0,1.6091183372443862,0.7963310402334778,3.5951493336761287,0.0192104796852624
2007-05-29,242.5,245.9,242.0,243.56,10436000,0,0.7445400397088076,239.478,236.86299999999997,235.243,236.52896036487277,242.09309135552783,228.39290864447213,1.2366148406979494,66.47211413748374,8341160.0,1.6115702479338867,0.4371134020618566,5.4874615617826805,0.0074178202159439
2007-05-30,242.25,249.42,241.5,249.3,14491600,0,2.3567088191821295,241.752,238.89299999999997,235.983,237.74524985393248,245.2620995479725,226.7039004520275,1.2558279081537556,70.75791855203616,8699920.0,3.279503105590057,2.9102167182662586,8.864628820960707,0.0232936717891388
2007-05-31,250.28,254.39,248.53,248.96,17848600,0,-0.1363818692338592,244.148,240.159,236.7865,238.8133212964151,247.59494362914205,225.97805637085793,0.9810969581109986,78.62979258328089,9286080.0,2.3578642417414337,-0.5274093015822252,5.357596275920429,-0.0013647495394854
2007-06-01,250.5,252.51,248.96,250.2,9598000,0,0.4980719794344335,246.756,241.631,237.46549999999996,239.8977668872327,249.82485694972263,225.1061430502773,0.9325916209920324,77.65363128491612,9406560.0,1.4259318766066769,-0.1197604790419206,6.2510616612875936,0.0049683570427838
2007-06-04,248.96,255.26,248.8,253.54,14202000,0,1.334932054356508,249.112,243.469,238.3645,241.1970271836867,252.61175048266935,224.11724951733063,0.9173829054130388,86.19367209971232,9721660.0,2.5964630225080305,1.839652956298194,7.815955094403804,0.0132610034777697
2007-06-05,254.88,259.5,253.3,259.42,20894200,0,2.319160684704591,252.284,245.881,239.6535,242.932548404288,256.52426234511637,222.7827376548836,1.0004407951491892,93.1122448979591,10464360.0,2.4476904855902046,1.7812303829253064,10.250743731406708,0.0229267684019464
2007-06-06,258.38,260.39,257.63,259.12,15773400,0,-0.1156425873101607,254.248,248.0,240.9395,244.4742104610225,259.62650587095715,222.25249412904287,1.0567179538750773,90.3465346534652,10962520.0,1.0713038077863568,0.2863998761514084,8.905980750640952,-0.0011570950494532
2007-06-07,259.88,263.25,256.26,257.53,21261000,0,-0.613615313368332,255.962,250.055,242.08500000000004,245.71761898854416,261.9147230386511,222.25527696134895,1.0868815168285852,87.95180722891551,11636580.0,2.7276984312807344,-0.9042635062336551,8.671617858047087,-0.0061550566910776
2007-06-08,258.1,259.82,254.73,257.74,12716400,0,0.0815438977983307,257.47,252.113,243.435,246.86260765630183,263.6845229313558,223.1854770686442,1.0864461997056527,89.01174844505857,11903770.0,1.9981941663722385,-0.1394808213870645,8.677685950413228,0.0008151066882489
2007-06-11,257.01,259.12,255.0,255.67,9295400,0,-0.8031349421898093,257.896,253.504,244.55,247.70140692713025,264.92145371140526,224.17854628859476,1.1238154902083837,82.99319727891137,12074130.0,1.6156862745098055,-0.5213804910314787,5.753639973527469,-0.0080637744364421
2007-06-12,254.36,255.84,251.58,252.38,12839000,0,-1.2868150350060614,256.48799999999994,254.386,245.62450000000004,248.1469872197845,265.2142604563451,226.034739543655,1.2630461347222712,72.91468442752921,12328810.0,1.693298354400187,-0.778424280547263,3.621284283133508,-0.0129516621990384
2007-06-13,253.54,254.27,249.34,252.62,14068000,0,0.0950946984705547,255.188,254.718,246.8055,248.5729884369479,264.97152783683214,228.6394721631679,1.051198367545409,75.37313432835812,12620310.0,1.977219860431542,-0.3628618758381271,1.3317288407540984,0.0009504951210645
2007-06-14,252.69,252.94,250.85,251.42,9242400,0,-0.4750217718312188,253.966,254.964,247.5615,248.84413239533384,265.1355182326708,229.98748176732929,1.0663408369135454,72.3932160804019,12427010.0,0.8331672314131965,-0.5025921089081523,0.9881105398457546,-0.0047615358591442
2007-06-15,254.1,254.5,250.62,252.94,12348200,0,0.60456606475221,253.006,255.238,248.4345,249.23421502434965,265.19750497493254,231.67149502506743,1.0712402033741566,69.43671766342132,12578360.0,1.5481605618067174,-0.4565131837859097,1.0951239008792912,0.0060274589651453
2007-06-18,253.09,258.0,252.12,257.6,9671800,0,1.8423341503914117,253.392,255.644,249.5565,250.03095645060208,265.5654347092946,233.54756529070545,1.144970158248582,72.201138519924,12692360.0,2.332222751070917,1.7819747915761268,1.6013252346769755,0.0182556877783683
2007-06-19,257.0,258.62,255.77,257.15,8710600,0,-0.1746894409938026,254.346,255.417,250.64899999999997,250.70896059816377,265.5019690811789,235.79603091882103,0.8596445383364628,64.9069502468665,12511960.0,1.11428236306056,0.0583657587548549,-0.8750289106468467,-0.0017484220092734
2007-06-20,258.48,259.38,254.53,254.98,8676400,0,-0.8438654481819907,254.818,255.003,251.5015,251.1157262554815,265.1924517181061,237.81054828189397,0.8927783334842342,60.68892045454535,12561880.0,1.9054728322791008,-1.3540699473847215,-1.5977153442420566,-0.0084744615109489
2007-06-21,255.49,257.64,253.14,257.06,8819400,0,0.8157502549219542,255.946,254.956,252.5055,251.6818475644833,264.55987588159917,240.4511241184008,0.9254395554313624,61.82758620689648,12496830.0,1.77767243422612,0.6145054600962828,-0.1825030093581259,0.0081244099720095
2007-06-22,258.21,262.5,258.05,262.49,14407400,0,2.112347311911611,257.85599999999994,255.43099999999995,253.772,252.71119541548487,264.2584656631969,243.28553433680312,1.145497198002606,64.39369572209705,12799840.0,1.7244720015500827,1.657565547422652,1.8429425001939892,0.0209034653859553
2007-06-25,264.49,267.5,261.69,263.71,15850000,0,0.4647796106518331,259.078,256.235,254.86949999999996,253.7587006140101,264.6321990983208,245.1068009016791,1.0924644534370611,58.11577752553904,13057490.0,2.2201841873973027,-0.2949071798555823,3.144678687370428,0.0046370284532087
2007-06-26,266.36,266.6,263.12,265.13,11379000,0,0.5384702893329818,260.674,257.51,255.948,254.8416815079139,265.20268552737866,246.69331447262135,0.9363423252594494,60.907441016333856,13104640.0,1.3225904530252426,-0.461781048205443,5.051905856248506,0.0053702572146273
2007-06-27,262.5,264.0,259.78,263.14,12246200,0,-0.7505751895296675,262.306,258.562,256.64,255.63199755477925,265.87135845623567,247.4086415437643,1.011911529499519,60.03577817531303,12992370.0,1.6244514589267949,0.2438095238095186,4.164357533053598,-0.0075340617980851
2007-06-28,262.44,264.75,261.9,262.5,8336800,0,-0.2432165387246332,263.39399999999995,259.66999999999996,257.317,256.2860930257527,266.1544325874084,248.4795674125916,0.9917525854440578,58.38618745595485,12516780.0,1.08820160366553,0.0228623685413817,4.406968419377932,-0.0024351279060137
2007-06-29,263.01,263.7,259.73,261.35,7761200,0,-0.4380952380952263,263.16600000000005,260.511,257.8745,256.7683698804429,266.2143005151038,249.53469948489624,1.0263366886797225,60.342316096139875,12424940.0,1.5285103761598469,-0.6311547089464158,3.324899185577612,-0.0043905768727474
2007-07-02,262.74,265.92,262.1,265.19,6975200,0,1.469294050124348,263.462,261.27,258.457,257.5704298918293,267.14232725197104,249.77167274802895,0.9706216403215352,72.86683327383074,12063600.0,1.4574589851201805,0.9324807794778064,2.946428571428572,0.0145860450511864
2007-07-03,265.53,267.2,263.75,267.17,3743600,0,0.7466344884799581,263.87,262.272,258.84450000000004,258.48467466403605,268.36236901183577,249.3266309881643,0.9647914161031712,74.45378151260502,11206070.0,1.3080568720379104,0.6176326592098985,3.8965584289325506,0.0074386096999114
2007-07-05,267.78,272.2,266.08,270.82,9885800,0,1.366171351573886,265.40600000000006,263.856,259.4295,259.6594675531755,270.3530997055212,248.50590029447883,0.9025919078764882,80.12422360248446,10911690.0,2.3000601322910423,1.1352602882963705,6.212251941328728,0.0135692336446489
2007-07-06,270.62,271.94,269.36,269.7,5494000,0,-0.4135588213573626,266.846,265.12,260.03799999999995,260.61570873858733,271.8368716677369,248.239128332263,0.9534577533334306,76.35220125786161,10123340.0,0.957825957825952,-0.3399600916414219,4.917139967322792,-0.0041441634089937
2007-07-09,271.5,274.37,270.13,271.28,7459600,0,0.5858361142009549,268.832,265.999,260.71500000000003,261.6313555253885,273.4734745829726,247.95652541702745,0.7682091383724644,73.81615598885787,9860500.0,1.5696146299929696,-0.0810313075506546,3.3486989980570536,0.0058412676716988
2007-07-10,271.9,273.5,270.82,271.67,7712000,0,0.1437629017988939,270.128,266.795,261.515,262.587416903923,274.93108382738063,248.09891617261937,0.7687777936858433,75.33147243545021,9781330.0,0.9895871796765404,-0.0845899227657084,3.0184672556975656,0.0014365966187452
2007-07-11,271.8,273.25,270.0,272.24,6618600,0,0.2098133765229937,271.142,267.506,262.508,263.5067105321208,276.0167894973738,248.99921050262617,0.7644858949524674,81.89209164818928,9470310.0,1.2037037037037035,0.1618837380426775,2.681703315354733,0.0020959357565221
2007-07-12,272.93,273.66,270.11,272.67,6883200,0,0.1579488686453078,271.512,268.459,263.5105,264.3794047671569,276.9049897940255,250.1160102059745,0.6792755231679972,80.71625344352624,9111070.0,1.3142793676650295,-0.0952625215256625,3.6216462719464992,0.0015782426061383
2007-07-13,273.96,276.33,273.62,276.08,10474200,0,1.2505959584846016,272.788,269.817,264.7435,265.49374717028485,277.99106227824336,251.4959377217566,0.6962984898912046,79.05087644292436,9172660.0,0.9904246765587236,0.7738355964374378,5.173333333333319,0.0124284059909591
2007-07-16,275.15,279.29,274.65,276.5,13199000,0,0.1521298174442353,273.832,271.332,265.92150000000004,266.5419617254958,278.9377170508923,252.90528294910783,0.6289659609961177,78.30898627711385,9215200.0,1.6894229018751297,0.4906414682900319,5.796824182131233,0.0015201421726416
2007-07-17,277.52,278.86,276.19,277.5,8657200,0,0.3616636528029016,274.998,272.563,266.9165,267.58558441830576,280.2917942318897,253.5412057681103,0.5442041756742759,77.89806044203885,9164470.0,0.9667258046996692,-0.0072066878062776,4.641954824842576,0.0036101122240997
2007-07-18,276.94,277.25,271.9,274.75,12160000,0,-0.990990990990992,275.5,273.321,267.79650000000004,268.2679097118004,280.77631473390375,254.81668526609633,0.6970693161445369,75.31617967727875,9336940.0,1.967635159985297,-0.7907850075828692,2.8371448890219586,-0.0099593399027584
2007-07-19,276.73,276.76,271.12,274.3,22254400,0,-0.1637852593266542,275.82599999999996,273.669,268.7625,268.8423945011528,280.5467783313032,256.9782216686968,0.5928652471192807,75.94547053649964,10015840.0,2.080259663617581,-0.8781122393668943,1.2849863377889514,-0.0016391953401731
2007-07-20,255.95,261.59,254.75,260.06,35544600,0,-5.191396281443684,272.622,272.70500000000004,268.9125,268.0059759772335,280.1324425366828,257.69255746331726,1.791837669432752,48.19983254256207,11352100.0,2.684985279685957,1.6057823793709765,-3.5743418613274014,-0.0533100243203838
2007-07-23,259.5,260.0,256.08,256.26,12713400,0,-1.4612012612474137,268.57399999999996,271.203,268.601,266.88731159844934,280.8687187001256,256.3332812998744,1.7901725778222446,37.52444816987986,11267400.0,1.5307716338644235,-1.2485549132948013,-5.536714833382472,-0.0147198195417437
2007-07-24,254.65,259.35,253.56,257.0,11144200,0,0.2887692187621971,264.474,269.736,268.26550000000003,265.9456628747875,281.430609350502,255.10039064949805,1.7970190513354358,35.282199710564385,11032110.0,2.28348319924279,0.9228352640879616,-5.399933743144258,0.0028835308137896
2007-07-25,258.49,258.51,252.78,254.88,11090000,0,-0.8249027237354101,260.5,268.0,267.75300000000004,264.89179022004583,282.1705158090918,253.33548419090823,1.7788319026120265,25.863113264688096,11017660.0,2.2667932589603565,-1.3965724012534386,-6.376726417866596,-0.0082832387334814
2007-07-26,254.37,256.3,249.44,254.0,13766800,0,-0.3452605147520438,256.44,266.133,267.296,263.85447686575577,282.8628059800718,251.72919401992817,1.760709546071399,26.052471018914005,11093690.0,2.750160359204624,-0.1454574045681505,-6.847104558623984,-0.0034585791432018
2007-07-27,254.26,258.31,252.75,255.94,11018200,0,0.7637795275590609,255.616,264.119,266.96799999999996,263.10071716425523,283.2215911497522,250.71440885024768,1.7069261719368012,26.85576342788177,11227760.0,2.1998021760633044,0.6607409738063427,-7.294986960301353,0.0076087749909133
2007-07-30,256.46,259.67,255.25,258.06,7926600,0,0.8283191372977949,255.97600000000003,262.275,266.80350000000004,262.6206488628976,283.3602645898696,250.2467354101305,1.7588472448502803,30.484657298537417,11236030.0,1.7316356513222393,0.6238789674803178,-6.669077757685349,0.0082490740142499
2007-07-31,260.12,260.22,255.0,255.0,8541000,0,-1.1857707509881463,255.576,260.025,266.294,261.89487278071687,283.66686498810384,248.92113501189615,1.7254079448908923,26.9271948608137,11314320.0,2.0470588235294223,-1.9683223127787193,-8.108108108108103,-0.0119285708652738
2007-08-01,255.25,258.26,254.07,256.47,8843000,0,0.5764705882353116,255.894,258.197,265.759,261.3782182301724,283.6689923888473,247.84900761115273,1.7793362078788435,28.906250000000043,11569290.0,1.649151808556696,0.4779627815866904,-6.653321201091888,0.005748153547826
2007-08-02,256.86,257.5,254.5,255.5,6309800,0,-0.3782118766327502,256.194,256.317,264.99300000000005,260.81838792253694,283.2977041408584,246.6882958591417,1.773821448604917,21.38487208008908,11390490.0,1.1787819253438114,-0.5294713073269538,-6.853809697411595,-0.0037892890624929
2007-08-03,255.02,256.6,251.5,251.5,6352400,0,-1.5655577299412915,255.306,255.461,264.08299999999997,259.93092240610486,283.1942456285253,244.97175437147465,0.914613982343398,18.386444107233245,11433410.0,2.0278330019880806,-1.3802838993020194,-3.291548104283626,-0.0157794201039652
2007-08-06,251.5,255.08,251.25,255.0,7303000,0,1.3916500994035852,254.694,255.33500000000004,263.26899999999995,259.4613107483806,282.4761301453704,244.06186985462952,0.9661659730045704,23.239771646051423,11425580.0,1.524378109452741,1.3916500994035783,-0.491688129243728,0.0138205556186323
2007-08-07,254.88,259.94,254.52,258.01,8528600,0,1.1803921568627418,255.296,255.436,262.58599999999996,259.3230906771062,281.5046139472307,243.6673860527692,1.0388082163582577,30.21276595744683,11466410.0,2.1294986641521243,1.2280288763339593,0.392996108949406,0.0117347987019763
2007-08-08,259.67,262.89,258.54,262.89,8137600,0,1.891399558156648,256.58000000000004,256.23699999999997,262.1185,259.6627963269056,280.4867383477606,243.75026165223937,1.1368412737573286,37.791568585491106,11542360.0,1.682524947783695,1.2400354295836908,3.1426553672316393,0.0187373498754663
2007-08-09,260.4,263.41,257.32,257.36,9693000,0,-2.103541405150433,256.952,256.573,261.35299999999995,259.4434823910098,279.13650637381477,243.56949362618516,1.3637550960199565,46.44923724355604,11682850.0,2.3667029379760733,-1.1674347158217988,1.3228346456692908,-0.0212598108050979
2007-08-10,255.09,259.36,252.82,257.88,11750400,0,0.2020516008703676,258.22799999999995,256.767,260.443,259.2945793061517,276.86389439195443,244.0221056080455,1.3466636569773092,52.33160621761659,11746660.0,2.5868206629222454,1.0937316241326558,0.7579901539423339,0.0020184775116484
2007-08-13,259.77,259.88,256.52,257.75,6358600,0,-0.0504110438963811,258.77799999999996,256.736,259.5055,259.14747651508964,274.10661239454157,244.9043876054584,1.3211053400655537,51.098740111339,11404640.0,1.309839388741624,-0.7776109635446672,-0.1201271022242878,-0.00050423754535
2007-08-14,257.86,258.7,254.0,254.3,7267400,0,-1.3385063045586731,258.036,256.66600000000005,258.3455,258.6858120850811,270.3896948890931,246.30130511090692,1.3370705678008612,49.18217710095885,11335150.0,1.850393700787397,-1.3805941208407673,-0.2745098039215632,-0.0134754504689952
2007-08-15,254.5,255.84,248.36,248.78,10819000,0,-2.170664569406222,255.214,255.897,257.04699999999997,257.7424014103115,267.07555522994903,247.01844477005088,1.4760260618388492,43.49127182044888,11268100.0,3.011757126751485,-2.2475442043222,-2.998401372480219,-0.0219457006462554
2007-08-16,246.01,248.22,240.23,245.76,17291200,0,-1.2139239488704878,252.894,254.923,255.62,256.60122032361517,263.11344134280324,248.1265586571967,1.5046952243494622,37.63963088878096,11019940.0,3.325979269866382,-0.1016218852892159,-3.8121330724070535,-0.0122135218225112
2007-08-17,248.72,250.5,245.82,250.02,10958800,0,1.7333984375,251.32200000000003,254.775,255.118,255.97443743565185,262.703675142567,247.53232485743305,1.5753116987581588,40.72022160664822,9790650.0,1.9038320722479891,0.5226761016404035,-0.5884691848906498,0.0171854647031097
2007-08-20,251.23,251.28,248.0,248.96,5394600,0,-0.4239660827133784,249.564,254.171,254.753,255.30639577511351,262.7960292800746,246.70997071992537,1.4934763405837457,42.69119070667959,9424710.0,1.322580645161291,-0.9035545118019273,-2.3686274509803873,-0.0042486736723902
2007-08-21,249.47,254.08,248.88,253.3,7221200,0,1.7432519280205616,249.36400000000003,253.7,254.568,255.11531046319797,262.56348188206647,246.5725181179335,1.5615654217990105,46.413215659651485,9228560.0,2.0893603342976603,1.5352547400489087,-1.825510639122507,0.0172823160176027
2007-08-22,254.98,258.12,254.62,256.38,6505400,0,1.2159494670351378,250.884,253.049,254.64299999999997,255.23575708575055,262.6788436494267,246.6071563505732,1.4745269570493638,50.95032397408207,8999330.0,1.3745974393213416,0.5490626715820871,-2.4763208946707693,0.012086161876359
2007-08-23,258.0,258.06,253.5,256.1,6153400,0,-0.1092128871206687,252.952,252.923,254.748,255.3180659347267,262.80332344413375,246.6926765558662,1.3214970194675033,55.40159699389388,8618660.0,1.7988165680473382,-0.736434108527123,-0.4895865713397507,-0.0010927256785089
2007-08-24,256.3,257.77,254.25,257.5,4945400,0,0.5466614603670372,254.448,252.885,254.826,255.52586917903844,262.9597513841453,246.6922486158547,1.3329885310041056,53.087944664031625,8315020.0,1.3844641101278197,0.4682013265704208,-0.1473553590817466,0.0054517268983112
2007-08-27,257.21,258.73,255.7,256.63,4650200,0,-0.3378640776699027,255.98199999999997,252.773,254.7545,255.6310244953205,262.7931368967651,246.71586310323497,1.3371278311130257,48.200312989045386,8151200.0,1.184982401251478,-0.2254966758679616,-0.4345295829291995,-0.0033843612720816
2007-08-28,255.76,257.49,252.9,253.2,6547800,0,-1.3365545727311745,255.962,252.66299999999995,254.6645,255.39949835290903,262.73181801778867,246.59718198221137,1.3369166297049586,36.86635944700458,8051540.0,1.8149466192170831,-1.0009383797309988,-0.4325599685411019,-0.013455668561688
2007-08-29,253.92,256.65,253.62,256.44,5098600,0,1.2796208530805764,255.974,253.429,254.66299999999995,255.49859374787007,262.7289155515259,246.597084448474,1.1578164730853195,48.67052023121384,7864320.0,1.1947007333806374,0.9924385633270364,3.0790256451483256,0.0127150288490355
2007-08-30,256.18,257.7,255.29,255.7,5303400,0,-0.2885665262829517,255.894,254.423,254.673,255.51777529569196,262.74377926193466,246.60222073806537,1.0549169740143851,46.86961516369902,7814000.0,0.9440244427905506,-0.1873682566945187,4.044596354166674,-0.0028898368219156
2007-08-31,256.55,258.25,255.74,257.62,5955200,0,0.750879937426685,255.918,255.183,254.979,255.7179871722927,263.0072026565648,246.9507973434351,0.9585141073900246,49.82245288172631,7794140.0,0.9814655509501802,0.4170726953810146,3.039756819454431,0.007480748670801
2007-09-04,257.51,264.0,257.31,262.58,7387400,0,1.9253163574256549,257.108,256.54499999999996,255.358,256.37151220350296,264.07639096696,246.63960903304,1.0443216418868164,60.86044071353616,7798360.0,2.59997668182348,1.968855578424136,5.470758354755767,0.0190701665380223
2007-09-05,261.7,264.74,261.12,263.9,6625800,0,0.502703937847504,259.24799999999993,257.605,255.6525,257.08851104126455,265.1143032664376,246.19069673356236,0.955250953417368,72.28773584905657,7703220.0,1.3863357843137272,0.8406572411157772,4.184761152783256,0.0050144460033139
2007-09-06,264.68,264.92,259.12,261.76,7251800,0,-0.8109132247063222,260.312,258.143,255.596,257.5334147516203,264.8878014796368,246.3041985203632,0.9810783894971594,74.21307506053272,7658930.0,2.2383451682618136,-1.103218981411522,2.098447616818788,-0.008142190094896
2007-09-07,258.93,260.62,258.4,259.68,7327200,0,-0.7946210268948595,261.108,258.50100000000003,255.712,257.73785144194215,265.1532501402444,246.2707498597556,1.028809826371196,65.65132858068701,7540640.0,0.8591331269349951,0.2896535743251072,1.3978914486528549,-0.007977949648101
2007-09-10,260.64,261.04,255.44,257.24,6451600,0,-0.9396179913739976,261.032,258.475,255.68,257.69043701890007,265.0946112645874,246.2653887354126,1.0706303470577128,62.841191066997546,7275700.0,2.1922956467272248,-1.3044812768569587,-0.100970873786399,-0.0094406024996186
2007-09-11,258.5,260.82,257.86,260.67,5407200,0,1.3333851656041062,260.65,258.879,255.826,257.974204921862,265.46369660186565,246.1883033981344,1.141017322588196,61.76188956271947,7228130.0,1.1479097184518652,0.8394584139265052,1.5742508670069766,0.0132457382525619
2007-09-12,260.26,263.99,259.5,261.32,5972000,0,0.2493574250968633,260.13399999999996,259.69100000000003,256.177,258.2928520721609,266.08814226781004,246.26585773219,1.012544685964653,58.54671280276819,7163360.0,1.7302504816955715,0.4072850226696389,3.206951026856242,0.0024904704533252
2007-09-13,262.03,263.6,261.61,262.39,3782200,0,0.4094596663094973,260.26,260.286,256.8575,258.68305663671697,266.49536583714865,247.21963416285135,0.956843568307034,60.59279218592114,6811520.0,0.7606742861511444,0.1373888486051268,2.320230853221017,0.0040862366150915
2007-09-14,261.6,265.14,261.11,264.38,5529800,0,0.7584130492777952,261.2,261.154,257.7885,259.22562267131536,266.46173111042697,249.11526888957303,0.950602792082898,61.360634081902255,6223450.0,1.5434108230247685,1.0626911314984604,3.3946030504497404,0.0075555155636124
2007-09-17,263.26,264.64,262.04,262.65,4395000,0,-0.6543611468341148,262.28200000000004,261.657,258.42,259.5517538454758,266.5327216537806,250.30727834621945,0.9860627579719512,59.66602440590877,5895260.0,0.9922149290184574,-0.2317100964825699,1.9524881608570688,-0.0065651147512831
2007-09-18,263.26,268.62,262.14,267.64,8431400,0,1.8998667428136384,263.676,262.163,259.354,260.3220630030495,267.17700090489814,251.53099909510183,0.9811295779998352,72.07951070336392,6047100.0,2.4719615472648275,1.6637544632682502,1.9270317617487984,0.0188204465146457
2007-09-19,269.64,274.73,269.43,273.42,11053800,0,2.1596173965027665,266.096,263.11499999999995,260.36,261.56948557418764,269.8928528893858,250.82714711061428,1.1620300141771265,74.09194097616347,6238730.0,1.9671157629068816,1.4018691588785157,3.607427055702938,0.02136628058923
2007-09-20,273.5,278.4,273.02,276.42,11050000,0,1.0972130787799017,268.902,264.581,261.36199999999997,262.9838202814079,273.09284750382676,249.63115249617317,1.1033854279272677,77.6266666666667,6465960.0,1.9705516079408087,1.0676416819012855,5.600550122249404,0.0109123736720344
2007-09-21,278.17,280.4,276.42,280.05,16023400,0,1.3132190145430878,272.036,266.618,262.55949999999996,264.6091707307976,276.6758085602634,248.44319143973652,1.0154060318245368,78.60239734761544,6959460.0,1.4398379277910287,0.6758457058633193,7.844269870609977,0.0130467104799607
2007-09-24,280.5,285.73,280.0,284.01,10594000,0,1.4140332083556473,276.308,269.29499999999996,263.885,266.4568687564359,280.71804832137127,247.0519516786287,0.8334690816940922,78.04239727819945,7241890.0,2.046428571428578,1.2513368983957187,10.406624164204636,0.0140412901530681
2007-09-25,282.0,284.78,281.43,284.5,5461200,0,0.1725291362980163,279.68,271.678,265.2785,268.1752622082039,284.08178109666363,246.47521890333635,0.86192574614817,77.55484216158376,7282440.0,1.190349287567056,0.8865248226950355,9.141826830858935,0.001723804757476
2007-09-26,285.2,285.9,281.9,284.08,6692200,0,-0.1476274165202129,281.812,273.954,266.8225,269.6899991407559,286.5007197258567,247.14428027414328,0.9024859751946334,81.29556926528319,7289660.0,1.4189428875487762,-0.3927068723702681,8.709628042247042,-0.0014773649315531
2007-09-27,285.86,285.87,282.89,283.75,4112600,0,-0.1161644607152845,283.27799999999996,276.09000000000003,268.188,271.0290468416363,288.60886507781845,247.7671349221815,0.9448066657936862,85.4910056030669,7240360.0,1.0534129873802602,-0.7381235569859419,8.140554136971678,-0.0011623198392199
2007-09-28,283.5,284.77,282.06,283.64,5279000,0,-0.0387665198237963,283.996,278.01599999999996,269.58500000000004,272.2300899995757,290.2303139834161,248.93968601658392,0.9806870278901824,91.79860671310948,7239140.0,0.960788484719556,0.0493827160493779,7.284968605794684,-0.0003877403598165
2007-10-01,284.98,292.18,284.8,291.27,9422600,0,2.6900296150049297,285.448,280.87800000000004,271.2675,274.04341476152086,293.2485903182508,249.28640968174912,1.0326104650884813,92.76131917272212,7412510.0,2.591292134831459,2.2071724331531906,10.89663049685894,0.0265448436143672
2007-10-02,291.69,298.4,290.0,292.2,14135000,0,0.3192913791327578,286.988,283.33399999999995,272.7485,275.77261335566175,296.2067686802296,249.2902313197704,1.007785294537747,92.81752634498052,7749890.0,2.896551724137923,0.1748431554047073,9.17650575399791,0.0031878272664358
2007-10-03,293.12,294.5,290.18,292.01,7759000,0,-0.0650239561943877,288.57399999999996,285.19300000000004,274.154,277.319031131313,298.72218687481734,249.58581312518265,0.93865296845734,92.097782831154,7806550.0,1.4887311324005763,-0.3786844978165985,6.799063711506093,-0.0006504510593754
2007-10-04,292.54,292.54,288.53,289.52,5973400,0,-0.8527105236122101,289.72799999999995,286.50300000000004,275.54200000000003,278.48102816642603,300.29786871409755,250.7861312859025,1.0361063604857408,85.22982062780261,7742630.0,1.3898034866391875,-1.0323374581253977,4.739165038709192,-0.0085636690017366
2007-10-05,293.56,298.0,293.5,297.02,10137400,0,2.59049461177121,292.404,288.2,277.409,280.2466445315283,302.75311415112833,252.06488584887165,1.2150373558780785,91.45958986730996,7883140.0,1.5332197614991483,1.1786346913748398,6.0596322085341825,0.0255750973473121
2007-10-08,297.5,305.13,296.98,304.81,10056000,0,2.6227190088209618,295.11199999999997,290.28,279.7875,282.5860117190018,306.0730596738701,253.50194032612995,1.357190335930868,91.99999999999996,8063360.0,2.7442925449525144,2.4571428571428577,7.323685785711764,0.0258891550704585
2007-10-09,307.56,311.89,304.2,307.59,17535600,0,0.9120435681243988,298.19,292.58900000000006,282.13349999999997,284.96734393623973,309.58430366957276,254.6826963304272,1.344283789400165,91.41818181818176,8669780.0,2.527942143326758,0.0097541943035416,8.11599297012302,0.0090790956768519
2007-10-10,310.68,312.84,308.4,312.7,10771200,0,1.6613023830423623,302.32800000000003,295.45099999999996,284.7025,287.6085492756455,313.53399000294024,255.87100999705973,1.325456814475981,91.83579335793354,8909740.0,1.4396887159533067,0.6501866872666351,10.074626865671643,0.016476537113686
2007-10-11,316.82,320.7,304.5,311.0,23598000,0,-0.543652062679878,306.62399999999997,298.176,287.133,289.8363064874888,316.2390659982573,258.0269340017427,1.3705887422514773,87.35216027033549,9900530.0,5.3201970443349715,-1.8370052395682068,9.603524229074887,-0.0054513522845613
2007-10-12,311.99,319.2,309.12,318.7,13647400,0,2.4758842443729945,310.9599999999999,301.68199999999996,289.84900000000005,292.58522967915655,320.12933226543987,259.5686677345602,1.403474773206143,88.39938011954835,10306410.0,3.2608695652173862,2.1507099586525142,12.360738964885076,0.0244573092440566
2007-10-15,319.24,319.93,307.77,310.06,13887600,0,-2.7110134923125195,312.01,303.561,292.2195,294.24949351923686,320.9160301221734,263.52296987782654,1.7537754049803371,73.96849212303076,10781040.0,3.951002371901104,-2.8755795013156265,6.451059154736161,-0.0274843942850746
2007-10-16,309.24,312.96,306.0,308.0,12050600,0,-0.6643875378958941,312.092,305.14099999999996,294.2375,295.55906556502384,321.28524482281614,267.1897551771839,1.8007776254987369,71.76128093158664,10962000.0,2.274509803921562,-0.400983055232185,5.407255304585901,-0.0066660441646416
2007-10-17,315.23,317.0,310.8,316.74,12061000,0,2.837662337662339,312.9,307.614,296.4035,297.57629741597395,323.3700307371968,269.4369692628032,1.9218320414971233,76.02966703487455,11012360.0,1.994851994851991,0.4790153221457319,8.468888051779055,0.0279814650900054
2007-10-18,317.7,320.68,314.25,319.81,24578400,0,0.969249226494906,314.662,310.643,298.573,299.6937929001669,325.75100898947085,271.3949910105291,1.8283732805357968,77.26518920548773,11688780.0,2.0461416070007976,0.6641485678312917,10.46214423873999,0.0096458213908565
2007-10-19,327.28,329.24,321.62,322.36,31578000,0,0.7973484256277308,315.39400000000006,313.177,300.68850000000003,301.8524792906272,328.3776498985694,272.99935010143065,1.7426129709119007,75.37959183673472,12466510.0,2.369255643305766,-1.5032999266682838,8.531412026126194,0.0079418640018741
2007-10-22,319.33,327.5,318.14,325.38,13328800,0,0.9368407991065864,318.45799999999997,315.23400000000004,302.75699999999995,304.09319554866266,331.36578341386144,274.14821658613846,1.628323142943643,76.1919797916009,12603250.0,2.9421009618407035,1.8945918015845713,6.748466257668717,0.0093247966247136
2007-10-23,330.62,338.8,330.0,337.88,13587400,0,3.8416620566722015,324.434,318.263,305.426,307.31098644879,336.69910154110374,274.15289845889623,1.9155023695169524,80.31725049570392,13009560.0,2.66666666666667,2.195874417760568,9.847524301830358,0.0376970727782716
2007-10-24,336.36,338.74,329.78,337.91,14808400,0,0.008878891914299,328.668,320.784,308.11749999999995,310.22517821557193,340.88528833903445,275.34971166096545,1.9195600242101616,83.05779478070778,13415370.0,2.71696282370066,0.4608157926031666,8.062040294211714,8.878497764021509e-05
2007-10-25,339.34,339.48,331.78,334.26,11591000,0,-1.0801692758426906,331.558,323.11,310.643,312.5142088617079,343.28878644529436,277.9972135547056,1.9680141629680403,76.85318719353907,13789290.0,2.320814997890182,-1.497023634113274,7.479099678456591,-0.010860454576157
2007-10-26,337.02,338.27,334.03,337.3,6707800,0,0.9094716687608528,334.546,324.97,313.32599999999996,314.8747603986881,345.4434288805148,281.20857111948516,1.8747303484891535,75.15095215977705,13860730.0,1.269347064634916,0.0830811227820395,5.836209601506126,0.0090536088068255
2007-10-29,338.88,340.0,336.04,339.62,6132600,0,0.6878150014823614,337.394,327.92600000000004,315.7435,317.23144988452736,348.1481294775783,283.33887052242164,1.4767162156296485,74.97271167940121,13696230.0,1.178431139150095,0.2183663833805503,9.533638650583764,0.0068546034505505
2007-10-30,338.76,349.96,338.76,347.38,13801200,0,2.284906660385144,339.29400000000004,331.86400000000003,318.5025,320.10274037171524,351.8495275642165,285.1554724357835,1.4174663135763723,75.96585804132974,13679540.0,3.30617546345495,2.5445743299090813,12.785714285714288,0.0225919361077115
2007-10-31,350.34,353.5,348.02,353.5,13753600,0,1.7617594565029648,342.412,335.54,321.577,323.2834317648852,355.96193127734244,287.19206872265755,1.3183511975904667,79.84550561797751,13979270.0,1.5746221481524103,0.9019809328081364,11.605733409105245,0.0174642037107608
2007-11-01,351.4,356.86,350.89,351.6,13054400,0,-0.5374823196605316,345.88,338.719,324.68100000000004,325.9802477872771,358.0751992441516,291.2868007558485,1.4187304546878925,75.15290519877678,14333320.0,1.7013878993416818,0.0569151963574403,9.940277039492209,-0.0053893195256054
2007-11-02,355.26,356.79,348.67,355.62,11683000,0,1.143344709897609,349.544,342.04499999999996,327.611,328.80308133134594,361.0694184355854,294.15258156441456,1.4185121301483654,87.4794340243501,14410600.0,2.328849628588638,0.1013342340820845,10.317657277577853,0.0113685792167798
2007-11-05,353.5,365.12,353.04,362.82,17767400,0,2.0246330352623465,354.184,345.789,330.51149999999996,332.04278787121774,365.6622803462109,295.36071965378903,1.454742953457249,91.58070388349512,14796170.0,3.4217085882619487,2.6364922206506347,11.506546192144572,0.0200440984853746
2007-11-06,368.78,370.9,362.5,370.9,16872600,0,2.226999614133729,358.888,349.091,333.677,335.7434747406256,371.4419807709706,295.91201922902945,1.1810386746771016,91.49555623659208,14763020.0,2.3172413793103384,0.5748684852757755,9.772700366994204,0.0220256409823685
2007-11-07,370.56,373.62,361.57,366.47,16505800,0,-1.194392019412227,361.482,351.947,336.3655,338.6698104796136,375.474540804292,297.256459195708,1.3376922649139589,85.01951365956174,15049750.0,3.3326879995574883,-1.1037348877374715,8.451954662484095,-0.012015821907987
2007-11-08,367.3,367.44,338.59,346.92,33024400,0,-5.33467950991896,360.546,353.213,338.1615,339.4555428148885,375.630596473314,300.69240352668595,2.323479527322062,64.68548194211913,15521070.0,8.52062967010249,-5.548597876395315,3.787470831089568,-0.0548224567713029
2007-11-09,337.89,340.94,330.6,331.98,22776200,0,-4.306468350051884,355.81800000000004,352.681,338.82550000000003,338.7435863563277,375.2999342909154,302.35106570908465,2.743251866562962,53.45405065940968,15977510.0,3.1276467029643,-1.7490899405131757,-1.5772309516750682,-0.0440194796781816
2007-11-12,328.87,334.96,313.1,316.04,20454600,0,-4.801494065907585,346.462,350.323,339.1245,336.58134003667743,374.6928558207246,303.5561441792754,3.089976995477657,38.96746817538897,16305860.0,6.981794953688903,-3.901237571076712,-6.943054001531124,-0.0492059382835408
2007-11-13,322.5,330.46,316.04,330.28,16852200,0,4.505758764713308,338.338,348.613,340.23850000000004,335.98121241413673,372.986126527095,307.4908734729051,3.391328953303657,46.62956091527517,16545940.0,4.56271358055941,2.4124031007751854,-4.9225631872876985,0.0440719916946951
2007-11-14,336.64,337.74,318.14,320.84,16189400,0,-2.8581809373864564,329.212,345.347,340.4435,334.53919218421896,372.6180739921937,308.2689260078063,3.3709868694488785,44.36039670532862,16752360.0,6.160809706418565,-4.693441064638787,-9.239038189533243,-0.0289982230505039
2007-11-15,319.29,323.75,312.0,314.82,13935400,0,-1.876324647799521,322.79200000000003,341.669,340.194,332.66117388096,373.1110973971405,307.27690260285954,3.3809791172558947,40.78386356182353,16220210.0,3.766025641025641,-1.3999812083059373,-10.46075085324233,-0.0189415095720483
2007-11-16,316.97,317.74,308.01,316.82,18085600,0,0.635283654151575,319.76,337.78900000000004,339.91700000000003,331.1524906542019,373.55141351698853,306.2825864830115,3.348063324556929,40.62808286747779,15545590.0,3.158988344534274,-0.0473230905133085,-10.91052246780272,0.0063327423340291
2007-11-19,314.8,318.38,309.25,312.92,11054800,0,-1.230982892494159,319.136,332.799,339.294,329.4160629728494,374.4876043232767,304.1003956767233,3.1639187282729417,35.37103073526913,15431890.0,2.9523039611964412,-0.5972045743329083,-13.753376329860531,-0.0123862224438247
2007-11-20,318.24,329.55,316.44,324.27,19681200,0,3.62712514380672,317.934,328.13599999999997,338.61350000000004,328.9259617373399,374.4428060144051,302.7841939855949,3.367820292922268,38.1188521258434,15736580.0,4.142965491088362,1.8947963800904892,-12.572121865732,0.0356289352793413
2007-11-21,321.88,334.98,321.04,330.26,14027000,0,1.8472260770345803,319.818,324.515,338.23100000000005,329.0530130004504,374.2547377294501,302.20726227055,3.51106015562584,41.60503540519274,15697510.0,4.342138051333166,2.6034547036162534,-9.880754222719467,0.0183037209386211
2007-11-23,335.0,339.14,334.06,338.35,5477400,0,2.4495851753164377,324.524,323.658,338.4355,329.93844033374086,374.4107250861645,302.46027491383546,3.294371060004275,43.41693984905084,15391830.0,1.5206849069029469,1.0000000000000069,-2.470310157961486,0.0242006396433924
2007-11-26,340.1,346.7,332.5,333.0,13580200,0,-1.5812028964090508,327.76,323.76,338.2205,330.23001744481314,374.2756060549235,302.1653939450765,3.0181391583661332,38.47046087225486,15735450.0,4.27067669172932,-2.0876212878565195,0.307247424543644,-0.0159383726977907
2007-11-27,337.4,338.22,325.13,336.78,17809000,0,1.1351351351351235,332.532,325.834,338.07849999999996,330.8538253072119,374.1327686136241,302.02423138637585,2.490899846332066,36.35418333066708,16319270.0,4.026081874942341,-0.1837581505631312,6.562460448044538,0.0112874082017189
2007-11-28,341.06,347.15,336.07,346.13,15833000,0,2.7762931290456816,336.904,327.419,338.01599999999996,332.3086990874774,374.00665516141055,302.0253448385894,2.242256995261473,42.173310758811745,16420860.0,3.296932186746804,1.4865419574268437,4.798958459488922,0.0273845288528742
2007-11-29,345.38,351.4,343.88,348.5,12416000,0,0.6847138358420324,340.552,330.185,337.76599999999996,333.8507277458129,373.3711873216632,302.1608126783367,1.909184237148264,50.7006030507272,16353980.0,2.1868093520995644,0.9033528287683146,8.62111956115199,0.0068238031655416
2007-11-30,355.5,355.53,341.06,346.5,15791000,0,-0.5738880918220945,342.182,333.35299999999995,337.51099999999997,335.05542034144975,372.7703912238128,302.25160877618714,1.7396829814961163,57.27309156481666,16490810.0,4.242655251275427,-2.5316455696202533,10.062893081761004,-0.0057554115706206
2007-12-03,345.5,347.5,340.57,340.76,8650200,0,-1.656565656565656,343.73400000000004,335.747,336.768,335.59871364226404,371.0329009306853,302.50309906931466,1.9302212403222745,63.79156438295023,16339170.0,2.034823971577064,-1.371924746743852,7.556341140079548,-0.0167044014553181
2007-12-04,339.16,346.0,338.56,342.08,8463600,0,0.387369409555105,344.794,338.663,335.731,336.2159790096675,367.86525645467685,303.59674354532314,1.8099843455216813,57.6923076923077,15873980.0,2.1975425330812848,0.8609505837952468,9.31867569985938,0.0038662106620406
2007-12-05,346.36,349.46,343.75,349.26,8419200,0,2.0989242282507092,345.41999999999996,341.162,334.649,337.45826672303247,363.03602587265783,306.26197412734217,1.608323336380291,69.0891993551854,15451310.0,1.661090909090903,0.8372791315394321,7.706540845591636,0.0207720026750188
2007-12-06,348.9,358.28,348.5,357.63,9818000,0,2.3964954475176103,347.246,343.899,334.207,339.37938417798176,360.72135924769816,307.6926407523018,1.6583051266697797,77.87472327125927,15116920.0,2.8063127690100353,2.502149613069653,8.2874099194574,0.0236823018863207
2007-12-07,357.5,359.0,355.25,357.44,7704200,0,-0.0531275340435621,349.43399999999997,345.808,334.733,341.09944282769777,362.68755643116816,306.77844356883185,1.570159742249732,77.08722325953588,13850910.0,1.0555946516537649,-0.0167832167832174,5.6420865967193645,-0.0005314165171839
2007-12-10,358.0,362.4,357.0,359.21,7712400,0,0.4951880035810152,353.12399999999997,348.429,336.0945,342.82425779648844,366.06428371276104,306.1247162872389,1.3812655403592211,81.77076183939599,13097720.0,1.5126050420168002,0.3379888268156367,7.870870870870861,0.0049396598033454
2007-12-11,359.97,360.5,349.39,349.6,12278200,0,-2.6753152751872067,354.628,349.71099999999996,337.7725,343.46956657777525,366.7563233466476,308.78867665335235,1.7463854708389128,67.81043453803969,12688900.0,3.1798276997052044,-2.880795621857378,3.8066393491300143,-0.0271175319028009
2007-12-12,357.0,357.16,344.25,349.68,12318200,0,0.022883295194509,354.712,350.06600000000003,338.74249999999995,344.06103642751094,367.9680388496573,309.5169611503426,1.5318851009983532,64.89263803680983,12462200.0,3.7501815541031296,-2.050420168067225,1.0256262098055746,0.0002288067736786
2007-12-13,348.16,348.81,340.6,347.02,10081600,0,-0.760695493022201,352.59,349.918,340.0515,344.3428424820337,368.2271724292838,311.8758275707161,1.5400812939585502,57.25280240923538,12156810.0,2.4104521432765647,-0.3274356617647183,-0.4246771879483524,-0.0076360353815335
2007-12-14,343.76,349.85,343.63,344.98,7347000,0,-0.5878623710448894,350.098,349.766,341.55949999999996,344.40352415041144,367.15989347971015,315.95910652028977,1.5406339898545245,60.60928090683673,11827390.0,1.8100864301719952,0.3548987665813438,-0.4386724386724383,-0.0058959708370428
2007-12-17,344.0,347.71,331.84,334.62,10972000,0,-3.0030726418922904,345.18,349.152,342.44950000000006,343.47175994561036,365.54348415628465,319.35551584371547,1.7437286693897296,48.28680203045688,11471710.0,4.782425265188044,-2.7267441860465103,-1.80185467777908,-0.0304908847069655
2007-12-18,337.08,338.36,326.25,336.68,14333400,0,0.615623692546774,342.596,348.61199999999997,343.6375,342.824925665076,362.3676972620119,324.90730273798806,1.7532728769797568,41.52466367713004,11635640.0,3.7118773946360193,-0.1186661920018919,-1.5785781103835328,0.006137364713858
2007-12-19,337.1,339.75,334.5,338.68,8842200,0,0.5940358797671408,340.396,347.554,344.358,342.4301708398307,360.936303639973,327.779696360027,1.596868904868291,41.133983387504514,11093690.0,1.5695067264573992,0.4687036487689066,-3.0292618679493732,0.0059227844307011
2007-12-20,342.92,345.5,340.3,344.84,8844400,0,1.8188260304712325,339.96000000000004,346.275,345.087,342.6596783788944,360.27938465742426,329.8946153425757,1.4959196248219293,48.605979173664736,10834560.0,1.5280634734058152,0.5598973521520935,-3.5763218969325883,0.0180248325676477
2007-12-21,348.94,349.63,346.62,348.34,10764000,0,1.014963461315399,340.632,345.365,345.5865,343.20066139042825,360.5006081565562,330.6723918434438,1.556636316032164,56.61431064572425,11098890.0,0.868386128901965,-0.1719493322634329,-2.5458818263205063,0.0100984729619146
2007-12-24,347.5,350.36,346.53,350.36,3256800,0,0.579893207785509,343.78,344.48,346.4545,343.88250316276844,360.2640565308644,332.64494346913557,1.5613442901905636,57.13793103448279,10582720.0,1.1052434132687043,0.823021582733817,-2.4637398736115257,0.0057821829912494
2007-12-26,349.5,356.61,349.1,355.42,5060000,0,1.4442287932412423,347.52799999999996,345.062,347.3865,344.98131238536195,360.96089582837686,333.81210417162316,1.3797375335060975,55.51181102362207,9945270.0,2.151246061300484,1.6938483547925651,1.6647597254004554,0.014338991462452
2007-12-27,353.54,358.0,350.37,350.37,5885000,0,-1.4208542006640013,349.866,345.131,347.5985,345.4945207296132,361.2226168134878,333.9743831865122,1.4698838657975466,43.093607305936075,9447870.0,2.1776978622598953,-0.8966453583752945,0.1973232669869595,-0.0143104497987564
2007-12-28,352.46,353.98,348.27,351.26,5125400,0,0.2540171818363301,351.15,345.55499999999995,347.73650000000004,346.0436139934596,361.4546528218014,334.01834717819867,1.444070041047911,44.19827262485917,9083340.0,1.6395325465874282,-0.3404641661465099,1.221831594720757,0.0025369510350056
2007-12-31,349.28,351.24,345.29,345.74,4752400,0,-1.5714855093093338,350.63,345.631,347.6985,346.01469837503487,361.4352724317722,333.96172756822784,1.5294496965711104,38.18628310822664,8531410.0,1.7231892032784004,-1.0135135135135032,0.2203026262391993,-0.0158396424989487
2008-01-02,346.44,348.68,338.86,342.6,8613800,0,-0.9081969109735576,349.07800000000003,346.429,347.7905,345.68948900598394,361.3551793277006,334.2258206722994,1.16827573227307,43.074792243767305,8529590.0,2.897951956560229,-1.108417041912012,2.3847946924870023,-0.0091234616046211
2008-01-03,342.63,343.42,338.26,342.66,6505000,0,0.0175131348511436,346.526,347.027,347.8195,345.4009662435093,361.33516650420256,334.30383349579745,1.1623236087136284,43.05225653206652,8431660.0,1.525453792940349,0.0087558007179842,1.7761672805037376,0.000175116014807
2008-01-04,339.84,340.48,327.5,328.5,10719600,0,-4.132376116266856,342.15200000000004,346.00899999999996,346.7815,343.7913504107941,362.7901624905715,330.7728375094284,1.7755098282918766,35.06933247339569,8546680.0,3.96335877862596,-3.3368644067796542,-3.005787173733321,-0.0422018639801613
2008-01-07,326.97,331.14,318.68,324.62,12806800,0,-1.1811263318112664,336.82399999999996,343.987,345.131,341.965507514528,363.1150641738935,327.14693582610647,1.6267493600753156,34.05887879736923,8696120.0,3.9098782477720535,-0.7187203718995695,-5.8635889107992,-0.0118815704477407
2008-01-08,326.5,329.98,315.5,315.84,10678200,0,-2.704700881030142,330.84400000000005,340.73699999999997,343.05100000000004,339.4773639417158,364.3567905645189,321.7452094354812,1.6440713842539274,34.92292870905585,8844820.0,4.5895404120443795,-3.2649310872894413,-9.32996497674685,-0.0274195112318078
2008-01-09,315.02,326.67,311.26,326.6,13479400,0,3.406788247213788,327.644,338.361,341.4205,338.25094832821907,362.5095387842192,320.33146121578085,2.114453558503081,42.899408284023686,9133170.0,4.95084495277261,3.67595708209004,-6.781596072611029,0.033500424291248
2008-01-10,322.5,328.6,320.06,323.36,12668400,0,-0.9920391916717676,323.784,335.155,340.1085,336.8327627731506,362.2914780877659,317.9255219122341,1.9785393084031675,39.39351980060927,9152680.0,2.66824970318066,0.2666666666666709,-9.020313994710484,-0.0099699268810538
2008-01-11,321.35,324.74,315.06,319.12,9954000,0,-1.3112320633349883,321.908,332.03000000000003,338.58050000000003,335.1458329852315,362.15394310872296,315.0070568912771,1.9757777014356124,31.706970128022817,9034470.0,3.072430648130517,-0.6939474093667397,-8.91914262065816,-0.0131990460581597
2008-01-14,325.57,328.7,322.62,326.91,8895000,0,2.4410879919779527,322.36600000000004,329.595,337.575,334.36146793901895,361.3474480062681,313.80255199373187,2.2246046950771796,35.63480359297499,8975140.0,1.884570082449936,0.411585834075631,-6.9321869840004435,0.0241176960597533
2008-01-15,322.95,324.52,317.69,318.82,11136400,0,-2.474687222783034,322.96200000000005,326.90299999999996,336.267,332.88132813530285,361.1755181794288,311.3584818205712,2.2818084400499985,30.448797421274502,9164610.0,2.149894551292135,-1.2788357330856155,-7.78619772083069,-0.0250582234514039
2008-01-16,314.48,320.0,300.96,307.98,21120000,0,-3.400037638793041,319.238,323.441,334.935,330.5097730747978,362.87862783967574,306.99137216032426,2.4282518287296493,22.559000462748756,9672010.0,6.326422115895808,-2.066904095649962,-10.105078809106828,-0.0345918344052336
2008-01-17,310.38,312.87,299.0,300.4,16433600,0,-2.4611987791415157,314.646,319.21500000000003,333.121,327.6421756391028,365.01830026523754,301.2236997347624,2.435593323509135,21.91750028099362,9777020.0,4.638795986622076,-3.215413364263167,-12.332924765073262,-0.0249199259102872
2008-01-18,304.18,305.0,299.23,300.12,17079200,0,-0.0932090545938679,310.846,316.37700000000007,331.193,325.02101605442635,366.1866812942925,296.1993187057075,2.237003499229641,21.06156631960168,10188870.0,1.9282825919860913,-1.334736011572096,-8.63926940639269,-0.0009325252124516
2008-01-22,281.02,298.75,280.6,292.18,19003000,0,-2.645608423297352,303.9,313.133,328.56,321.8933002397191,366.9863314326078,290.1336685673922,2.305996292127716,20.500110156422153,10696800.0,6.468282252316455,3.971247598035736,-9.993222845172811,-0.02681234397316
2008-01-23,280.36,284.0,259.5,274.31,33931400,0,-6.116092819494834,294.998,308.98,324.8585,317.36155735974586,369.0865241118944,280.6304758881056,2.784939397337956,17.638138565064963,11855170.0,9.441233140655106,-2.157939791696394,-13.149062816615997,-0.0631111969907694
2008-01-24,279.4,289.85,277.07,287.24,18801800,0,4.7136451460026985,290.85,305.044,321.7025,314.49283761119864,367.2568154695024,276.1481845304976,3.051614829661171,26.59232978543676,12632420.0,4.612552784494904,2.806012884753054,-12.0514390691978,0.0460592495285182
2008-01-25,295.9,297.5,283.09,283.2,13932000,0,-1.4064893468876294,287.40999999999997,301.028,318.0915,311.51256736251304,363.8413131258789,272.3416868741211,3.050778777018321,29.07814520598562,13076020.0,5.090253982832324,-4.291990537343693,-12.419594260267196,-0.0141647414225521
2008-01-28,285.48,286.12,274.3,277.99,11633400,0,-1.8396892655367147,282.98400000000004,296.91499999999996,314.47249999999997,308.31994189941656,360.9171499666703,268.0278500333296,3.056041209083966,28.725248654074303,13363440.0,4.3091505650747335,-2.6236513941432005,-12.888568563549764,-0.018568219998929
2008-01-29,280.24,280.67,270.33,275.26,12566000,0,-0.9820497140184958,279.6,291.75,310.6725,305.17137600423405,356.87970193353567,264.46529806646436,2.764754367824536,30.40370871160907,13735470.0,3.824954685014624,-1.777048244361982,-15.799455507632077,-0.0098690362692491
2008-01-30,274.6,280.21,271.76,274.14,15879200,0,-0.4068880331323132,279.566,287.28200000000004,307.09250000000003,302.21600686097366,352.9534274701383,261.23157252986175,2.7752355595270894,22.06602768903089,14291810.0,3.109361201059755,-0.1675163874727007,-14.014177278715268,-0.0040771807481513
2008-01-31,269.5,286.5,267.14,282.15,29742600,0,2.921864740643465,278.548,284.699,304.07,300.30495858849997,348.00524613145825,260.13475386854174,2.9963923246400586,29.117259552042157,15348250.0,7.247136333008915,4.6938775510204,-8.386908240794867,0.0287999196119139
2008-02-01,264.33,268.33,255.0,257.95,35201000,0,-8.57699805068226,273.49799999999993,280.454,299.8345,296.27115300864284,344.43336686075565,255.23563313924436,3.8643807798705625,24.21815729579366,16783050.0,5.227450980392151,-2.413649604660839,-14.13115845539281,-0.0896730767244901
2008-02-04,254.54,256.39,246.28,247.72,26314200,0,-3.965884861407243,267.44399999999996,275.21400000000006,295.7955,291.64723367448636,343.9530696514795,247.63793034852048,3.907869932179895,17.29577930123068,17562780.0,4.105083644632121,-2.6793431287813285,-17.45968279354925,-0.0404666916207986
2008-02-05,244.72,254.5,244.26,253.4,22406600,0,2.292911351525917,263.072,271.33599999999996,292.23449999999997,288.00463999120194,341.9259307872542,242.5430692127457,4.100697080537233,22.43384459801112,18042770.0,4.192254155408175,3.546910755148744,-13.27264015333014,0.0226701918171785
2008-02-06,255.57,255.58,248.96,250.86,15272800,0,-1.0023677979479009,258.416,268.991,288.9855,284.4670552301351,340.63694619160714,237.3340538083929,3.741572062310513,24.12105835447626,18272500.0,2.6590616966580995,-1.8429393121258284,-8.548722248550911,-0.0100742532905099
2008-02-07,248.43,257.1,247.38,252.48,15857800,0,0.645778521884699,252.48199999999997,265.515,285.2795,281.42066901774126,336.19843184268774,234.3605681573122,3.2629999135176395,27.04980842911877,18391420.0,3.9291777831676074,1.6302378939741509,-12.101378638072704,0.0064370230609806
2008-02-08,254.7,258.86,254.35,258.35,13657800,0,2.324936628643859,252.562,263.03000000000003,282.029,279.22346244462307,330.9742157330845,233.08378426691547,3.4488866742412356,31.01191017365215,18440890.0,1.773147238057802,1.4330585001963227,-8.774717514124287,0.0229832170756842
2008-02-11,260.26,261.86,256.7,260.58,11652000,0,0.8631701180568774,255.134,261.28900000000004,279.102,277.4478945927542,325.65074732895647,232.55325267104348,3.46932710410583,34.84848484848483,18525790.0,2.0101285547331615,0.1229539691078126,-6.262815209180195,0.0085946610415916
2008-02-12,261.7,265.3,256.52,259.04,13324600,0,-0.5909893314912762,256.262,259.66700000000003,275.7085,275.6947617743967,317.2036996082272,234.2133003917728,3.466601733685882,41.318931210915295,18747270.0,3.4227350693903125,-1.0164310278945237,-5.8926106226840025,-0.0059274258454603
2008-02-13,261.25,267.5,259.35,267.31,13249400,0,3.192557134033347,259.552,258.98400000000004,273.13300000000004,274.896213033978,309.4302071420943,236.83579285790577,3.664281302630509,38.03577860487452,18852920.0,3.142471563524186,2.3196172248803837,-2.4914277376522853,0.0314265436642909
2008-02-14,269.18,270.52,265.5,266.12,12953400,0,-0.445176012868953,262.28000000000003,257.381,271.04,274.06038322121816,303.5015406450918,238.57845935490823,3.4975179453780423,39.38339134758825,18444590.0,1.8907721280602567,-1.1367857938925634,-5.681375155059354,-0.0044616987199292
2008-02-15,264.15,266.33,262.17,264.82,10480200,0,-0.488501427927257,263.57399999999996,258.06800000000004,269.261,273.1803467239593,298.7074801935612,239.8145198064388,2.07464805462638,41.39553116424929,18146920.0,1.5867566845939536,0.2536437630134454,2.663306842411317,-0.004896984962076
2008-02-19,267.47,267.53,253.25,254.48,12700800,0,-3.904538932104829,262.354,258.744,266.979,271.3993613216775,293.25987870036846,240.69812129963148,2.0607336372472083,37.651533159020666,17928000.0,5.638696939782813,-4.856619433955223,2.7288874535766228,-0.0398281024707221
2008-02-20,251.76,255.5,249.41,254.5,13324400,0,0.0078591637849845,261.446,258.854,265.09499999999997,269.7898983386606,289.070415917589,241.11958408241097,1.9367735707725695,38.17437379576108,17644070.0,2.4417625596407535,1.0883380997775696,0.4340962904498813,7.858854968887664e-05
2008-02-21,256.42,256.6,249.75,251.43,11355600,0,-1.2062868369351665,258.27,258.911,263.95099999999996,268.04133659212147,288.2562473433492,239.64575265665073,1.9502318027085068,30.33290653008963,16515280.0,2.742742742742752,-1.9460260510100649,0.2272183688112772,-0.0121362152116529
2008-02-22,251.03,254.5,248.78,253.9,11031800,0,0.9823807819273832,255.826,259.053,262.284,266.694542630967,284.3323023812509,240.23569761874907,1.9647024300571976,46.407663650878135,16126780.0,2.2992201945494006,1.14328964665578,0.562420785804818,0.0097758679317083
2008-02-25,252.98,253.25,242.87,243.22,16745600,0,-4.206380464749904,251.506,257.54,260.28499999999997,264.45887190420825,281.5855722680803,238.98442773191965,2.20412838900758,46.040126715945085,16267460.0,4.273891382220939,-3.858012491106013,-5.856396361525073,-0.0429741051577792
2008-02-26,230.6,233.24,223.42,232.1,46574600,0,-4.571992434832661,247.03000000000003,254.692,257.9905,261.37707457999795,281.07285094749903,234.90814905250096,2.4636750446131805,32.894314166398956,18014520.0,4.3953092829648295,0.6504770164787511,-10.929465039527209,-0.0467980702724621
2008-02-27,230.06,237.74,229.82,236.43,20243800,0,1.8655751831107237,243.416,252.431,256.04900000000004,259.00116271523626,279.54371152140504,232.554288478595,2.638872923994696,38.735362997658065,18398410.0,3.4461752676007382,2.768842910545077,-8.728381717109334,0.0184838677532764
2008-02-28,235.25,239.54,233.68,237.7,13173800,0,0.5371568751850297,240.67,249.46999999999997,254.227,256.97248055188044,277.4649672088667,230.9890327911333,2.295016103184066,38.398744113029814,18263140.0,2.507702841492633,1.0414452709883055,-11.077026673151025,0.0053571933324802
2008-02-29,235.94,239.87,232.32,235.59,18850800,0,-0.887673538073197,237.008,246.417,251.89900000000003,254.93605383265373,272.5426786807501,231.25532131924993,2.2843076167299623,31.01434768101431,17718550.0,3.2498278236914655,-0.1483427990166967,-11.4722681497069,-0.0089163683112552
2008-03-03,235.76,236.36,225.06,228.51,15109000,0,-3.0052209346746572,234.06599999999997,242.78599999999997,250.427,252.41928680097243,273.3289053218023,227.5250946781977,2.336806513862422,25.25081031023305,16713950.0,5.020883320003559,-3.075161180861894,-13.711200060418394,-0.0305130330020866
2008-03-04,225.48,226.68,217.89,222.3,27243400,0,-2.717605356439534,232.106,239.568,249.156,249.5507832961179,275.28464320606514,223.02735679393487,2.225130253846355,23.553124100201543,16760410.0,4.0341456698334115,-1.4103246407663557,-12.645394530022005,-0.0275521520826554
2008-03-05,222.62,227.08,222.0,223.85,14873200,0,0.6972559604138562,229.58999999999995,236.503,247.67850000000004,247.10308964886855,276.0429531245187,219.31404687548135,2.2808314345505094,15.364998406120492,16383740.0,2.2882882882882942,0.5525110053005075,-12.043222003929277,0.0069483637168236
2008-03-06,223.84,226.65,215.59,216.35,14940200,0,-3.35045789591244,225.32,232.995,245.95299999999995,244.1742239680239,277.5204096431642,214.3855903568357,2.3749738889022565,13.960897900072396,16367110.0,5.130108075513708,-3.346140100071484,-13.952193453446291,-0.0340787180160807
2008-03-07,214.44,220.0,213.12,216.68,16143600,0,0.1525306216778377,221.538,229.273,244.163,241.55572644725976,278.140101329237,210.185898670763,2.2930140473964977,14.644535840188029,16381400.0,3.228228228228226,1.0445812348442498,-14.659314690823155,0.0015241441188043
2008-03-10,214.42,215.5,206.52,206.81,15975200,0,-4.555104301273771,217.198,225.632,241.586,238.24660964275884,278.7053332517306,204.46666674826935,2.340091984082838,14.74633929892029,16497270.0,4.3482471431338325,-3.549109224885732,-14.969986020886438,-0.0466211134251131
2008-03-11,212.63,220.08,212.32,219.92,17653800,0,6.3391518785358425,216.72200000000004,224.414,239.55299999999997,236.50121824821036,276.74593939786206,202.36006060213788,3.1835944476169087,28.574969021065655,16797360.0,3.6548605877920215,3.4284908056247905,-5.2477380439465815,0.0614633464924051
2008-03-12,220.0,223.94,219.04,220.09,13303800,0,0.0773008366678817,215.96999999999997,222.77999999999997,237.6055,234.93824508171417,274.580470467237,200.63052953276295,3.085126361590908,29.858611825192796,16796320.0,2.2370343316289287,0.0409090909090924,-6.911136488601278,0.0007727097495904
2008-03-13,216.34,223.49,214.39,221.5,15453200,0,0.6406470080421611,217.0,221.16,235.31499999999997,233.65841221678895,270.156164703482,200.47383529651796,3.089800443010525,28.88975762314307,16906510.0,4.244600960865723,2.3851345104927413,-6.815313420277658,0.0063860358786096
2008-03-14,221.49,224.67,215.31,218.96,13148800,0,-1.1467268623024829,217.456,219.497,232.95699999999997,232.25856343423763,265.31484073207815,200.5991592679218,3.0929971536882697,32.31778425655976,16916280.0,4.347220287028,-1.1422637590861895,-7.058873466615734,-0.0115335247527666
2008-03-17,214.0,216.86,206.06,209.94,15776400,0,-4.119473876507129,218.08199999999997,217.64,230.213,230.13298596431025,260.4309194658161,199.99508053418396,3.20388045695147,33.33834586466165,17181090.0,5.241191885858494,-1.897196261682244,-8.126559012734669,-0.042067289124772
2008-03-18,214.49,220.42,212.76,219.58,14474400,0,4.591788129941898,218.014,217.368,228.468,229.12793968199497,256.75452466979965,200.1814753302004,3.534111333423642,38.267650745021584,17269770.0,3.6003008084226344,2.37307100564129,-1.223571749887542,0.0448948551989347
2008-03-19,220.56,223.75,215.84,216.0,12358000,0,-1.630385280990987,217.196,216.583,226.54300000000003,227.87765971228117,252.51577530112172,200.57022469887835,3.554751803461184,35.361575822989764,17221450.0,3.664751667902148,-2.0674646354733417,-3.506812597721687,-0.0164382231224213
2008-03-20,213.66,217.85,208.75,216.78,19826800,0,0.3611111111111009,216.252,216.62600000000003,224.8105,226.82073973968295,248.2971201328249,201.32387986717512,3.3908551073709536,37.07926913037506,17645010.0,4.359281437125746,1.4602639707947227,0.1987520221862659,0.0036046067034387
2008-03-24,219.22,232.89,218.86,230.28,13527000,0,6.227511763077764,218.516,217.986,223.62949999999995,227.1501930978084,242.96598035791513,204.29301964208477,3.911315717657756,51.11728317131675,17769770.0,6.410490724664156,5.0451601131283645,6.2765368285028655,0.0604129454200049
2008-03-25,228.73,228.74,223.0,225.39,11663200,0,-2.1235018238666026,221.606,219.844,222.738,226.98255565992187,239.77936589535625,205.69663410464375,3.6140843005939542,51.98356656823725,17515650.0,2.5739910313901384,-1.4602369606085792,8.984091678352101,-0.0214637247584299
2008-03-26,226.3,231.44,224.64,229.1,10451400,0,1.6460357602378073,223.51,220.762,222.588,227.1842170256436,239.33262502921116,205.8433749707889,3.100684305511226,53.27920049968769,15709490.0,3.027065527065532,1.2372956252761744,4.174245180065483,0.0163263544102708
2008-03-27,223.0,224.3,220.24,222.04,11664400,0,-3.081623745089479,224.718,220.957,221.8685,226.6942915946299,237.2934453125514,206.44355468744857,3.297796002533834,53.57367164929028,15280520.0,1.8434435161641856,-0.4304932735426044,0.8860011813349056,-0.0313010436374892
2008-03-28,223.73,226.78,217.16,219.04,8752400,0,-1.3511079084849609,225.17,220.711,220.9355,225.9653114427604,234.4699915717485,207.4010084282515,3.3240100085272797,51.43412736995624,15059450.0,4.429913427887274,-2.0962767621686846,-1.110609480812641,-0.0136031842818218
2008-03-31,217.82,221.34,216.0,220.24,8892800,0,0.5478451424397512,223.162,220.839,220.168,225.42004368630705,231.81242419088687,208.52357580911308,3.305746914189842,59.12240184757505,14561550.0,2.472222222222224,1.1110090900743808,0.5845816587504604,0.0054634992942132
2008-04-01,223.87,233.25,223.44,232.86,12186200,0,5.730112604431525,224.656,223.131,220.3855,226.12861095427775,232.8215824344429,207.94941756555713,3.373262347414215,58.8484682713348,14415410.0,4.390440386680989,4.01572341090812,10.917404972849386,0.055719553774518
2008-04-02,234.95,237.87,230.2,232.85,11998000,0,-0.0042944258352717,225.406,224.458,220.913,226.76874324434655,234.52994006899397,207.29605993100608,3.1490563213524196,58.74451754385963,13653140.0,3.3318853171155585,-0.8938071930197892,6.043355496857639,-4.2945180483780295e-05
2008-04-03,230.86,231.64,224.06,227.56,13556800,0,-2.2718488297187034,226.51,225.614,221.09849999999997,226.8441010305993,234.982367616787,207.21463238321297,3.206278965838201,53.943258719416974,13587320.0,3.383022404713016,-1.4294377544832415,5.351851851851852,-0.0229805295459395
2008-04-04,228.5,238.92,228.1,235.54,11794400,0,3.506767445948311,229.81000000000003,227.49,222.058,227.6722818848279,237.1591628691457,206.9568371308543,3.3354311432469954,60.07535245503158,13430030.0,4.7435335379219605,3.08096280087527,8.653934864839918,0.0344668105309556
2008-04-07,238.52,242.72,236.76,238.41,11887000,0,1.2184766918570178,233.444,228.30300000000005,223.1445,228.69492170532047,239.6756170380824,206.61338296191764,2.772112955848173,68.69827925916194,13217200.0,2.517317114377432,-0.046117725976863,3.530484627410102,0.0121111302067953
2008-04-08,236.52,237.07,231.0,233.9,9094000,0,-1.8916991736923736,233.652,229.154,224.49899999999997,229.1906434476709,239.78739380914865,209.21060619085128,2.749715803210026,60.08450704225351,12873140.0,2.6277056277056245,-1.1077287332995114,3.7756777141843223,-0.0190982070300643
2008-04-09,234.56,236.0,228.77,232.1,12096200,0,-0.769559640872175,233.502,229.454,225.108,229.4677250240832,240.5974294686284,209.6185705313716,2.7346276976896977,61.62958682461716,12595260.0,3.1603794203785416,-1.048772169167807,1.3094718463553034,-0.007725360309742
2008-04-10,232.48,236.93,230.92,234.54,10144800,0,1.0512710038776296,234.898,230.704,225.83050000000003,229.95079883131336,241.67828712762636,209.9827128723737,2.491196097281352,62.52821670428892,12437310.0,2.6026329464749782,0.8860977288368902,5.629616285353989,0.0104578357525269
2008-04-11,232.04,233.63,227.5,228.72,8339400,0,-2.4814530570478333,233.534,231.67199999999997,226.1915,229.8335798949978,241.9526331078244,210.4303668921756,2.611138029350278,48.765822784810126,12081620.0,2.6945054945054925,-1.43078779520772,4.419284149013891,-0.025127601018862
2008-04-14,228.58,228.72,225.08,225.83,7685200,0,-1.2635536901014266,231.01800000000003,232.231,226.53500000000005,229.45228657166467,241.92768110432357,211.14231889567648,2.6668767385945693,50.35947712418302,11808440.0,1.6172027723476037,-1.2030798845043311,2.5381402106792628,-0.0127160441848435
2008-04-15,229.06,229.86,221.86,223.42,9155200,0,-1.067174423238726,228.92199999999997,231.287,227.20899999999995,228.87778308864895,240.59133855735263,213.8266614426473,1.8718335895846976,45.25876460767947,11477380.0,3.605877580456143,-2.4622369684798806,-4.0539379884909525,-0.0107290956865105
2008-04-16,222.2,229.14,220.5,227.52,15261400,0,1.8351087637633157,228.006,230.754,227.606,228.74847041353956,240.4974992799387,214.7145007200613,2.000686799685676,54.81208289427468,11516730.0,3.918367346938769,2.394239423942404,-2.289027270775168,0.0181847384721737
2008-04-17,227.82,229.68,223.26,224.77,26706000,0,-1.208684950773553,226.052,230.475,228.04449999999997,228.36956846939293,239.82230334270335,216.26669665729656,1.905110279338286,55.05380137590405,12234130.0,2.8755710830422,-1.338776226845748,-1.2260502724556144,-0.0121604894581401
2008-04-18,267.6,273.85,262.38,269.7,36471200,0,19.9893224184722,234.248,233.891,230.6905,232.30580004373647,251.85237980408513,209.5286201959149,6.6357789125932465,74.62656841266678,13066350.0,4.371522219681389,0.7847533632286867,14.502844527468795,0.1822325729889482
2008-04-21,269.7,271.3,265.14,268.9,14879400,0,-0.2966258806080923,242.862,236.93999999999997,232.62150000000003,235.790961944333,259.81434602128434,205.42865397871572,6.66121420688673,70.33860045146724,13133970.0,2.3233008976389926,-0.2966258806080873,12.788893083343812,-0.0029706668708653
2008-04-22,268.79,280.42,268.78,277.5,15877000,0,3.1982149497954637,253.67799999999997,241.3,235.227,239.76325128296796,268.75123858392624,201.7027614160738,6.5765445596290055,72.97047021298488,13344660.0,4.330679366024275,3.240447933330845,18.640444634459175,0.0314813699116702
2008-04-23,278.97,279.65,270.48,273.24,9843000,0,-1.535135135135135,262.822,245.414,237.43399999999997,242.95151306554243,274.846171619188,200.0218283808119,6.615398099623339,73.75207986688852,13314240.0,3.3902691511387006,-2.053984299387037,17.725118483412338,-0.0154704033228406
2008-04-24,275.64,277.24,270.01,271.52,8270200,0,-0.6294832381788962,272.172,249.112,239.908,245.67232134501455,279.51369315801367,200.3023068419863,6.658370798243779,70.01112347052279,13144530.0,2.6776786044961365,-1.4947032361050665,15.767033341860673,-0.0063147283777324
2008-04-25,274.51,276.5,271.36,272.03,8328800,0,0.1878314672952186,272.63800000000003,253.443,242.5575,248.1825764550132,283.3570210885255,201.75797891147445,6.5263568138626376,69.20265021704361,13123350.0,1.8941627358490511,-0.9034279261229166,18.93581671913256,0.0018765528457791
2008-04-28,272.94,278.4,269.5,276.06,8017200,0,1.4814542513693407,274.07,258.466,245.3485,250.83756917358335,287.33949516250175,203.35750483749828,6.434614806935009,74.2131863082931,13079570.0,3.302411873840437,1.1431083754671374,22.242394721693294,0.0147058790637369
2008-04-29,275.42,281.7,275.0,279.24,8692000,0,1.151923494892415,274.418,264.048,247.6675,253.54256258562305,291.8215923179432,203.51340768205685,6.347265847361008,76.65083672546358,12904860.0,2.4363636363636325,1.3869726236293634,24.98433443738253,0.0114533937067684
2008-04-30,281.1,292.43,279.24,287.14,15806000,0,2.829107577710932,277.198,270.01,250.382,256.7423185298494,297.2899122940881,203.47408770591187,6.3449166442155,78.00851970181041,13095260.0,4.723535310127488,2.1487015297047183,26.204289732770736,0.0278982745973472
2008-05-01,289.15,297.46,288.48,296.54,13205600,0,3.273664414571309,282.20199999999994,277.187,253.83100000000005,260.532573907959,303.7224155257022,203.93958447429787,6.2093677645099215,84.78662289700449,13077700.0,3.1128674431502916,2.5557669029915417,31.93041776037728,0.0322122148903323
2008-05-02,299.24,301.23,289.65,290.64,13997600,0,-1.9896135428610129,285.92400000000004,279.28100000000006,256.58599999999996,263.3999478214867,308.2774320091663,204.8945679908336,1.9270217988543084,82.24698975022383,13187860.0,3.9979285344381297,-2.8739473332442262,7.764182424916566,-0.0200967286769336
2008-05-05,299.43,299.5,293.56,297.45,12562000,0,2.343104872006596,290.202,282.136,259.53799999999995,266.6428099337261,313.5501489647453,205.52585103525465,1.94582171294081,85.28935074840305,13221610.0,2.0234364354816727,-0.6612563871355637,10.61732986240238,0.023160755720968
2008-05-06,295.5,296.0,291.5,293.18,9258600,0,-1.4355353840981633,292.98999999999995,283.704,262.502,269.1701613686093,317.0933128234688,207.9106871765312,1.9240236194206053,81.2488102036931,13229840.0,1.5437392795883362,-0.7851099830795238,5.6504504504504505,-0.0144593887720296
2008-05-07,295.14,299.74,288.21,289.5,13226000,0,-1.255201582645471,293.462,285.33,265.37199999999996,271.1063364763608,319.26444009086725,211.47955990913263,1.8917952214925744,80.53589961317103,13286330.0,4.000555150758138,-1.9109575116893631,5.950812472551603,-0.012631457848835
2008-05-08,293.1,294.65,289.46,291.5,10245800,0,0.6908462867012188,292.454,287.328,268.21999999999997,273.0485901452788,321.26559071908974,215.17440928091017,1.8422084467690307,67.28512527751346,13291380.0,1.792993850618392,-0.5458887751620684,7.35857395403654,0.0068847087774972
2008-05-09,289.5,292.5,285.65,286.6,8969800,0,-1.6809605488850687,291.646,288.785,271.11400000000003,274.3392006076332,321.32572955857523,220.90227044142483,1.991781848063444,63.17748659916619,13322900.0,2.398039558900761,-1.001727115716745,5.35602690879684,-0.0169524903964755
2008-05-12,287.38,293.38,284.46,292.47,9727800,0,2.0481507327285486,290.65,290.42600000000004,274.446,276.06594340690623,320.69288457217317,228.19911542782688,2.029226075060401,61.6172590408195,13425030.0,3.135766012796181,1.771174055257858,5.944359921756148,0.0202745819152184
2008-05-13,293.12,293.98,289.27,291.5,10327000,0,-0.3316579478237158,290.314,291.652,277.85,277.53585355862947,317.8884551991852,237.81154480081483,2.0384040097598386,64.93294079162575,13483620.0,1.628236595568167,-0.5526746724890845,4.3904884687007595,-0.0033220915187428
2008-05-14,293.24,295.6,287.62,288.15,8751600,0,-1.1492281303602137,290.04400000000004,291.75300000000004,280.8815,278.5467246482838,313.33811478278665,248.42488521721336,1.9062481879333115,63.24677393659389,13158130.0,2.7744941241916483,-1.735779566225628,0.351744793480524,-0.0115588279078718
2008-05-15,289.5,291.48,287.8,290.5,8685400,0,0.8155474579212285,289.84400000000005,291.149,284.168,279.6851318246377,303.26219707936326,265.07380292063675,1.5741144622483976,64.29345302584738,12257100.0,1.278665740097292,0.3454231433506045,-2.0368247116746563,0.0081223984092906
2008-05-16,290.71,292.34,289.16,290.04,8548200,0,-0.1583476764199565,290.53200000000004,291.08900000000006,285.185,280.6713097461008,303.1690063448283,267.2009936551717,1.4431401845121383,61.45150720838794,10860950.0,1.0997371697330025,-0.2304702280623161,-0.2064409578860337,-0.0015847317885738
2008-05-19,289.27,294.44,286.76,288.76,11209000,0,-0.4413184388360358,289.79,290.21999999999997,286.178,281.4416611988531,302.49153793633667,269.8644620636633,1.1836909117476824,58.04869800473449,10677430.0,2.6781977960663994,-0.1763058734054658,-2.921499411665829,-0.0044229512324318
2008-05-20,287.32,291.24,286.46,289.3,6627200,0,0.1870065105970431,289.35,289.832,286.768,282.19007441800994,302.6066729906756,270.92932700932437,1.1185999470756147,52.085747392815776,10214940.0,1.6686448369755045,0.6891271056661625,-1.32341905996316,0.0018683187111292
2008-05-21,289.26,290.7,273.94,275.0,12936200,0,-4.94296577946769,286.71999999999997,288.382,286.856,281.5053054258185,302.39492281033523,271.31707718966476,1.8802574126752,30.998588567395927,10369600.0,6.118128057238808,-4.9298209223535885,-5.008635578583764,-0.0506931143155182
2008-05-22,275.98,277.1,270.12,274.73,10152600,0,-0.0981818181818083,283.566,286.70500000000004,287.0165,280.8600382424072,301.94268931170024,272.0903106882998,1.841051876946775,34.41723800195892,10463720.0,2.5840367244187834,-0.452931371838539,-5.75300171526586,-0.0009823004810017
2008-05-23,273.48,276.5,268.9,272.31,8863000,0,-0.8808648491245963,280.02,285.27599999999995,287.03049999999996,280.04574888598745,301.8979132886333,272.16308671136665,1.804683730970695,23.060437205315097,10490430.0,2.8263294905169296,-0.4278192189556881,-4.986043265875795,-0.0088476739789239
2008-05-27,272.48,281.3,271.92,280.45,7731000,0,2.9892402041790556,278.358,284.07399999999996,287.25,280.0842489920839,301.55441521828607,272.94558478171393,1.9690959461128104,37.40352265980606,10476120.0,3.449543983524564,2.924985320023477,-4.109823229732978,0.0294543327477003
2008-05-28,283.97,285.74,280.55,284.12,8100800,0,1.3086111606346984,277.322,283.336,287.494,280.468606230933,301.3835908014553,273.6044091985448,2.0424717075517673,44.675376088677766,10446560.0,1.8499376225271775,0.0528224812480111,-2.531732418524868,0.0130012281752633
2008-05-29,287.4,292.94,286.6,291.5,9690000,0,2.597494016612689,280.622,283.671,287.71200000000005,281.51921516132035,301.7145991572346,273.7094008427655,2.194538555892616,50.0,10140760.0,2.212142358688058,1.4265831593597853,1.162588929377062,0.0256433216609377
2008-05-30,291.74,294.96,290.65,292.9,6450400,0,0.4802744425385752,284.256,283.91099999999994,287.53000000000003,282.6030994316708,301.138549944033,273.92145005596706,2.185573463594652,56.01145038167933,9803000.0,1.4828831928436272,0.3976143141152972,0.8261617900171991,0.0047912480431405
2008-06-02,291.25,291.94,285.64,287.5,7348400,0,-1.8436326391259696,287.294,283.657,287.373,283.0694709143688,300.90270081749105,273.84329918250893,2.2713512813446757,45.21471211245906,9470540.0,2.2055734490967693,-1.2875536480686696,-0.875741277065234,-0.0186083935962825
2008-06-03,288.25,290.25,280.3,283.65,8610600,0,-1.3391304347826205,287.934,283.146,286.683,283.1247593987146,299.4340050790755,273.93199492092447,2.3053930196760186,42.83889801131179,9272970.0,3.5497681056011374,-1.595836947094544,-1.7696356836126914,-0.013481776464829
2008-06-04,282.67,289.0,282.27,286.11,6726400,0,0.8672659968270935,288.332,282.827,286.3295,283.40906802740847,298.7086989792844,273.9503010207156,2.326519782291245,48.108308605341286,9146360.0,2.384242037765267,1.2169667810521094,-1.1026615969581766,0.0086352684863547
2008-06-05,288.54,294.02,288.1,293.15,7833400,0,2.460592079969226,288.662,284.642,286.512,284.33677583432194,299.1919694504148,273.8320305495852,1.7039429606411474,52.26070636410168,8876730.0,2.0548420687261224,1.5976987592707967,6.599999999999984,0.0243080711512932
2008-06-06,289.88,290.36,283.5,283.5,9469000,0,-3.2918301210984047,286.782,285.519,286.11199999999997,284.25708289771984,298.6331796989312,273.59082030106873,2.111232366013837,45.17699115044246,8837890.0,2.419753086419758,-2.2009107216779342,3.1922250937283847,-0.0334723002424172
2008-06-09,284.03,285.0,272.7,278.94,10576600,0,-1.6084656084656146,285.07,286.182,285.729,283.750694050318,298.64957013571285,272.8084298642871,2.169516631582763,43.092290377039966,8918230.0,4.5104510451045146,-1.7920642185684523,2.4347251294480454,-0.0162154182372584
2008-06-10,274.78,279.41,273.39,277.08,7314800,0,-0.6668100666810117,283.756,285.84499999999997,284.95950000000005,283.1153898550496,298.02203699064154,271.89696300935856,1.956462420655964,41.56077348066296,8797580.0,2.201982515819905,0.8370332629740198,-1.2016402210732746,-0.0066904317761441
2008-06-11,278.12,278.67,272.23,272.6,7625800,0,-1.616861556229232,281.054,284.693,284.0145,282.1139241545687,297.79939253152025,270.22960746847974,1.9404954620150896,48.082454458293405,8662520.0,2.36564669580869,-1.9847547821084357,-4.054624806419815,-0.0163007538919719
2008-06-12,274.38,279.0,273.44,276.48,10983200,0,1.4233308877476205,277.71999999999997,283.191,283.431,281.57735994937167,297.4645491253258,269.3974508746742,1.7669979896774983,51.321951956488896,8774100.0,2.0333528379169112,0.7653619068445305,-5.1526586620926125,0.0141329663532586
2008-06-13,280.74,287.85,280.67,285.76,12368800,0,3.356481481481466,278.17199999999997,282.47700000000003,283.194,281.9757066208601,296.880701036534,269.50729896346604,2.141199118654915,59.206023271731695,8958270.0,2.558164392346886,1.788131367101226,-2.437692045066575,0.0330138120724432
2008-06-16,283.25,289.55,283.25,286.4,7085600,0,0.2239641657334701,279.66400000000004,282.367,283.012,282.39706789506386,296.4091381075955,269.6148618924045,2.0661410895076693,54.538520213577414,8885140.0,2.2241835834068886,1.112091791703434,-0.3826086956521868,0.0022371373983561
2008-06-17,288.18,289.04,284.19,284.73,6925800,0,-0.5831005586591997,281.1940000000001,282.475,282.81049999999993,282.61925190505775,295.9626116575603,269.6583883424396,2.025914860959987,50.4799370574351,8670980.0,1.7066047362679977,-1.1971684363939166,0.3807509254363017,-0.0058480722759798
2008-06-18,282.26,284.5,279.58,281.19,6762400,0,-1.243283110315041,282.912,281.983,282.40500000000003,282.48313267600463,295.21017576279587,269.5998242372042,2.0419339741662244,41.3666052587506,8677740.0,1.7597825309392716,-0.3790831148586385,-1.7196183286148692,-0.0125107653840064
2008-06-19,277.68,281.89,275.4,280.1,11366200,0,-0.387638251715916,283.636,280.678,282.66,282.2561676592423,295.0403579575955,270.27964204240453,1.8235890992199024,39.22558922558924,8599240.0,2.3565722585330464,0.8715067703831805,-4.451645915060531,-0.0038839151604412
2008-06-20,278.49,278.49,272.26,273.21,11966200,0,-2.459835772938257,281.12600000000003,279.649,282.584,281.3946278821716,295.18600552127316,269.98199447872685,1.6933173188816657,38.265725078009496,8689920.0,2.2882538749724595,-1.8959388128837769,-3.629629629629638,-0.0249059520182261
2008-06-23,272.68,276.58,271.01,272.6,7271800,0,-0.2232714761538634,278.366,279.015,282.5985,280.55704427434574,295.151302622702,270.045697377298,1.635155342407336,40.416305290546426,8610360.0,2.055274713110215,-0.0293384186592284,-2.272890227289015,-0.0022352109854045
2008-06-24,272.57,275.6,267.55,271.15,9345200,0,-0.5319148936170359,275.65,278.42199999999997,282.1335,279.66113529583663,295.67173944864055,268.5952605513595,1.631591216344896,36.7937853107344,8691070.0,3.008783404971038,-0.5209670910224955,-2.1401761224195237,-0.0053333459753627
2008-06-25,272.48,278.9,271.83,275.5,8244400,0,1.6042780748663166,274.512,278.712,281.7025,279.26483669623315,295.52041800145895,267.884581998541,1.639657771126977,33.64226135310473,8698250.0,2.6008902622962857,1.1083382266588306,1.0638297872340274,0.0159154553058995
2008-06-26,272.05,272.46,264.13,264.41,11319000,0,-4.025408348457338,271.37399999999997,277.505,280.348,277.85009034421097,295.3798029174041,265.3161970825959,2.0190836285579734,32.767647589817656,8779700.0,3.1537500473251745,-2.8083072964528526,-4.365596064814814,-0.0410866998480499
2008-06-27,263.84,265.0,257.54,264.04,10895000,0,-0.1399341931091924,269.53999999999996,275.33299999999997,278.90500000000003,276.5348436447623,294.3972044913019,263.41279550869814,1.53607220658124,35.44921875,9001930.0,2.8966374155470915,0.0758035172832191,-7.600783874580053,-0.0014003219243491
2008-06-30,266.24,269.0,261.53,263.21,7530600,0,-0.3143463111649924,267.662,273.014,277.69050000000004,275.2658109166897,294.12537111057986,261.2556288894202,1.506254253218518,36.17699820609924,9011040.0,2.8562688792872817,-1.1380709134615494,-8.097067039106143,-0.0031484141701861
2008-07-01,259.79,268.36,258.5,267.36,9919800,0,1.576687815812483,266.904,271.277,276.876,274.5128765436716,293.6778425054893,260.07415749451064,1.6893739638405203,44.74317817014446,9076500.0,3.814313346228245,2.913891989683973,-6.100516278579704,0.0156438721966996
2008-07-02,268.26,270.19,263.03,263.52,8446000,0,-1.4362657091562037,264.508,269.51,275.7465,273.4659359204648,292.9666513227751,258.526348677225,1.6984332268012678,36.9879518072289,9162480.0,2.7221229517545624,-1.7669425184522514,-6.284007254881052,-0.0144667984177534
2008-07-03,265.44,269.62,263.75,268.5,4801000,0,1.8897996357012836,265.326,268.35,274.514,272.9929896423253,289.92270212097566,259.10529787902436,1.8782736213155335,31.03296703296708,9010860.0,2.225592417061613,1.1528028933092234,-4.141378079257418,0.0187216475195892
2008-07-07,271.15,274.5,267.8,271.96,8510400,0,1.2886405959031677,266.91,268.225,273.937,272.89460967638956,288.78287215357625,259.0911278464238,1.795049437461724,35.0579470198676,8962930.0,2.501867064973857,0.298727641526831,-0.4575235167087577,0.0128040827093395
2008-07-08,273.0,277.6,270.0,277.26,9864800,0,1.948816002353282,269.71999999999997,268.691,273.85299999999995,273.310361135781,288.59835302357334,259.10764697642657,1.8977027825807424,42.81039461020211,8927340.0,2.8148148148148233,1.5604395604395571,1.7094644167277906,0.019300697451971
2008-07-09,275.38,277.84,270.36,270.77,8308000,0,-2.340763182572314,270.40199999999993,268.653,273.5375,273.06842197999237,288.2621401082037,258.81285989179634,2.053548349597283,40.51001821493626,8977000.0,2.766681461754683,-1.674050403079386,-0.1401438318273995,-0.0236859420745684
2008-07-10,272.5,274.75,265.36,270.29,8663400,0,-0.1772722236584423,271.756,268.132,273.422,272.80381036285024,288.21368984333384,258.6303101566662,1.9751856199452336,40.96518695892432,9028880.0,3.5385890865239618,-0.8110091743119191,-1.891107078039922,-0.0017742953680734
2008-07-11,268.25,269.75,259.71,266.9,9962800,0,-1.2542084427836886,271.436,268.381,272.943,272.24154270924544,287.9368107933106,257.94918920668937,1.5155584328590923,43.78814727308527,8977860.0,3.865850371568296,-0.5032618825722358,0.9417192995726076,-0.0126214002571096
2008-07-14,269.5,270.03,257.73,260.81,8849600,0,-2.2817534657174843,269.20599999999996,268.058,271.6955,271.15282435598397,286.34708367586467,257.0439163241353,1.694642778684086,39.52372489781412,8801900.0,4.772436270515637,-3.2244897959183665,-1.2232995000757474,-0.0230818835347936
2008-07-15,258.14,263.75,250.55,258.04,12142000,0,-1.0620758406502784,265.362,267.541,270.27750000000003,269.90398394112833,284.4175005583387,256.13749944166136,1.720949637133894,38.61781559298495,9054720.0,5.268409499101971,-0.038738668939322,-1.9642110862049145,-0.0106775612116437
2008-07-16,257.02,268.25,255.3,267.8,9484400,0,3.782359324135798,264.768,267.58500000000004,269.431,269.70360451816373,281.8503836613039,257.01161633869606,2.076433859231239,43.88888888888891,9182650.0,5.072463768115938,4.1942261302622486,0.1645721125074883,0.0371258215930312
2008-07-17,267.08,268.52,262.25,266.72,17574800,0,-0.403286034353989,264.054,267.90500000000003,268.7075,269.41945170691,279.8642923611503,257.55070763884964,2.0199962038100847,52.17965653896962,9723270.0,2.3908484270733963,-0.1347910738355387,1.2143290831815534,-0.0040410142545881
2008-07-18,249.18,249.49,239.1,240.66,22584800,0,-9.770545890821849,258.80600000000004,265.121,266.7355,266.6804563062519,282.4322921295484,251.03870787045165,3.6249366961144105,35.142348754448406,10284200.0,4.345462149728154,-3.4192150252829316,-10.368715083798886,-0.1028142699924675
2008-07-21,240.44,242.04,232.85,234.4,11803000,0,-2.601180088091082,253.52400000000003,261.365,264.79499999999996,263.60612713422796,285.81480870262857,243.77519129737135,3.556905742990371,32.87361788134588,10276040.0,3.9467468327249295,-2.5120612210946565,-13.810854537431972,-0.0263560913071589
2008-07-22,233.36,240.12,232.8,238.56,9383000,0,1.774744027303754,249.628,257.495,263.093,261.2207816928729,286.79343224123613,239.3925677587639,3.538989810859146,32.881597717546356,10381600.0,3.1443298969072138,2.228316763798418,-13.958017745076823,0.0175917933135707
2008-07-23,240.8,248.62,239.05,244.61,9788200,0,2.536049631120063,244.99,254.879,261.766,259.63880248402785,286.51574653778476,237.0162534622153,3.7308758921614382,39.04783968492993,10403750.0,4.003346580213341,1.5822259136212633,-9.661336189385816,0.0250442544753608
2008-07-24,248.35,248.44,237.81,237.81,7081800,0,-2.779935407383183,239.208,251.631,259.88149999999996,257.55986891412044,285.933483074339,233.82951692566093,3.761964307379997,32.59217243335223,10345620.0,4.469955006097302,-4.244010469096031,-12.01672277923712,-0.0281930699746148
2008-07-25,243.24,246.56,240.75,245.99,6367000,0,3.439720785501033,240.27400000000003,249.54,258.9605,256.45797663658516,285.63338903501216,232.28761096498783,4.037990725769903,36.01808980295038,10098020.0,2.413291796469367,1.13057062983062,-7.834394904458586,0.0338188491824344
2008-07-28,246.04,246.04,237.56,238.56,6320000,0,-3.0204479856904776,241.106,247.315,257.68649999999997,254.75340743310085,285.73634981666095,229.636650183339,4.075976115935787,29.63157894736844,9869270.0,3.569624515911765,-3.0401560721833807,-8.531114604501367,-0.0306700336831803
2008-07-29,239.65,243.63,239.0,241.56,5605600,0,1.2575452716297786,241.706,245.667,256.604,253.4968924394722,285.41697470896304,227.79102529103693,4.125765943316794,34.039995628893024,9773020.0,1.9372384937238472,0.7969956186104722,-6.3866067276391325,0.0124970384232721
2008-07-30,242.75,243.01,236.4,241.35,6981400,0,-0.0869349230005034,241.054,243.022,255.3035,252.34004554047485,284.4187253712976,226.18827462870232,3.843102309377767,34.1407277509864,9626100.0,2.796108291032142,-0.5767250257466553,-9.876773711725171,-0.0008697273331985
2008-07-31,237.28,240.44,235.72,236.88,5730200,0,-1.8520820385332537,240.868,240.038,253.97149999999996,250.8676602509058,283.92932177100937,224.01367822899053,3.84686267223303,33.74133448873485,9490310.0,2.00237569998303,-0.1685772083614319,-11.187762447510508,-0.0186944783131661
2008-08-01,236.26,236.61,231.25,233.93,6015800,0,-1.245356298547784,238.456,239.365,252.243,249.2545497508195,282.6570473777357,221.82895262226427,2.3789769256084092,34.92935635792779,9551050.0,2.3178378378378435,-0.986201642258522,-2.796476356685773,-0.0125317584876599
2008-08-04,234.06,236.5,230.95,231.5,4974000,0,-1.038772282306677,237.044,239.075,250.21999999999997,247.56364025074149,280.494113312243,219.94588668775697,2.2561057436630154,35.06303466906799,9374230.0,2.403117557912973,-1.0937366487225506,-1.2372013651877125,-0.0104420517793871
2008-08-05,233.8,240.04,233.16,239.92,7169000,0,3.6371490280777463,236.716,239.211,248.353,246.8356745125756,276.10640214328237,220.59959785671768,2.492670201059865,34.06857142857143,9239440.0,2.9507634242580183,2.6176218990590145,0.5700871898054904,0.0357256609144648
2008-08-06,239.18,244.88,236.26,243.17,6751600,0,1.3546182060686809,237.08,239.067,246.973,246.4865626542351,272.70419106618755,221.24180893381248,2.3894356986551437,36.86851789896285,9161620.0,3.648522813849151,1.6681996822476712,-0.5886922039164522,0.013455252779214
2008-08-07,241.0,242.0,238.2,239.56,5547600,0,-1.4845581280585551,237.616,239.242,245.43649999999997,245.8268900204984,268.8728678477528,222.00013215224715,2.2553481616014976,49.18179113359119,9005830.0,1.595298068849711,-0.5975103734439825,0.7358815861401968,-0.0149568798237061
2008-08-08,240.08,247.88,237.84,247.5,7478600,0,3.3144097512105564,240.33,239.39299999999997,244.4665,245.98623382807,265.6611321655279,223.27186783447212,2.2349621526956955,59.50653120464441,8881620.0,4.2213252606794445,3.090636454515156,0.6138460913045263,0.0326066746124833
2008-08-11,246.24,254.44,245.89,250.42,8478600,0,1.1797979797979696,244.114,240.579,243.94699999999995,246.4084972730157,263.9296009581607,223.9643990418393,1.9652026366717203,58.764410286727745,8863070.0,3.4771645857903986,1.6975308641975222,4.9714956405097155,0.0117289262320565
2008-08-12,251.0,253.06,249.0,251.3,5511400,0,0.3514096318185444,246.39,241.55299999999997,243.61,246.87435467558564,262.80362942558725,224.4163705744127,1.94738513115118,55.35285645703313,8531540.0,1.6305220883534148,0.1195219123506021,4.032124523927805,0.0035079363087448
2008-08-13,250.8,251.77,246.94,250.02,7251000,0,-0.5093513728611221,247.76,242.42,242.721,247.17393994457748,258.5490482555306,226.8929517444694,1.9639446203708808,60.716166403370195,8419870.0,1.95594071434357,-0.3110047846889957,3.5922933499067833,-0.0051065298871294
2008-08-14,248.85,253.8,248.14,252.74,5837200,0,1.0879129669626453,250.396,244.006,242.022,247.7040409022368,254.2018809086062,229.84211909139384,1.8080937820090237,56.55212580081538,7832990.0,2.2809704199242464,1.5631906771147337,6.6953731847348985,0.0108203776681176
2008-08-15,253.5,255.33,252.75,255.08,7091400,0,0.9258526549022816,251.912,246.121,242.743,248.40651319726183,256.22140081098314,229.26459918901688,1.6789939532828988,67.7940542869453,7058320.0,1.0207715133531206,0.623274161735705,9.041166160817337,0.0092159291165362
2008-08-18,254.92,255.0,247.76,249.15,6667800,0,-2.3247608593382485,251.658,247.886,243.4805,248.4773214641893,256.6473282957163,230.31367170428368,1.8796975149110169,57.68996960486323,6801560.0,2.9221827575072687,-2.2634552016318774,7.624190064794822,-0.0235220967196573
2008-08-19,245.22,249.14,243.32,245.25,6093000,0,-1.5653220951234226,250.448,248.419,243.81499999999997,248.16995751521887,256.7940722237734,230.83592777622653,1.7046236517971498,53.676470588235304,6637060.0,2.391911885582769,0.0122339124051876,2.2215738579526523,-0.0157770262819411
2008-08-20,247.36,248.34,241.28,242.5,7964200,0,-1.1213047910295648,248.944,248.352,243.7095,247.6299615613885,256.69566344626406,230.72333655373592,1.7034205806776774,55.47544816835543,6545860.0,2.9260610079575606,-1.964747736093149,-0.2755274088086512,-0.0112763880679346
2008-08-21,241.46,244.95,239.64,243.26,7028200,0,0.313402061855661,247.048,248.722,243.98200000000003,247.21377474601815,256.672277422227,231.29172257777304,1.6240650852847194,59.495216771829824,6543180.0,2.215823735603406,0.7454650873850671,1.5444982467857749,0.0031291198127523
2008-08-22,245.75,247.44,244.74,245.3,4594400,0,0.8386088958316273,245.092,248.502,243.9475,247.03151048449263,256.61852932720853,231.27647067279145,1.232040216213056,64.15675010258516,6454550.0,1.1032115714635893,-0.1831129196337695,-0.8888888888888835,0.0083511210741533
2008-08-25,243.06,248.5,240.75,241.5,4028600,0,-1.5491235222176991,243.562,247.61,244.0945,246.50469996216,256.56905595667604,231.619944043324,1.2236046247867964,51.790571169537635,6339980.0,3.219106957424714,-0.6418168353492973,-3.562015813433428,-0.0156124781718163
2008-08-26,241.73,241.73,235.3,237.08,6616400,0,-1.8302277432712175,241.92799999999997,246.188,243.8705,245.60710948957333,256.69272654942046,231.0482734505795,1.2769336041015673,43.276661514683184,6390520.0,2.732681682957917,-1.9236338063128189,-5.658575407879029,-0.0184718361729899
2008-08-27,236.86,237.42,232.42,234.29,8774200,0,-1.1768179517462565,240.286,244.615,243.5175,244.5292895381854,257.0034457057858,230.03155429421423,1.290583537579361,44.07465707218349,6480160.0,2.151277859048275,-1.0850291311323237,-6.291496680265585,-0.0118379726410889
2008-08-28,236.24,238.22,235.16,236.89,6059400,0,1.1097357975158983,239.012,243.03000000000003,243.51800000000003,243.80173815359632,257.002910241117,230.03308975888308,1.2938446194688054,36.44262714030156,6496620.0,1.301241707773432,0.2751439214358183,-6.271266914615814,0.0110362340914868
2008-08-29,234.88,235.5,231.16,231.64,7696400,0,-2.216218498037059,236.28000000000003,240.686,243.4035,242.64347737706333,257.2648301936465,229.54216980635343,1.2527396269678766,27.35166425470335,6580650.0,1.877487454576918,-1.3794277929155352,-9.189273953269572,-0.0224114560124463
2008-09-02,238.38,241.09,230.71,232.62,12223000,0,0.4230702814712606,234.504,239.033,243.4595,241.6888604840097,257.12602533518657,229.7929746648134,1.2191350471660665,27.52646775745913,6943100.0,4.499154783060984,-2.4163100931286143,-6.63455749548465,0.0042217785533038
2008-09-03,234.36,237.14,229.79,232.2,8629200,0,-0.180551973175147,233.52799999999996,237.728,243.0735,240.78515948553255,257.5717355006406,228.57526449935943,1.1852501175840755,28.108108108108112,7016110.0,3.198572609774139,-0.9216589861751258,-5.321100917431199,-0.0018071516471017
2008-09-04,230.0,231.62,224.7,225.13,9697000,0,-3.0447889750215285,231.696,235.991,242.1715,239.29419191548183,258.7411758854187,225.6018241145812,1.4225759581015576,19.356270810210916,7163380.0,3.0796617712505636,-2.117391304347828,-7.1628865979381455,-0.0309210561309086
2008-09-05,222.74,226.23,220.04,222.12,9068600,0,-1.337005285834847,228.742,233.877,241.2995,237.65855459019787,260.12930445437337,222.4696955456267,1.3830972663388643,13.95450568678919,7339430.0,2.813124886384293,-0.2783514411421409,-8.690290224451203,-0.0134602367594759
2008-09-08,226.01,226.47,208.78,209.98,18035800,0,-5.465514136502803,224.41,230.34499999999997,239.4235,235.0225017720838,262.6217061693174,216.22529383068263,1.859206296909376,12.285769304833464,7867290.0,8.473033815499567,-7.092606521835318,-14.398695474928669,-0.0562054882866113
2008-09-09,211.58,216.19,207.5,209.33,14459200,0,-0.3095532907895881,219.752,227.128,237.369,232.57559684140915,263.5526468852413,211.18535311475873,1.8984564470302112,13.105998356614665,8166320.0,4.187951807228915,-1.063427545136591,-13.320910973084876,-0.0031003339803664
2008-09-10,212.24,212.24,204.84,207.08,12453600,0,-1.0748578799025466,214.728,224.128,235.158,230.14744476127495,263.7461879177667,206.5698120822333,1.8945830897412543,13.242009132420122,8513430.0,3.6125756688146873,-2.4312099509988676,-12.653956470389735,-0.010806762072728
2008-09-11,204.18,217.54,203.19,216.88,12942800,0,4.732470542785383,213.07799999999995,222.387,233.501,228.8838785935345,262.30302690236755,204.6989730976324,2.6979544148091423,26.94861936385881,8798020.0,7.062355430877501,6.220001959055729,-7.430961628750687,0.0462390131567093
2008-09-12,215.1,221.0,214.5,218.83,12056000,0,0.8991147178163184,212.42,220.581,231.8055,227.9263663465312,259.82053090918527,203.7904690908147,2.6827206389341125,26.83353754594785,9108960.0,3.0303030303030303,1.7340771734077258,-7.62379163324749,0.0089509674758586
2008-09-15,212.0,220.98,211.86,216.93,13134800,0,-0.8682538957181407,213.81,219.11,229.898,226.87909336114728,256.39449955034746,203.40150044965253,2.634710651196447,27.756653992395456,9411130.0,4.304729538374387,2.32547169811321,-6.350371265757204,-0.0087204518112984
2008-09-16,212.98,224.64,212.74,221.46,13981400,0,2.0882312266629732,216.236,217.994,228.5135,226.3629892315142,253.63229084838136,203.39470915161868,2.757880871553295,35.88724250090351,9776810.0,5.593682429256358,3.981594515916996,-4.797523858653596,0.0206672654149919
2008-09-17,219.24,219.57,206.72,207.24,18253800,0,-6.421024112706586,216.26800000000003,215.498,226.613,224.54175216184615,252.14829330575725,201.07770669424275,3.3343926496145753,29.74389695971246,10384850.0,6.216137770897831,-5.473453749315818,-10.749354005167955,-0.0663644443233746
2008-09-18,211.32,219.59,205.25,219.54,17178800,0,5.935147654892869,216.8,214.939,225.465,224.06539481309892,250.039337063404,200.890662936596,3.9065993312362943,38.65568196678437,10845580.0,6.986601705237517,3.8898353208404313,-2.483009816550441,0.0576569063125828
2008-09-19,230.5,231.04,221.64,224.58,20012000,0,2.29570921016673,217.95,215.185,224.531,224.11440483089905,247.63347095466327,201.42852904533677,3.955866437264772,45.37109887227906,11494770.0,4.2411117126872435,-2.5683297180043327,1.1075094543490094,0.0226975428852223
2008-09-22,227.06,227.06,214.5,215.07,8814600,0,-4.234571199572546,217.57800000000003,215.694,223.0195,223.25303294224196,244.28304080036912,201.75595919963092,3.7756850238277138,39.65090222903644,11705780.0,5.855477855477856,-5.280542587862243,2.4240403847985537,-0.0432684346115021
2008-09-23,216.62,220.4,212.86,214.64,10408400,0,-0.1999349049146781,216.214,216.225,221.6765,222.43274409059987,241.35962370910457,201.99337629089536,3.773863696824035,39.64622641509434,12024770.0,3.542234332425064,-0.9140430246514718,2.536664596570004,-0.0020013504155218
2008-09-24,215.17,222.5,215.06,217.56,8484000,0,1.3604174431606442,218.27799999999996,217.273,220.7005,221.96867322482845,239.0589008878346,202.3420991121654,3.752711191039018,45.30688158710478,12118150.0,3.4594996745094377,1.1107496398196843,5.06084604983581,0.0135124684373913
2008-09-25,219.42,225.0,217.99,219.8,10040600,0,1.029601029601035,218.33,217.565,219.97600000000003,221.76213291770193,237.18392400092492,202.7680759990751,3.466924055251677,48.54782173259891,12181470.0,3.215743841460613,0.1731838483274195,1.3463666543710897,0.010243367414761
2008-09-26,214.0,218.58,210.52,215.52,10585000,0,-1.9472247497725248,216.51799999999997,217.234,218.90749999999997,221.16764406839695,234.2456106021134,203.56938939788657,3.5185527854453396,53.846153846153854,12407750.0,3.8286148584457544,0.7102803738317804,-1.5125896814879192,-0.0196643293074671
2008-09-29,209.76,211.76,190.36,190.5,21525800,0,-11.609131403118043,211.604,214.591,216.8505,218.24691606188296,235.6442184074764,198.05678159252363,5.075398293384475,40.232389251997105,13099220.0,11.241857533095176,-9.181922196796334,-12.183653713179366,-0.1234015180952982
2008-09-30,197.99,212.54,196.16,200.26,6172600,0,5.123359580052478,208.728,212.471,215.2325,216.53387643694177,233.88120462555247,196.58379537444756,5.37388543076661,46.717998075072174,12796700.0,8.35032626427406,1.1465225516440132,-9.57283482344442,0.0499643277129009
2008-10-01,205.58,208.49,201.55,205.86,12469600,0,2.796364725856404,206.388,212.333,213.9155,215.5173167762806,231.18844992026408,196.6425500797359,5.098807090131866,44.473420260782355,12988720.0,3.443314314065987,0.1362000194571461,-0.6658946149391998,0.0275798038187567
2008-10-02,204.9,204.99,193.0,195.24,11969800,0,-5.1588458175459095,201.47600000000003,209.903,212.421,213.58614374996816,230.74856899492525,194.0934310050747,4.879438761484993,39.115991510565664,13102360.0,6.212435233160626,-4.714494875549047,-11.0685979775895,-0.0529667550794666
2008-10-03,198.68,206.25,191.54,193.46,15985800,0,-0.9116984224544212,197.064,206.79100000000005,210.988,211.6693681547331,230.5618984095648,191.4141015904352,4.738125801730945,39.1593533487298,13448220.0,7.679857993108493,-2.6273404469498685,-13.856977469053344,-0.0091587982645458
2008-10-06,186.99,188.0,178.58,185.6,22441200,0,-4.062855370619256,196.084,203.844,209.769,209.18657118761564,232.40440952161293,187.13359047838708,4.7269094033813435,33.93081197347195,13668490.0,5.27494680255347,-0.7433552596395607,-13.702515460082765,-0.0414769524023008
2008-10-07,186.66,187.49,172.68,173.0,22108800,0,-6.788793103448276,190.632,199.68,207.9525,205.74023107450935,235.935545900962,179.96945409903805,4.9989356086109495,34.43070207348127,14050970.0,8.576557794764884,-7.318118504232292,-19.399925456578448,-0.0703022258543212
2008-10-08,165.08,179.5,163.06,169.06,23652800,0,-2.2774566473988456,183.272,194.83,206.05150000000003,202.2468757340799,239.00786941872957,173.0951305812705,4.856182313086136,25.157480314960665,14610930.0,10.08217833926162,2.410952265568203,-22.292700864129433,-0.0230379129969973
2008-10-09,172.26,174.28,160.84,164.49,16150000,0,-2.7031823021412493,177.122,189.299,203.432,198.6509828070247,240.7977516140762,166.06624838592384,4.706063149084171,20.29071492138833,14771290.0,8.356130315841828,-4.510623476140707,-25.163785259326666,-0.0274039034167148
2008-10-10,156.58,170.94,155.15,166.0,21195600,0,0.9179889354975934,171.63000000000002,184.347,200.7905,195.54136539683185,240.93878539303563,160.6422146069644,4.845784391601097,23.655105766133374,15228270.0,10.177247824685782,6.016094009452029,-22.976985894580547,0.0091380102724763
2008-10-13,177.9,190.98,172.88,190.51,17811000,0,14.765060240963845,172.61200000000002,184.348,199.4695,195.06218773999072,239.11731083756283,159.8216891624371,6.281919288622471,39.7065096834741,15462080.0,10.46968995835261,7.088251826869019,0.0052493438320144,0.1377168982708002
2008-10-14,196.76,197.25,178.5,181.36,15569600,0,-4.802897485696278,174.28400000000002,182.458,197.4645,193.7572174790392,236.4806334915728,158.44836650842717,6.195906842199518,35.33700583279325,15541490.0,10.504201680672267,-7.826794063834101,-9.4377309497653,-0.0492206804280698
2008-10-15,177.32,179.5,169.42,169.58,13442800,0,-6.495368328187034,174.388,178.83,195.5815,191.45462533817835,236.21283313875188,154.95016686124814,6.2889014500882,31.117461272371784,15300940.0,5.949710777948302,-4.364989848860805,-17.62362770815117,-0.0671592143234166
2008-10-16,166.38,178.25,154.72,176.51,32479400,0,4.086566812124048,176.792,176.95700000000002,193.43,190.03132768692328,233.26897377668777,153.59102622331227,6.410784513559525,35.618963356189624,16065970.0,15.208117890382628,6.088472172136072,-9.59332104077034,0.0400527401163304
2008-10-17,189.48,193.0,181.78,186.27,28498400,0,5.529431760240233,180.846,176.238,191.51450000000003,189.6731060024544,228.63873947830825,154.3902605216918,6.7175975628767075,48.242917670515915,16490290.0,6.17229618219826,-1.6941101963267786,-3.716530548950692,0.0538197020527237
2008-10-20,189.88,190.49,179.8,189.66,13506800,0,1.8199387985182724,180.676,176.644,190.244,189.67185781174445,225.6745478662967,154.8134521337033,6.596586523489376,45.35087719298246,16724900.0,5.9454949944382625,-0.1158626500947961,2.187500000000009,0.0180357614106701
2008-10-21,186.2,191.89,181.0,181.38,11564000,0,-4.365707054729517,180.68,177.482,188.581,188.8821570677688,222.2696111632099,154.89238883679013,6.342588074342073,39.50977031196434,16782680.0,6.016574585635351,-2.588614393125668,4.843930635838145,-0.0446387174361596
2008-10-22,178.5,184.84,172.0,177.84,13120000,0,-1.951703605689703,182.332,178.36,186.595,187.8305230613146,217.6724404554792,155.51755954452082,6.326713457449905,42.06204379562043,17014480.0,7.465116279069769,-0.3697478991596619,5.193422453566776,-0.0197100083634804
2008-10-23,176.82,179.0,169.0,176.16,12957800,0,-0.9446693657220062,182.262,179.527,184.413,186.7190446745227,211.5527142288153,157.27328577118476,6.246155038638498,42.10045662100456,17160340.0,5.9171597633136095,-0.3732609433322003,7.0946562101039445,-0.0094915966815713
2008-10-24,163.24,175.24,162.37,169.64,14718000,0,-3.701180744777477,178.93599999999998,179.891,182.119,185.09246899123485,205.71216038267912,158.52583961732086,6.4097079149833665,42.62204142011834,17366990.0,7.926341072858289,3.9206076941925856,2.1927710843373305,-0.0377141283679798
2008-10-27,167.4,171.5,162.8,164.74,12401400,0,-2.8884697005423066,173.952,177.314,180.831,183.15413861111725,205.29423290596003,156.36776709403995,3.9838542936405297,45.88891100935696,16910770.0,5.343980343980337,-1.5890083632019096,-13.526848984305271,-0.029310071093287
2008-10-28,169.52,184.66,164.26,184.38,16210800,0,11.921816195216708,174.552,177.616,180.03699999999998,183.27088731482036,202.8180494652368,157.25595053476317,5.57576969683911,56.5943526170799,17412680.0,12.419335200292224,8.765927324209523,1.6651962946625298,0.1126303718573456
2008-10-29,182.9,185.5,176.18,179.0,19513200,0,-2.9178869725566714,174.784,178.558,178.69400000000002,182.8641361419803,197.96116366749928,159.42683633250076,5.192870909359746,56.202445071385824,17764860.0,5.290044272902708,-2.132312739201753,5.554900342021463,-0.0296130395296932
2008-10-30,184.23,186.0,179.18,179.84,15977800,0,0.4692737430167515,175.52,178.891,177.924,182.57612317607743,195.56961839159473,160.27838160840528,5.051634795667314,55.950128976784185,17965260.0,3.806228373702418,-2.382890951527974,1.8865786640983595,0.0046817608645711
2008-10-31,178.08,185.98,177.14,179.68,14846600,0,-0.0889679715302516,177.528,178.232,177.235,182.3003019212129,193.3348143173568,161.13518568264317,4.705623844528684,44.11092985318109,17908300.0,4.990403071017277,0.8984725965858009,-3.5378751275030873,-0.0008900757151932
2008-11-03,178.79,181.5,170.72,173.24,11909000,0,-3.5841495992876227,179.228,176.58999999999995,176.61700000000002,181.43741602395457,192.30854931804825,160.92545068195182,4.749714258168947,45.45047064096817,17381690.0,6.314432989690723,-3.104200458638617,-8.65759780660128,-0.0364995746437071
2008-11-04,176.72,186.18,172.75,183.47,14699800,0,5.9051027476333395,179.046,176.799,177.1405,181.6309954502446,193.02142066139015,161.25957933860985,4.998214568074653,57.919945261717416,17011240.0,7.774240231548485,3.8196016296966953,1.1522769875399683,0.0573732500442023
2008-11-05,181.08,184.44,170.66,171.12,13893000,0,-6.731345724096583,177.47,176.127,177.24349999999998,180.62994826450705,192.9292766950525,161.5577233049475,5.438321563677685,47.10557405219633,16523250.0,8.074534161490684,-5.500331345261767,-3.778677462887992,-0.069686101616478
2008-11-06,169.98,172.21,162.9,165.61,17149600,0,-3.219962599345483,174.624,175.072,177.2995,179.19947700122063,192.80047378946847,161.79852621053152,5.517356135094069,38.374971865856395,16573230.0,5.715162676488644,-2.5708906930226947,-5.988873751135326,-0.0327294381727505
2008-11-07,166.56,170.58,162.66,165.57,9362600,0,-0.0241531308496023,171.802,174.665,177.278,177.90143157253294,192.846011197077,161.709988802923,5.4003807703149125,35.91392819553268,15981580.0,4.869052010328303,-0.5943804034582187,-2.3991983022871977,-0.0002415604818801
2008-11-10,164.0,164.72,154.74,159.39,16160200,0,-3.732560246421457,169.032,174.13,175.722,176.13843808943457,191.92918567084257,159.51481432915747,5.454854059279784,36.81812732286296,15899040.0,6.449528240920246,-2.810975609756106,-3.247541580672586,-0.038040036988558
2008-11-11,154.34,158.15,150.26,155.73,20293200,0,-2.2962544701675136,163.48399999999998,171.265,174.4405,174.19477731901222,192.69452216674193,156.18647783325804,3.4161599512815517,36.76523404764754,16135220.0,5.250898442699331,0.9006090449656513,-15.538561666124306,-0.0232302906237142
2008-11-12,151.02,156.24,143.88,145.5,20102200,0,-6.569061837796175,158.36,167.91500000000002,173.2365,171.4619413838682,195.56269445736604,150.91030554263398,3.7489505051509098,33.351433536055595,16468190.0,8.59049207673062,-3.6551450139054498,-18.71508379888268,-0.0679476518957
2008-11-13,145.88,156.5,140.0,156.04,26469400,0,7.24398625429552,156.446,165.53500000000005,172.213,169.99318506159506,195.7512457871779,148.67475421282205,4.726787017999935,42.92403746097814,16167690.0,11.785714285714285,6.964628461749381,-13.233985765124556,0.0699362980269084
2008-11-14,151.62,162.5,151.28,155.01,19034200,0,-0.6600871571391997,154.334,163.068,170.65,168.56621505572886,194.4085104973649,146.89148950263515,4.713830598447734,44.72514366258266,15694480.0,7.416710735060813,2.2358527898694014,-13.729964381122006,-0.0066227536712528
2008-11-17,151.5,155.08,148.98,150.06,15087600,0,-3.1933423650087,152.468,160.75,168.67000000000002,166.80371838375467,192.35822670043703,144.98177329956297,4.694987550592721,27.8694867165334,15773520.0,4.09450933011144,-0.9504950495049488,-13.38028169014085,-0.0324544168496201
2008-11-18,150.78,151.86,142.68,148.71,16692200,0,-0.8996401439424151,151.06400000000002,157.274,167.0365,165.08050710911138,191.52653429970604,142.54646570029394,3.966871094609008,29.397360903278468,16029930.0,6.433978132884782,-1.3728611221647389,-18.94587671008884,-0.0090371134169903
2008-11-19,147.7,150.1,139.29,140.09,15669200,0,-5.796516710375899,149.98200000000003,154.171,165.149,162.70045881300553,191.8520988937071,138.4459011062929,3.8525680145555583,25.550498216262767,16157390.0,7.760786847584179,-5.152335815842915,-18.13347358578775,-0.0597130274925696
2008-11-20,137.44,141.47,129.52,129.78,19558800,0,-7.359554572060823,144.73000000000002,150.588,162.82999999999998,159.5651770212907,193.29717785284,132.36282214715996,4.213854674814807,22.71434820647417,16487440.0,9.226374305126612,-5.5733410942956905,-21.635166958517004,-0.0764443640150002
2008-11-21,131.26,134.68,123.65,131.22,20489000,0,1.109570041608876,139.97200000000004,147.153,160.909,156.86563635259637,194.27520912809473,127.54279087190524,4.297174970902,25.694123091161487,16775990.0,8.920339668418926,-0.03047386865762,-20.746512049284295,0.011034594723709
2008-11-24,134.63,134.98,124.5,128.72,20109400,0,-1.9051973784484089,135.704,144.08599999999998,159.108,154.185099557111,195.3666518749703,122.8493481250297,4.264214694001296,15.220429424469556,17161390.0,8.417670682730915,-4.38980910643987,-19.24211054645837,-0.0192358012326037
2008-11-25,134.34,143.33,133.66,141.02,21542400,0,9.555624611559988,134.166,142.61499999999998,156.94,152.93128055167185,192.00167198104057,121.87832801895942,5.615679516623623,30.86702262903637,17427970.0,7.234774801735759,4.972457942533874,-9.445835741347183,0.0912622216067668
2008-11-26,140.14,147.73,138.1,146.04,12713200,0,3.5597787547865467,135.35600000000002,142.66899999999998,155.292,152.2749681181793,189.06250198340788,121.52149801659212,5.37741802231901,37.48241013176408,17087970.0,6.973207820419983,4.210075638647072,0.3711340206185465,0.0349788324965415
2008-11-28,145.29,148.22,144.14,146.48,5131000,0,0.3012873185428644,138.696,141.713,153.624,151.7230663926384,185.53349332426575,121.7145066757342,4.776591755427852,37.85159730176911,16545630.0,2.8305813792146615,0.8190515520682758,-6.126634196359914,0.0030083435788191
2008-12-01,143.34,143.69,132.99,133.0,11422400,0,-9.202621518296006,139.052,139.512,151.29000000000002,149.93991721238712,181.9803310678376,120.59966893216242,5.510220611470954,34.63374868988005,16374420.0,8.04571772313707,-7.213617971257152,-14.199083930069024,-0.0965397721445014
2008-12-02,134.86,138.89,131.29,137.56,11679400,0,3.4285714285714253,140.82,138.262,149.506,148.76087747787406,178.94662813976652,120.0653718602335,5.6642396475107075,39.52979140255849,16362940.0,5.78871201157742,2.0020762271985677,-8.330001332800208,0.0337110573423116
2008-12-03,134.93,140.68,132.67,139.72,11809600,0,1.5702239022971742,140.56,137.363,147.3185,147.89984152760033,172.2966995685252,122.3403004314748,5.709248109855971,46.327827191867854,16218430.0,6.037536745307922,3.5499888831245765,-6.045323112097378,0.0155802343745657
2008-12-04,138.26,141.74,134.38,137.17,9773200,0,-1.8250787288863537,138.786,137.071,145.621,146.87795185830507,168.29686326334044,122.9451367366596,5.4291159236492925,36.656767076792526,16012440.0,5.477005506771851,-0.7883697381744565,-2.084374330787364,-0.0184193874483156
2008-12-05,135.51,142.12,132.01,142.0,13042400,0,3.5211781001676767,137.89,138.293,144.4405,146.41338501465697,165.10374015456154,123.77725984543844,4.8687698791906175,41.26962823782043,15807080.0,7.658510718884943,4.789314441738624,9.415934658653114,0.0346060251109451
2008-12-08,145.0,154.72,141.0,151.06,16288600,0,6.380281690140843,141.502,140.277,143.71499999999995,146.85591977516583,162.15374696053289,125.27625303946706,5.157326974917359,50.635970490969214,16153380.0,9.730496453900708,4.179310344827588,15.11964639536656,0.0618500512840411
2008-12-09,148.84,159.0,148.5,152.99,13779800,0,1.277638024625971,144.58800000000002,142.704,143.395,147.4401178918167,160.88612316218038,125.90387683781962,5.017511034682553,52.70202020202021,16034360.0,7.07070707070707,2.788228970706803,18.85487880671226,0.0126954508939856
2008-12-10,154.62,157.45,152.26,154.41,10474000,0,0.928165239558143,147.526,144.043,143.329,148.10391618783416,160.63310952105508,126.02489047894494,4.22589876144779,59.94444444444444,15543400.0,3.408643110468933,-0.1358168412883248,9.495107077010337,0.0092388425534852
2008-12-11,152.08,156.44,148.9,150.11,12358400,0,-2.784793730975965,150.114,144.45,143.5595,148.29497178899285,161.10648411636103,126.012515883639,4.273873521392366,65.40384906804063,15156210.0,5.063801208865005,-1.29537085744345,2.7869076965215234,-0.028243043660688
2008-12-12,147.85,158.24,147.0,157.88,11444200,0,5.176204116980876,153.29000000000002,145.59,143.6515,149.20783161861254,161.49086306984415,125.81213693015584,4.536455627123551,68.43196902654867,14404950.0,7.646258503401366,6.783902603990533,7.782632441288917,0.0504668921225615
2008-12-15,157.0,159.24,152.56,155.34,13475800,0,-1.6088168229034694,154.14600000000002,147.824,143.66799999999998,149.79184765493517,161.5521518787425,125.78384812125744,3.06385333090461,68.3941404090658,14127030.0,4.378605138961724,-1.0573248407643292,16.79699248120301,-0.016218987803145
2008-12-16,157.26,164.75,155.64,162.64,14119200,0,4.699369125788588,156.07600000000002,150.332,144.297,151.015481211608,163.92737399436825,124.66662600563174,3.172267681524922,66.04809976247031,14078610.0,5.853251092264208,3.421086099453132,18.232044198895014,0.0459229063285898
2008-12-17,159.32,161.06,156.21,157.62,11579400,0,-3.086571569109675,156.718,152.122,144.7425,151.64448300097868,165.18228769590098,124.30271230409905,3.5214708216228323,58.59560570071261,13822970.0,3.10479482747583,-1.0670348983178437,12.811336959633568,-0.0313520963945875
2008-12-18,158.35,160.18,154.56,155.14,9527000,0,-1.5734043903058104,157.724,153.919,145.495,151.97738938183787,166.3181424899981,124.6718575100019,3.4977300838685927,56.2391930835735,13515860.0,3.6361283643892377,-2.027155036311972,13.100532186338132,-0.015859137862778
2008-12-19,155.5,158.9,154.5,155.08,11225200,0,-0.0386747453912428,157.164,155.227,146.76,152.27287610737713,166.61485225066156,126.90514774933844,3.426171045187021,69.72132904608792,13099180.0,2.8478964401294533,-0.2700964630225,9.211267605633822,-0.0003868222599969
2008-12-22,154.28,154.75,145.32,148.56,7835200,0,-4.2042816610781575,155.80800000000002,154.977,147.627,151.9192688590555,166.09025865065158,129.16374134934844,3.1841049514370945,59.492578529513295,12466490.0,6.489127442884674,-3.7075447238786614,-1.654971534489602,-0.042952195758278
2008-12-23,150.22,151.66,148.34,149.01,7555400,0,0.3029079159935222,153.08200000000002,154.579,148.6415,151.64219563438354,164.81874493494075,132.46425506505926,3.151264501453994,58.26071492086075,11838790.0,2.238101658352429,-0.8054852882439142,-2.6014772207333947,0.0030245007429183
2008-12-24,150.74,153.17,149.19,151.48,3843000,0,1.6576068720220103,151.85399999999998,154.286,149.1645,151.62674843110892,164.9764854274771,133.35251457252292,3.188985440936696,62.742653606411416,10953820.0,2.6677391246062,0.4909115032506173,-1.8975454957580464,0.0164401852462252
2008-12-26,152.04,152.63,149.16,150.18,3918200,0,-0.8581991021916924,150.86200000000002,154.293,149.3715,151.4889628662414,165.11952547358374,133.62347452641626,3.0677470394057975,57.77270999619918,10514070.0,2.3263609546795383,-1.2233622730860203,0.0466324695223452,-0.008619028361856
2008-12-29,150.11,150.69,145.79,148.71,7403800,0,-0.978825409508588,149.58800000000002,153.376,149.483,151.22429973612316,165.17630812801596,133.78969187198405,2.486631794368872,47.39062846990895,10627710.0,3.3609986967556114,-0.9326493904470092,-5.808208766151502,-0.0098364739711456
2008-12-30,150.4,153.4,149.35,151.56,7687000,0,1.9164817429897063,150.188,152.998,150.411,151.25627118982572,164.06253224485906,136.75946775514095,2.571270413020832,48.44396082698584,10440940.0,2.7117509206561845,0.7712765957446786,-2.4333719582850577,0.0189834854498077
2008-12-31,152.1,155.5,151.3,153.82,5773600,0,1.4911586170493374,151.15,152.116,151.224,151.50043583841375,163.5227742650191,138.92522573498087,2.033739166811334,49.369523402436414,10145650.0,2.775941837409113,1.1308349769888224,-5.423020167240522,0.0148015014785075
2009-01-02,154.3,160.91,152.75,160.66,7221000,0,4.44675594851125,152.986,152.42000000000002,152.27100000000002,152.3727752823743,163.99821692657488,140.54378307342515,2.3544278713112963,60.69329008716805,9916220.0,5.342062193126021,4.121840570317553,1.92868925263292,0.0435072431167587
2009-01-05,160.5,165.62,157.5,164.02,9778000,0,2.091373086020165,155.754,153.308,153.6135,153.48203477929107,164.14874265954845,143.07825734045153,2.3300179737200413,56.83437221727518,9916460.0,5.1555555555555586,2.1931464174454893,5.723862317906425,0.0206980408625986
2009-01-06,166.49,170.4,163.2,167.03,12850400,0,1.83514205584685,159.41799999999998,154.503,154.865,154.77231718126336,165.5372749511248,144.19272504887522,2.349763593789294,62.87728574575899,9906860.0,4.411764705882364,0.3243438044326939,7.705700283724526,0.018185065393591
2009-01-07,164.16,165.46,159.38,161.0,8989000,0,-3.6101299167814127,161.30599999999998,155.747,155.36200000000002,155.36542983066684,166.21249521066272,144.51150478933732,2.213575405122134,48.14143245693564,9541880.0,3.814782281340201,-1.924951267056528,8.373721055465811,-0.0367690720173931
2009-01-08,159.14,162.6,158.67,162.6,7201400,0,0.9937888198757738,163.06199999999998,157.10600000000002,155.8425,156.05443651346047,167.09442451378786,144.59057548621217,2.206085150896074,56.11793611793611,9212960.0,2.476838721875595,2.1741862510996657,9.120193275619082,0.0098888321292471
2009-01-09,163.75,163.75,156.7,157.54,8681000,0,-3.1119311193111954,162.43800000000002,157.71200000000002,155.999,156.19591875027376,167.25410111253797,144.74389888746202,2.517360084745635,52.772643253234754,9123310.0,4.49904275686025,-3.7923664122137457,4.000528122524427,-0.0316138028385319
2009-01-12,158.16,159.48,155.12,156.34,6608600,0,-0.7617113114129714,160.902,158.328,156.3105,156.20964077405722,167.21885020575274,145.40214979424724,2.512089270567876,51.418280054029715,8835820.0,2.810727178958216,-1.150733434496708,4.101744573178845,-0.0076462714829938
2009-01-13,155.88,160.3,155.2,157.16,8865000,0,0.5244978892158025,158.92800000000005,159.173,156.2745,156.30015117652795,167.16577990162574,145.38322009837424,2.462831172411666,61.105371900826455,8706860.0,3.2860824742268187,0.8211444701052099,5.6822002555309,0.0052312718980745
2009-01-14,155.0,156.9,148.88,150.49,10935800,0,-4.244082463731225,156.82600000000002,159.066,156.032,155.74680344543006,167.2227473058764,144.84125269412365,2.8342974012443096,51.646639964397,8579860.0,5.386888769478782,-2.909677419354833,-0.7059910266561054,-0.0433677578916317
2009-01-15,148.78,151.79,143.4,149.5,11869000,0,-0.6578510200013321,154.206,158.634,155.375,155.15186978396054,166.47477998837357,144.27522001162643,2.78683859880953,47.72204325816843,8467350.0,5.850767085076699,0.4839360129049596,-2.8084774411649915,-0.0066002439678861
2009-01-16,152.51,154.12,147.85,149.84,10448800,0,0.2274247491638847,152.666,157.552,154.986,154.64597742358333,166.29779244955807,143.6742075504419,2.2679237944041164,49.599999999999994,8410820.0,4.240784578965175,-1.7507048718116764,-6.734719282957791,0.002271665305092
2009-01-20,149.57,149.75,141.38,141.38,10096400,0,-5.646022423918851,149.674,155.288,154.298,153.3825510022897,167.14058311452416,141.45541688547584,2.5258515642579984,42.59446352798544,8439290.0,5.920215023341353,-5.475696998061108,-13.803194732349722,-0.0581167573930251
2009-01-21,144.18,151.75,144.18,151.54,9849000,0,7.186306408261411,148.55,153.739,154.121,153.20706995445258,167.0156760127781,141.22632398722192,3.6254791823168415,49.98239436619718,8370480.0,5.250381467609927,5.104730198363146,-9.273783152727056,0.0693983157604192
2009-01-22,149.02,154.68,147.57,153.25,16534000,0,1.1284149399498622,149.102,152.964,154.3555,153.211158530219,166.9923658256534,141.71863417434662,3.542059545415453,49.49333333333335,8805420.0,4.818052449684905,2.8385451617232516,-4.813664596273293,0.0112209583130935
2009-01-23,154.64,165.98,152.11,162.35,21465600,0,5.938009787928222,151.672,152.939,155.02249999999998,154.08152438448386,167.8777195011162,142.16728049888377,4.069616383067043,51.44419757306443,9500930.0,9.118401157057376,4.985773409208489,-0.1537515375153786,0.0576839237325341
2009-01-26,162.43,164.0,160.28,161.94,9221400,0,-0.2525408068986712,154.092,153.379,155.5455,154.82995063358064,168.64271621690665,142.44828378309336,3.919815914140572,48.12814974802014,9769850.0,2.3209383578737204,-0.3016684110078243,2.792941475180921,-0.0025286022908866
2009-01-27,163.22,166.94,162.14,165.74,9854600,0,2.3465481042361347,158.964,154.31900000000002,156.32350000000002,155.869002954192,169.91788471539974,142.7291152846003,3.9455258000345945,48.85536823425023,10066670.0,2.96040458862712,1.5439284401421458,6.012536778815414,0.0231943991629281
2009-01-28,168.99,176.16,168.16,174.34,15382800,0,5.188850006033552,163.52399999999997,156.03699999999998,157.605,157.62814552998324,172.90287532549857,142.3071246745014,4.196123260173769,61.3204344874406,10465620.0,4.757373929590866,3.1658678028285663,10.93153474166455,0.0505871201625336
2009-01-29,172.27,172.52,170.06,171.66,14567600,0,-1.5372261099002027,167.206,158.154,158.61,158.9645126223658,174.84783236767794,142.3721676323221,3.887496551497996,57.55,10809650.0,1.4465482770786828,-0.3540953154931291,14.06737989235165,-0.0154916392933561
2009-01-30,172.34,174.4,168.0,169.26,9344000,0,-1.3981125480601264,168.58800000000002,160.13,159.382,159.94503522975953,176.12135117904938,142.64264882095063,3.937596395615551,60.219741890477856,10988170.0,3.809523809523813,-1.7871649065800232,13.217391304347824,-0.014079782048114
2009-02-02,167.14,172.5,166.0,170.28,10413800,0,0.6026231832683582,170.256,162.174,159.863,160.92931758883006,177.2954791847608,142.4305208152392,3.927823777233254,62.19384184744576,11147810.0,3.91566265060241,1.8786645925571468,13.641217298451693,0.0060081467179918
2009-02-03,171.28,171.5,166.92,170.22,13113000,0,-0.0352360817477137,171.152,165.058,160.173,161.81414448513195,178.12937180562528,142.21662819437472,3.1378134334057823,61.57801418439716,11314560.0,2.743829379343406,-0.6188696870621218,20.398924883293247,-0.0003524229111366
2009-02-04,170.04,177.22,169.58,171.5,13634800,0,0.7519680413582419,170.584,167.054,160.3965,162.73660691511938,178.81749520143595,141.97550479856403,2.5399356003538345,70.59400117623993,11353780.0,4.505248260408059,0.8586215008233404,13.171439883859048,0.0074915485571796
2009-02-05,170.46,177.69,168.5,176.86,14528800,0,3.125364431486899,171.624,169.415,161.1895,164.0816919708223,181.0306464811136,141.3483535188864,2.6049462931494904,74.7020585048754,11630770.0,5.4540059347181,3.754546521177992,15.40619902120719,0.0307751925415946
2009-02-06,178.23,186.9,177.72,185.64,14076200,0,4.964378604545949,174.9,171.744,162.3415,166.13486416407733,185.0025403208203,139.6804596791797,2.4319715685291543,78.04763397054212,11974510.0,5.165428764348417,4.157549234135666,14.345549738219889,0.0484508552253858
2009-02-09,185.64,190.5,183.65,189.38,9954600,0,2.0146520146520297,178.72,174.488,163.9335,168.3486866246414,189.46601736822436,138.40098263177566,2.368159631457992,90.60913705583756,12038190.0,3.729921045466918,2.0146520146520195,16.944547363220952,0.0199462641823791
2009-02-10,187.99,188.75,178.94,179.26,14207400,0,-5.343753300242904,180.528,175.83999999999995,165.0795,169.3878593270565,191.2270324185615,138.9319675814385,3.201640955731353,73.46766000677276,12418130.0,5.482284564658546,-4.643864035321037,8.157354893206215,-0.0549183126261384
2009-02-11,179.48,182.5,176.5,179.02,10463200,0,-0.1338837442820373,182.032,176.308,166.1725,170.30520605781302,192.75017157439797,139.594828425602,2.816352318039562,72.37367598541414,12498040.0,3.39943342776204,-0.2562959661243479,2.6844097740048145,-0.0013397344864226
2009-02-12,176.58,181.81,175.74,181.52,11100600,0,1.3964920120656863,182.964,177.294,167.724,171.37328167135465,194.0688062593535,141.3791937406465,2.755730721841399,68.79780349088058,12506280.0,3.453966086263794,2.7975988220636525,5.743912384947003,0.0138683090287933
2009-02-13,181.1,181.5,177.62,178.84,8293400,0,-1.4764213309828134,181.604,178.252,169.19099999999997,172.0843977026542,194.5106049690794,143.87139503092055,2.762125902694403,65.86556515208412,12327500.0,2.184438689336784,-1.247929320817223,5.6599314663830835,-0.0148742891058064
2009-02-17,173.26,173.54,169.84,171.33,11360800,0,-4.199284276448212,177.994,178.357,170.2655,172.01255030240142,193.89493968867552,146.63606031132448,3.1493003122042644,54.906090925048275,12373100.0,2.178520960904374,-1.1139328177305658,0.6166314305849241,-0.0429000300208985
2009-02-18,173.62,176.69,170.26,176.56,12049000,0,3.0525885717620937,177.454,178.991,172.02450000000002,172.44564074979175,191.4668926132321,152.58210738676797,3.282430698989618,52.07089552238806,12470730.0,3.7765769998825367,1.6933533003110228,3.7245917048525534,0.0300692406035996
2009-02-19,178.74,179.9,170.7,171.32,9977400,0,-2.9678296329859633,175.91400000000002,178.973,173.0135,172.3384368688592,189.9147653216978,156.1122346783022,3.4466896213114597,49.69729344729345,12477150.0,5.3895723491505665,-4.151281190556124,-0.1049562682215787,-0.0301276092013108
2009-02-20,169.02,174.46,167.5,173.22,12434200,0,1.1090357226243297,174.254,178.609,174.012,172.42239526230117,188.12699628057817,159.89700371942186,3.302303177751278,53.55731225296443,12272160.0,4.15522388059702,2.4849130280440117,-2.0581250706773746,0.0110293101557285
2009-02-23,173.5,174.9,164.78,165.03,10442200,0,-4.728091444405957,171.49200000000002,176.548,174.14600000000002,171.71835761827248,187.83942738999065,160.4525726100094,3.0439672403358498,45.82205952570428,11720990.0,6.141522029372499,-4.881844380403458,-11.102133160956685,-0.0484351873474223
2009-02-24,165.51,174.81,165.44,172.72,12191800,0,4.659758831727556,171.76999999999998,174.882,174.685,171.81375213081796,187.14891760667547,162.22108239332454,3.4369237963928256,51.774056202100475,11869510.0,5.663684719535786,4.35623225182769,-8.797127468581689,0.0455445106510754
2009-02-25,171.08,176.15,169.46,170.82,12878200,0,-1.1000463177397002,170.622,174.038,174.939,171.71910907074005,186.8292328781007,163.0487671218993,3.063972024794148,49.521665728756325,12020690.0,3.9478342971792735,-0.1519756838905887,-4.708245007252032,-0.0110614156885507
2009-02-26,172.98,176.24,168.58,168.59,11211200,0,-1.305467743823907,170.076,172.995,174.6515,171.42109868305053,186.8760796828269,162.42692031717309,3.073403359131998,43.91464311994112,11812110.0,4.54383675406335,-2.537865649207993,-5.826164674338063,-0.0131406386902913
2009-02-27,166.48,171.91,165.56,169.0,10840000,0,0.2431935464736856,169.23200000000003,171.743,174.5185,171.19051785609335,186.93646877197656,162.10053122802344,3.013044211763457,36.03558241020478,11625730.0,3.8354675042280713,1.5136953387794392,-6.897311591009259,0.0024289830953635
2009-03-02,166.66,170.35,163.0,163.58,11577000,0,-3.2071005917159723,168.942,170.217,174.2345,170.4657066317035,187.39635953110437,161.07264046889563,3.112494692562166,28.942213516160635,11737380.0,4.509202453987726,-1.848073922956909,-8.532766718854834,-0.0325965476162453
2009-03-03,165.04,166.84,161.18,162.74,13049600,0,-0.5135102090720212,166.946,169.358,173.85750000000002,169.72992504773174,187.89884477742893,159.8161552225711,2.880659600763988,34.10927279722971,11869170.0,3.511601935724033,-1.3936015511391076,-5.013716220159925,-0.0051483320383169
2009-03-04,161.58,164.5,157.69,159.46,15636800,0,-2.015484822416125,164.674,167.648,173.3195,168.75183694794777,188.70763415045235,157.93136584954766,2.625450273001323,32.224645583424206,11995360.0,4.31859978438709,-1.312043569748734,-9.68509288627095,-0.0203607281941618
2009-03-05,158.24,159.54,151.32,152.82,13059800,0,-4.164053681173973,161.52,165.798,172.3855,167.2345191433813,190.2990144220254,154.4719855779746,2.750240944441658,25.743745774171728,11966610.0,5.432196669310071,-3.4251769464105255,-10.79850572028952,-0.0425323488549288
2009-03-06,153.61,155.1,147.12,154.28,14468400,0,0.9553723334642106,158.576,163.904,171.25650000000002,166.00075541544024,190.7584116741954,151.75458832580463,2.736910538965459,28.80566102865032,11963590.0,5.42414355628058,0.4361695202135196,-10.93407227802794,0.0095083751206064
2009-03-09,149.99,153.28,144.72,145.44,12942600,0,-5.729841845994299,154.948,161.945,169.24650000000003,164.04258823301737,190.6958099140797,147.7971900859204,2.8973743641361573,28.159271132107293,11906910.0,5.9148700939745735,-3.033535569037943,-11.870568987456831,-0.0590055029108583
2009-03-10,149.12,155.25,147.12,154.08,13460400,0,5.940594059405946,153.21599999999998,160.081,167.4815,163.09377030606333,187.7310310147312,147.23196898526882,3.198708901451571,32.067645181876216,12082200.0,5.526101141924956,3.326180257510735,-10.792033348772566,0.0577083176206467
2009-03-11,155.05,160.0,152.85,158.96,11847200,0,3.16718587746625,153.116,158.895,166.46650000000002,162.70007789596207,186.26009308890627,146.67290691109378,3.470272679295061,40.08344030808731,11964190.0,4.677788681714103,2.5217671718800365,-6.942980915583652,0.0311806501937459
2009-03-12,158.77,162.5,156.82,161.76,10048200,0,1.7614494212380372,154.904,158.21200000000002,165.6035,162.6105466677752,184.58077424830864,146.62622575169135,3.5419577182191513,40.93641252768111,11943440.0,3.621986991455176,1.8832273099451915,-4.051248591256906,0.0174611570285997
2009-03-13,163.05,163.73,159.51,162.21,7812800,0,0.2781899109792318,156.49,157.53300000000002,164.63799999999998,162.57239936608232,182.1109114857902,147.16508851420974,3.5426329996386534,47.458543619322285,11779050.0,2.645602156604601,-0.515179392824289,-4.017751479289933,0.0027780367898619
2009-03-16,163.0,164.86,159.29,159.84,9893600,0,-1.4610689846495273,159.36999999999998,157.159,163.68800000000002,162.31217085502686,179.93258789228787,147.44341210771216,3.4274759622364095,37.161084529505594,11859060.0,3.496766903132665,-1.938650306748464,-2.2863430737253942,-0.0147184771617797
2009-03-17,160.09,167.67,159.54,167.67,9425000,0,4.89864864864864,162.08800000000002,157.652,163.50500000000002,162.82244029740525,179.46711237837087,147.54288762162918,3.7780099922352894,47.19201283651274,11762270.0,5.095900714554341,4.7348366543819,3.0293720044242134,0.047824447049473
2009-03-18,167.4,170.0,164.02,166.55,10024400,0,-0.6679787678177229,163.606,158.361,163.00449999999998,163.17744598336665,177.830344397742,148.17865560225795,3.7071120591529265,48.14477991997091,11661040.0,3.645896841848548,-0.507765830346472,4.446256114386049,-0.0067021973100276
2009-03-19,165.84,168.0,163.69,164.97,8222400,0,-0.9486640648453948,164.248,159.576,162.687,163.3481654135222,177.02705373258516,148.34694626741486,3.383116648042235,46.41139804096171,11573290.0,2.6330258415297223,-0.5246020260492068,7.950530035335701,-0.0095319254518556
2009-03-20,165.15,166.5,163.17,165.08,9475800,0,0.0666787900830634,164.822,160.656,162.28,163.5131020408058,175.7999330425296,148.7600669574704,3.3908112312478673,51.47521636506687,11425370.0,2.04081632653062,-0.0423857099606377,7.000259268861808,0.0006665656965482
2009-03-23,166.78,174.72,166.52,174.3,8543000,0,5.5851708262660615,167.714,163.542,162.7435,164.54042565596714,177.25931391741463,148.2276860825854,2.8383647733693755,59.76021614319487,11330410.0,4.924333413403788,4.508933924931053,19.843234323432355,0.0543477476415942
2009-03-24,173.25,176.92,172.0,173.58,7640000,0,-0.4130808950086106,168.89600000000002,165.49200000000002,162.7865,165.401337498256,177.43127097270224,148.14172902729774,2.5168595450728226,62.46028944581715,11102820.0,2.860465116279063,0.1904761904761977,12.655763239875384,-0.0041393643098765
2009-03-25,175.2,175.67,168.12,172.04,8672600,0,-0.8871989860583129,169.994,166.8,162.84750000000005,166.03359106985067,177.64255589540525,148.0524441045948,2.495999845376493,68.63847944142745,10892540.0,4.490839876278838,-1.8036529680365276,8.228485153497722,-0.0089115803005632
2009-03-26,176.56,179.58,174.25,176.64,12006600,0,2.6737967914438387,172.328,168.288,163.25,167.0437252536744,179.10301963601074,147.39698036398926,2.550270542426799,70.43875685557585,10932310.0,3.0588235294117716,0.0453103760761124,9.198813056379818,0.0263867551731948
2009-03-27,175.0,176.0,172.74,173.85,6645600,0,-1.579483695652173,174.082,169.452,163.4925,167.69194189618162,179.8560215293927,147.1289784706073,2.6666097622151157,79.19835560123329,10722590.0,1.8872293620470015,-0.6571428571428604,7.17588311448123,-0.01592090463486
2009-03-30,171.28,171.9,168.02,171.34,6188200,0,-1.443773367845835,173.49,170.602,163.8805,168.03937600130718,180.61651659833484,147.14448340166518,2.6650382702229445,70.29633113828785,10453150.0,2.3092488989405995,0.035030359645027,7.194694694694692,-0.0145429719179724
2009-03-31,174.46,176.76,173.09,174.03,7310600,0,1.569977821874624,173.57999999999998,171.238,164.445,168.6099116202303,181.77028483857137,147.11971516142864,2.2639987257677245,68.68336226134392,10166200.0,2.1202842451903563,-0.2464748366387749,3.7931651458221527,0.0155778116101846
2009-04-01,171.89,177.62,170.3,177.04,6602400,0,1.7295868528414582,174.57999999999998,172.287,165.324,169.41277718020837,183.3538996115004,147.2941003884996,2.2658078643293793,68.84558460779478,9714480.0,4.298297122724599,2.9961021583570924,6.298408886220352,0.0171479975967115
2009-04-02,181.66,184.88,180.16,181.25,8976000,0,2.3779936737460483,175.502,173.91500000000002,166.74550000000002,170.54013173447424,185.1044432960654,148.38655670393464,2.2515756140332117,71.48984198645599,9510290.0,2.6198934280639423,-0.2256963558295698,9.868460932290724,0.0235015979919899
2009-04-03,182.25,185.86,179.0,184.89,7579600,0,2.008275862068954,177.70999999999998,175.89600000000002,168.276,171.9067858550005,187.34913834471288,149.20286165528714,2.248932530318279,77.48518762343647,9165850.0,3.8324022346368793,1.4485596707818855,12.000242306760336,0.0198837599074771
2009-04-06,183.5,184.91,180.7,184.12,6560600,0,-0.4164638433663215,180.266,176.878,170.20999999999998,173.0699491069052,187.27161712582148,153.14838287417848,1.6615234670148329,71.35808880810184,8846750.0,2.3298284449363633,0.3378746594005474,5.633964429145144,-0.0041733346932207
2009-04-07,181.3,181.88,177.66,179.32,7360200,0,-2.6069954377579863,181.324,177.452,171.472,173.6651920491047,187.1911235861463,155.75287641385373,1.9280445781454003,65.133917990045,8541740.0,2.375323651919396,-1.0921125206839593,3.306832584399122,-0.0264157996618019
2009-04-08,181.75,182.5,178.1,181.0,5530400,0,0.9368726299353148,182.116,178.348,172.574,174.3637451872852,187.6780327832184,157.46996721678164,1.884567072936854,68.95247103334123,8225900.0,2.470522178551379,-0.4126547455295735,5.208091141594973,0.009325111978587
2009-04-09,184.75,187.18,183.12,186.25,6765200,0,2.900552486187835,183.116,179.309,173.79850000000002,175.4957694551628,189.1794756380955,158.41752436190453,1.9144226651496377,72.31709888256378,8061750.0,2.217125382262998,0.8119079837618403,5.440443840579712,0.028592825993843
2009-04-13,185.66,189.55,185.15,189.06,6100200,0,1.5087248322147584,183.95,180.83,175.14100000000002,176.78760093562346,190.94441322228897,159.33758677771107,1.7773377282651033,67.99122379327157,7976120.0,2.376451525789903,1.8313045351718225,8.748921484037965,0.0149745677375692
2009-04-14,188.47,188.5,182.8,184.46,6857200,0,-2.4330900243308973,184.018,182.142,176.372,177.51830560842123,190.9446370839212,161.79936291607885,1.9397189273027409,62.11581291759466,7824300.0,3.118161925601744,-2.12765957446808,7.657289599626482,-0.0246317871896653
2009-04-15,183.55,190.53,182.08,189.75,9861400,0,2.867830423940143,186.104,183.714,177.476,178.68322888380968,192.60761959539255,162.34438040460742,2.0408986290575797,68.20143884892089,7846120.0,4.640817223198587,3.377826205393619,9.032925357696952,0.0282747784681664
2009-04-16,190.75,196.45,190.51,194.37,20370200,0,2.434782608695651,188.778,185.44699999999995,178.86700000000002,180.17720708535165,194.85989460652613,162.8741053934739,2.08494309969424,68.21450585576333,8363410.0,3.117946564484803,1.897771952817827,9.7887483054677,0.0240561428542362
2009-04-17,193.01,199.91,192.4,196.12,21461600,0,0.9003447034007239,190.752,186.934,180.4245,181.69556831531813,196.7819769319615,164.06702306803845,2.024599789154836,73.37812303170273,9025370.0,3.903326403326399,1.6113154758820858,8.204137931034495,0.0089631576530568
2009-04-20,193.08,195.32,187.94,189.65,8857800,0,-3.299000611870284,190.87,187.41000000000005,181.653,182.4531332376688,196.80427522861797,166.50172477138202,2.3457580365743103,67.74568714867223,8994470.0,3.926785144194953,-1.7764657136938091,2.574503758991842,-0.0335464486481245
2009-04-21,188.08,192.15,188.05,190.74,7390800,0,0.5747429475349453,192.126,188.072,182.475,183.24235864360512,197.73008508836736,167.21991491163263,2.3340014862929364,66.71334266853373,8936860.0,2.180271204466894,1.4142917907273482,3.5954812079078913,0.0057309760158585
2009-04-22,190.88,195.0,189.5,191.93,7003600,0,0.6238859180035528,192.562,189.333,183.3925,184.06975305849983,198.60225154649,168.18274845351,2.0851696010318115,65.45567780776419,8905040.0,2.9023746701846966,0.5500838222967369,7.032121347312081,0.0062194780670202
2009-04-23,193.76,194.88,190.56,192.34,5218000,0,0.2136195487938197,192.156,190.467,184.4075,184.85739562435705,199.1289313878084,169.6860686121916,2.088641274854416,62.49718278115846,8732310.0,2.267002518891684,-0.7328654004954519,6.265193370165756,0.0021339170665488
2009-04-24,193.02,196.59,190.25,194.74,6770800,0,1.2477903712176277,191.88,191.316,185.3125,185.79859604108492,200.24722516620764,170.37777483379236,1.9497116851521823,61.41896591699516,8470520.0,3.332457293035482,0.8910993679411453,4.558389261744966,0.0124006962662743
2009-04-27,192.17,194.74,191.38,192.98,4581200,0,-0.9037691280681992,192.546,191.70800000000003,186.269,186.4825392752673,200.5487049947651,171.9892950052349,1.9553212984192896,60.04079782411602,8367300.0,1.7556693489392905,0.4215017952854256,2.073415846821103,-0.0090787789583724
2009-04-28,191.88,194.52,190.77,191.86,5887200,0,-0.5803710229039138,192.77,192.448,187.295,186.9946783919085,199.90997105575417,174.6800289442459,1.7530268233531416,65.5044510385757,8352250.0,1.9657178801698376,-0.0104231811548789,4.011709855795287,-0.005820617202436
2009-04-29,192.98,197.48,192.92,195.74,7220000,0,2.0223079328677063,193.532,193.047,188.3805,187.8275661641077,199.87598831410017,176.8850116858998,1.6378046470810443,67.28424015009382,8347720.0,2.363674061787271,1.4302000207275467,3.1567852437417665,0.0200213086078718
2009-04-30,197.88,201.88,197.4,197.98,8711400,0,1.14437519158066,194.66,193.408,189.4275,188.79446462466888,200.3753570361907,178.47964296380923,1.497823279254538,64.7993943981832,8453170.0,2.269503546099285,0.0505356781887984,1.8572825024437911,0.0113787674939877
2009-05-01,197.52,198.8,195.78,196.84,4855400,0,-0.5758157389635254,195.08,193.48,190.207,189.56070608898617,200.9208397461377,179.4931602538623,1.4932521810808277,60.247629083245535,8247140.0,1.542547757687205,-0.3442689347914169,0.3671221700999316,-0.0057747994938837
2009-05-04,199.08,201.2,197.4,200.99,6406000,0,2.1083113188376412,196.682,194.614,191.012,190.64921027098745,202.43936622971455,179.58463377028545,1.0645821997722014,72.03412423353774,8188460.0,1.92502532928064,0.9594133011854512,5.97943580279463,0.020863939579883
2009-05-05,199.99,202.5,198.62,201.5,4801600,0,0.2537439673615527,198.61,195.69,191.881,191.6826188166077,203.7369119607772,180.0250880392228,1.0698363643409172,67.94989306446686,8100510.0,1.9534790051354325,0.7550377518875897,5.641186956065836,0.0025342258090771
2009-05-06,203.4,204.14,200.5,201.74,5265800,0,0.1191066997518586,199.81,196.671,193.002,192.64046464359745,204.07078893202387,181.93321106797617,1.0781227432659592,62.99823633156969,7995790.0,1.8154613466334095,-0.8161258603736463,5.111238472359725,0.0011903582399516
2009-05-07,202.05,202.5,196.25,198.3,5999600,0,-1.7051650639436922,199.874,197.267,193.867,193.17946801087388,203.6112800495905,184.12271995040953,1.286365357196425,53.628495339547285,8019250.0,3.1847133757961785,-1.855976243504083,3.098679421857131,-0.017198704100939
2009-05-08,201.42,205.06,197.5,203.66,7730200,0,2.702975289964682,201.238,198.159,194.7375,194.1776139146002,204.72429101300685,184.75070898699315,1.4726719962518855,74.21361908053926,8067500.0,3.827848101265824,1.112104061165728,4.5804662627092485,0.0266709012177689
2009-05-11,201.4,206.0,200.6,203.99,5118600,0,0.1620347638220609,201.838,199.26,195.484,195.11212687511448,205.90639976410105,185.06160023589896,1.3998903468058173,73.5179268725595,8018420.0,2.691924227318049,1.2859980139026828,5.705254430510953,0.0016190362913536
2009-05-12,205.0,205.5,197.56,199.5,7581600,0,-2.201088288641606,201.438,200.024,196.236,195.53001955367495,205.4041953685779,187.0678046314221,1.6232485035987214,62.02732761360026,8054640.0,4.019032192751568,-2.682926829268293,3.982070259564252,-0.0222567367049549
2009-05-13,197.04,198.2,194.18,194.77,5685600,0,-2.3709273182957347,200.044,199.927,196.487,195.4576367390393,205.16954170890864,187.80445829109135,1.7274764834821932,53.39480301760268,7845850.0,2.0702441034091983,-1.1520503451075832,-0.4955553284969882,-0.0239948610881096
2009-05-14,194.4,196.1,192.34,193.75,5874000,0,-0.5236946141602972,199.134,199.504,196.456,195.29500466865457,205.17471888226652,187.73728111773343,1.6807099255574445,48.56146469049693,7121040.0,1.9548715815742908,-0.3343621399176983,-2.1365794524699444,-0.0052507070083521
2009-05-15,195.55,197.06,194.54,195.0,6017400,0,0.6451612903225712,197.402,199.32,196.4,195.26690898592557,205.1421616019327,187.65783839806727,1.694910909718916,52.9793510324484,6348830.0,1.2953634214043437,-0.2812579902838207,-0.934769355821985,0.0064308903302903
2009-05-18,197.36,198.66,192.7,198.42,6703400,0,1.7538461538461505,196.288,199.063,196.8385,195.56720336821837,205.01668478125865,188.66031521874137,1.6470698292332029,59.06077348066296,6241110.0,3.0928905033731233,0.5370895824888396,-1.278670580625918,0.0173864376580095
2009-05-19,198.05,200.82,196.5,199.44,5675000,0,0.5140610825521641,196.276,198.85700000000003,197.2735,195.93604114267376,204.99884386906857,189.54815613093143,1.6556049479139825,55.5488902219556,6155320.0,2.1984732824427446,0.7018429689472286,-1.0223325062034716,0.005127442993546
2009-05-20,201.04,202.84,197.5,198.59,4568000,0,-0.4261933413557961,197.04,198.542,197.6065,196.1887991290858,204.92549985981591,190.2875001401841,1.656918572312645,50.954616588419434,6033540.0,2.703797468354432,-1.218662952646234,-1.5614156835530912,-0.0042710413392291
2009-05-21,198.15,201.42,196.92,198.25,5439600,0,-0.1712070094163853,197.94,198.537,197.902,196.3851039739348,204.7902588129584,191.01374118704155,1.5648703035115108,52.26324237560191,6044620.0,2.2851919561243146,0.0504668180671179,-0.0252143217347455,-0.0017135373611159
2009-05-22,198.33,199.32,196.0,196.75,3437200,0,-0.7566204287515754,198.29,197.846,198.0025,196.4198559764172,204.75380201872076,191.25119798127923,1.2546660199449575,42.56140350877192,5877940.0,1.6938775510204045,-0.7966520445721839,-3.392909751546691,-0.0075949732174447
2009-05-26,195.98,202.5,195.0,202.18,6209000,0,2.759847522236347,199.042,197.665,198.4625,196.9684411215203,205.0239403906926,191.90105960930745,1.5929236414355263,51.01735487731897,5959330.0,3.8461538461538463,3.1635881212368697,-0.8872983969802406,0.0272245024283989
2009-05-27,202.82,205.93,202.4,202.78,6068600,0,0.296765258680387,199.71,197.993,199.0085,197.5219229194707,205.05367824390723,192.96332175609277,1.408075056139522,51.53937240970988,5968400.0,1.7440711462450595,-0.0197219209150932,1.6441102756892256,0.0029632577985222
2009-05-28,204.34,205.81,202.3,205.2,5337600,0,1.1934115790511737,201.032,199.036,199.4815,198.2531683557116,205.917612834752,193.04538716524803,1.113038333286742,60.5311355311355,5874280.0,1.73504695996045,0.4208671821473941,5.355034142835136,0.0118634657721805
2009-05-29,206.06,208.62,205.35,208.62,5296400,0,1.666666666666683,203.106,200.523,200.0135,199.24048565516765,207.58573536491417,192.44126463508584,1.0983859478580325,58.046722907203126,5703530.0,1.5924032140248408,1.2423565951664577,7.674838709677423,0.0165293019512107
2009-06-01,209.36,214.8,209.26,213.28,6644800,0,2.233726392483937,206.412,202.351,200.8355,200.5775822594374,210.29204098330993,191.3789590166901,1.192749962893373,63.21479374110952,5793000.0,2.6474242569052953,1.872372946121507,9.374358974358966,0.0220914411825734
2009-06-02,213.12,214.98,211.7,214.2,5247200,0,0.4313578394598671,208.81599999999997,203.929,201.496,201.87495537758625,212.68466983301295,190.30733016698704,1.1612519669535997,73.27422419252692,5735060.0,1.549362305148796,0.5067567567567492,7.952827335954038,0.0043043015832498
2009-06-03,213.0,216.23,212.0,215.82,7065600,0,0.7563025210084007,211.424,205.567,202.212,203.20305486543515,215.1047472063524,189.3192527936476,1.1577441707638734,86.96873902353352,5848260.0,1.99528301886792,1.323943661971828,8.212996389891703,0.0075345689219391
2009-06-04,217.65,220.62,217.25,220.14,7276200,0,2.0016680567139344,214.412,207.722,203.132,204.8160972592032,218.3069191968908,187.9570808031092,1.1265527789865306,91.53289266603714,5948780.0,1.5512082853855027,1.1440385940730442,10.851503096832673,0.0198189806596581
2009-06-05,222.54,223.67,219.73,222.16,7361600,0,0.917597892250388,217.12,210.113,204.325,206.46789752023147,221.51785592149895,187.132144078501,1.0460988564636966,91.73325138291334,6016880.0,1.7931097255722923,-0.1707558191785726,12.060529634300131,0.0091341354032984
2009-06-08,219.75,220.46,217.06,219.38,6197400,0,-1.2513503781058757,218.33999999999995,212.37600000000003,205.111,207.69762156592373,223.5667951532146,186.65520484678544,1.1525711996268797,82.85266457680251,5940240.0,1.5663871740532596,-0.1683731513083069,11.501905972045744,-0.012592457015356
2009-06-09,219.29,220.25,215.88,217.81,6509800,0,-0.715653204485367,219.062,213.939,205.802,208.66070522631193,225.0968649836534,186.50713501634655,1.1201954959534328,78.30508474576273,6009800.0,2.024272744117104,-0.6749053764421497,7.730734988624,-0.0071822628560514
2009-06-10,218.12,218.94,213.34,216.3,6717800,0,-0.6932647720490293,219.158,215.291,206.642,209.3882571095203,226.24203716431867,187.04196283568132,1.2055038038722274,76.74418604651166,5966610.0,2.6249179713133937,-0.8344030808729108,6.66732419370748,-0.0069567901681234
2009-06-11,215.88,216.86,214.18,214.5,5730400,0,-0.8321775312066682,218.03000000000003,216.221,207.62849999999997,209.87508976575648,226.69131613371775,188.56568386628217,1.2730889762616102,73.50303731559156,5968850.0,1.2512839667569366,-0.6392440244580302,4.532163742690054,-0.0083565945909415
2009-06-12,213.43,213.85,210.6,212.42,5836800,0,-0.969696969696976,216.082,216.60100000000003,208.562,210.11746216901776,226.56214222167583,190.5618577783241,1.2664413238498395,72.29018492176385,5966990.0,1.54320987654321,-0.4732230707960546,1.821493624772308,-0.0097442914746781
2009-06-15,210.75,210.75,207.0,208.38,7473800,0,-1.9018924771678656,213.882,216.111,209.231,209.95198958149228,226.06566586355063,192.39633413644935,1.1974950637343995,59.18246445497629,6039810.0,1.8115942028985508,-1.124555160142351,-2.2974493623405867,-0.0192021109093558
2009-06-16,209.66,210.54,207.71,208.0,6099400,0,-0.1823591515500489,211.92,215.491,209.71,209.76608581182631,225.77714332846364,193.64285667153632,1.1756050469330337,57.78175313059034,6009610.0,1.362476529777085,-0.7917580845177892,-2.894491129785237,-0.0018252562827196
2009-06-17,208.1,209.86,205.78,207.58,6980200,0,-0.2019230769230717,210.176,214.667,210.117,209.55788716308095,225.48599284446388,194.74800715553616,1.1187892780743538,53.77298668357644,6074870.0,1.9826999708426536,-0.2498798654492944,-3.8179964785469256,-0.0020212721641749
2009-06-18,207.84,209.34,206.5,207.03,6170400,0,-0.2649580884478308,208.682,213.356,210.539,209.31713600469232,225.0127466869654,196.06525331303456,0.7512336306733901,47.22706662016044,6154990.0,1.3753026634382584,-0.3897228637413406,-5.955301171981464,-0.0026530972365228
2009-06-19,209.1,210.23,207.29,210.04,8518200,0,1.4538955706902446,208.206,212.144,211.12849999999997,209.3859801947216,224.40573540502857,197.8512645949714,0.8804072413297783,44.0044411547002,6308920.0,1.4183028607265171,0.4495456719273064,-5.455527547713357,0.0144342784690384
2009-06-22,208.48,208.74,200.94,203.68,8248800,0,-3.0279946676823433,207.266,210.574,211.475,208.84255350951003,223.47229179968787,199.47770820031212,1.1684686781645286,33.79544054220581,6549500.0,3.8817557479844784,-2.3023791250959245,-7.15653204485367,-0.0307478539605621
2009-06-23,203.32,204.5,201.28,202.84,5799200,0,-0.4124116260801225,206.234,209.077,211.508,208.27088174669956,223.4008171157178,199.61518288428215,1.1729126747431586,29.51388888888889,6529010.0,1.599761526232114,-0.2360810544953717,-6.872962673890082,-0.004132643882278
2009-06-24,204.37,206.12,203.28,204.64,4915600,0,0.8873989351212641,205.646,207.91099999999997,211.60099999999997,207.92508348510913,223.23266440552024,199.9693355944797,1.276358589324459,23.42249657064468,6471360.0,1.397087760724126,0.132113323873358,-5.390661118816464,0.0088348469037141
2009-06-25,203.5,207.95,203.26,207.88,6089000,0,1.5832681782642632,205.81599999999997,207.24899999999997,211.735,207.92078981986063,223.11520534457753,200.35479465542244,1.4347458795311228,26.49769585253452,6508930.0,2.307389550329626,2.15233415233415,-3.0862470862470848,0.0157086523097084
2009-06-26,206.84,214.12,206.56,212.66,6513400,0,2.299403502020403,206.34,207.273,211.937,208.37214317035009,223.2274656563572,200.64653434364277,1.625837978249433,39.62322421247683,6569780.0,3.659953524399691,2.813769096886479,0.1129837115149356,0.022733656082699
2009-06-29,213.0,213.9,211.12,212.07,4338600,0,-0.2774381642057788,208.01799999999997,207.642,211.8765,208.72432001126913,223.14961898187397,200.603381018126,1.4873735427847763,40.85987261146495,6454470.0,1.3167866616142485,-0.4366197183098623,1.7708033400518186,-0.0027782373719677
2009-06-30,212.0,213.6,209.11,210.8,5187800,0,-0.5988588673551121,209.61,207.92199999999997,211.7065,208.9220038197197,222.93454247833424,200.47845752166575,1.504557096125883,41.174582798459554,6451500.0,2.147195256085305,-0.5660377358490513,1.3461538461538414,-0.006006592183765
2009-07-01,212.1,213.2,209.08,209.5,4621600,0,-0.6166982922201192,210.58199999999997,208.114,211.39049999999995,208.97705107498447,222.48604766089892,200.29495233910103,1.5207839875756866,41.8460534898891,6329300.0,1.970537593265724,-1.2258368694012232,0.924944599672406,-0.0061860773050148
2009-07-02,207.7,207.7,203.4,204.24,5035200,0,-2.5107398568019024,209.854,207.835,210.5955,208.5259033535574,221.32385392291303,199.86714607708691,1.7322102567881004,37.91371158392437,6217250.0,2.1140609636184773,-1.665864227250833,-1.34763077814809,-0.0254279664289639
2009-07-06,203.25,205.32,200.83,204.8,4525200,0,0.2741872307089776,208.282,207.311,209.7275,208.17105541512336,219.2585592000174,200.19644079998264,1.6512377950094406,44.104084321475646,6075430.0,2.235721754717911,0.7626076260762664,-2.494762902304315,0.0027381202321244
2009-07-07,204.12,204.6,197.99,198.32,6518600,0,-3.164062500000009,205.532,206.775,208.6745,207.2328596613021,218.3674632099803,198.9815367900197,1.6771223787349303,36.72517827756443,6091490.0,3.33855245214404,-2.841465804428773,-2.6315789473684292,-0.0321520054384177
2009-07-08,200.0,203.0,199.03,201.24,6882400,0,1.4723678902783366,203.62,206.615,207.846,206.66211112213043,217.07256895803656,198.61943104196345,1.761096300137246,41.86344969199179,6110120.0,1.9946741697231567,0.6200000000000045,-0.788799053441136,0.0146163378961827
2009-07-09,203.06,207.22,202.9,205.2,6551200,0,1.9677996422182265,202.76,206.671,207.291,206.5228624438323,215.67313865440187,198.90886134559813,1.8565762672209587,47.84045315081424,6101790.0,2.1291276490882174,1.053875701763019,0.2736512900703758,0.0194868876734964
2009-07-10,204.79,208.68,204.35,207.2,5853200,0,0.974658869395717,203.352,206.603,206.926,206.5873517348959,214.59151100370588,199.26048899629416,1.809859009441964,46.56673114119922,6107930.0,2.118913628578426,1.1768152741833082,-0.3271117952664992,0.0096993970887135
2009-07-13,208.08,212.26,207.59,212.15,8091400,0,2.3889961389961467,204.82200000000003,206.552,206.9125,207.11712776014392,214.53811852542495,199.28688147457504,1.822780670194914,60.60075093867333,6220660.0,2.249626667951244,1.9559784698192968,-0.2398194300761713,0.0236090612630059
2009-07-14,211.86,213.36,210.44,212.34,5791600,0,0.0895592740985051,207.62600000000003,206.579,207.1105,207.61454416393977,215.0938101563949,199.1271898436051,1.820468039570857,62.08651399491094,6136550.0,1.3875689032503402,0.2265647125460161,0.1273164521148784,0.000895191937093
2009-07-15,214.83,219.34,214.24,219.08,7554000,0,3.1741546576245616,211.194,207.407,207.6645,208.70649233880263,217.27887843191863,198.05012156808135,2.0523919548976655,66.32007233273058,6209280.0,2.3805078416728875,1.9783084299213332,3.92789373814042,0.0312481963300935
2009-07-16,218.34,222.88,217.05,221.3,13109000,0,1.0133284644878504,214.414,208.587,208.3505,209.90587402082144,219.73451552503528,196.96648447496472,2.026799318835413,65.52521980564555,6515720.0,2.686017046763411,1.3556837959146322,5.632458233890225,0.0100822871414833
2009-07-17,216.5,217.74,213.35,215.12,13708200,0,-2.792589245368282,215.998,209.675,208.755,210.4024574474099,220.51031324441175,196.9996867555883,2.075738970255653,52.756611385029146,6892610.0,2.057651745957354,-0.6374133949191665,5.327066196631414,-0.0283232350963947
2009-07-20,214.94,216.42,213.12,215.08,6307000,0,-0.0185942729639232,216.584,210.70299999999995,209.007,210.8479376905137,221.0898231277876,196.92417687221243,2.0819578344801095,53.415021556614505,6782050.0,1.548423423423415,0.0651344561272982,5.019531250000009,-0.0001859600191318
2009-07-21,215.47,215.95,212.86,213.95,5936400,0,-0.5253859029198504,216.906,212.266,209.5205,211.14337219617903,221.52275500744383,197.5182449925561,1.6959100413363324,53.58524926018662,6666430.0,1.4516583670017733,-0.7054346312711794,7.881202097619999,-0.0052677090786515
2009-07-22,214.0,215.1,211.75,213.84,5173400,0,-0.0514138817480636,215.858,213.526,210.0705,211.40019389178104,221.78855709602976,198.3524429039702,1.6946879810367297,55.07721104351895,6635140.0,1.5820543093270338,-0.0747663551401853,6.261180679785339,-0.0005142710321621
2009-07-23,214.34,220.6,212.75,218.67,6956400,0,2.258698092031408,215.332,214.873,210.772,212.0925563782781,222.79701883138995,198.74698116861003,1.722621325023487,67.05270621602455,6737180.0,3.689776733254992,2.020154894093489,6.564327485380117,0.0223356722315675
2009-07-24,217.9,225.24,217.5,223.36,7253800,0,2.1447843782869347,216.98,216.48900000000003,211.546,213.1656462470135,224.7246724034074,198.3673275965926,1.785627960208083,69.98277347114555,6795420.0,3.5586206896551764,2.5057365764112016,7.799227799227815,0.0212210755117765
2009-07-27,223.02,223.38,218.8,222.4,5008800,0,-0.4297994269340965,218.444,217.514,212.033,214.0451085092027,226.07648599699905,197.98951400300095,1.7227112334462256,79.42326490713586,6720190.0,2.0932358318098645,-0.2780019729172291,4.831487155314629,-0.0043072571975803
2009-07-28,220.5,221.4,218.05,219.92,5065000,0,-1.1151079136690778,219.638,218.272,212.4255,214.6046219845167,226.90535820665204,197.94564179334796,1.7941734592131673,73.07312252964422,6756510.0,1.5363448750286606,-0.2630385487528401,3.5697466327587746,-0.0112137185194371
2009-07-29,218.62,218.9,215.94,218.12,3974000,0,-0.8184794470716517,220.494,218.176,212.7915,214.9394198907532,227.467085561724,198.11591443827595,1.5236336203194525,66.8580375782881,6695820.0,1.3707511345744223,-0.2287073460799561,-0.4381960927515083,-0.0082184737991293
2009-07-30,221.3,225.74,221.3,222.82,6397200,0,2.1547771868696053,221.324,218.32800000000003,213.4575,215.6899513297291,228.70207850138016,198.2129214986198,1.6484150884492736,69.0394929302779,6784600.0,2.0063262539539073,0.6868504292815101,0.6868504292815159,0.0213189005733095
2009-07-31,224.99,226.35,221.22,221.52,5720800,0,-0.5834305717619559,220.956,218.968,214.3215,216.24519406023109,229.32324203921175,199.31975796078825,1.339682369143563,62.53679421996254,6818880.0,2.3189585028478414,-1.5422907684785985,2.9750836742283404,-0.005851391768464
2009-08-03,224.37,226.95,223.82,226.1,5180600,0,2.0675334055615613,221.696,220.07,215.3865,217.18374700687573,230.56534854520976,200.20765145479027,1.4427413364866557,66.4750957854406,6851650.0,1.3984451791618244,0.7710478227927039,5.123674911660769,0.0204645004212176
2009-08-04,224.68,227.0,224.22,226.86,4779600,0,0.3361344537815114,223.084,221.361,216.81350000000003,218.1052949109828,230.53276847061952,203.09423152938052,1.399092232847186,60.87199552822806,6764700.0,1.2398537151012403,0.970268826775862,6.034120121523734,0.0033557078469723
2009-08-05,228.0,228.46,223.94,225.57,4684000,0,-0.5686326368685601,224.574,222.534,218.02999999999997,218.81621920517497,230.1572377208228,205.90276227917713,1.4348049407196253,56.12625538020083,6654780.0,2.018397785121019,-1.0657894736842135,5.485409652076312,-0.0057025550728513
2009-08-06,227.15,227.44,224.26,225.18,4221800,0,-0.1728953318260395,225.046,223.185,219.029,219.4222935665869,229.93660796781072,208.12139203218925,1.3129111763313066,67.30901582931865,6538310.0,1.417996967805229,-0.867268324895443,2.977088763890801,-0.0017304496830607
2009-08-07,227.84,229.71,227.5,228.55,5086200,0,1.4965805133670962,226.452,223.704,220.0965,220.29159894119763,230.28492124025684,209.9080787597432,1.2248405835376606,70.79345476999073,6499960.0,0.971428571428575,0.3116221910112394,2.3236031518624634,0.014854922402769
2009-08-10,227.57,229.2,226.9,228.3,3484000,0,-0.1093852548676443,226.892,224.294,220.90400000000005,221.0543038039407,231.00014913563152,210.8078508643686,1.2095645488618465,72.77054903205335,6269590.0,1.0136624063464006,0.3207804192116791,2.652877697841727,-0.0010944512420035
2009-08-11,226.84,228.62,226.19,226.97,3425000,0,-0.5825667980727145,226.914,224.99899999999997,221.6355,221.61770344166064,231.22640023766843,212.0445997623316,1.1522334997544443,70.05805071799571,6151260.0,1.0743180511959003,0.0573091165579242,3.205711167697345,-0.0058427033783715
2009-08-12,227.7,230.88,227.46,229.29,4682800,0,1.022161519143494,227.658,226.116,222.146,222.34839835197863,232.23798827629648,212.05401172370355,1.0954273333749185,67.57114493712771,6007700.0,1.5035610656818723,0.6982872200263519,5.121034293049687,0.010169727765524
2009-08-13,231.08,232.36,229.46,231.14,3990400,0,0.806838501461038,228.85,226.948,222.638,223.18569374702832,233.4873426432183,211.7886573567817,0.942223590087418,64.20745069393713,5551770.0,1.2638368343066353,0.0259650337545325,3.733955659276544,0.0080360096243929
2009-08-14,231.39,231.59,228.44,230.0,3350200,0,-0.4932075798217417,229.14,227.796,223.382,223.8346752949304,234.1006224566825,212.66337754331752,0.9324477027142898,63.788098693759075,5033870.0,1.3789178777797255,-0.6007174035178644,3.82809678584326,-0.0049442786240997
2009-08-17,225.75,226.0,221.56,222.44,5240400,0,-3.286956521739126,227.968,227.43,223.75,223.7018490763656,233.74976631308272,213.75023368691728,1.3148559579241954,53.86029411764707,4980540.0,2.003971836071492,-1.4662236987818391,-1.618752764263598,-0.0334219066038321
2009-08-18,222.55,223.85,221.16,222.64,4702200,0,0.0899118863513681,227.102,227.008,224.1845,223.6007205929022,233.0862336573128,215.2827663426872,1.306914387087055,57.28092783505152,4918830.0,1.2163139808283585,0.0404403504830262,-1.8601780833994663,0.000898714898272
2009-08-19,220.0,222.5,219.28,221.98,4510000,0,-0.2964426877470338,225.64,226.64899999999997,224.5915,223.44636625072104,232.14387508828543,217.03912491171457,1.3007365928258607,48.44444444444443,4885660.0,1.468442174388909,0.8999999999999955,-1.5915236955268863,-0.0029688294938018
2009-08-20,226.0,231.09,225.62,230.2,7997800,0,3.7030363095774455,225.452,227.151,225.16800000000003,224.08956946493808,232.57605138100607,217.759948618994,1.7823344975257012,62.79481132075469,4937730.0,2.4244304582927043,1.8584070796460128,2.229327648991908,0.0363612085639488
2009-08-21,232.77,233.04,231.32,232.62,7121000,0,1.0512597741094698,225.97599999999997,227.558,225.631,224.90199142065828,233.6919830927448,217.5700169072552,1.752626829734331,60.26448362720404,4931090.0,0.7435587065536914,-0.0644412939811855,1.7807919492452309,0.0104577246231104
2009-08-24,233.68,235.04,232.21,234.36,4906800,0,0.7480010317255648,228.36,228.164,226.229,225.80275414250033,235.0220161282714,217.43598387172855,1.7572937688912702,61.45387904703726,4925990.0,1.2187244304724103,0.2909962341663843,2.6544021024967224,0.0074521737656951
2009-08-25,234.56,237.18,234.36,235.68,4682000,0,0.5632360471070186,230.968,229.035,227.017,226.74344422416695,236.2434541857944,217.7905458142056,1.732254383879232,65.42569423252978,4906840.0,1.2032770097286196,0.4774897680764002,3.8375115654051273,0.0056165580377323
2009-08-26,236.38,236.5,233.35,234.0,3975600,0,-0.7128309572301483,233.372,229.506,227.811,227.43454477424632,236.5330516659563,219.08894833404372,1.7487981641457233,62.94773928361714,4906920.0,1.349903578315837,-1.0068533716896504,2.0541672118278287,-0.0071538373566187
2009-08-27,234.29,234.29,230.36,233.03,3997800,0,-0.4145299145299153,233.938,229.695,228.3215,227.96744527193715,237.0086720915278,219.63432790847224,1.7456961941246565,57.075173720783305,4786950.0,1.7060253516235364,-0.5377950403346241,0.8176862507571325,-0.0041539147154545
2009-08-28,234.63,236.18,231.69,232.38,3543200,0,-0.2789340428271059,233.89,229.933,228.8645,228.3876885793717,237.10792921748015,220.62107078251984,1.7389741772783889,56.36306924516529,4678070.0,1.93793430877466,-0.9589566551591868,1.0347826086956502,-0.002793237887531
2009-08-31,229.9,230.93,229.0,230.84,3915800,0,-0.6627076340476767,233.186,230.773,229.1015,228.62124204800296,237.2825931582279,220.92040684177204,1.3144862367561077,55.99628137589093,4614830.0,0.8427947598253305,0.4088734232274892,3.7762992267577737,-0.0066491329119501
2009-09-01,229.84,233.41,227.21,227.88,5189800,0,-1.2822734361462529,231.626,231.29699999999997,229.1525,228.5506475672408,237.2873448049392,221.01765519506085,1.4157383148180864,47.85779398359161,4635340.0,2.7287531358654937,-0.8527671423599059,2.3535752784764608,-0.0129056552305708
2009-09-02,227.91,229.16,226.3,226.5,3609600,0,-0.6055818852027328,230.126,231.74899999999997,229.199,228.35534779893217,237.2578987102146,221.14010128978543,1.4320776468252454,42.84833538840939,4581620.0,1.263809102960665,-0.6186652626036578,2.0362194792323596,-0.006074229689106
2009-09-03,227.91,229.12,227.5,228.76,3292400,0,0.9977924944812422,229.272,231.605,229.378,228.39388610379575,237.21706976224135,221.53893023775865,0.8266257503010506,48.15256257449343,4535150.0,0.7120879120879141,0.3729542363213524,-0.6255430060816636,0.0099284741240267
2009-09-04,228.78,231.3,227.89,230.65,2998400,0,0.8261933904528895,228.926,231.408,229.483,228.60875409391045,237.33162334562545,221.63437665437456,0.7954956940740986,64.7185371100753,4430760.0,1.496335951555586,0.8173791415333528,-0.8468747313214675,0.0082279909567142
2009-09-08,232.14,233.5,227.92,229.31,5313400,0,-0.5809668328636497,228.62,230.903,229.53349999999995,228.67553941829993,237.36304801413888,221.703951985861,0.7511721710596677,61.48811574233553,4522230.0,2.448227448227454,-1.219091927285252,-2.154804574159419,-0.0058266101009329
2009-09-09,229.53,233.14,229.4,231.98,4390800,0,1.1643626531769202,229.44,230.53300000000004,229.784,228.99024994989043,237.58875536555965,221.9792446344404,0.8392631561736007,66.1082474226804,4570520.0,1.6303400174367833,1.0673985971332671,-1.5699253224711551,0.0115763611508334
2009-09-10,233.32,235.47,231.0,235.47,5069200,0,1.504440037934307,231.234,230.68,230.093,229.6073690022818,238.29466119247988,221.89133880752016,0.959743502012814,60.01520334473585,4589840.0,1.9350649350649347,0.9214812274987166,0.6282051282051171,0.0149323557531018
2009-09-11,235.2,236.65,233.82,236.07,3805800,0,0.2548095298764208,232.696,230.984,230.3395,230.22285766873117,238.95933630327028,221.7196636967297,0.9456839582509702,57.043691302572455,4580610.0,1.2103327345821626,0.3698979591836754,1.3045530618375212,0.0025448544081697
2009-09-14,235.26,238.4,235.02,237.56,3951400,0,0.6311687211420391,234.07799999999995,231.502,230.71750000000003,230.921633128852,239.9181312712722,221.51686872872787,0.9453522841527772,56.600660066006576,4610670.0,1.4381754744277064,0.9776417580549228,2.2291074963421975,0.0062918519326578
2009-09-15,237.54,239.46,236.36,238.77,4796200,0,0.5093450075770445,235.97000000000003,232.295,231.534,231.6690966403899,240.537946269358,222.53005373064204,0.8943851170175943,56.40281806879403,4588460.0,1.31155863936368,0.5178075271533292,3.4352798475134394,0.0050805223382083
2009-09-16,239.9,244.68,239.24,244.14,5170600,0,2.2490262595803445,238.402,233.921,232.609,232.85680172225753,242.2530107402637,222.9649892597363,0.8788440332742324,68.22429906542054,4611880.0,2.2738672462798855,1.767403084618583,7.13533438651921,0.0222410857557858
2009-09-17,245.28,248.68,243.58,245.86,8966200,0,0.70451380355534,240.48,235.85700000000003,233.80300000000005,234.095201558233,243.81229694152287,223.7937030584772,0.7518931134538508,72.45362268113406,4834690.0,2.093767961244763,0.236464448793221,8.54746136865343,0.0070204369975414
2009-09-18,248.38,248.49,245.62,245.73,6567000,0,-0.0528756202717084,242.412,237.554,234.5795,235.20327760030605,245.75368354490175,223.40531645509824,0.7972698266039668,73.79679144385022,4763150.0,1.1684716228320189,-1.066913600128837,7.418254939674762,-0.0005288960435746
2009-09-21,243.87,249.45,243.11,248.5,4232800,0,1.127253489602409,244.6,239.33900000000003,235.3735,236.4696321145626,248.10909665291248,222.6379033470875,0.8073044377710772,80.15710382513655,4618740.0,2.607872979309767,1.8985525074834932,7.7389984825493086,0.011209473341063
2009-09-22,250.46,251.0,248.9,249.53,6082400,0,0.4144869215291669,246.752,241.36099999999996,236.132,237.71347667508047,250.33578837532207,221.9282116246779,0.6753980108110524,89.57952468007306,4677520.0,0.8437123342707891,-0.3713167771300834,8.817757620688148,0.0041363029075445
2009-09-23,250.39,253.5,248.86,249.23,5408400,0,-0.1202260249268616,247.77,243.08599999999996,236.8095,238.8102884203109,252.16818891746823,221.45081108253177,0.7291271791904816,93.2622763608678,4713840.0,1.8645021297114788,-0.4632772874316054,7.435985860850081,-0.0012029835439058
2009-09-24,250.24,250.7,246.5,248.38,5055200,0,-0.3410504353408505,248.27399999999997,244.377,237.5285,239.72168952313845,253.6603139744315,221.39668602556847,0.7425657570722985,89.46098149637962,4767820.0,1.703853955375249,-0.7432864450127932,5.482651717840903,-0.0034163333804357
2009-09-25,247.14,249.96,246.0,246.24,4099200,0,-0.8615830582172412,248.37600000000003,245.39399999999995,238.189,240.34248099712528,254.62417908570953,221.7538209142905,0.8638316139787912,81.04340900039821,4772890.0,1.6097560975609788,-0.3641660597232246,4.308044224170793,-0.0086531614293173
2009-09-28,247.42,250.75,246.65,249.26,3678600,0,1.2264457439896017,248.52799999999996,246.564,239.033,241.1917685212086,255.9390725309412,222.12692746905876,0.8993221024385256,87.23404255319144,4779660.0,1.6622744780052685,0.7436747231428354,4.925071560868832,0.0121898583076616
2009-09-29,249.76,249.88,246.5,249.26,4198400,0,0.0,248.474,247.613,239.954,241.96017151918872,256.98724353326594,222.92075646673408,0.9121558629121034,85.82089552238801,4793790.0,1.3711967545638926,-0.2001921844971172,4.393349248230516,0.0
2009-09-30,250.0,250.07,243.62,247.92,6283400,0,-0.5375912701596763,248.212,247.991,240.956,242.52777423164693,257.3441836763843,224.5678163236157,0.6963986231729499,78.33409194355934,4848470.0,2.6475658812905296,-0.832000000000005,1.548291963627424,-0.005390414918738
2009-10-01,246.5,248.24,243.5,243.6,5626400,0,-1.742497579864466,247.256,247.76499999999996,241.811,242.62989097149008,256.7432256951502,226.87877430484977,0.8862575492261392,64.65550797975865,4949310.0,1.946611909650928,-1.1764705882352964,-0.9192223216464734,-0.0175785776437507
2009-10-02,241.87,245.87,241.3,242.29,5201600,0,-0.5377668308702788,246.466,247.421,242.4875,242.59752040277675,256.09757192835923,228.8774280716408,0.8972721511986088,59.27087416699331,5044770.0,1.8939079983423095,0.1736470004547846,-1.3999104708419807,-0.0053921800164044
2009-10-05,243.82,246.22,241.67,244.26,4289200,0,0.8130752404143848,245.466,246.997,243.168,242.7558517929885,255.59560526537396,230.740394734626,0.8524573749500178,60.4491815759421,5109310.0,1.8827326519634264,0.180460995816585,-1.7062374245472856,0.008097875923605
2009-10-06,245.85,249.68,245.85,249.37,5464600,0,2.092033079505451,245.488,246.981,244.171,243.38577066984672,255.02811971111217,233.31388028888784,1.1070202717868145,60.05382545174935,5116870.0,1.557860484034986,1.4317673378076106,-0.0641205466276551,0.0207045055748657
2009-10-07,249.5,259.5,248.9,258.77,9748400,0,3.7694991378273146,247.658,247.935,245.5105,244.85093536795657,256.6416898924335,234.37931010756657,1.6233793651238348,69.15998812704062,5384750.0,4.258738449176374,3.71543086172344,3.827789591943187,0.0370018989606805
2009-10-08,259.79,261.62,256.67,257.09,8607600,0,-0.6492251806623717,250.356,248.806,246.5915,246.0165605710083,257.8159381409183,235.36706185908164,1.641581358275737,66.11804767309874,5561670.0,1.9285463825145084,-1.0393009738635226,3.506723568725323,-0.0065134181345404
2009-10-09,258.32,260.76,257.25,258.12,5476200,0,0.4006379089035006,253.522,249.99399999999997,247.694,247.16926908805513,258.89867270948446,236.4893272905156,1.5850040470513789,64.35820895522389,5645190.0,1.364431486880463,-0.0774233508826218,4.824561403508776,0.0039983749236906
2009-10-12,261.71,262.88,259.66,262.02,6644400,0,1.5109251510925017,257.07399999999996,251.27,248.91699999999997,248.58362441300227,260.78432817002545,237.04967182997447,1.6022797594200235,67.17074511960405,5779840.0,1.240083185704371,0.118451721370984,5.119152691968232,0.0149962436578854
2009-10-13,262.2,263.73,260.69,263.06,6074800,0,0.3969162659338998,259.812,252.64999999999995,250.1315,249.9623268498592,262.583696212984,237.679303787016,1.5930795518501455,68.63379143088119,5843770.0,1.166136023629606,0.3279938977879533,5.536387707614554,0.0039613063151079
2009-10-14,266.23,267.79,265.0,267.66,6516800,0,1.748650497985249,261.59,254.624,251.3075,251.64781953082496,265.6727532174108,236.9422467825891,1.583421806241205,73.59275575134609,5911080.0,1.052830188679253,0.537129549637534,7.962245885769614,0.0173353753275958
2009-10-15,266.88,268.45,263.64,264.96,12200800,0,-1.008742434431764,263.164,256.76000000000005,252.2625,252.91564624217497,267.6089370972312,236.91606290276877,1.4661914947097103,72.59777885079664,6072810.0,1.824457593688364,-0.7194244604316606,8.768472906403947,-0.0101386471713337
2009-10-16,273.67,277.38,272.26,274.92,17683800,0,3.759057971014501,266.524,260.02299999999997,253.72200000000004,255.01129898101544,271.7674007553552,235.67659924464488,1.6332302375969507,76.53019023986761,6628650.0,1.8805553515022424,0.4567544853290459,13.467332535391474,0.0369012750565096
2009-10-19,276.35,276.8,274.36,276.04,6435800,0,0.4073912410883284,269.32800000000003,263.201,255.099,257.0140324113949,275.5140335730752,234.68396642692483,1.651147815401755,77.06143896523844,6738800.0,0.8893424697477759,-0.1121765876605761,13.01072627528046,0.0040656364989967
2009-10-20,275.82,276.48,270.35,275.86,8087400,0,-0.0652079408781314,271.88800000000003,265.85,256.41549999999995,258.8088864674525,278.6345837605469,234.196416239453,1.6686838315500514,78.91142384105954,6839050.0,2.26743110782319,0.0145022115872744,10.62276937883466,-0.0006522921050272
2009-10-21,274.96,279.68,274.5,275.55,7341200,0,-0.1123758428188237,273.466,267.528,257.7315,260.403278232457,281.23906677731173,234.2239332226882,1.387662159321669,86.05280974949211,6935690.0,1.8870673952641188,0.2145766656968402,6.4845229354252965,-0.0011243903181294
2009-10-22,275.0,277.5,274.0,277.04,4673000,0,0.5407367084013792,275.882,269.523,259.1645,261.987727924604,283.74166053575533,234.58733946424465,1.314003908825006,89.05371993706441,6916580.0,1.2773722627737227,0.7418181818181893,7.7599284297327875,0.0053927997649221
2009-10-23,277.62,278.94,275.6,276.85,4785400,0,-0.0685821542015574,276.26800000000003,271.396,260.69500000000005,263.403182407975,285.6920966735249,235.69790332647523,1.336362451976591,88.15265745726987,6950890.0,1.2119013062409196,-0.2773575390821921,7.256314892298166,-0.0006860568251903
2009-10-26,277.88,280.82,275.44,277.1,5940800,0,0.0903016073686036,276.48,272.904,262.087,264.7076412262631,287.5001007242589,236.6738992757411,1.3172362027083055,86.63143989431957,7064000.0,1.9532384548358972,-0.2806967036130606,5.755285856041548,0.0009026085999564
2009-10-27,275.48,277.28,272.08,274.14,6433000,0,-1.0682064236737787,276.13599999999997,274.01200000000006,263.331,265.60596110947614,288.5352777488738,238.12672225112624,1.41624037684536,74.46673034065569,7175730.0,1.911202587474268,-0.4864236968201073,4.211966851668825,-0.0107395270656977
2009-10-28,273.94,275.0,269.12,270.15,5135600,0,-1.4554607135040531,275.056,274.26099999999997,264.4425,266.03872671809745,288.7291884700728,240.1558115299272,1.4449833878085976,69.36536180308411,7118340.0,2.1848989298454207,-1.3835146382419583,0.9302846895314688,-0.0146615645131604
2009-10-29,271.5,275.92,270.5,275.52,5045200,0,1.9877845641310457,274.752,275.317,266.0385,266.94170512589767,288.6989791838646,243.37802081613543,1.4987758788057697,72.85864424592735,7089280.0,2.0036968576709855,1.4806629834254077,3.985507246376807,0.0196828609492912
2009-10-30,275.0,275.08,267.12,268.06,6937000,0,-2.707607433217185,272.99399999999997,274.63100000000003,267.327,267.0482093996217,287.04075592401983,247.6132440759802,1.2661888294607262,57.25612686208552,7176050.0,2.979934112009576,-2.523636363636363,-2.4952713516659397,-0.0274493851890153
2009-11-02,268.54,269.73,264.12,267.0,6404200,0,-0.3954338580914762,270.974,273.72700000000003,268.464,267.04361802822916,284.93194577034365,251.9960542296564,1.2455018467349932,54.73102785782899,7281800.0,2.124034529759206,-0.5734713636702243,-3.274887697435158,-0.0039621776501011
2009-11-03,265.0,268.75,264.15,268.64,4760400,0,0.6142322097378194,269.874,273.005,269.4275,267.1956544064931,283.2310188114909,255.62398118850908,1.2793455591954983,51.266804550155065,7246590.0,1.7414347908385477,1.3735849056603722,-2.617269629522234,0.006123534928981
2009-11-04,270.4,272.75,268.21,270.17,4665400,0,0.5695354377605932,269.878,272.467,269.9975,267.4789254153985,282.8572485037298,257.1377514962702,1.3058372719134037,56.94481471607575,6992440.0,1.692703478617509,-0.0850591715976188,-1.952458718925787,0.0056791971652014
2009-11-05,271.74,274.88,271.33,274.32,3695400,0,1.536069881926183,269.63800000000003,272.195,270.859,268.1304563282177,282.30920505448273,259.40879494551723,1.402050797094203,49.05362776025233,6746830.0,1.3083698816938825,0.9494369618017164,-0.9818076812012856,0.0152439176602328
2009-11-06,273.86,275.89,272.75,275.55,3653400,0,0.4483814523184692,271.136,272.065,271.7305,268.8370795350541,281.6490344312243,261.8119655687757,1.412409935003438,49.22980194907261,6655690.0,1.151237396883588,0.6171036295917613,-0.4695683583167853,0.0044737921745795
2009-11-09,277.73,281.29,277.12,281.26,5299800,0,2.072219197967695,273.988,272.48100000000005,272.6925,270.0202148174299,282.3748330703106,263.0101669296894,1.5634022834671644,57.23085163363681,6588460.0,1.504763279445733,1.2710186152018048,1.501263081919868,0.0205104081128572
2009-11-10,281.36,284.39,281.0,283.38,4461600,0,0.7537509777430174,276.936,273.405,273.7085,271.292575311008,283.3994448238633,264.01755517613674,1.5095836373391416,59.99999999999997,6507800.0,1.206405693950173,0.717941427352851,3.3705405996935944,0.0075092446939791
2009-11-11,285.24,286.75,282.93,285.28,4639400,0,0.6704778036558556,279.95799999999997,274.918,274.5895,272.6247109956739,285.1315011582841,264.0474988417159,1.3716648394012547,60.41456016177951,6413930.0,1.3501572827201052,0.0140232786425338,5.600592263557291,0.0066824009787494
2009-11-12,284.78,286.45,282.75,283.92,3772600,0,-0.4767246214245513,281.878,275.758,275.5375,273.70045280560976,285.84071743310756,265.2342825668925,1.3054200142628132,58.67910630984533,5992520.0,1.30857648099027,-0.3019874991221142,3.0487804878048808,-0.0047786457765891
2009-11-13,284.64,286.26,283.3,286.02,3333600,0,0.7396449704141883,283.972,277.554,276.0925,274.8737430145993,287.4023315404734,264.7826684595265,0.7628738040649695,60.474401127289774,5275010.0,1.0448288033886266,0.4848229342327134,6.699992538983812,0.0073692301065481
2009-11-16,287.5,288.5,286.39,288.14,4398400,0,0.7412069086077944,285.348,279.668,276.6975,276.13719606082793,289.2245433778156,264.17045662218436,0.6680543980487146,66.77048394825113,5173140.0,0.736757568350855,0.2226086956521691,7.91760299625468,0.0073847346885376
2009-11-17,287.44,288.75,286.86,288.74,3833400,0,0.2082321093912709,286.42,281.678,277.3415,277.3374631026538,290.96368048084923,263.71931951915076,0.6903277924283094,74.23728813559332,4960440.0,0.6588579795021915,0.4522682994711979,7.482132221560467,0.0020801560683416
2009-11-18,288.32,289.39,286.04,288.32,3099200,0,-0.1454595830158722,287.028,283.493,277.98,278.3834189976392,292.4211138220446,263.5388861779554,0.7433565439390777,69.16167664670665,4748340.0,1.1711648720458556,0.0,6.717992375171189,-0.0014556547816955
2009-11-19,286.88,287.0,285.0,286.5,4336000,0,-0.6312430632630428,287.544,284.711,278.45300000000003,279.1564267121497,293.3761337191688,263.52986628083124,0.7732089766831339,83.21325648414992,4731490.0,0.7017543859649122,-0.1324595649749008,4.4400699912511055,-0.0063324382651788
2009-11-20,284.75,285.8,284.7,284.98,4012400,0,-0.5305410122164012,287.336,285.654,278.85949999999997,279.711052739564,294.03948609666446,263.6795139033355,0.831524655500454,81.85683912119077,4692840.0,0.3863716192483395,0.0807726075504892,3.42224641625839,-0.0053195337871514
2009-11-23,288.24,293.3,287.93,291.18,5095000,0,2.175591269562771,287.944,286.64599999999996,279.56350000000003,280.8033334310341,295.6771650409775,263.44983495902255,0.855739467529191,84.38071995118987,4650550.0,1.865036640850208,1.019983347210657,3.526985707174868,0.021522630277537
2009-11-24,291.26,292.14,288.27,291.54,3210400,0,0.1236348650319518,288.504,287.462,280.4335,281.82587310426896,297.180676698435,263.686323301565,0.8458890154182531,83.80259411578626,4489420.0,1.3424914142990962,0.0961340383162911,2.879525725174692,0.0012355850006869
2009-11-25,293.2,293.53,291.35,292.87,2922400,0,0.4561981203265342,289.41400000000004,288.221,281.5695,282.87769471338623,298.4612849544548,264.6777150455452,0.8377842328878605,82.21604723862464,4378760.0,0.7482409473142096,-0.1125511596180027,2.66054402692093,0.0045516069066143
2009-11-27,286.0,291.23,285.48,289.88,2769200,0,-1.0209307884044172,290.09000000000003,288.817,282.2875,283.544580931159,299.3168021459813,265.25819785401876,0.9062704718802602,73.45335515548287,4264960.0,2.0141516043155385,1.3566433566433551,2.0991828684136404,-0.0102617803114004
2009-11-30,290.32,291.83,288.56,291.5,3450200,0,0.5588519387332624,291.394,289.36499999999995,283.45950000000005,284.3022398900962,299.5674457019513,267.35155429804877,0.8963153828360217,69.34996220710514,4090620.0,1.1332131965622338,0.4064480573160673,1.9159499335710928,0.0055729615494663
2009-12-01,294.06,295.61,291.5,294.94,4640600,0,1.1801029159519638,292.146,290.04499999999996,284.8565,285.31535990056324,299.75487613899946,269.9581238610005,0.9359797841584704,70.80633549316062,4002440.0,1.4099485420240183,0.2992586546963189,2.359963906434382,0.0117319400322476
2009-12-02,295.5,296.5,293.11,293.76,3326400,0,-0.4000813724825414,292.59000000000003,290.547,286.1125,286.11961133860484,299.4032912322443,272.8217087677557,0.95760718873473,65.66888396156696,3930740.0,1.156562382723205,-0.5888324873096478,1.738588349380055,-0.0040088383906691
2009-12-03,294.52,295.73,292.5,292.87,2857400,0,-0.3029684095860574,292.59,291.002,287.2475,286.76250549683294,298.53139980179685,275.96360019820315,0.9647619289823322,66.82963520120344,3840340.0,1.1042735042735106,-0.5602336004345978,1.5781076581576017,-0.0030342828796445
2009-12-04,296.51,297.42,289.59,292.5,5027200,0,-0.1263359169597411,293.114,291.602,288.1565,287.3089335447536,297.87618436785215,278.43681563214784,0.9313341604155104,63.03298471440067,3906930.0,2.7038226458096073,-1.3523995818016226,2.0942408376963373,-0.0012641578805698
2009-12-07,292.1,294.35,290.5,293.12,3272400,0,0.2119658119658085,293.438,292.416,289.03499999999997,287.86236844525325,296.96920974077847,281.10079025922147,0.8944839060054439,60.6592465753425,3887880.0,1.325301204819285,0.3491954809996514,2.8563407958453135,0.0021174148138542
2009-12-08,291.75,295.33,291.0,293.52,3048000,0,0.1364628820960556,293.154,292.65,289.648,288.4011904980863,296.9197147764203,282.37628522357977,0.5995642067325013,60.31951640759927,3775290.0,1.4879725085910598,0.6066838046272431,0.8036266227075872,0.001363698561261
2009-12-09,293.75,294.67,291.79,294.51,3562000,0,0.3372853638593742,293.304,292.947,290.2045,288.9829818792209,297.1528370975496,283.2561629024504,0.6050068966289709,63.042562157606426,3730310.0,0.987011206689741,0.258723404255316,1.018728133360769,0.0033671783255132
2009-12-10,295.22,297.36,295.2,295.75,3336600,0,0.42103833486129,293.88,293.235,290.728,289.6274597954856,297.6917848148472,283.7642151851528,0.6028248156542891,69.9784017278618,3665170.0,0.7317073170731793,0.1795271323080999,0.9833714617407008,0.0042015444859563
2009-12-11,297.34,297.38,293.86,295.26,3440000,0,-0.1656804733727868,294.432,293.773,291.29499999999996,290.16389219591554,297.7530965095328,284.83690349046714,0.4728545944587268,73.23688969258583,3648540.0,1.1978493160008106,-0.6995358848456259,1.8559403891265311,-0.0016581787525543
2009-12-14,297.68,298.65,296.3,297.86,3826800,0,0.8805798279482469,295.38,294.409,291.88700000000006,290.89685484392356,298.47842377400684,285.2955762259933,0.5105549375864311,68.03455723542115,3673200.0,0.7931150860614127,0.0604676162321979,2.181818181818196,0.0087672533517796
2009-12-15,296.65,298.19,295.5,296.57,4560800,0,-0.4330893708453742,295.98999999999995,294.572,292.3085,291.4371543825975,298.96882803049533,285.64817196950463,0.4192018137125519,62.93059125964001,3681320.0,0.9103214890016912,-0.0269678071801733,0.5526547772428225,-0.0043402991945412
2009-12-16,299.3,300.18,298.32,298.88,5618800,0,0.7789054860572575,296.864,295.084,292.81550000000004,292.1459968223501,299.86449089456744,285.76650910543265,0.4418831802699642,64.70876162506113,3770590.0,0.6234915526950972,-0.1403274306715723,1.7429193899782147,0.0077588767772974
2009-12-17,298.22,298.82,296.88,296.97,5277600,0,-0.6390524625267568,297.108,295.494,293.248,292.605425696412,300.19635868541377,286.2996413145862,0.4921024574677201,68.32041343669258,3879510.0,0.6534626785233083,-0.4191536449600965,1.3999385392836403,-0.006411031440652
2009-12-18,298.02,299.46,297.5,298.21,7063000,0,0.4175505943361024,297.698,296.065,293.8335,293.1391946777061,300.34758603276117,287.31941396723886,0.4894186477953661,67.68581971533999,4015860.0,0.6588235294117578,0.0637541104623843,1.952136752136746,0.0041668127091187
2009-12-21,298.8,299.92,297.83,299.34,5142400,0,0.3789276013547393,297.994,296.687,294.5515,293.7297475655436,300.04187157213465,289.0611284278653,0.4929124465979762,63.2052821128451,4072360.0,0.7017426048416989,0.1807228915662528,2.121997816593879,0.0037821147920561
2009-12-22,300.67,300.75,299.42,300.56,3761600,0,0.4075633059397399,298.79200000000003,297.391,295.02049999999997,294.38024779739663,300.8878170592517,289.15318294074825,0.4957863767941952,70.35928143712579,4005690.0,0.4441921047358173,-0.036584960255434,2.398473698555481,0.0040673501647125
2009-12-23,301.75,306.44,301.42,305.84,4145400,0,1.7567207878626423,300.184,298.524,295.7355,295.47165276907316,303.1089073391866,288.3620926608134,0.6917184062844624,80.7491702228544,4052440.0,1.665450202375417,1.3554266777133306,3.847068011272947,0.0174146881224437
2009-12-24,306.46,309.76,306.14,309.24,1717400,0,1.1116923881768326,302.63800000000003,299.873,296.554,296.7829239339233,305.946107324775,287.1618926752249,0.7296711627654402,84.70149253731344,3992190.0,1.1824655386424527,0.9071330679370976,4.561284868977178,0.0110555850641167
2009-12-28,310.83,313.0,309.24,311.44,3395800,0,0.7114215496054843,305.284,301.49100000000004,297.63199999999995,298.17883594021635,308.6134630412528,286.65053695874707,0.6996157608499577,85.6420233463035,4023520.0,1.2158841029620977,0.1962487533378418,5.479916006231789,0.0070890288499262
2009-12-29,312.37,312.42,309.14,309.7,2849600,0,-0.5586950937580326,307.356,302.675,298.54200000000003,299.27608966019574,310.36782116877606,286.716178831224,0.7660040922979767,79.91863905325442,3993490.0,1.0610079575596914,-0.8547555783205865,3.975021822332625,-0.0056026163230432
2009-12-30,309.25,311.36,309.0,311.36,2931200,0,0.5360025831449899,309.51599999999996,304.154,299.363,300.42693826398664,312.35800811040724,286.36799188959276,0.7090365652737313,80.40418621436305,3908020.0,0.7637540453074478,0.682295877122074,4.987018241899044,0.0053457120184832
2009-12-31,312.38,312.7,309.99,309.99,2439600,0,-0.4400051387461468,310.346,305.265,300.17449999999997,301.3377060483689,313.7119917602178,286.6370082397821,0.7570202744883837,75.57471264367814,3863680.0,0.8742217490886736,-0.7650937960176664,3.717210920770886,-0.004409760103267
2010-01-04,313.48,314.76,312.12,313.38,3912400,0,1.0935836639891503,311.17400000000004,306.906,301.2,302.48459118661947,315.4939000607754,286.9060999392246,0.6967459845985231,79.47299934938191,3916430.0,0.8458285274894228,-0.0318999617200531,5.525810687948263,0.010876472781889
2010-01-05,313.59,313.92,310.77,312.0,6009400,0,-0.4403599463909668,311.286,308.28499999999997,302.175,303.3908205974176,316.629549456834,287.720450543166,0.7633361250331618,73.94986449864497,3965540.0,1.0136113524471584,-0.5070314742179199,4.624258073169929,-0.00441332386678
2010-01-06,312.93,312.93,303.18,304.13,7957400,0,-2.522435897435904,310.172,308.764,302.7255,303.46121863575877,316.5530430325075,288.8979569674925,1.2140684911788393,60.47091412742384,4199790.0,3.2159113397981396,-2.812130508420417,1.6001870782387906,-0.0255479462326385
2010-01-07,304.7,305.0,296.32,297.05,12828600,0,-2.327951862690292,307.31,308.41299999999995,302.902,302.85062638473414,316.3188120772352,289.4851879227648,1.4405373623970834,47.76119402985076,4688820.0,2.9292656587473025,-2.510666229077774,-1.1678200692041507,-0.0235547667750933
2010-01-08,296.0,301.62,294.56,301.01,9448600,0,1.3331089042248667,305.514,307.93,303.227,302.67532863380706,316.0914186564521,290.36258134354784,1.3847581137298788,54.70643056849949,4983150.0,2.396795219989137,1.6925675675675644,-1.5792571279100165,0.0132430119866292
2010-01-11,302.23,302.23,297.02,300.56,14425800,0,-0.1494966944619702,302.95,307.062,303.4675,302.4738687639207,315.9164997484494,291.01850025155056,1.3125949797182743,52.78898647044864,5537610.0,1.7540906336273774,-0.5525593091354318,-2.8068813866252817,-0.0014960855226662
2010-01-12,298.82,299.08,294.0,295.24,9706600,0,-1.7700292786797966,299.598,305.442,303.4665,301.78492888164254,315.9182786089525,291.0147213910475,1.3393662066320944,45.57426597582042,5850940.0,1.7278911564625794,-1.1980456462084146,-5.201643976367832,-0.0178588163638618
2010-01-13,288.24,294.19,286.95,293.54,12993200,0,-0.5758027367565366,297.48,303.826,303.2505,300.99969755958136,316.24962300685786,290.2513769931421,1.3394254797865326,42.50000000000001,6309260.0,2.5230876459313505,1.838745489869557,-5.217952857604125,-0.0057746687187988
2010-01-14,291.95,297.1,291.4,294.92,8480200,0,0.4701233222048184,297.054,302.18199999999996,303.168,300.42067874438317,316.36507878362124,289.97092121637877,1.3337698911601417,37.27272727272731,6505230.0,1.956074124914223,1.0172974824456336,-5.280061664953751,0.0046902169383972
2010-01-15,296.67,296.78,289.02,290.0,10869000,0,-1.6682490166824993,294.852,300.183,302.724,299.42823314968,317.07552865505613,288.37247134494385,1.380013827424082,28.3430886987843,6767740.0,2.68493529859525,-2.2482893450635437,-6.448595115971489,-0.0168232101409302
2010-01-19,290.6,295.21,288.14,293.81,8633400,0,1.3137931034482797,293.502,298.226,302.566,298.89316332590096,317.24998253737556,287.8820174626244,1.412406395870571,30.849446013469475,6935530.0,2.4536683556604406,1.1046111493461732,-6.24481460208054,0.0130523769397203
2010-01-20,292.99,292.99,287.64,290.2,6501400,0,-1.2286852047241448,292.494,296.046,302.16549999999995,298.0652430091485,317.75852877300775,286.57247122699215,1.4223790897371622,29.645093945720248,6907450.0,1.859963843693514,-0.9522509300658796,-6.987179487179496,-0.0123629594701526
2010-01-21,291.72,293.41,286.12,291.49,12615400,0,0.4445210199862215,292.084,294.782,301.773,297.4390293892296,318.0458629124836,285.50013708751646,1.307728221481386,29.097412160740575,7281100.0,2.547882007549287,-0.0788427259015556,-4.156117449774765,0.0044353594346946
2010-01-22,282.25,285.3,267.43,275.0,13600800,0,-5.657140896771762,288.1,292.57700000000006,300.495,295.3019789712077,320.7069573780646,280.2830426219354,2.057450216048794,22.07501995211491,7773060.0,6.6821224245597,-2.568644818423383,-7.422992762161251,-0.0582346022182107
2010-01-25,273.3,274.94,267.76,270.0,8839800,0,-1.8181818181818188,284.1,289.476,298.703,292.8922666882355,322.8849246110564,274.52107538894353,1.941195846065707,16.24649859943976,8007780.0,2.6815058261129394,-1.207464324917677,-10.301983322813191,-0.0183491386681965
2010-01-26,268.98,274.8,268.14,271.21,8711000,0,0.4481481481481308,279.58000000000004,286.541,296.8015,290.82728890840355,323.3589200356032,270.24407996439675,1.9812630032005516,18.17756280230921,8357460.0,2.4837771313493047,0.8290579225221062,-9.765105137077468,0.0044714695444096
2010-01-27,270.64,273.82,267.65,271.05,7928800,0,-0.0589948748202395,275.75,284.122,294.78200000000004,288.9437375837937,322.75734674071555,266.80665325928453,1.9816550941018587,20.663355799929036,8584110.0,2.305249392863821,0.1514927579071922,-8.193334236553307,-0.0005901228364372
2010-01-28,272.24,273.5,265.3,267.14,6458200,0,-1.4425382770706596,270.88,281.48199999999997,292.654,286.8671911472419,322.2776423362029,263.0303576637971,1.9880977604311711,21.894380755497053,8764540.0,3.090840557859023,-1.8733470467234872,-8.993663555222465,-0.0145304401573879
2010-01-29,269.24,270.5,262.8,264.97,8281000,0,-0.8123081530283627,268.87399999999997,278.48699999999997,290.33450000000005,284.7817443713141,321.03611557552796,259.63288442447214,1.9289664183540909,14.955270322831597,9032030.0,2.9299847792998435,-1.5859456247214312,-10.155296351552956,-0.0081562535183648
2010-02-01,267.3,267.9,265.15,266.51,4501600,0,0.5811978714571397,268.17600000000004,276.138,288.1605,283.0415782407128,319.1580934379996,257.16290656200044,1.9791023483242351,17.577604265854063,9135130.0,1.0371487837073357,-0.2955480733258587,-8.100000000000007,0.0057951543234752
2010-02-02,267.48,267.48,263.8,265.56,8192400,0,-0.3564594199091941,267.046,273.313,285.7695,281.37666602731156,315.9425555820595,255.5964444179405,1.84464247605636,19.17324470294967,9349130.0,1.394996209249434,-0.7178106774338328,-9.615057349988088,-0.003570962503111
2010-02-03,264.33,271.05,264.12,270.41,5998200,0,1.8263292664558064,266.918,271.334,283.69,280.3322216437581,311.92156799717503,255.45843200282496,2.043038346579602,27.45174497952816,9348570.0,2.623807360290779,2.3001551091438888,-6.819434872501706,0.0180985218825447
2010-02-04,268.5,269.0,262.78,263.39,6755400,0,-2.5960578380977206,266.168,268.524,281.653,278.71867672530493,309.5519183717931,253.754081628207,2.082216883494639,22.308097663797625,9288470.0,2.3669990105792023,-1.9031657355679752,-9.640124875638968,-0.0263035022171479
2010-02-05,264.2,266.75,261.23,265.64,6312000,0,0.8542465545388955,266.30199999999996,267.58799999999997,280.0825,277.4730884657521,307.8680698065358,252.29693019346416,1.349141489031637,27.55252488020639,8962640.0,2.113080427209731,0.5450416351249046,-3.403636363636364,0.0085061851561574
2010-02-08,266.25,271.0,265.76,266.74,5388600,0,0.4140942629122124,266.34800000000007,267.26200000000006,278.36899999999997,276.4508895642519,304.91992576441675,251.8180742355832,1.2585549099125306,23.743937924345303,8759640.0,1.9717037928958496,0.1840375586854494,-1.2074074074074015,0.0041323925217355
2010-02-09,269.77,270.76,267.54,268.22,5639200,0,0.5548474169603468,266.88,266.963,276.752,275.6669953200374,301.4897330365918,252.01426696340823,1.264291720575307,27.7620396600567,8320310.0,1.2035583464154782,-0.57456351707008,-1.1024667232033991,0.0055331380885457
2010-02-10,267.04,268.9,263.85,267.23,5349000,0,-0.3690999925434424,266.244,266.581,275.35150000000004,274.8634719562243,298.82117878147216,251.88182121852793,1.2668775365075071,25.30537459283389,8102430.0,1.9139662687132664,0.0711503894547624,-1.409334071204571,-0.0036978284736182
2010-02-11,266.66,270.24,264.75,268.2,4820000,0,0.3629831979942155,267.206,266.687,274.08450000000005,274.2288555794411,296.11146574656226,252.05753425343784,1.1858242828527263,39.88095238095235,7693770.0,2.0736543909348475,0.5775144378609328,0.3967956876544054,0.0036232600384019
2010-02-12,266.48,268.58,265.25,266.56,4559400,0,-0.611483967188664,267.39,266.846,272.6665,273.49848838139906,292.597564645296,252.73543535470392,1.1712852117388437,44.3121693121693,7497730.0,1.255419415645611,0.0300210147102912,0.6000679322187397,-0.0061336118691002
2010-02-16,268.44,272.06,267.15,270.65,7308800,0,1.5343637454981796,268.172,267.26000000000005,271.699,273.22720377364675,289.88991606733043,253.5080839326696,1.2537445368849658,49.15458937198068,7319720.0,1.8379187722253512,0.8232752197883995,1.5534126299200812,0.0152271142645088
2010-02-17,271.22,271.7,268.82,269.5,4059400,0,-0.4249030112691621,268.428,267.654,270.4835,272.8722319856804,285.4093536210173,255.55764637898267,1.2570679917309682,47.727939020814986,7091020.0,1.0713488579718755,-0.6341715212742522,1.4836571772857354,-0.004258082893935
2010-02-18,268.77,272.5,268.07,271.59,4673800,0,0.7755102040816197,269.29999999999995,267.772,269.553,272.75011465371085,281.2813069178013,257.8246930821987,1.1402857880318225,56.89067822855374,6999640.0,1.6525534375349749,1.0492242437772048,0.436374394438066,0.0077251858064067
2010-02-19,270.24,272.0,269.92,270.58,5106200,0,-0.3718840899885833,269.776,268.491,268.50750000000005,272.54343706764314,274.1520404456309,262.8629595543692,0.698122932378804,59.01060070671373,6624180.0,0.7705986959098933,0.1258140911782027,2.7297923231709653,-0.0037257729802444
2010-02-22,273.6,273.75,270.73,271.4,4289200,0,0.3030527016039563,270.744,269.067,268.3275,272.43453829929615,273.288505309861,263.36649469013895,0.668148874864822,58.04011838211113,6158600.0,1.1155025301961294,-0.8040935672514786,2.168348140340304,0.0030259442255545
2010-02-23,271.58,271.82,266.16,267.54,5745200,0,-1.4222549742077928,270.12199999999996,269.147,268.2045,271.9683917946013,273.1126091868186,263.2963908131814,0.8385154734318778,52.971188475390186,6003870.0,2.1265404268109287,-1.4875911333676868,0.2999175226812589,-0.0143246595333282
2010-02-24,267.2,269.15,265.26,265.74,4653200,0,-0.6727965911639378,269.37,268.899,267.931,271.3752116236869,272.74260833163953,263.11939166836044,0.8434956802156068,42.28609184010567,5800980.0,1.4664857121314885,-0.5464071856287349,-0.924614122735079,-0.0067507007042784
2010-02-25,263.38,264.24,260.0,263.21,6618400,0,-0.952058402950262,267.694,268.497,267.539,270.597572421431,272.55384910831924,262.52415089168073,0.8841213514927602,49.650892164468566,5735460.0,1.6307692307692343,-0.0645455235781061,-1.5043221195225276,-0.0095661945127778
2010-02-26,263.5,265.86,260.0,263.4,4098600,0,0.0721857072299769,266.258,268.01699999999994,267.352,269.9120893336756,272.6975169608946,262.0064830391054,0.8701205173183586,45.27824620573352,5617480.0,2.253846153846159,-0.037950664136631,-1.7897091722595126,0.0007215966587967
2010-03-01,265.04,266.64,263.88,266.35,4475800,0,1.1199696279423188,265.248,267.996,267.42099999999994,269.57284273046844,272.67184414268695,262.1701558573129,0.9432591970631268,49.23738756355106,5427220.0,1.0459299681673453,0.4942650166012685,-0.0787815126050306,0.0111374440538277
2010-03-02,267.51,272.83,267.51,270.53,8713600,0,1.569363619297892,265.846,267.98400000000004,267.622,269.6640005656619,273.03138599495065,262.2126140050494,0.9496444063823996,54.08560311284039,5637820.0,1.988710702403646,1.128929759635147,-0.0443377055237448,0.0155717645040714
2010-03-03,271.12,274.06,269.63,272.66,6178800,0,0.7873433630281479,267.23,268.3,267.977,269.9493338451227,273.73713559784176,262.2168644021582,0.9666527790403492,59.23155389323363,5537140.0,1.6429922486370234,0.5680141634700577,1.1725417439703234,0.007842599890904
2010-03-04,273.1,278.06,273.1,277.3,6367600,0,1.7017530990977692,270.048,268.871,268.3215,270.64939728844433,275.37358076798284,261.2694192320172,1.0746913326635403,63.75453446191059,5555610.0,1.8161845477846863,1.5378982057854222,2.102433815678051,0.0168743548637486
2010-03-05,280.69,283.8,279.98,282.1,7824400,0,1.730977280923196,273.788,270.023,269.25699999999995,271.73993088002106,278.2511550611166,260.2628449388833,1.1504902528280787,71.44039735099344,5609060.0,1.3643831702264422,0.5023335352167961,4.257520881070298,0.0171616653862183
2010-03-08,282.39,282.59,280.6,281.24,4772800,0,-0.3048564338887005,276.76599999999996,271.007,270.037,272.6446993676381,280.32334270846724,259.7506572915327,1.173409034034105,66.04059375946687,5532100.0,0.7091945830363335,-0.4072382166507232,3.6256448047162992,-0.0030532206769901
2010-03-09,279.92,282.3,278.26,280.1,6353200,0,-0.4053477456976151,278.68,272.26300000000003,270.70500000000004,273.35472799929164,281.79374536115137,259.6162546388487,1.037726562101628,66.06060606060609,5580330.0,1.4518795371235609,0.0643040868819687,4.6946251027883745,-0.0040617150648976
2010-03-10,281.88,289.24,281.15,288.23,11309800,0,2.9025348089967817,281.794,274.512,271.70550000000003,274.77142057078765,285.20007352927763,258.2109264707224,1.2047619368138105,71.3114754098361,5863860.0,2.8774675440156616,2.2527316588619355,8.463159479190185,0.0286120902608184
2010-03-11,287.46,293.06,287.3,290.57,8466600,0,0.8118516462547243,284.448,277.248,272.8725,276.27604718309357,288.59103197244104,257.15396802755896,1.033015322773592,74.7584840227892,6019740.0,2.004872955099196,1.0818896542127647,10.394741841115462,0.0080857385933793
2010-03-12,293.85,294.0,289.6,289.71,5506800,0,-0.2959699900196177,285.96999999999997,279.879,273.948,277.5554712608942,291.19010464623744,256.7058953537625,1.0753905492245597,72.6552833457065,6054080.0,1.5193370165745776,-1.4088820826952673,9.988610478359906,-0.0029640884733245
2010-03-15,283.17,284.68,278.0,281.59,9307800,0,-2.8028028028028062,286.04,281.40299999999996,274.6995,277.93971209319,291.8958943283165,257.5031056716835,1.599176422718414,65.72643832549802,6291500.0,2.402877697841729,-0.557968711374807,5.721794631124433,-0.0284283103572286
2010-03-16,280.7,284.2,280.42,282.6,6863000,0,0.3586775098547656,286.54,282.61,275.29699999999997,278.38354903669574,292.72975936125954,257.8642406387404,1.5604270346401123,69.21148587055603,6269210.0,1.3479780329505644,0.6768792304952028,4.461612390492764,0.0035803579607196
2010-03-17,283.93,285.7,282.14,282.78,6643200,0,0.0636942675159124,285.45,283.622,275.961,278.80225865224855,293.47551957062154,258.4464804293785,1.5597423267642236,73.5612810016855,6398400.0,1.261784929467641,-0.4050294086570754,3.711582190273588,0.0006367399132673
2010-03-18,282.35,284.15,281.48,283.2,3554400,0,0.1485253553999532,283.976,284.212,276.5415,279.2210911615582,294.21491300848896,258.868086991511,1.4887801070245978,73.70689655172413,6342430.0,0.94855762398748,0.3010448025500145,2.127659574468077,0.0014841516558701
2010-03-19,283.4,284.0,278.64,280.02,9584800,0,-1.1228813559322035,282.038,284.004,277.01349999999996,279.2971777176003,294.519980333991,259.50701966600894,1.4398371970695771,66.27768516313404,6566360.0,1.923629055412006,-1.192660550458714,-0.7373271889401067,-0.0112923326297854
2010-03-22,277.91,283.42,277.14,278.75,8009600,0,-0.453539032926209,281.46999999999997,283.755,277.381,279.2450655540193,294.69888233073704,260.0631176692629,1.4433565456791146,60.5168884339816,6752380.0,2.266002742296323,0.302256126083975,-0.8853648129711345,-0.0045457064154506
2010-03-23,278.75,279.11,271.03,274.5,11002600,0,-1.5246636771300448,279.85,283.195,277.729,278.7931545488746,294.48483656364454,260.97316343635543,1.5131453604869425,52.23300970873783,7015250.0,2.981219791167045,-1.5246636771300448,-1.9992859692966825,-0.0153640618247431
2010-03-24,272.76,279.9,269.85,278.67,13130400,0,1.5191256830601183,279.02799999999996,282.239,278.3755,278.78142554421987,294.15283814518676,262.5981618548132,1.2368600366867222,51.68180702185122,7439110.0,3.724291272929388,2.166739991201065,-3.3167956146133326,0.0150770251179539
2010-03-25,279.7,286.0,279.33,281.44,7861800,0,0.9940072487171214,278.67600000000004,281.32599999999996,279.28700000000003,279.03462311143704,293.39316155034396,265.1808384496561,1.2567233937627966,49.14728682170539,7501280.0,2.387856657000686,0.6220951018948906,-3.1421000103245333,0.0098909949217089
2010-03-26,282.36,283.67,280.08,281.24,5392400,0,-0.071063104036384,278.92,280.479,280.179,279.2446590055859,292.14981697076496,268.208183029235,1.2590442051728985,50.0,7565970.0,1.2817766352470836,-0.3966567502479121,-2.92361326844085,-0.0007108836582874
2010-03-29,281.41,282.3,280.29,281.23,6209000,0,-0.0035556819798054,279.416,280.44300000000004,280.923,279.43373910029203,290.9699405660143,270.8760594339857,0.8972762047381073,51.53075047412624,7652630.0,0.7171144172107428,-0.0639636118119494,-0.127845449057129,-3.555745195675707e-05
2010-03-30,281.48,283.82,280.2,283.35,3955800,0,0.7538313835650623,281.186,280.51800000000003,281.56399999999996,279.80671632883565,290.3793941906769,272.748605809323,0.9235910470729424,42.10355987055016,7414740.0,1.2919343326195591,0.6643456018189585,0.2653927813163426,0.0075100427366244
2010-03-31,282.52,284.86,281.48,283.5,6061600,0,0.0529380624669117,282.15200000000004,280.59000000000003,282.106,280.15845763085133,289.88883779933144,274.32316220066855,0.9235541595264068,37.687216997561826,7408880.0,1.2007957936620703,0.3468780971258736,0.2546148949713611,0.0005292405521784
2010-04-01,285.42,286.73,282.8,284.4,4205400,0,0.3174603174603163,282.744,280.71000000000004,282.46099999999996,280.5624140469607,289.963476503421,274.9585234965789,0.927514459108102,40.765217391304326,7300770.0,1.389674681753892,-0.3573680891318193,0.4237288135593209,0.003169574761279
2010-04-05,285.63,287.43,284.5,285.5,3803000,0,0.3867791842475432,283.596,281.258,282.631,281.03266032820255,290.25217797222865,275.0098220277713,0.8342652003229023,58.99677864703183,7099700.0,1.0298769771529022,-0.0455134264608043,1.9570030712092068,0.0038603311669791
2010-04-06,284.12,285.42,282.7,284.11,4120200,0,-0.4868651488616371,284.172,281.794,282.7745,281.3257402969452,290.3934776217136,275.1555223782864,0.8372145660426145,53.41474445952058,7067070.0,0.9621506897771588,-0.0035196395889028,1.9228699551569584,-0.0048805419817523
2010-04-07,283.35,284.33,280.93,281.77,5162000,0,-0.8236246524233715,283.85600000000005,282.521,282.858,281.36805074485517,290.3896667617931,275.3263332382069,0.6945218029065111,47.919241862381554,7007510.0,1.2102659025379907,-0.5576142579848388,2.6484517304189437,-0.0082703517980314
2010-04-08,281.66,284.92,280.08,283.74,3895000,0,0.6991517904674227,283.904,283.028,282.6335,281.5939506739166,289.74701648921115,275.5199835107889,0.5664575260531367,51.04570100697137,6636770.0,1.7280776920879863,0.7384790172548406,1.8193562277963204,0.0069671905675584
2010-04-09,283.45,284.38,282.0,283.11,4113200,0,-0.2220342567138877,283.646,283.195,282.2605,281.73833632401977,288.3270865716854,276.19391342831454,0.4992940140189743,56.63944993553939,6419100.0,0.8439716312056721,-0.1199506085729317,0.5933769187038251,-0.002222811182488
2010-04-12,283.68,287.0,283.38,286.36,4704800,0,1.1479636890254774,283.81800000000004,283.707,282.09299999999996,282.17849476935123,287.4353081942435,276.75069180575645,0.6019228127259106,65.0693069306931,6379000.0,1.2774366574917089,0.944726452340668,1.8205091736595016,0.011414245826633
2010-04-13,285.61,294.42,285.56,293.38,7824600,0,2.4514597010755645,285.67199999999997,284.922,282.6825,283.2453047913178,290.0203524751825,275.3446475248175,0.9293427830206772,83.69022127052108,6304840.0,3.1026754447401643,2.7204929799376707,4.320307221846886,0.0242189365316324
2010-04-14,296.0,296.17,292.02,294.5,6805400,0,0.3817574476787877,288.218,286.037,283.27750000000003,284.31718052547797,292.3192205512274,274.2357794487727,0.9222563925674646,81.69803764517421,6301960.0,1.4211355386617472,-0.5067567567567568,3.93506264337391,0.0038103060320247
2010-04-15,294.5,298.92,294.16,297.65,13523600,0,1.069609507640057,291.0,287.452,284.021,285.5869728563848,295.10527791253327,272.93672208746676,0.9368323744870962,81.97238658777121,6645980.0,1.6181669839543074,1.0696095076400602,4.991181657848309,0.0106392965077576
2010-04-16,281.5,284.4,274.82,275.15,24471000,0,-7.559213841760459,289.408,286.52699999999993,283.6185,284.59297544149103,295.3915401654378,271.8454598345622,2.7180239138793314,43.609653725078665,7691810.0,3.4859180554544733,-2.2557726465364203,-3.252461322081579,-0.0786018960936313
2010-04-19,274.5,276.98,272.5,275.05,7788000,0,-0.036343812465911,287.14599999999996,285.48199999999997,283.37,283.68412063753954,295.66125662712545,271.07874337287456,2.7095025845670584,43.52744030163384,7601970.0,1.6440366972477132,0.2003642987249586,-3.6602451838879113,-0.0003635041843005
2010-04-20,277.44,279.8,275.53,277.52,5954800,0,0.8980185420832454,283.974,284.823,283.3085,283.09706152920245,295.7089130236886,270.9080869763114,2.7362974523165433,43.93844874194214,7499230.0,1.549740500127042,0.0288350634371338,-2.3195241279786116,0.008940103340027
2010-04-21,278.37,280.12,276.1,277.15,4783000,0,-0.1333237244162566,280.504,284.361,283.44100000000003,282.53067471689747,295.4969658086409,271.3850341913592,2.727491096141215,43.42786172635061,7188250.0,1.4559942049981824,-0.4382656177030669,-1.6396351634311634,-0.0013341267956805
2010-04-22,275.58,276.2,271.68,273.53,6561400,0,-1.3061519033014668,275.67999999999995,283.34,283.184,281.67346760100247,295.8708309675889,270.49716903241114,2.7334430936489498,39.34940231236526,6859800.0,1.663722025912832,-0.7438856230495724,-3.59836470007755,-0.0131475708053058
2010-04-23,274.0,274.64,271.14,272.5,4178800,0,-0.3765583299820796,275.15,282.279,282.73699999999997,280.7998040199546,296.2834084966484,269.1905915033515,2.7331965085940535,37.244897959183646,6675650.0,1.2908460573873275,-0.5474452554744526,-3.747659920172375,-0.003772690957209
2010-04-26,272.25,272.32,264.6,265.82,8737600,0,-2.451376146788997,273.304,280.225,281.966,279.37315601805415,297.4830851847812,266.4489148152188,2.7514929621554005,33.74222222222218,6842910.0,2.917611489040049,-2.3617998163452736,-7.172789495739639,-0.0248192261101121
2010-04-27,264.47,269.1,263.64,264.53,7689400,0,-0.4852907982845655,270.706,277.34,281.131,277.9595221115728,298.5014684662511,263.76053153374886,2.5243675872363514,34.38405797101447,6916930.0,2.0710059171597774,0.0226868832003423,-9.833662826368538,-0.0048647215764759
2010-04-28,266.0,267.33,260.52,264.6,6812200,0,0.0264620269912807,268.196,274.35,280.1935,276.6871866723754,299.02239411740356,261.3646058825964,2.505188231646061,32.04502814258912,7059750.0,2.6140027637033634,-0.5263157894736757,-10.152801358234289,0.0002645852641445
2010-04-29,266.67,268.24,263.44,266.0,6117800,0,0.5291005291005124,266.68999999999994,271.185,279.3185,275.6693593702444,299.102674723093,259.53432527690694,2.4601507712038133,34.177917514333245,7062560.0,1.822046765866995,-0.2512468594142633,-10.6332941374097,0.0052770571008435
2010-04-30,265.64,268.83,262.72,262.72,4870800,0,-1.233082706766908,264.73400000000004,269.94199999999995,278.2345,274.4360870492688,299.1875899366879,257.28141006331214,0.979347489779707,28.151571164510145,7095830.0,2.3256699147381075,-1.0992320433669476,-4.5175358895147895,-0.0124074825176355
2010-05-03,263.25,266.46,262.62,265.3,3715600,0,0.9820341047503068,264.63,268.967,277.22450000000003,273.565983520767,298.64516731969974,255.8038326803003,1.076101794110727,21.727748691099436,7091460.0,1.4621887137308565,0.7787274453941163,-3.5448100345391698,0.0097724348796305
2010-05-04,263.26,263.26,252.1,253.18,12152600,0,-4.56841311722579,262.36,266.533,275.678,271.624461280694,299.35302935028903,252.00297064971093,1.6198895245582146,15.941312232113376,7493080.0,4.426814756049185,-3.828914381220081,-8.770539060247906,-0.0467605629350118
2010-05-05,250.28,257.86,250.25,254.88,9133800,0,0.6714590409985011,260.41600000000005,264.306,274.3335,270.02975068253266,299.5554580816775,249.1115419183225,1.6811363224317823,13.882790069245033,7691670.0,3.0409590409590463,1.8379415055138224,-8.035359913404283,0.0066921479530562
2010-05-06,254.38,258.74,230.0,249.34,9973200,0,-2.1735718769616996,257.08399999999995,261.88700000000006,272.61350000000004,268.05929823657715,299.7533865723149,245.4736134276852,1.730590628492781,19.455621301775125,7995580.0,12.495652173913047,-1.9812878370941085,-8.843636895404517,-0.0219754192449094
2010-05-07,250.0,252.66,240.66,246.57,10178000,0,-1.110932862757685,253.854,259.294,270.7865,266.0126984045222,299.8057410035356,241.76725899646436,1.7210922965387447,18.29919857524483,8298820.0,4.9862877088007975,-1.3720000000000028,-9.515596330275232,-0.0111714980883106
2010-05-10,257.05,261.38,256.4,260.63,8256000,0,5.7022346595287265,252.92,258.775,269.5,265.5000604612344,297.88669666179317,241.11330333820683,2.6356698637403664,35.055742346487364,8476380.0,1.9422776911076516,1.3927251507488752,-1.9524490256564553,0.0554558481928025
2010-05-11,257.75,259.9,254.11,254.52,6645200,0,-2.344319533438199,253.188,257.774,267.557,264.4543404173073,294.33567423313673,240.77832576686333,2.724749344143624,31.823293172690786,8417410.0,2.278540789421889,-1.2531522793404422,-3.784069859751238,-0.0237223586567295
2010-05-12,255.83,255.95,251.0,252.7,7703600,0,-0.7150715071507219,252.752,256.58399999999995,265.467,263.3348794251828,289.8052126230434,241.12878737695655,2.7233981021999316,32.77088502894955,8462320.0,1.972111553784856,-1.2234687096900378,-4.497354497354511,-0.0071764039704429
2010-05-13,258.11,260.99,255.2,255.44,6651600,0,1.0842896715473005,253.972,255.52799999999996,263.3565,262.58298614659395,282.7654879071326,243.94751209286736,2.7505569521819897,36.277348777348784,8118720.0,2.2688087774294754,-1.0344426794777482,-3.969924812030079,0.0107845340123781
2010-05-14,254.52,255.0,248.12,253.76,8232000,0,-0.6576886940181659,255.41,254.632,262.287,261.7427017516802,281.3132777840561,243.26072221594384,2.7364907692533653,39.450664800559835,7306770.0,2.772851845881023,-0.2986012887003061,-3.410475030450688,-0.0065986099600434
2010-05-17,253.39,254.17,249.18,253.98,5587600,0,0.086696090794458,254.08,253.5,261.2335,261.0033968229488,279.6063131817316,242.8606868182684,2.7038638967492115,40.59547156355858,7196750.0,2.0025684244321296,0.2328426536169554,-4.266867696946863,0.0008665853144042
2010-05-18,255.14,255.48,248.64,249.18,5651000,0,-1.8899125915426307,253.012,253.1,259.8165,259.877359030287,277.24781033514955,242.3851896648505,2.355565932978049,37.32324893127259,7181560.0,2.7509652509652525,-2.335972407305785,-1.5799036258788202,-0.01907999689017
2010-05-19,248.62,249.72,243.87,247.22,6891400,0,-0.7865799823420838,251.916,252.334,258.32,258.67189626549776,274.58569913718287,242.0543008628171,2.3452253694708163,34.70185728250243,7286980.0,2.3988190429327076,-0.5631083581369181,-3.0053358443188904,-0.0078968984110401
2010-05-20,242.51,242.78,236.91,237.42,9826600,0,-3.96408057600518,248.312,251.14199999999997,256.5145,256.6479061449742,273.66394157446825,239.36505842553177,2.5639648600748304,31.369661266568457,7450240.0,2.477734160651726,-2.0988825203084422,-4.780620839015004,-0.0404479038342891
2010-05-21,234.65,242.5,232.26,236.34,19381600,0,-0.4548900682335044,244.82800000000003,250.119,254.7065,254.71381984545283,272.37650345516613,237.03649654483385,2.55381865337793,28.192771084337352,8210380.0,4.408852148454322,0.7202216066481985,-4.148923226669909,-0.0045592784145183
2010-05-24,244.22,244.9,238.58,238.58,8691200,0,0.947787086400953,241.748,247.914,253.3445,253.17726557445732,271.59735036141257,235.09164963858743,1.5302283785980832,37.084217975937726,8208060.0,2.649006622516553,-2.309393170092534,-8.460269347350646,0.0094332376429303
2010-05-25,233.78,238.72,232.1,238.54,6034800,0,-0.016765864699475,239.62,246.31599999999997,252.045,251.78324028165187,270.6422544663062,233.4477455336938,1.4561795420214858,35.107546481954074,8125330.0,2.8522188711762193,2.0361023184190223,-6.278484991356281,-0.0001676727032768
2010-05-26,244.5,244.64,237.56,237.74,6951200,0,-0.335373522260407,237.724,244.82,250.702,250.4457888262565,269.3610286879915,232.0429713120085,1.4588545248053977,38.42777334397447,8132280.0,2.980299713756518,-2.764826175869117,-5.920063316185187,-0.0033593715980445
2010-05-27,242.43,246.04,240.6,245.23,5618200,0,3.1505005468158487,239.28599999999997,243.79900000000004,249.66350000000003,249.94904703327964,267.0028453103,232.3241546897,1.824257459043635,48.77826404084609,8107300.0,2.2610141313383196,1.1549725694014696,-3.9970247416223015,0.0310189061283102
2010-05-28,244.42,244.85,241.52,242.59,5789600,0,-1.0765403906536686,240.536,242.68199999999996,248.657,249.24818541106256,265.1200534994779,232.19394650052212,1.835806607950338,29.226163058498383,8153240.0,1.3787678039085725,-0.7487112347598331,-4.401796973518279,-0.0108237701358273
2010-06-01,244.72,245.52,240.78,241.18,5333600,0,-0.581227585638322,241.056,241.402,247.45099999999996,248.47978680048516,262.22815149533733,232.67384850466263,1.826889425707637,32.77376033057851,8234140.0,1.9686020433590867,-1.4465511605099677,-5.039766910780374,-0.0058292328695146
2010-06-02,243.31,246.92,240.76,246.68,5035800,0,2.280454432374168,242.68400000000003,241.152,247.12600000000003,248.3083785337723,261.65647961682964,232.59552038317045,1.9466069108839672,42.90094339622643,7878300.0,2.5585645456055808,1.3850643212362848,-1.0032907938036797,0.0225484074478456
2010-06-03,247.56,254.0,247.43,252.49,7301400,0,2.355278093076052,245.634,241.679,247.0065,248.70662819722256,261.30595052313276,232.70704947686724,2.0701791209857663,46.75610292500551,7786680.0,2.6552964474800924,1.9914364194538725,2.1317045546476843,0.0232796938474688
2010-06-04,249.95,254.62,248.35,249.6,7840600,0,-1.1445997861301516,246.508,242.897,247.0195,248.7917112260585,261.32835257823376,232.71064742176625,1.5660332123253375,45.54413024850043,7680050.0,2.524662774310453,-0.1400280056011179,5.130149102855697,-0.0115120074754884
2010-06-07,249.53,250.21,241.58,242.76,7265400,0,-2.7403846153846168,246.542,243.539,246.829,248.21726253786247,261.26394283803046,232.39405716196956,1.861750493191924,39.474671669793615,7534420.0,3.5723155890388254,-2.713100629182868,2.7164254887027006,-0.0277863355276182
2010-06-08,243.92,244.42,238.78,242.39,5346800,0,-0.1524139067391683,246.784,243.92,245.917,247.66228515330417,258.91374631348987,232.92025368651016,1.850634782419748,43.05299774913033,7388960.0,2.362006868246916,-0.6272548376516895,1.5969486126246937,-0.0015253017488824
2010-06-09,243.62,244.34,236.03,237.01,5458000,0,-2.219563513346257,244.85,243.767,245.0415,246.6477818053704,257.95694367273273,232.1260563272672,2.000852381319827,40.237139032319746,7329600.0,3.520738889124265,-2.7132419341597624,-0.6414018613230543,-0.0224456648809594
2010-06-10,240.18,244.25,237.92,243.36,5155800,0,2.6792118476013815,243.02399999999997,244.329,244.5745,246.33465972866847,256.9897223627355,232.15927763726452,2.172231207991077,56.08108108108112,7202210.0,2.6605581708137245,1.3240069947539372,2.363926979052744,0.0264394941731703
2010-06-11,241.25,244.36,240.81,244.25,3563400,0,0.3657133464825657,241.954,244.231,244.015,246.13612070689052,255.32814745168375,232.70185254831625,1.9241310920517551,58.12949640287769,7047800.0,1.4741912711266192,1.243523316062176,-0.399624841985069,0.0036504624119092
2010-06-14,246.88,247.25,241.6,241.6,4080800,0,-1.0849539406346032,241.72200000000004,244.132,243.407,245.7041092109962,253.7832240368808,233.03077596311925,1.9246445276692268,53.077863840195654,6840240.0,2.3385761589403997,-2.138690861957227,-0.4080959643843584,-0.0109088248622323
2010-06-15,241.6,248.88,241.24,248.82,8519200,0,2.9884105960264806,243.008,244.896,243.14899999999997,246.00086071471085,252.63688235484256,233.6611176451574,2.129944363431045,59.1394025604552,6986820.0,3.1669706516332226,2.9884105960264895,3.167758520607,0.0294462774256849
2010-06-16,248.08,252.0,248.06,250.64,4578600,0,0.7314524555903867,245.734,245.292,243.22200000000004,246.442683503786,252.925283437789,233.51871656221107,2.026363180744259,61.26440796367445,6933200.0,1.5883254051439155,1.031925185424046,1.6053186314253232,0.0072879031575913
2010-06-17,251.72,252.94,248.34,250.04,3954600,0,-0.2393871688477489,247.07,245.04699999999997,243.363,246.785285074854,253.38753432441817,233.33846567558183,1.8771968850599847,54.77466746079015,6786360.0,1.8522992671337657,-0.6674082313681896,-0.9703354588300628,-0.0023967415803246
2010-06-18,251.26,251.74,249.06,250.02,5745800,0,-0.0079987202047604,248.224,245.089,243.993,247.09335316296315,254.028641956251,233.957358043749,1.8397219811297985,57.7801047120419,6582320.0,1.0760459327069811,-0.4935126960120913,0.1682692307692468,-7.999040119444516e-05
2010-06-21,249.91,250.46,242.44,244.28,5967000,0,-2.2958163346932237,248.76,245.24100000000004,244.38999999999996,246.82541476649047,253.75683735876956,235.02316264123036,1.769307251976917,52.976190476190474,5911590.0,3.308034977726452,-2.2528110119643054,0.6261328060636062,-0.023225806307483
2010-06-22,244.95,248.28,242.86,242.98,4439400,0,-0.5321761912559397,247.592,245.3,244.61,246.45918478872943,253.60143217913344,235.61856782086653,1.7788157835913831,46.1361737677527,5699000.0,2.2317384501358757,-0.8042457644417224,0.2434093815751437,-0.0053359729283379
2010-06-23,242.84,242.96,239.12,241.02,4058200,0,-0.8066507531483968,245.668,245.701,244.734,245.94116718980283,253.43673375079456,236.0312662492054,1.6293658431868077,36.9747899159664,5600170.0,1.6058882569421224,-0.7494646680942155,1.6919117336821277,-0.0080992178273501
2010-06-24,239.28,241.38,236.68,237.55,3787200,0,-1.439714546510662,243.17,245.12,244.7245,245.14200840982164,253.45973409744803,235.98926590255192,1.4365293535142665,36.49405962788615,5441970.0,1.985803616697646,-0.7230023403543923,-2.387409598948065,-0.0145017899663154
2010-06-25,238.53,238.54,235.28,236.34,4490400,0,-0.5093664491686023,240.43400000000003,244.329,244.28000000000003,244.30372189460053,253.77834556232995,234.7816544376701,1.4226519622543274,41.76500769625451,5385580.0,1.3855831349880954,-0.9181235064771716,-3.2384851586489294,-0.0051066814220608
2010-06-28,236.28,238.74,234.55,236.06,3524600,0,-0.1184733858001219,238.79,243.775,243.9535,243.5186055236862,254.1217525021633,233.7852474978367,1.3974883465344177,41.861661095397295,5272330.0,1.7863994883820071,-0.093109869646182,-2.293046357615891,-0.0011854362099465
2010-06-29,231.74,232.24,225.56,227.13,7004200,0,-3.782936541557236,235.62000000000003,241.606,243.25100000000003,241.9577859500018,255.87166959606415,230.63033040393591,1.306055026370508,38.36003770028277,5355860.0,2.96151799964533,-1.9892983516009384,-8.717144924041476,-0.038563469217598
2010-06-30,226.65,228.84,222.38,222.48,7206400,0,-2.047285695416723,231.912,238.79,242.041,240.1027587166683,257.58029199770266,226.5017080022973,1.2126148528460736,24.374079528718653,5464390.0,2.9049374943789945,-1.8398411647915356,-11.235237791254391,-0.0206853308576155
2010-07-01,222.61,224.16,216.82,219.74,7027200,0,-1.231571377202434,228.35,235.76,240.4035,238.16344836269988,258.06407431862164,222.7429256813783,1.1670182549510073,21.22563982155434,5450680.0,3.385296559357995,-1.2892502582992698,-12.118061110222357,-0.0123921806529743
2010-07-02,220.81,221.13,218.0,218.28,3872000,0,-0.664421589150821,224.738,232.586,238.8375,236.26978661387133,258.5049027664905,219.17009723350952,1.1044818882821206,21.83574879227052,5252250.0,1.4357798165137594,-1.1457814410579237,-12.6949844012479,-0.0066663869547037
2010-07-06,222.0,223.8,216.82,218.04,5120200,0,-0.1099505222649899,221.134,229.962,237.60150000000004,234.5336164601693,259.2393229034351,215.963677096565,1.1112045232525791,5.287623474723986,5144990.0,3.219260215847255,-1.783783783783787,-10.74177173735058,-0.0011001101219511
2010-07-07,219.17,225.64,217.74,224.98,6259400,0,3.182902219776196,220.704,228.162,236.731,233.62374822586747,258.95069339881326,214.51130660118673,1.7617492090964595,17.55184623166413,5190620.0,3.6281803986405703,2.650910252315555,-7.408017120750676,0.0313329771685997
2010-07-08,226.76,228.62,224.88,228.28,5337800,0,1.4667970486265558,221.864,226.888,236.29449999999997,233.1148198234039,258.83184255572536,213.75715744427455,1.895622311832143,24.242424242424264,5184610.0,1.663109213802921,0.6703122243782018,-5.285868392664517,0.0145614363038276
2010-07-09,236.0,236.55,231.45,233.73,8663000,0,2.387418959172938,224.662,226.506,235.813,233.1734084116511,258.1251143398876,213.5008856601124,2.068932081062321,32.91378225298928,5359970.0,2.20349967595594,-0.9618644067796652,-1.6080825089454964,0.023593657342369
2010-07-12,236.18,239.64,235.57,237.92,6668800,0,1.792666752235483,228.59,226.664,235.49650000000003,233.62546475339863,257.4818906277115,213.5111093722886,2.1500783506776364,43.10494362532522,5515240.0,1.7277242433246989,0.7367262257600053,0.6685283913006712,0.0177678797009684
2010-07-13,241.12,246.48,240.18,244.6,7952600,0,2.8076664425016773,233.902,227.51799999999997,235.64649999999995,234.6706585864083,257.847110020078,213.445889979922,2.311951985996365,51.57281553398059,5708830.0,2.623032725455901,1.4432647644326435,3.617724307379478,0.0276897405412269
2010-07-14,244.94,246.86,243.23,245.74,6236000,0,0.4660670482420359,238.054,229.379,235.4925,235.72488157817895,257.3484011662733,213.63659883372677,1.7943420032338817,54.656669297553265,5594670.0,1.4924145870164145,0.3266105985139264,8.193545546603275,0.0046498431863532
2010-07-15,245.86,247.27,241.42,247.01,9690200,0,0.5168063807275969,241.8,231.83199999999997,235.311,236.79965476120952,256.69239466674634,213.92960533325365,1.5006252669428453,59.756600660065985,5850250.0,2.4231629525308684,0.4677458716342541,11.025710176195624,0.0051547551989824
2010-07-16,234.53,235.28,229.76,229.94,15649600,0,-6.910651390631961,241.042,232.852,234.306,236.146354307761,254.63608079825545,213.97591920174452,2.893249029920368,45.02642213242151,6435000.0,2.4025069637883054,-1.95710570076323,4.641849458450897,-0.0716104163128135
2010-07-19,230.5,234.75,228.78,233.09,9100600,0,1.3699225885013488,240.07599999999996,234.333,233.4595,235.8552729451171,252.3967953940775,214.52220460592255,2.8742412613554444,47.79050736497545,6602740.0,2.609493836873852,1.1236442516268996,6.784863478101522,0.0136062397529841
2010-07-20,230.52,241.5,230.36,240.8,8109000,0,3.3077352095757018,239.31599999999997,236.609,233.2855,236.3261993312964,251.86474532489277,214.7062546751073,2.9692557871331857,60.35762994393091,6709840.0,4.83590901198124,4.459482908207532,10.43845166024584,0.0325420683560877
2010-07-21,242.0,242.82,237.74,238.75,6559200,0,-0.8513289036544913,237.91800000000003,237.98599999999996,233.074,236.55703749022055,251.28115579396484,214.86684420603513,2.9192025292553887,62.833254456538896,6815830.0,2.136788087827031,-1.3429752066115703,6.120544048359866,-0.0085497340738264
2010-07-22,241.44,244.4,241.24,242.4,4295400,0,1.5287958115183242,236.996,239.398,233.14300000000003,237.1135101101995,251.48689397909385,214.79910602090624,2.921229810624147,67.62052877138413,6827690.0,1.3098988559111244,0.3976143141153115,6.185386367618717,0.0151722748343197
2010-07-23,240.38,245.3,240.22,245.03,0,0,1.084983498349823,240.014,240.528,233.517,237.86746152827575,252.53194824716985,214.50205175283017,2.863197299996446,70.42920421567129,6638330.0,2.114728165847978,1.9344371411931136,4.834638257818846,0.0107913978328949
2010-07-26,244.54,245.19,242.44,244.48,3990400,0,-0.224462310737461,242.292,241.18400000000003,233.92400000000004,238.49722709701143,253.53256032183847,214.3154396781616,2.8337944269674566,70.09729401033748,6613330.0,1.134301270417423,-0.0245358632534564,2.7572293207800858,-0.0022471460498987
2010-07-27,245.29,248.75,245.08,246.32,4902400,0,0.7526178010471174,243.396,241.356,234.437,239.24225308777224,254.8030668243815,214.07093317561848,2.704049075844289,67.58404746209624,6682220.0,1.4974702138077312,0.4199111256064255,0.7031888798037622,0.0074979976380892
2010-07-28,247.47,247.62,241.34,242.18,4945342,0,-1.680740500162381,244.082,241.0,235.1895,239.5220385079844,255.530932413476,214.848067586524,2.7568192024849,61.29713914174252,6579277.1,2.602138062484462,-2.137632844385174,-1.448685602669486,-0.0169502522900246
2010-07-29,242.98,244.44,239.66,242.5,5062382,0,0.1321331241225465,244.102,240.54900000000004,236.1905,239.8056538881764,255.85772036390836,216.52327963609167,2.749766202778348,57.776201454158546,6472076.2,1.99449219727948,-0.1975471232200139,-1.8258370106473352,0.0013204590513175
2010-07-30,239.82,243.68,239.57,242.42,3933554,0,-0.032989690721652,243.58,241.79700000000005,237.3245,240.0546392321596,255.5613423802044,219.0876576197956,1.399031494398725,54.30374904361132,6317393.9,1.715573736277503,1.0841464431657053,5.427502826824382,-0.0003299513351719
2010-08-02,244.5,246.64,243.47,245.2,3725800,0,1.1467700684761883,243.724,243.008,238.6705,240.54467359100153,254.84626286333776,222.49473713666225,1.3860185077380056,50.62009094667218,6310083.9,1.3020084610013505,0.2862985685071528,5.195418078853664,0.0114024450196902
2010-08-03,245.25,246.23,243.38,244.92,3606170,0,-0.1141924959216944,243.444,243.42,240.0145,240.96137134423947,253.15483320896044,226.87416679103956,0.9845601904784372,49.13720538720536,6234382.4,1.1710082997781224,-0.1345565749235525,1.7109634551494943,-0.0011425774523025
2010-08-04,246.09,253.5,245.52,253.16,7627440,0,3.364363873918008,245.64,244.86099999999996,241.4235,242.12314550193096,253.79696103138212,229.0500389686179,1.336363518781102,55.6432372912461,6302784.4,3.250244379276633,2.872932666910477,6.035602094240833,0.0330900732973508
2010-08-05,252.94,254.3,251.78,254.05,4840772,0,0.3515563280139133,247.95,246.026,242.712,243.25903640650895,254.68309958456388,230.7409004154361,1.296286228690097,81.46697990080915,6277933.0,1.0008737786956907,0.4388392504151236,4.806105610561051,0.0035093981326363
2010-08-06,252.7,252.87,248.02,250.11,6501710,0,-1.5508758118480626,249.488,246.534,243.531,243.91150912969857,255.1508394771213,231.9111605228787,1.4211253549117997,71.76470588235293,6169868.5,1.9554874606886516,-1.0249307479224277,2.0732155246296458,-0.0156302769491091
2010-08-09,251.12,252.75,250.68,252.68,3742872,0,1.027547878933266,250.984,247.354,244.269,244.7466034982987,256.25738191971755,232.2806180802825,1.4332630484323323,67.49116607773848,6023572.1,0.8257539492580155,0.6212169480726355,3.354057591623038,0.0102230449398678
2010-08-10,251.18,253.0,249.28,251.86,4147714,0,-0.324521133449418,252.372,247.90800000000004,244.632,245.42406983179407,257.09292435535383,232.17107564464615,1.4392389229821183,70.0274977085243,5833327.8,1.4922978177150188,0.2707221912572684,2.2491068528743163,-0.0032504884527992
2010-08-11,248.86,249.0,245.75,245.87,4398726,0,-2.3783054077662236,250.914,248.277,244.63849999999996,245.4665393716232,257.1019932587498,232.17500674125017,1.55452758845178,54.94724836042201,5741464.1,1.3224821973550356,-1.2014787430683955,1.5236600875381925,-0.0240704366115968
2010-08-12,241.97,247.38,241.26,246.0,4348816,0,0.0528734697197608,249.304,248.627,244.588,245.51734514575435,257.019177443507,232.1568225564931,1.5548996443849084,51.48910039914031,5474394.9,2.536682417309129,1.6654957226102414,1.4432989690721598,0.0005285949662591
2010-08-13,244.5,245.6,243.0,243.18,3758662,0,-1.1463414634146352,247.91800000000003,248.70299999999995,245.25,245.2947408461587,255.63917452778583,234.86082547221417,1.6087220463456722,48.13432835820898,4879848.0,1.069958847736623,-0.5398773006134941,0.3135054863460107,-0.0115296260640906
2010-08-16,241.84,244.94,240.25,242.8,2612374,0,-0.1562628505633712,245.942,248.463,245.7355,245.05714647985783,254.5148261340943,236.9561738659057,1.5614521140357076,44.72738166566809,4555436.7,1.9521331945889688,0.3969566655640125,-0.9787928221859588,-0.001563850682929
2010-08-17,244.26,247.35,243.02,245.26,3754146,0,1.0131795716639136,244.622,248.497,245.9585,245.07646586272855,254.43119366229573,237.4858063377043,1.5995378032157637,54.858044164037835,4337694.0,1.781746358324411,0.4093998198640792,0.1388208394577761,0.0100808131485367
2010-08-18,245.22,245.44,240.78,241.08,5344014,0,-1.70431378944792,243.664,247.28900000000004,246.075,244.6958500662782,254.18674457193816,237.9632554280618,1.169044008160517,48.00337457817774,4276934.7,1.9353766924163125,-1.688279911915825,-4.771685890346022,-0.0171900437190364
2010-08-19,240.5,241.26,233.62,233.98,7849206,0,-2.9450804712128797,241.26,245.282,245.654,243.6752929171089,255.2980926014651,236.0099073985349,1.357617770836823,40.08924377642086,4454625.0,3.270267956510567,-2.711018711018715,-7.900019681165138,-0.0298931869953879
2010-08-20,233.98,235.8,230.51,231.01,7652916,0,-1.269339259765789,238.826,243.372,244.95300000000003,242.46907454405087,256.6150826884375,233.29091731156257,1.3434195476082755,33.411269581482344,4837270.8,2.294911283675338,-1.2693392597657915,-7.636639878453488,-0.0127746419913587
2010-08-23,230.75,234.12,228.86,232.04,5942780,0,0.4458681442361722,236.67400000000004,241.308,244.331,241.47582934937935,257.3476207919906,231.31437920800937,1.2667156718849704,35.20220588235294,4934889.8,2.298348335226772,0.5590465872155979,-8.168434383409851,0.0044487709697667
2010-08-24,228.85,229.18,225.46,225.7,5509902,0,-2.732287536631617,232.762,238.69199999999995,243.3,239.9733694113432,258.7013177836855,227.89868221631448,1.38124425977621,17.01105237866406,4965264.9,1.649960081610928,-1.37644745466463,-10.386722782498223,-0.0277030867743735
2010-08-25,225.0,228.9,225.0,227.31,5184008,0,0.7133362871067916,230.008,236.836,242.55649999999997,238.7673342293105,259.5399139212774,225.57308607872253,1.40465603203022,18.422295701464307,4977198.2,1.733333333333336,1.0266666666666675,-7.548704599991862,0.0071080407879018
2010-08-26,228.03,228.63,225.22,225.49,3558222,0,-0.8006686903347826,228.31,234.785,241.706,237.50282620747143,260.32612425760937,223.0858757423906,1.3745161118221942,19.39333664843359,4901990.2,1.5140751265429342,-1.1138885234398948,-8.33739837398374,-0.0080389125499714
2010-08-27,226.28,230.0,223.82,229.42,4497940,0,1.7428710807574577,227.992,233.409,241.05600000000004,236.73303323533128,260.4622056271313,221.6497943728688,1.5934375577663182,22.029822029821972,4930209.5,2.761147350549552,1.3876613045783923,-5.658360062505152,0.0172785727917013
2010-08-30,229.58,229.88,226.21,226.34,2468170,0,-1.3425159096852823,226.852,231.763,240.11299999999997,235.7432205462521,260.4804498830178,219.74555011698217,1.603399324476792,20.894160583941556,4867328.0,1.6223862782370309,-1.411272758951132,-6.77924217462933,-0.0135160913153259
2010-08-31,225.06,227.44,224.0,225.01,3893596,0,-0.5876115578333563,226.714,229.738,239.1175,234.72100906565663,260.42047619435476,217.81452380564517,1.4906431574780823,23.37927514037769,4881699.3,1.5357142857142847,-0.0222162978761269,-8.2565440756748,-0.005893447876556
2010-09-01,227.49,232.47,226.25,230.16,6454834,0,2.2887871650148828,227.284,228.64599999999996,237.96749999999997,234.28662724987984,258.54968327635487,217.38531672364508,1.7483205215427011,32.08144796380088,4823069.0,2.7491712707182314,1.173677963866538,-4.529616724738683,0.0226298735820529
2010-09-02,231.42,232.22,230.16,231.59,3370768,0,0.6213069169273666,228.504,228.407,236.8445,234.02980560703415,256.14286587029,217.54613412970997,1.5329873889930292,36.46344312076617,4749568.8,0.8950295446645822,0.0734595108460876,-1.021454825198731,0.0061938476304369
2010-09-03,235.26,235.94,233.72,235.15,4888292,0,1.5371993609395895,229.65,228.821,236.0965,234.1364907873166,254.36200188053397,217.83099811946607,1.550307931723954,41.68297455968688,4668897.9,0.9498545267841856,-0.046756779733055,1.792130210813392,0.0152550415173276
2010-09-07,232.25,233.8,231.51,232.2,3420918,0,-1.2545183925154246,230.82200000000003,228.837,235.0725,233.95206309328643,251.64091875377449,218.50408124622552,1.6110197432564464,35.95094664371773,4652800.2,0.9891581357176884,-0.0215285252960221,0.0689536286847092,-0.0126245391272659
2010-09-08,232.6,236.25,232.26,235.29,4817656,0,1.3307493540051674,232.878,229.796,234.244,234.0794856558306,248.81457799671395,219.67342200328605,1.3275738366929013,43.62194315928617,4686297.3,1.7179023508137472,1.1564918314703343,4.249003101462123,0.0132197266288936
2010-09-09,238.92,240.2,235.29,238.09,4870598,0,1.1900208253644573,234.464,230.87399999999997,233.855,234.46143940289437,247.5050217852308,220.20497821476928,1.3474901910982635,55.00121684108057,4709890.9,2.086786518764077,-0.3473966181148435,4.742422242752187,0.0118299575581262
2010-09-10,239.51,239.9,237.54,238.07,3852694,0,-0.0084001848040693,235.76,232.132,233.4585,234.80511184071395,246.04216238214468,220.87483761785535,1.286209228084324,59.255374934452014,4685084.8,0.9935168813673544,-0.6012275061584058,5.578961373009883,-8.400537639352405e-05
2010-09-13,240.45,242.18,239.76,241.14,4481818,0,1.2895366908892258,236.958,233.304,233.3565,235.40843452255072,245.63781190491056,221.07518809508943,1.2469541294882922,61.32404181184667,4721242.6,1.0093426760093491,0.2869619463505917,5.10853456542586,0.0128129296147472
2010-09-14,241.0,242.38,240.04,240.22,4433410,0,-0.3815211080699932,238.562,234.69199999999995,233.22749999999996,235.86667885373635,245.1398162713136,221.31518372868632,1.1191022012625107,70.8860759493671,4812294.4,0.9748375270788217,-0.3236514522821581,6.132367235132974,-0.0038225075628204
2010-09-15,239.98,240.94,239.25,240.32,4807090,0,0.0416285072017297,239.568,236.223,232.98050000000003,236.29080467719007,244.01482820555043,221.94617179444964,1.0609249391125073,69.56390977443607,4864941.6,0.7063740856844296,0.1416784732061019,6.804142038131644,0.0004161984494256
2010-09-16,239.98,241.22,239.7,240.53,3944786,0,0.0873834886817581,240.056,237.26000000000005,232.95300000000003,236.69453756507673,243.90476813412317,222.00123186587692,0.903358078627822,73.76738305941844,4794980.2,0.6341259908218649,0.2291857654804614,4.505561348627052,0.0008734533153836
2010-09-17,241.88,245.6,240.59,245.08,9658286,0,1.89165592649565,241.458,238.609,233.508,237.4931530350694,245.7302378862384,221.28576211376156,1.0134645091245658,74.27154370737756,4885434.2,2.0823808138326574,1.3229700678022231,5.82494926378514,0.0187398659663002
2010-09-20,246.25,255.2,246.03,254.14,8826194,0,3.6967520809531473,244.058,240.508,234.6645,239.07856703172948,249.89783805905583,219.43116194094415,1.3987485998849205,86.34937238493718,4944098.1,3.727187741332353,3.204060913705578,8.075696364022967,0.0363006084189343
2010-09-21,254.84,259.99,254.46,256.73,8933548,0,1.0191233178563186,247.36000000000004,242.961,235.89899999999997,240.7596558858505,253.97356939868249,217.8244306013175,1.2005358051515584,90.1518987341772,5093636.5,2.1732295842175593,0.7416418144718312,10.56416881998279,0.0101396527114096
2010-09-22,256.43,258.89,255.84,258.0,5075558,0,0.4946831301367194,250.896,245.23200000000003,237.514,242.40159342053136,257.42986450415293,217.59813549584703,1.2052600409183971,89.07916900617627,5071919.3,1.1921513445903622,0.6122528565300445,9.651918908580903,0.0049346359338196
2010-09-23,257.3,259.85,255.65,256.74,4634974,0,-0.4883720930232482,254.138,247.09700000000004,238.9855,243.76715595190936,260.0431106756874,217.9278893243126,1.279901790286304,85.4724964739069,5044467.6,1.6428711128496056,-0.2176447726389437,7.83317232979126,-0.0048956852648368
2010-09-24,260.87,263.92,259.13,263.64,6475698,0,2.6875438186492184,257.85,249.654,240.89299999999997,245.6598077660132,263.64661773433824,218.1393822656617,1.3791548555328592,86.72338231502962,5190341.4,1.8484930343842936,1.0618315636140536,10.7405384970807,0.0265206365277386
2010-09-27,264.42,268.42,264.42,265.2,6208120,0,0.591715976331364,260.062,252.06,242.68199999999996,247.52077845496433,267.1957723696263,218.1682276303736,1.3824299234735586,94.11764705882356,5275850.4,1.512744875576734,0.2949852507374528,9.977606369743718,0.0058997221271883
2010-09-28,266.74,266.8,259.23,263.58,7309342,0,-0.6108597285067852,261.43199999999996,254.396,244.544,249.0502281259201,269.4848499412078,219.6031500587922,1.4088819891199131,89.36821597550795,5517909.0,2.9201867067854774,-1.1846742145909968,9.724419282324526,-0.0061273310959642
2010-09-29,263.92,266.47,262.36,263.85,4347756,0,0.1024356931482062,262.602,256.74899999999997,246.486,250.45973020916583,271.0685598427303,221.90344015726976,1.404693408267504,88.56287425149704,5540617.0,1.56654977892972,-0.0265231888451019,9.79111185086552,0.0010238326359338
2010-09-30,264.58,265.94,259.46,262.9,6488930,0,-0.3600530604510266,263.834,258.986,248.123,251.64451780829287,272.4874323165063,223.7585676834937,1.4417614164942096,86.16370521409839,5542321.8,2.497494796885847,-0.6349686295260438,9.30029518147424,-0.0036070281158414
2010-10-01,265.0,265.31,261.5,262.81,4315656,0,-0.0342335488778933,263.668,260.75899999999996,249.68400000000003,252.70789706464595,273.58447293080485,225.78352706919523,1.4234572423961804,84.56140350877193,5589566.2,1.456978967495221,-0.8264150943396218,7.23437244981231,-0.0003423940989489
2010-10-04,262.48,264.12,259.42,261.18,3880588,0,-0.6202199307484446,262.86400000000003,261.463,250.98549999999992,253.51476401087015,274.3831953206106,227.5878046793893,1.0121569562456911,82.6887086712414,5539181.0,1.8117338678590655,-0.495275830539474,2.77012670181791,-0.0062215128446252
2010-10-05,264.19,270.0,263.27,269.12,7008124,0,3.040049008346734,263.97200000000004,262.702,252.8315,255.00097696221584,275.8107054967852,229.8522945032148,1.3287705016154605,86.09022556390975,5718541.3,2.556311011509104,1.8660812294182243,4.826081875900745,0.029947551992322
2010-10-06,269.63,269.98,264.97,267.18,5533380,0,-0.7208680142687274,264.63800000000003,263.62,254.426,256.1608839181953,276.6948599193039,232.15714008069608,1.3818443848879831,82.00816718712466,5754327.5,1.8907800883118808,-0.9086525980046688,3.558139534883731,-0.0072347882229172
2010-10-07,268.1,268.6,264.57,265.0,4795540,0,-0.8159293360281539,265.058,264.446,255.77149999999995,257.00270449741475,277.1171380605227,234.42586193947727,1.4077936937094648,75.36933265410084,5750574.6,1.5232263673130095,-1.1562849682954206,3.2172626002960225,-0.0081927625754438
2010-10-08,266.38,268.8,263.81,268.18,5570804,0,1.200000000000001,266.13199999999995,264.9,257.277,258.0672088309943,277.5881036265048,236.9658963734952,1.1926874972656434,71.03055721989215,5836480.1,1.891512831204279,0.6757264058863321,1.7220452131694763,0.0119285708652738
2010-10-11,269.24,272.3,268.58,269.42,5260476,0,0.4623760161085899,267.78000000000003,265.322,258.691,259.14842703756625,278.19339488668203,239.18860511331792,1.1883864474732646,69.8095535435529,5875413.0,1.3850621788666422,0.0668548506908359,1.591251885369549,0.0046131034189259
2010-10-12,270.06,273.0,268.9,270.7,7506772,0,0.4750946477618534,268.096,266.034,260.21500000000003,260.2485768435123,278.35607232948047,242.0739276705196,1.1589371539802087,69.8189762796504,6029081.1,1.5247303830420316,0.2369843738428446,2.701267167463395,0.0047396963498335
2010-10-13,273.5,273.74,271.17,271.65,6114726,0,0.3509420022164811,268.98999999999995,266.81399999999996,261.78149999999994,261.3344266679397,277.9977209563614,245.56527904363847,1.157540121678018,73.49511503309165,6094462.9,0.9477449570380178,-0.6764168190128054,2.9562251279135587,0.0035032763772766
2010-10-14,272.09,272.62,268.56,270.46,13242046,0,-0.4380636848886454,270.082,267.57000000000005,263.27799999999996,262.2035288900407,276.48077100102574,250.07522899897415,1.162716895280263,63.10530361260565,6559325.9,1.511766458147156,-0.5990664853541092,2.875618105743638,-0.0043902599523183
2010-10-15,299.64,300.82,295.8,300.73,27449420,0,11.192043185683676,276.592,271.362,266.0605,265.8727166147987,285.22530598444183,246.89569401555812,3.625765809495344,82.45934587977342,7448882.6,1.6970926301555045,0.3637698571619382,14.42867470796394,0.1060886391826964
2010-10-18,300.27,309.85,300.27,308.86,14207666,0,2.703421673926787,284.48,276.13,268.7965,269.9667436038655,295.092833364583,242.50016663541695,3.5706393245312253,86.96930111038536,7717956.2,3.1904619176075,2.860758650547851,18.255609158434805,0.026675247566945
2010-10-19,304.42,307.41,301.43,303.92,9176128,0,-1.5994301625331886,291.12399999999997,279.61,271.156,273.200387070164,301.1079843117403,241.2040156882597,3.6832941782778894,80.39751175845849,7730085.2,1.9838768536642064,-0.1642467643387425,12.93103448275863,-0.0161235909154848
2010-10-20,304.07,308.69,303.75,303.99,7053552,0,0.023032376941301,297.592,283.29100000000005,273.45550000000003,276.1327311587198,306.0956873543415,240.81531264565857,3.64569203603811,81.59311087190531,7828984.9,1.6263374485596698,-0.0263097313118637,13.777228834493592,0.0002302972489657
2010-10-21,305.76,308.0,303.0,306.0,5841014,0,0.6612059607223886,304.7,287.391,275.91850000000005,278.97723295312744,310.617120797711,241.21987920228912,3.577224666660944,82.25541448842421,7889286.9,1.65016501650165,0.0784929356357957,15.471698113207545,0.0065902958240448
2010-10-22,305.96,307.41,305.02,306.26,4289922,0,0.084967320261442,305.80600000000004,291.19899999999996,278.04949999999997,281.57559171949623,314.7502663622861,241.34873363771385,3.6049910378782952,84.37023482769136,7779998.1,0.7835551767097382,0.0980520329454867,14.19941830114102,0.0008493124346809
2010-10-25,307.8,312.37,307.48,308.25,6316998,0,0.6497747012342403,305.684,295.082,280.202,284.1160115557347,318.7337097575783,241.6702902424217,3.600107939356323,82.81066577226228,7785442.0,1.590347339664364,0.146198830409353,14.41244154108825,0.0064767276573919
2010-10-26,306.55,310.62,305.52,309.3,5026014,0,0.3406326034063323,306.76,298.942,282.488,286.5144866456647,322.27209340956745,242.70390659043255,3.60423771471176,85.85291113381001,7671275.6,1.6692851531814688,0.8970804110259337,14.259327669006282,0.0034005376465703
2010-10-27,307.88,310.0,306.17,308.24,4479214,0,-0.3427093436792816,307.61,302.601,284.7075,288.5835831556014,325.0623569437123,244.3526430562877,3.633162031015837,87.5216938562999,7677848.5,1.2509390208054296,0.1169286735091638,13.469538008466795,-0.0034329793731218
2010-10-28,310.02,310.5,306.65,309.29,4369138,0,0.3406436542953583,308.26800000000003,306.48400000000004,287.027,290.5556228550679,327.4369373395898,246.61706266041017,3.5993031490264658,87.04271039826996,7571858.9,1.2555030164682937,-0.2354686794400237,14.357021370997568,0.003400647780303
2010-10-29,308.54,309.5,306.5,306.85,4415438,0,-0.788903617963721,308.38599999999997,307.096,289.229,292.1074682974424,328.8750300793499,249.58296992065007,1.119331230971118,83.01287705062623,7576848.0,0.9787928221859704,-0.5477409736176825,2.0350480497456136,-0.0079203192630991
2010-11-01,307.86,310.33,305.6,307.5,6176834,0,0.2118298843082788,308.236,306.96000000000004,291.54499999999996,293.57342369768594,329.67467486437863,253.41532513562132,0.7011525418644027,82.82197645379951,7691660.3,1.547774869109935,-0.1169362697329999,-0.4403289516285769,0.0021160584114664
2010-11-02,309.33,310.0,307.29,307.8,3998024,0,0.0975609756097561,307.93600000000004,307.348,293.479,294.92833572647777,330.73326087958617,256.2247391204138,0.4384430185725917,82.62046561992422,7541155.3,0.8819030882879297,-0.4946173988943758,1.2766517504606556,0.0009751341582062
2010-11-03,308.75,310.92,306.75,310.09,6760366,0,0.7439896036387061,308.306,307.95799999999997,295.6245,296.3723037525275,331.41527886242477,259.83372113757525,0.4768905055491585,85.06459033799328,7602504.6,1.3594132029339905,0.4340080971659838,2.006644955426151,0.0074123565196126
2010-11-04,312.32,314.96,311.05,312.14,7142346,0,0.6610983907897827,308.87600000000003,308.572,297.9815,297.87398910942966,331.4115433899308,264.5514566100692,0.4768789449792465,70.1661364439731,7719844.9,1.2570326314097309,-0.0576331967213136,2.0065359477124067,0.0065892271900159
2010-11-05,311.59,312.74,310.56,312.54,3421530,0,0.1281476260652336,310.014,309.2,300.1995,299.27075205138874,331.094490549483,269.304509450517,0.4759172643072974,58.94941634241247,7612381.2,0.7019577537351902,0.3048878333707903,2.0505452883171182,0.0012806558707476
2010-11-08,312.01,314.74,311.56,313.38,4199810,0,0.2687655980034398,311.19,309.713,302.3975,300.6144899512565,330.16950777382635,274.6254922261736,0.4508751002096124,78.73633049817738,7559347.9,1.0206701758890764,0.4390884907535029,1.6642335766423375,0.002684050691107
2010-11-09,315.0,315.42,310.26,312.41,4479152,0,-0.3095283681153749,312.11199999999997,310.024,304.483,301.7378718606606,328.201229364995,280.764770635005,0.4694076871004444,74.25115207373283,7407966.9,1.6631212531425337,-0.8222222222222143,1.005496281926943,-0.0031000839797703
2010-11-10,311.04,311.5,308.76,311.44,4997976,0,-0.3104894209532416,312.382,310.344,306.4725,302.6618840644072,324.6144268691694,288.33057313083066,0.4661220841997162,66.66666666666666,7352129.4,0.8874206503433117,0.1286008230452601,1.0381520892810858,-0.0031097243942916
2010-11-11,309.85,309.92,307.1,308.6,4523212,0,-0.9118931415360798,311.674,310.275,308.3795,303.2274189154161,314.8400408768165,301.9189591231835,0.5553139403696733,56.190476190476275,6916187.7,0.9182676652556148,-0.4034210101662094,-0.2230915968831848,-0.0091607633731397
2010-11-12,307.0,308.45,300.77,301.64,6141338,0,-2.2553467271549055,309.494,309.754,308.425,303.07623616156695,314.6678552846616,302.18214471533844,0.879590518724449,36.154168412232906,5850783.6,2.5534461548691714,-1.745928338762219,-1.6978979957634088,-0.0228116865946143
2010-11-15,301.54,302.0,297.02,297.74,6960040,0,-1.2929319718870125,306.36600000000004,308.77799999999996,307.869,302.5680231937987,315.721859753985,300.0161402460151,0.9344713279795898,28.368263473053855,5488402.3,1.6766547707225163,-1.260197652052799,-3.173983739837394,-0.013013630885535
2010-11-16,296.38,298.94,291.73,291.86,6609576,0,-1.9748774098206523,302.256,307.184,307.266,301.548211461056,317.79257269160047,296.73942730839957,1.0541938279308662,24.032974001268215,5360074.7,2.471463339389154,-1.5250691679600452,-5.1786874593892085,-0.0199463872093115
2010-11-17,292.5,294.75,290.68,291.77,4871104,0,-0.0308367025286249,298.322,305.352,306.655,300.6169532266697,319.20610731118234,294.1038926888176,0.9761189428794036,21.35382603008493,5250952.3,1.400165130039904,-0.2495726495726558,-5.907962204521267,-0.0003084145801738
2010-11-18,294.5,299.99,294.28,298.28,5174570,0,2.2312095143434796,296.258,303.966,306.269,300.39438625270117,319.36781939235976,293.17018060764025,1.2807500290616782,37.633477633477554,5217630.1,1.9403289384260016,1.2835314091680723,-4.44031524316012,0.022066822016168
2010-11-19,298.5,298.94,295.17,295.42,4470794,0,-0.9588306289392334,295.014,302.254,305.727,299.92063518101537,319.6955814372254,291.7584185627745,1.2727296002171649,33.61367335865437,5226673.7,1.2772300708066475,-1.0318257956448855,-5.47769885454662,-0.0096345700631401
2010-11-22,293.74,296.72,291.38,295.61,4369110,0,0.0643152122401957,294.588,300.477,305.095,299.51009849710914,319.71168621095273,290.4783137890473,1.2596102389838006,33.414965986394535,5129279.3,1.8326583842405215,0.6366174167631254,-5.6704320633097165,0.0006429453887117
2010-11-23,293.5,294.5,289.1,291.5,4333402,0,-1.3903453875038108,294.51599999999996,298.38599999999997,304.20500000000004,298.7472319735749,319.87344431870656,288.5365556812935,1.280504622925014,25.90095929478872,5094648.7,1.8678657903839424,-0.6814310051107325,-6.69312762075478,-0.0140010122106184
2010-11-24,293.65,298.3,293.52,297.48,4800124,0,2.0514579759862928,295.658,296.99,303.66700000000003,298.6265432141868,319.49024219887315,287.8437578011269,1.5469632668196371,32.75294117647063,5110694.2,1.6285091305532944,1.304273795334596,-4.48240431543796,0.0203069900445525
2010-11-26,295.23,296.49,293.5,295.0,2534244,0,-0.8336694903859132,295.00200000000007,295.63,302.9525,298.28115814616905,318.99566398115746,286.9093360188425,1.5445460986767778,30.327501121579147,5018949.5,1.0187393526405484,-0.0779053619212201,-4.406999351911867,-0.0083716394952796
2010-11-29,294.58,294.9,289.98,291.06,5719306,0,-1.335593220338982,294.13,294.572,302.163,297.59342879891483,318.93606499938755,285.38993500061247,1.4487828844707296,26.59395973154363,5084142.9,1.6966687357748669,-1.1949215832710918,-3.5074923750165743,-0.0134459248546396
2010-11-30,287.16,287.16,276.65,277.86,14231546,0,-4.53514739229025,290.58,292.584,300.681,295.71405462758963,320.44045013085355,280.9215498691464,1.9574721682746876,21.16508095476549,5486878.5,3.799024037592644,-3.2386126201420846,-6.6769664808221885,-0.0464120417644645
2010-12-01,281.5,285.79,281.2,282.18,7514378,0,1.5547397970200771,288.716,291.616,299.4,294.42509704400965,320.49306695775226,278.3069330422477,2.0137006614649833,26.87322162503952,5662696.2,1.6322901849217752,0.2415630550621693,-3.3166586719660107,0.0154277754642959
2010-12-02,284.33,286.67,282.68,285.91,5100646,0,1.3218513005882837,286.402,291.03000000000003,298.191,293.61413542077065,319.4751842938048,276.9068157061952,2.0795116085233825,32.31488698363212,5579710.2,1.4114900240554724,0.5556923293356455,-2.0084312986256125,0.0131319107963422
2010-12-03,284.73,288.24,284.0,286.5,4624092,0,0.2063586443286302,284.70200000000006,289.852,296.909,292.9365987140306,317.73945735657844,276.07854264342154,1.90998843077059,36.89858082381448,5453797.5,1.4929577464788764,0.6216415551575112,-3.949309373742782,0.0020614601734404
2010-12-06,290.29,291.0,288.3,289.18,4189966,0,0.9354275741710216,284.326,289.228,295.74100000000004,292.57882740793247,315.47175387361267,276.0102461263874,1.940497377600157,42.43281471004243,5492219.3,0.9365244536940648,-0.3823762444452146,-2.1122469704150104,0.0093107954451859
2010-12-07,295.64,296.5,293.0,293.57,6086140,0,1.5180856214122684,287.468,289.024,294.7505,292.6732247976532,312.6575388689103,276.84346113108967,2.0151902921453173,51.552569457054645,5586535.8,1.1945392491467577,-0.7001758895954516,-0.690098440512843,0.0150667800831528
2010-12-08,295.98,296.26,291.85,295.27,3514252,0,0.5790782436897457,290.086,289.401,293.8935,292.92053672168623,309.76713026830265,278.0198697316974,1.9653376863496768,53.087508821453774,5538290.8,1.5110501970190056,-0.2398810730454883,1.293310463121777,0.0057740803042065
2010-12-09,296.94,297.79,294.5,295.75,3737744,0,0.1625630778609554,292.054,289.228,293.10900000000004,293.190009414859,306.72111364538137,279.4968863546187,1.8492238590045624,47.502467917078015,5475279.2,1.1171477079796333,-0.4007543611504,-0.5815517009546967,0.0016243108711565
2010-12-10,296.57,297.0,295.14,296.1,3339560,0,0.1183431952662905,293.974,289.338,292.48400000000004,293.46715137534864,304.10329683532575,280.8647031646743,1.828362871775588,50.70627336933943,5416096.6,0.6302093921528812,-0.1584786053882626,0.3728813559322086,0.0011827322490496
2010-12-13,298.56,301.5,297.04,297.31,4802556,0,0.4086457277946653,295.6,289.963,292.26750000000004,293.83313695864877,303.31580327530895,281.21919672469113,1.7632593109250998,51.729048006509345,5349157.5,1.5014812819822176,-0.4186763129689175,2.1473235758949993,0.0040781303886809
2010-12-14,298.54,299.14,296.24,297.46,3286506,0,0.0504523897615127,296.378,291.923,292.25350000000003,294.1785524863965,303.2732779612764,281.23372203872367,0.599272617610838,56.59292035398229,5165480.8,0.978935997839582,-0.361760568098091,7.053912042035537,0.0005043966682252
2010-12-15,296.18,298.23,294.58,295.15,4336062,0,-0.7765750016809014,296.354,293.22,292.418,294.2710712972159,303.51102597415155,281.32497402584846,0.6725561545065373,47.19479894052487,5051805.1,1.239052209926008,-0.347761496387342,4.596356935289525,-0.0077960604777535
2010-12-16,296.42,296.88,294.04,295.86,3193640,0,0.2405556496696714,296.376,294.21500000000003,292.6225,294.4223978403382,303.81557469164187,281.42942530835813,0.6002821902788847,51.08148893360163,4967931.9,0.9658549857162204,-0.1889211254301336,3.480116120457488,0.0024026677773914
2010-12-17,295.5,296.28,293.83,295.4,4452734,0,-0.1554789427432035,296.236,295.10499999999996,292.47850000000005,294.51550280792503,303.4367543269802,281.52024567301993,0.6200987561776327,55.98125689084891,4931840.1,0.8338154715311537,-0.033840947546539,3.106457242582894,-0.0015559993668104
2010-12-20,297.1,298.94,294.33,297.53,3943804,0,0.7210561949898331,296.28,295.94,292.584,294.80259777859885,303.70097118918164,281.46702881081836,0.5993611240602185,89.01229670765555,4905490.6,1.5662691536710542,0.1447324133288286,2.887474929109879,0.0071846901404944
2010-12-21,299.29,302.36,298.8,301.54,3762976,0,1.3477632507646442,297.096,296.73699999999997,292.8805,295.44425513301803,304.63530636299976,281.1256936370002,0.5617174247558867,88.87550200803202,4875183.9,1.1914323962516742,0.7517792107988907,2.7148550601219457,0.0133876171129986
2010-12-22,302.0,303.5,301.64,302.74,2415010,0,0.3979571532798154,298.614,297.48400000000004,293.4425,296.1390879774925,305.9688560039175,280.9161439960825,0.5534910523035245,87.617344658024,4779264.3,0.6166290942845822,0.2450331125827844,2.529887899210892,0.0039716739836465
2010-12-23,302.67,303.0,301.02,302.12,2222384,0,-0.2047961947545751,299.866,298.121,293.67449999999997,296.70869864630276,306.67848072656517,280.67051927343476,0.5719356056074514,84.8660714285713,4650377.3,0.6577636037472654,-0.1817160603958143,2.15384615384615,-0.0020500618891719
2010-12-27,301.37,301.89,299.75,301.19,2416256,0,-0.3078247054150718,301.024,298.63,293.98400000000004,297.1354892514168,307.4086566554168,280.5593433445833,0.595320386686422,79.07990314769961,4644477.9,0.7139282735612965,-0.059727245578527,1.7190138466734115,-0.003082994601867
2010-12-28,301.02,301.94,299.0,299.46,2129492,0,-0.574388259902392,301.40999999999997,298.84499999999997,294.404,297.35687122747237,307.9683532835161,280.8396467164839,0.631968798867034,66.37020566981641,4464987.2,0.9832775919732436,-0.5182379908311748,0.7231509199152386,-0.0057604421338073
2010-12-29,301.0,301.2,299.46,300.5,2039436,0,0.3472917918920792,301.202,299.149,295.536,297.65621682485596,306.8849093378141,284.1870906621859,0.6376919767579651,65.08944027697626,3855381.7,0.5810458825886626,-0.1661129568106312,1.0219861493982352,0.0034669012656894
2010-12-30,299.0,300.67,298.7,299.43,1978958,0,-0.3560732113144782,300.54,299.577,296.3985,297.82514855582207,305.9537868254081,286.84321317459194,0.5848841948502472,60.26785714285709,3578610.7,0.6595246066287337,0.1438127090301026,1.4501101135016237,-0.0035670866086575
2010-12-31,298.12,298.9,296.02,296.98,2668366,0,-0.8182212871121752,299.512,299.68899999999996,296.952,297.74465821717234,305.1327723223116,288.7712276776884,0.6571532049545252,52.197802197802176,3456996.7,0.9729072359975662,-0.3823963504628963,0.3785574258095003,-0.0082158708986892
2011-01-03,298.24,302.8,298.24,302.18,4728234,0,1.7509596605832067,299.71000000000004,300.367,297.736,298.1670717202988,304.59838381169186,290.8736161883081,0.8441569125046424,60.14160766347352,3462203.8,1.5289699570815458,1.3210836909871235,2.295192958700087,0.0173580698437794
2011-01-04,302.81,303.09,300.06,301.06,3648998,0,-0.3706400158845713,300.03000000000003,300.71999999999997,298.33,298.442588699318,304.03273433954183,292.62726566045814,0.8442401842203745,57.20576461168936,3435155.4,1.0097980403919125,-0.5779201479475579,1.1864349813464292,-0.0037132858793369
2011-01-05,300.04,305.17,300.02,304.54,5039944,0,1.1559157642994755,300.838,301.02,298.8785,299.0232945374782,304.7609458751189,292.996054124881,0.8149419364568041,67.95411089866155,3382845.6,1.7165522298513547,1.4998000266631115,0.9948928831995828,0.0114928609802285
2011-01-06,305.34,309.21,305.02,306.75,4115466,0,0.7256846391278549,302.302,301.421,299.4525,299.75917124819455,306.04938562884166,292.8556143711583,0.8345200055111256,69.69258589511745,3412906.3,1.3736804143990553,0.4617803104735787,1.3245689370416924,0.0072306421784343
2011-01-07,307.96,309.12,305.06,308.22,3791264,0,0.4792176039119855,304.55,302.031,300.07599999999996,300.5649644626522,307.50425728659184,292.6477427134081,0.831620622648079,72.36566643405446,3415582.3,1.3308857273978898,0.0844265489024703,2.019065272077336,0.0047807301162107
2011-01-10,307.4,307.7,304.28,307.1,3160960,0,-0.3633768087729527,305.534,302.62199999999996,300.62600000000003,301.18734879954246,308.4339349652176,292.8180650347825,0.8355895656737281,67.30560578661849,3406652.3,1.1239647692914474,-0.0975927130774087,1.9622165410538184,-0.0036403862604547
2011-01-11,308.86,309.4,307.25,308.0,2881982,0,0.2930641484858221,306.922,303.476,301.1605,301.8361727233956,309.4607155330298,292.8602844669702,0.7903392585461412,63.16218418907901,3310623.6,0.6997558991049561,-0.2784433076474822,2.8517999064983757,0.0029263555267976
2011-01-12,309.68,309.68,307.38,308.44,3265396,0,0.1428571428571334,307.702,304.27000000000004,301.7095,302.46510865450074,310.42142642905543,292.99757357094455,0.7911747718515839,61.98486122792259,3309568.1,0.74825948337563,-0.4004133298889205,2.6422628951747074,0.0014275519911853
2011-01-13,308.48,309.83,307.08,308.35,2667894,0,-0.0291790947996251,308.02200000000005,305.162,302.3695,303.02557449692927,310.98858647009394,293.7504135299061,0.7691579038902818,63.39784946236563,3226159.7,0.8955321088967044,-0.0421421161825711,2.9789934208329205,-0.0002918335272579
2011-01-14,308.7,312.14,308.54,312.09,4184824,0,1.2129074104102244,308.796,306.673,303.18100000000004,303.88885311626933,312.26325545833924,294.09874454166084,0.7077793806012823,70.91327705295473,3275718.9,1.1667855059311485,1.0981535471331343,5.087884706040802,0.0120561063134114
2011-01-18,313.35,321.0,312.64,319.82,7236378,0,2.4768496267102424,311.34000000000003,308.437,304.402,305.4061052004342,315.43601935642204,293.36798064357794,0.8691811957881345,81.7529631940113,3414901.1,2.6740020470829116,2.0647837880963684,5.837580250181995,0.0244667297803824
2011-01-19,321.06,321.48,314.83,315.88,6819152,0,-1.231942967919453,312.916,309.919,305.3195,306.403618990869,316.9813541001262,293.6576458998738,1.0050598570408231,71.99656750572086,3558668.5,2.112251056125539,-1.6134055939699767,4.922606789344308,-0.0123959429019157
2011-01-20,316.1,317.04,311.64,313.38,10949042,0,-0.7914397872609835,313.904,310.803,305.91150000000005,307.06803622983387,317.9611538932604,293.8618461067397,1.0485933283932911,69.1673536685903,3917971.8,1.7327685791297762,-0.8604871875988697,2.9027385565114416,-0.0079458829531178
2011-01-21,319.79,320.86,305.68,305.92,16072962,0,-2.3804965217946172,313.418,310.71999999999997,306.07050000000004,306.95869944604016,318.0275133130485,294.1134866869516,1.3284043155256875,60.79710144927538,4600869.4,4.965977492802933,-4.337221301479096,-0.2705786471067561,-0.0240928818132258
2011-01-24,303.76,306.24,300.62,305.54,9191766,0,-0.1242154811715412,312.108,310.452,306.24150000000003,306.82358521308396,318.0576215027782,294.42537849722186,1.3169060048598678,54.59267359212688,4949338.5,1.8694697624908536,0.5859889386357748,-0.8695087924210032,-0.0012429269254596
2011-01-25,304.1,310.35,303.26,309.96,7294288,0,1.446619100608748,310.136,310.738,306.68,307.12229138326643,318.356899372152,295.003100627848,1.3955885959722794,61.15847542627884,5193240.1,2.337927850689188,1.9269976981256025,0.9312927385216384,0.0143625539581725
2011-01-26,310.17,311.24,307.64,308.25,4081938,0,-0.551684088269444,308.61,310.76300000000003,307.1195,307.22969220390775,318.3034706252906,295.93552937470946,1.4082141731790914,54.86748884807136,5290862.4,1.1701989338187566,-0.6190153786633188,0.0811688311688207,-0.0055321148512956
2011-01-27,308.94,309.85,306.62,308.4,4038854,0,0.0486618004866157,307.61400000000003,310.759,307.5145,307.3411500892499,318.26366980882426,296.76533019117574,1.4075938799545276,52.28848821081829,5390833.3,1.0534211727871692,-0.1747912215964331,-0.0129684865776247,0.0004864996447207
2011-01-28,309.54,310.18,299.88,300.5,7734144,0,-2.5616083009079027,306.53000000000003,309.97400000000005,307.568,306.6896119855118,318.1572092046073,296.9787907953927,1.6258359941396872,40.91337099811668,5678592.6,3.4347072162198256,-2.9204626219551657,-2.5458083346846183,-0.025949887713912
2011-01-31,301.8,302.24,297.77,300.18,5618938,0,-0.1064891846921822,305.45799999999997,308.783,307.728,306.0696489392726,317.7236697993098,297.7323302006902,1.545891299351546,41.69865642994236,5826121.2,1.5011586123518246,-0.5367793240556675,-3.8162068634047808,-0.0010654592470936
2011-02-01,302.24,306.68,301.56,305.52,5485094,0,1.7789326404157313,304.57,307.35299999999995,307.895,306.01730142124666,317.6079961771244,298.1820038228756,1.4127237762557805,47.31136166522113,5863964.2,1.6978379095370757,1.085230280571722,-4.47126508661122,0.0176329481890919
2011-02-02,305.5,307.17,303.76,306.0,3521310,0,0.157109190887672,304.12,306.365,308.142,306.01565366684224,317.36188149255906,298.9221185074409,1.3951893394023334,47.35701906412477,5857579.8,1.122596786937064,0.1636661211129296,-3.1277700392554175,0.00156985903512
2011-02-03,304.74,305.73,303.06,305.08,2994948,0,-0.3006535947712496,303.45599999999996,305.53499999999997,308.169,305.9265437938096,317.34753766589216,298.9904623341078,1.3849061354073966,46.52053628431575,5755330.0,0.8810136606612604,0.1115705191310543,-2.6485417065543415,-0.003011064656343
2011-02-04,305.08,305.72,303.3,305.49,2698018,0,0.1343909794152331,304.454,305.492,308.10600000000005,305.88496819439916,317.3426601391579,298.8693398608422,1.1683393579587258,42.44159413650941,5684457.6,0.7978898780085776,0.1343909794152435,-0.1405596234309691,0.0013430075556459
2011-02-07,305.08,309.2,304.6,307.14,3603616,0,0.540115879406855,305.846,305.652,308.052,306.0044950330278,317.29847665472136,298.8055233452787,1.179821164256247,33.129324108568326,5675075.2,1.5101772816808816,0.6752327258424028,0.5236630228447892,0.0053866248458631
2011-02-08,307.46,309.82,307.26,309.19,3389942,0,0.6674480692843598,306.58000000000004,305.575,308.1565,306.30787645845373,317.40491556842613,298.90808443157385,1.1010649211446362,40.627626786214606,5686524.3,0.8331706046996037,0.5626748194887199,-0.2484191508581701,0.0066523049662014
2011-02-09,308.37,309.73,306.17,308.25,3683298,0,-0.3040201817652521,307.03000000000003,305.575,308.169,306.49284060526765,317.4172007353915,298.9207992646085,1.0904959695361731,42.48461763844123,5726590.1,1.1627527190776372,-0.0389142912734716,0.0,-0.0030448326192946
2011-02-10,306.95,308.75,305.78,308.22,4672234,0,-0.0097323600973142,307.658,305.55699999999996,308.158,306.65733197619454,317.4053668513908,298.91063314860924,1.0903948437292972,54.30711610486896,5796932.0,0.9712865458826698,0.4137481674539953,-0.0583657587548525,-9.732833722209752e-05
2011-02-11,306.9,312.5,306.5,312.25,4869498,0,1.307507624424109,309.01000000000005,306.73199999999997,308.35299999999995,307.18996702608075,317.7801457978927,298.9258542021072,0.6956107666655436,61.05436573311369,5907012.2,1.957585644371941,1.7432388400130412,3.91014975041597,0.0129903352984555
2011-02-14,311.67,314.82,310.02,314.08,4263258,0,0.5860688550840543,310.398,308.122,308.4525,307.84616064264446,318.08548035533687,298.8195196446631,0.6752570642635198,57.420749279538946,5910933.9,1.5482872072769538,0.77325376199184,4.630555000333136,0.0058435815224637
2011-02-15,313.66,315.04,311.55,312.08,4183828,0,-0.6367804381049447,310.976,308.778,308.0655,308.2493834385831,316.2953084009156,299.8356915990844,0.573762589208925,56.82709447415329,5758306.4,1.1202054244904538,-0.5037301536695915,2.147158942131444,-0.0063881653297498
2011-02-16,312.79,313.25,311.05,312.11,3373926,0,0.0096129197641792,311.748,309.389,307.877,308.6170612063371,315.5037841053399,300.25021589466013,0.5772767939024428,56.64160401002514,5586045.1,0.7072817874939683,-0.2173982544199005,1.996732026143788,9.612457752655549e-05
2011-02-17,310.52,313.62,310.14,312.63,2957406,0,0.1666079266924969,312.63,310.144,307.8395,308.9992458533526,315.3589777954178,300.3200222045822,0.5505985438695867,79.51338199513387,5186463.3,1.122073902108731,0.6795053458714458,2.4747607185000797,0.0016646928965181
2011-02-18,313.0,315.59,312.09,315.04,5423978,0,0.7708793142052972,313.188,311.099,308.2955,309.57455577208094,316.40762341596087,300.18337658403914,0.5725967728811667,82.81802120141347,4654014.1,1.1214713704380148,0.6517571884984091,3.126125241415445,0.0076792322183696
2011-02-22,310.15,312.46,303.88,305.1,7283132,0,-3.1551549009649515,311.392,310.895,308.27349999999996,309.14840760331134,316.4194044278311,300.1275955721688,1.2264651978280354,49.22907488986791,4558582.4,2.8234829537975465,-1.6282443978719827,-0.6641922250439469,-0.0320600231681914
2011-02-23,305.12,307.35,302.0,305.66,5783756,0,0.1835463782366542,310.10800000000006,310.54200000000003,308.0585,308.81617830775787,316.2438714830654,299.87312851693457,1.2039244084163323,49.3777452415813,4483055.8,1.7715231788079544,0.1769795490298966,-1.14169281024612,0.0018337813770664
2011-02-24,305.7,306.54,300.68,304.41,5423754,0,-0.4089511221618824,308.56800000000004,310.158,307.8665,308.3965422784476,316.21154649793056,299.5214535020694,1.206276258426505,48.78842676311038,4550146.6,1.9489157908740231,-0.4219823356231481,-1.2457420924574136,-0.0040978961405891
2011-02-25,305.75,307.36,304.75,305.02,3864760,0,0.2003876350973765,307.046,309.838,307.6975,308.0749668233574,316.13346030785954,299.26153969214045,1.2102077069247996,49.15619389587068,4541441.9,0.8564397046759684,-0.2387571545380272,-1.0382194536370235,0.0020018712689362
2011-02-28,304.98,308.24,304.0,306.7,4567436,0,0.5507835551767037,305.37800000000004,309.283,308.0075,307.94401760208524,315.757607299766,300.257392700234,1.1338328884189153,49.21090387374463,4383106.5,1.3947368421052662,0.5639714079611681,-1.7774219375500389,0.005492722892168
2011-03-01,308.89,309.61,299.65,300.38,6641320,0,-2.060645582001952,304.434,307.91299999999995,308.0175,307.2236349733152,315.7254832163251,300.3095167836749,1.240748689369469,36.29860031104195,4434225.6,3.3238778575004297,-2.7550260610573316,-4.361946001018846,-0.0208217313427711
2011-03-02,300.04,303.0,297.6,300.4,4053270,0,0.0066582329049769,303.38199999999995,306.745,307.7615,306.5737649758566,316.1304885573871,299.39251144261294,1.2459661568640084,37.431956452129285,4362634.4,1.8145161290322505,0.1199840021330345,-3.7426300948474767,6.658011254488444e-05
2011-03-03,303.19,305.74,302.5,304.78,3898270,0,1.4580559254327552,303.456,306.01200000000006,307.70050000000003,306.4029302162512,316.1410274841398,299.2599725158603,1.373166551374992,45.16582349634617,4381482.4,1.0710743801652922,0.5244236287476417,-2.3485309666463894,0.0144752849717349
2011-03-04,304.17,304.49,300.1,300.31,6022224,0,-1.4666316687446557,302.51399999999995,304.78000000000003,307.462,305.8226511480368,316.4651189917128,298.45888100828716,1.4173317937837389,33.425874514158764,4532846.2,1.462845718093964,-1.2690271887431417,-3.940760643572272,-0.0147749303935637
2011-03-07,301.47,301.85,293.5,295.83,6921476,0,-1.491791815124377,300.34000000000003,302.85900000000004,306.97900000000004,304.870970086319,317.3587939336606,296.5992060663395,1.3914127582441311,26.402896302042905,4744019.1,2.844974446337316,-1.870832918698392,-6.097638395124438,-0.0150303094558034
2011-03-08,296.46,298.99,295.1,296.15,4573990,0,0.1081702329040368,299.49399999999997,301.964,306.4295,304.0404015066696,317.8816236366653,294.9773763633347,1.07764905947724,28.467153284671497,4792537.8,1.318197221280917,-0.1045672266073002,-2.9334644378892327,0.0010811177106267
2011-03-09,295.5,297.26,292.88,295.88,4301982,0,-0.0911700151949967,298.59000000000003,300.986,305.764,303.2632204107963,318.0567593579137,293.47124064208634,1.0676332024601285,28.20306204673642,4838139.8,1.4954930346899735,0.1285956006768174,-3.199633579794547,-0.0009121160033072
2011-03-10,292.72,293.31,289.73,290.15,6257022,0,-1.9365959172637617,295.664,299.56,304.859,302.0143422764347,318.91915632165836,290.7988436783416,1.1847246564544869,23.515551366635194,4966826.0,1.2356331757153156,-0.8779721235310364,-4.684471600801565,-0.0195559360830496
2011-03-11,289.11,290.0,286.67,288.36,6064002,0,-0.6169222815784803,293.274,297.894,303.86600000000004,300.7139287262981,319.6288322328191,288.103167767181,1.16111996037314,18.101386896221797,5036414.4,1.1616143998325543,-0.2594168309639929,-5.461936922169031,-0.0061883311002392
2011-03-14,286.4,289.14,284.01,285.0,5627938,0,-1.1652101539742057,291.108,295.724,302.50350000000003,299.21736408569825,319.8466257730246,285.1603742269755,1.105156253899509,21.481271282633244,5074336.4,1.8062744269567956,-0.4888268156424502,-7.075317900228228,-0.0117205192677273
2011-03-15,278.57,285.5,277.75,284.78,8015962,0,-0.0771929824561534,288.834,294.164,301.0385,297.8423770299175,319.19516706604963,282.88183293395036,1.0130834442400607,20.08595988538669,5261971.6,2.7902790279027903,2.2292422012420503,-5.193421665889886,-0.0007722279158021
2011-03-16,284.0,284.9,275.64,278.55,7601424,0,-2.1876536273614633,285.368,291.979,299.362,296.005007788973,319.3278208999914,279.3961791000086,1.1169087841475938,17.577733199598683,5432851.4,3.359454360760409,-1.9190140845070385,-7.273635153129154,-0.0221193758860239
2011-03-17,282.24,284.5,280.27,280.68,5799188,0,0.7646742057081379,283.47400000000005,289.56899999999996,297.79049999999995,294.5454832376422,318.466572593574,277.1144274064259,0.9776730064652754,20.603864734299492,5554114.5,1.5092589288900056,-0.5527210884353749,-7.90734300150927,0.0076176539172635
2011-03-18,282.32,284.0,279.87,280.53,6604700,0,-0.0534416417272476,281.908,287.591,296.1855,293.2106753102477,316.99449853428825,275.3765014657117,0.975315061661182,17.180837722598383,5736479.2,1.475685139529065,-0.6340323037687803,-6.586527255169672,-0.000534559268623
2011-03-21,284.67,289.9,284.51,288.25,6043514,0,2.7519338395180615,282.558,286.83299999999997,294.846,292.7382300426051,313.9215466500967,275.77045334990333,1.407698225498282,35.30409498425006,5767456.0,1.8944852553513012,1.2575965152632815,-2.5622823919142723,0.0271474880337033
2011-03-22,288.75,289.62,286.26,288.66,3774370,0,0.1422376409367043,283.334,286.08399999999995,294.024,292.34982718140463,312.65064576974595,275.39735423025405,1.4087031175955491,35.90974555928955,5592017.9,1.1737581219870097,-0.0311688311688225,-2.529123754853946,0.0014213657902491
2011-03-23,287.6,291.23,286.0,291.08,3632328,0,0.8383565440310159,285.84000000000003,285.604,293.29499999999996,292.2288912593661,311.12851959240373,275.4614804075962,1.450179744369018,32.745591939546614,5484446.5,1.828671328671335,1.210013908205828,-1.6222793024199045,0.0083486185394681
2011-03-24,292.82,294.2,289.4,293.44,4195956,0,0.8107736704686008,288.392,285.933,292.74649999999997,292.34423494895026,309.79827413211444,275.6947258678855,1.3302224412177843,40.861931364724654,5423056.6,1.6586040082930242,0.2117341711631735,1.1338962605548897,0.0080750455892143
2011-03-25,293.04,293.46,289.62,289.87,5716156,0,-1.2166030534351169,290.26,286.084,291.989,292.10859352524074,308.06306266400424,275.9149373359957,1.3797674281433103,41.87568157033809,5515626.4,1.3258752848560096,-1.0817635817635871,0.5236509918157717,-0.0122406424553108
2011-03-28,291.04,292.5,287.36,287.68,4433140,0,-0.7555110911788065,290.146,286.352,291.038,291.68682271331306,305.62963076633565,276.44636923366437,1.344962257125863,39.01426718547346,5508911.6,1.7886971046770554,-1.1544804837823026,0.9403508771929748,-0.0075837953295337
2011-03-29,288.0,290.94,286.5,290.86,3210276,0,1.1053948832035587,290.586,286.96000000000004,290.562,291.60807769299754,304.475845584431,276.648154415569,1.3790385107563108,43.94597202122531,5337359.4,1.5497382198952872,0.9930555555555602,2.1349813891425207,0.0109933004663086
2011-03-30,292.45,292.75,290.29,290.92,2844450,0,0.0206284810561729,290.554,288.197,290.08799999999997,291.54254648414064,303.2143104207991,276.9616895792008,1.0990377449465765,51.075719474713665,5276918.4,0.847428433635323,-0.5231663532227638,4.4408544246993475,0.0002062635367757
2011-03-31,291.85,294.08,290.87,293.38,3792418,0,0.8455932902516006,290.54200000000003,289.467,289.518,291.71754205707964,300.8215580797898,278.21444192021016,1.101980884239551,56.884256719692786,5271625.8,1.1035857943411074,0.5242419050882209,4.524725666239138,0.0084203817732766
2011-04-01,294.51,297.6,294.38,295.9,5226332,0,0.8589542572772446,291.748,291.004,289.2975,292.1158713849768,299.8625842525359,278.73241574746413,1.0935031069451773,65.30039303761929,5231831.2,1.093824308716634,0.4719703914977374,5.478914911061206,0.0085528623465471
2011-04-04,296.38,297.37,291.55,293.84,4109434,0,-0.6961811422777964,292.97999999999996,291.563,289.198,292.28007411021713,299.5391545726171,278.85684542738284,0.8306287373202996,62.092899092365194,5091229.1,1.9962270622534704,-0.8570078952695933,1.939288811795303,-0.006986157894752
2011-04-05,290.54,290.74,282.84,284.54,12095600,0,-3.1649877484345112,291.716,291.151,288.6175,291.54292419495835,298.61317880320627,278.62182119679375,1.3500973907660427,57.38958795953616,5467309.6,2.7930985716306163,-2.0651201211537136,-1.4272846947966489,-0.0321615602883908
2011-04-06,286.11,287.58,284.0,287.09,5336570,0,0.8961833134181418,290.95,290.752,288.178,291.11883617639086,297.58478053321244,278.77121946678756,1.3548468456931997,57.826617826617806,5519039.0,1.260563380281685,0.3425256020411594,-1.3707571801566565,0.0089219142280676
2011-04-07,287.86,290.32,287.1,290.0,5062954,0,1.0136194224807715,290.274,290.408,288.1705,291.0122803500679,297.5708974720011,278.7701025279989,1.3719010821039834,60.832761381834864,5459335.6,1.1215604319052492,0.7434169387896846,-1.1723009814612828,0.0100851675294312
2011-04-08,292.44,292.44,289.03,289.08,3805162,0,-0.3172413793103512,288.90999999999997,290.329,288.20649999999995,290.8282536500614,297.61546386711393,278.79753613288597,1.3197319313675473,51.124356542942266,5346393.6,1.1798083243954005,-1.1489536315141613,-0.2725359643978353,-0.0031774565657394
2011-04-11,288.1,289.05,286.5,288.68,3716764,0,-0.1383700013836919,287.87800000000004,290.429,288.3905,290.62365806434127,297.6785941901035,279.1024058098964,1.295693015825315,50.02710027100269,5250834.9,0.8900523560209465,0.2013189864630281,0.347608453837589,-0.0013846582107077
2011-04-12,287.5,288.46,284.02,285.3,4165036,0,-1.1708466121657213,288.03,289.87299999999993,288.4165,290.1166430105945,297.66486548859046,279.1681345114095,1.2881114553338535,42.366613840464886,5058288.6,1.5632701922399823,-0.7652173913043439,-1.9115725778725112,-0.0117775499846181
2011-04-13,287.76,288.8,285.88,288.14,4140824,0,0.995443392919726,288.23999999999995,289.59499999999997,288.896,289.9283912952998,296.9013729325684,280.89062706743164,1.3412155969651394,43.08815858111629,4885258.6,1.0214075836015166,0.1320544898526534,-0.955589165406312,0.0099052149138725
2011-04-14,287.81,289.73,286.05,289.26,10880068,0,0.3886999375303679,288.092,289.183,289.325,289.8647349814617,296.33412938508536,282.3158706149146,1.313379979788735,49.15018110894397,5139302.6,1.2864883761580166,0.5038045933080812,-1.4043220396755096,0.003879464512259
2011-04-15,272.56,272.88,265.03,265.35,28092590,0,-8.265919933623723,283.346,286.128,288.566,287.5299983165606,300.8716211374709,276.260378862529,2.835296523529438,30.619684082624502,6213697.1,2.9619288382447357,-2.6452891106545273,-10.324433930381872,-0.0862762283716818
2011-04-18,263.21,263.83,259.5,263.42,10079812,0,-0.7273412474090857,278.294,283.08599999999996,287.3245,285.23380800069765,303.99896516147,270.65003483853,2.834886494834233,25.656493967352674,6415512.0,1.6685934489402636,0.0797842027278737,-10.35257282875033,-0.0072999927030035
2011-04-19,264.98,265.44,260.45,260.76,5370590,0,-1.0097942449320607,273.386,280.70799999999997,285.9295,282.90296914348835,306.37531076638345,265.4836892336166,2.736364334531527,24.42333785617359,6495323.0,1.915914762910351,-1.592573024379209,-8.357348703170043,-0.010149272514562
2011-04-20,262.95,263.41,260.7,262.86,6060800,0,0.8053382420616817,268.33,278.285,284.5185,280.9941149393466,307.23646810317473,261.8005318968253,2.73012736311896,23.959044368600654,6616746.6,1.0395090141925725,-0.0342270393610857,-8.439862064161051,0.0080211269975236
2011-04-21,263.74,264.14,261.2,262.55,4918432,0,-0.1179335007228221,262.988,275.54,282.97400000000005,279.23753256417075,307.2826126387557,258.66538736124437,2.667371057442934,20.429154105337815,6652870.4,1.1255742725880542,-0.4512019413058306,-9.465517241379306,-0.0011800309699938
2011-04-25,262.69,263.5,261.0,262.52,3262066,0,-0.0114263949724024,262.422,272.88399999999996,281.6065,277.6453866056783,307.3183701033306,255.89462989666936,2.677240395478361,21.19205298013243,6530165.9,0.9578544061302682,-0.0647150633827004,-9.18776809187768,-0.0001142704783464
2011-04-26,263.26,268.72,262.6,266.41,7070606,0,1.4817918634770777,263.02,270.65700000000004,280.543,276.57534978608993,306.9473529904091,254.13864700959093,2.777301045505617,31.481103166496453,6662039.2,2.330540746382332,1.19653574413129,-7.714424276014952,0.0147092058937339
2011-04-27,268.94,269.06,267.18,268.88,4596946,0,0.9271423745354834,264.644,269.015,279.444,275.8424593302718,305.8699875282292,253.0180124717708,2.821968006234994,31.368937998772296,6731372.7,0.7036454824462891,-0.0223098088793047,-5.755345250613397,0.0092287079175942
2011-04-28,269.03,269.62,267.04,268.98,4068398,0,0.0371913121095079,265.86800000000005,267.099,278.34700000000004,275.18889177500785,304.58802621549177,252.10597378450828,2.7794801369386133,27.181936604429055,6792570.1,0.9661473936488856,-0.0185852878860924,-6.649545359894482,0.000371843978553
2011-04-29,270.0,272.05,269.26,272.05,8455634,0,1.14134879916723,267.768,265.37800000000004,277.2805,274.88994970119757,302.6689436827388,251.8920563172612,2.8205950327267693,32.337689276083836,7025730.9,1.0361732154794698,0.7592592592592635,-5.949664661550158,0.0113488455365312
2011-05-02,272.64,272.86,268.56,269.28,4267944,0,-1.0181951847087034,269.12,265.771,275.9495,274.355668777274,299.98286757181825,251.91613242818173,0.905535868407276,30.822459470146313,6977811.5,1.6011319630622622,-1.232394366197188,1.481062747314854,-0.0102341424894385
2011-05-03,268.56,271.0,264.82,266.94,4154602,0,-0.8689839572192382,269.226,266.123,274.60450000000003,273.6494146080098,297.40123889420477,251.8077611057953,0.9217604738659716,31.469519580137273,6980069.9,2.333660599652597,-0.6032171581769454,1.336269076000307,-0.0087278163964903
2011-05-04,267.58,269.5,266.51,267.9,4232600,0,0.3596313778376991,269.03,266.837,273.7725,273.1018513120089,296.25489252580184,251.2901074741981,0.8296345006582619,28.76626101552668,6586919.9,1.1219091216089487,0.1195904028701671,2.7381500230096556,0.0035898625045574
2011-05-05,266.74,269.71,265.75,267.14,3988778,0,-0.2836879432624117,268.662,267.265,272.775,272.53405594896043,294.52796471022356,251.0220352897764,0.8235321235144578,26.617336152219902,6519530.3,1.4901222953903968,0.1499587613406227,1.6282431712698608,-0.0028409110016037
2011-05-06,269.08,270.73,267.59,267.65,4112372,0,0.1909111327393908,267.782,267.775,271.6575,272.0689077633451,291.930626495308,251.38437350469204,0.8175247697806007,54.81171548117143,6472001.2,1.1734369744758937,-0.5314404638025891,1.9424871453056491,0.001907291290431
2011-05-09,267.67,269.24,265.55,268.84,3897238,0,0.4446104987857247,267.69399999999996,268.40700000000004,270.64549999999997,271.76139273826465,289.2049934992146,252.08600650078537,0.8174143045875375,61.7012089810016,6476605.0,1.389568819431368,0.4371053909664733,2.4074356239524475,0.0044362502623747
2011-05-10,270.0,272.21,268.77,271.33,4082710,0,0.9262014581163492,268.572,268.899,269.778,271.7203077155728,286.29806448311683,253.2579355168832,0.7388248496534618,72.98825576337529,6494902.3,1.2799047512743231,0.4925925925925866,1.8467775233662165,0.009219385144919
2011-05-11,270.07,271.77,266.85,267.73,4670852,0,-1.3267976265064596,268.538,268.784,268.8995,271.34027840932777,283.72594220374776,254.0730577962522,0.8261203124170007,59.94283380971826,6520193.1,1.8437324339516428,-0.866442033546849,-0.427700089259142,-0.0133567822540366
2011-05-12,267.62,268.47,265.46,267.52,2892942,0,-0.0784372315392523,268.614,268.63800000000003,267.86850000000004,270.97644237034416,279.6078450458399,256.1291549541602,0.8257324310130412,60.18860188601879,6457799.0,1.133880810668292,-0.037366415066147,-0.5427912855974548,-0.0007846800963108
2011-05-13,267.33,267.96,264.52,264.77,4208550,0,-1.0279605263157854,268.038,267.90999999999997,266.644,270.38535262078756,272.74187676594505,260.54612323405496,0.7599121139694184,54.14976023607525,6124223.1,1.3004687736277023,-0.957617925410542,-2.6759786803896457,-0.0103328053029856
2011-05-16,263.15,263.64,258.2,259.21,5916308,0,-2.0999357933300655,266.11199999999997,266.90299999999996,266.337,269.3210333235697,273.27020644283493,259.40379355716505,0.9352831762950408,37.49131341209165,5015409.0,2.106893880712625,-1.4972449173475195,-3.739601901366607,-0.0212229806125165
2011-05-17,257.52,265.61,257.52,265.23,6608948,0,2.322441263840136,264.892,266.732,266.42749999999995,268.9314111022773,273.24670160475813,259.6082983952418,1.242562926578977,44.35508815341792,4841865.8,3.141503572538068,2.9939422180801634,-0.6405933917734252,0.0229588301049881
2011-05-18,264.77,265.17,262.85,264.9,3908586,0,-0.1244203144440847,264.32599999999996,266.43199999999996,266.6345,268.5474671877747,272.9630135030207,260.3059864969793,1.2339144636716792,43.73464373464369,4768765.6,0.8826326802358733,0.0490992181893701,-1.1198208286674172,-0.0012449778077988
2011-05-19,266.44,268.27,264.86,265.62,4938672,0,0.2718006795016991,263.946,266.28000000000003,266.7725,268.26866078893903,272.870633881945,260.67436611805493,1.2375101691357262,39.35782853359817,4712659.2,1.2874726270482395,-0.3077615973577515,-0.5689900426742445,0.0027143196940806
2011-05-20,265.9,265.93,261.56,262.02,3755860,0,-1.3553196295459813,263.396,265.717,266.746,267.6735502376115,272.92545799020047,260.5665420097995,1.2991078291751117,38.30541237113406,4654530.6,1.6707447621960565,-1.459195186160209,-2.103493368204745,-0.0136458792465802
2011-05-23,258.3,260.0,256.7,259.2,4505276,0,-1.0762537210899925,263.39399999999995,264.753,266.58000000000004,266.86654545307704,273.38424016408504,259.77575983591504,1.3036521671924608,37.722081218274134,4716691.1,1.285547331515392,0.3484320557491201,-3.585775926201451,-0.0108208722474049
2011-05-24,260.22,261.98,259.08,259.13,3777076,0,-0.0270061728395054,262.174,263.533,266.216,266.12973160040303,273.793496878745,258.63850312125504,1.2323086551650224,35.68396996408758,4552014.6,1.119345375945667,-0.4188763354085126,-4.496369734271921,-0.0002700982016304
2011-05-25,258.92,261.38,258.62,259.83,2603134,0,0.27013468143402,261.15999999999997,262.743,265.7635,265.5297571622694,273.7414519202692,257.78554807973086,1.2096396740643,38.043833824010505,4452324.0,1.0672028458742522,0.3514599103970215,-2.950733948380846,0.0026977047345738
2011-05-26,258.85,261.06,257.5,259.06,4237418,0,-0.2963476119000829,259.84799999999996,261.897,265.2675,264.91358981348185,273.6277741707762,256.90722582922376,1.2073155987940605,36.068764190723414,4460775.0,1.382524271844661,0.0811280664477417,-3.1623803827751096,-0.0029678759089531
2011-05-27,259.24,260.9,258.15,260.45,3492006,0,0.5365552381687566,259.534,261.465,264.68749999999994,264.48848602172166,272.66741392909785,256.70758607090204,1.205926538979859,36.48082500805678,4212593.6,1.065272128607399,0.4667489584940516,-1.631604789062202,0.0053512090890905
2011-05-31,262.61,264.52,261.75,264.51,5374620,0,1.558840468420053,260.596,261.995,264.44899999999996,264.49053497203386,272.13053191958477,256.76746808041514,1.1017604683103572,39.53987730061353,4267927.4,1.058261700095504,0.7235063402002884,2.044674202384167,0.0154681535758449
2011-06-01,264.02,266.6,262.65,262.8,5904560,0,-0.6464783940115626,261.33,261.752,264.242,264.329531641364,271.86378760631726,256.6202123936828,0.8368565871921649,41.97329859980464,4355425.3,1.5039025318865584,-0.4620862055904744,-0.916185951815407,-0.0064857711565898
2011-06-02,263.79,265.15,261.24,264.03,4408844,0,0.468036529680349,262.16999999999996,261.66499999999996,264.0485,264.30100481837695,271.4732162625227,256.62378373747725,0.8548370057264633,44.50047273873305,4364237.5,1.496708007962015,0.090981462526992,-0.3284258210645596,0.0046694464433744
2011-06-03,261.0,263.8,260.75,261.54,3471724,0,-0.9430746506078668,262.666,261.25699999999995,263.7685,264.03805197853154,271.12438064068624,256.4126193593138,0.892730449649848,44.86812837623139,4338384.8,1.1697027804410398,0.2068965517241457,-1.536028913485421,-0.0094754975754736
2011-06-06,261.77,263.41,259.62,260.53,3884176,0,-0.3861741989753198,262.68199999999996,261.108,263.4125,263.70395179009995,270.6658806999888,256.15911930001124,0.7946965015077486,52.45170876671619,4326975.0,1.4598258993914262,-0.473698284753795,-0.5686588810014492,-0.0038692177679083
2011-06-07,261.35,262.32,259.5,259.52,3815018,0,-0.38767128545657,261.684,261.14,262.94649999999996,263.3054801910428,269.9239894444486,255.96901055555136,0.7228835394555445,36.96942035600172,4322864.0,1.0867052023121362,-0.7002104457624032,0.123456790123444,-0.0038842467833999
2011-06-08,258.27,260.62,257.89,259.58,3304324,0,0.0231196054254034,261.04,261.185,262.359,262.95067255380064,268.25998261220093,256.45801738779903,0.7227361274047821,37.70794824399259,4283944.7,1.0585908720772494,0.507221125179077,0.1736580094932938,0.0002311693325648
2011-06-09,260.0,260.0,257.82,258.36,3378172,0,-0.4699899838200072,259.906,261.038,261.8905,262.51346564391486,267.4753874087528,256.30561259124715,0.732076124028799,33.60433604336036,4219310.7,0.845551159723841,-0.6307692307692255,-0.5657545318092483,-0.0047109790953408
2011-06-10,257.04,258.35,254.64,254.76,4858400,0,-1.3934045517882132,258.54999999999995,260.608,261.25249999999994,261.7750403444944,267.0412181564455,255.4637818435544,0.8457501068945512,33.60433604336036,4317583.6,1.45695884385801,-0.8870214752567808,-1.6598471396587655,-0.014032035661107
2011-06-13,255.0,255.1,251.08,252.36,4854416,0,-0.9420631182289084,256.916,259.79900000000004,260.632,260.87836983549494,267.4092424139076,253.8547575860924,0.8388842592861929,34.25414364640879,4349876.9,1.6010833200573449,-1.0352941176470536,-3.106162411211355,-0.0094652860005561
2011-06-14,254.08,257.04,253.5,254.18,4682922,0,0.7211919480107687,255.84799999999996,258.76599999999996,260.3805,260.2404298511621,267.72916253495544,253.03183746504453,0.6524320566939387,39.45462292288023,4288207.6,1.39644970414202,0.0393576826196451,-3.905334391894444,0.0071860379513155
2011-06-15,252.52,254.18,250.3,251.48,4145378,0,-1.062239357935324,254.228,257.63399999999996,259.693,259.40610319867045,267.6766888980645,251.7093111019354,0.6827353802382065,33.60816647035722,4165029.1,1.5501398322013564,-0.4118485664501902,-4.307458143074594,-0.010679213939064
2011-06-16,251.4,253.28,248.34,250.18,5514032,0,-0.5169397168760859,252.592,256.249,258.957,258.527426703559,267.60584561813556,250.30815438186443,0.6041507186624304,32.92307692307685,4245301.4,1.9892083434001764,-0.4852824184566423,-5.245616028481603,-0.0051828047282649
2011-06-17,253.09,253.34,242.4,242.51,10405978,0,-3.065792629306907,250.142,254.346,257.8015,257.00195749369624,268.6080930655428,246.99490693445716,1.003864760593473,22.2118959107806,4518666.7,4.513201320132012,-4.180331107511167,-7.276133669801954,-0.0311377121458818
2011-06-20,242.5,243.12,239.62,242.29,6057278,0,-0.0907179085398501,248.128,252.522,256.815,255.6008186847728,269.4479885616994,244.1820114383006,1.0199166820144203,10.935302390998473,4633737.6,1.4606460228695437,-0.0865979381443331,-7.0011131155721,-0.000907590821376
2011-06-21,243.6,246.97,242.36,246.5,5530714,0,1.7375871889058647,246.592,251.21999999999997,256.17999999999995,254.73407404812775,269.56270997652626,242.79729002347364,1.2837923454446891,23.658694246929485,4685009.5,1.9021290642020072,1.190476190476193,-5.016954377311955,0.0172266376634073
2011-06-22,245.72,246.18,243.36,243.5,4815744,0,-1.2170385395537495,244.996,249.612,255.39849999999996,253.66416223402035,269.83949030720044,240.95750969279945,1.2869041443716855,18.618159584225022,4736942.9,1.158777120315579,-0.9034673612241572,-6.194622081824475,-0.0122450509601002
2011-06-23,241.01,241.43,236.86,240.11,9604604,0,-1.3921971252566667,242.98200000000003,247.787,254.4125,252.37328964030417,270.2087792087925,238.61622079120744,1.3070537087197205,18.11960725974413,5087016.4,1.929409777927887,-0.3734284884444535,-7.063786963926299,-0.014019790849959
2011-06-24,240.36,240.38,236.51,237.44,7606402,0,-1.11199033776187,241.968,246.055,253.3315,250.9510715793228,270.6722148216659,235.99078517833416,1.2939596594496905,17.266798979302536,5255465.6,1.6362944484377002,-1.2148444000665737,-6.798555503218717,-0.0111821916936698
2011-06-27,237.0,244.2,236.8,241.4,6889266,0,1.6677897574123968,241.79,244.959,252.379,250.04144571462535,270.1605361363535,234.59746386364645,1.4871475653603137,26.295133437990614,5425328.6,3.1249999999999902,1.856540084388188,-4.343002060548429,0.0165403486844154
2011-06-28,242.48,248.1,242.01,246.82,5433728,0,2.245236122618066,241.854,244.223,251.4945,249.73464136085153,268.4772398136747,234.5117601863253,1.6836829744157065,35.36025699862323,5428284.0,2.516424941118137,1.7898383371824496,-2.8955858053348105,0.0222040173616063
2011-06-29,247.98,250.12,246.19,248.78,4685840,0,0.7941009642654651,242.91000000000005,243.95300000000003,250.7935,249.64372313600853,266.9486038374881,234.63839616251184,1.6902540797942391,39.192238267148014,5367348.0,1.5963280393192276,0.3226066618275713,-1.073644027358034,0.0079096457567811
2011-06-30,251.0,253.34,250.75,253.19,4856640,0,1.7726505346088883,245.526,244.254,250.2515,249.981463789722,265.2206124442448,235.28238755575515,1.779465445103544,48.26058054509197,5389737.8,1.0329012961116664,0.8725099601593617,1.203133743704532,0.0175712232375012
2011-07-01,253.37,260.59,253.19,260.52,7273284,0,2.8950590465658177,250.142,246.055,250.2005,250.98513390498655,265.0138147433056,235.3871852566944,1.575172576275298,58.15021973631639,5579815.8,2.922706268020055,2.8219599794766457,7.426497876376237,0.0285394386588808
2011-07-05,262.65,267.7,262.65,266.22,7699102,0,2.1879318286504024,255.106,248.448,250.485,252.4360735330831,266.3171451816441,234.65285481835588,1.6077265542587542,61.16054875787913,5770562.1,1.9227108319055823,1.359223300970893,9.876594164018336,0.0216434009406724
2011-07-06,266.75,269.26,266.52,267.68,5391162,0,0.5484186011569303,259.278,250.56599999999997,250.89299999999997,253.88787605374185,268.06903851146683,233.7169614885331,1.5875013055171792,65.37001897533207,5849369.3,1.0280654359897978,0.34864104967198,8.592292089249497,0.0054692026196406
2011-07-07,270.5,275.34,267.94,273.3,7195636,0,2.0995218170950514,264.182,253.546,251.579,255.73664976290928,271.14548681587513,232.01251318412488,1.4507903224470624,70.27358821466152,6043934.9,2.761812346047614,1.035120147874311,12.238193018480503,0.0207778556955086
2011-07-08,266.48,268.82,263.64,266.0,9540140,0,-2.671057446030012,266.744,256.135,251.961,256.71411169025123,272.3652822130945,231.55671778690552,1.7310921666058128,70.73256840247132,6352033.3,1.9648004855105472,-0.18012608826179,10.782557994252628,-0.0270737841523233
2011-07-11,264.09,267.99,262.75,263.64,5664054,0,-0.887218045112792,267.36800000000005,258.755,252.40500000000003,257.3737201007035,273.4423697575485,231.3676302424516,1.7012065014284257,68.15784997448543,6392316.0,1.9942911512844943,-0.170396455753716,11.034366576819398,-0.00891177259718
2011-07-12,264.08,269.71,263.0,267.0,5682298,0,1.274465179790618,267.524,261.31499999999994,253.137,258.29050866254124,275.16333552913716,231.11066447086284,1.6902390757287795,67.69071453227474,6433710.1,2.55133079847908,1.1057255377158497,10.604805302402642,0.0126641222157303
2011-07-13,268.5,272.0,268.24,269.13,5577542,0,0.797752808988772,267.81399999999996,263.546,253.88450000000003,259.3228411708706,277.045358519676,230.7236414803241,1.6353033835071042,72.45487997196423,6478441.1,1.4017297942141331,0.2346368715083782,9.038975771817515,0.0079458758390524
2011-07-14,269.56,271.0,263.36,264.47,13228862,0,-1.7315052205253867,266.048,265.115,254.53399999999996,259.8130467736448,278.1353143255786,230.93268567442135,1.8332890539582485,70.87761398697292,6932615.3,2.900972053462935,-1.8882623534648968,6.306777072111913,-0.0174667109237526
2011-07-15,298.75,300.12,294.08,298.81,27469004,0,12.984459485007749,272.61,269.677,256.9655,263.52704231901197,287.6387103068189,226.29228969318112,4.333800512650102,84.09065659371181,8030363.9,2.053862894450497,0.0200836820083689,18.0180891820372,0.1220800965852406
2011-07-18,296.24,301.02,296.0,297.47,8938074,0,-0.4484455004852505,279.37600000000003,273.37199999999996,259.7135,266.75970495529657,294.50503150136615,224.92196849863387,4.364491693741909,82.0803295571576,7956968.7,1.6959459459459398,0.4152038887388665,14.183172117303863,-0.0044945403359682
2011-07-19,298.07,302.34,297.76,301.27,5918434,0,1.2774397418226835,286.23,276.877,262.6625,270.0463997214588,301.04855277139666,224.27644722860344,4.356074642708251,81.74186778593916,7950026.5,1.5381515314347072,1.073573321702952,13.16580271955523,0.0126934930778155
2011-07-20,301.09,301.42,297.68,297.68,4456992,0,-1.1916221329704155,291.94,279.87700000000007,265.2215,272.67817117655795,305.83029410851043,224.61270589148955,4.424726784228199,77.97482837528608,7896340.4,1.2563826928245123,-1.1325517287189772,11.207411835026893,-0.0119877886042701
2011-07-21,297.02,304.03,297.0,303.5,6939100,0,1.955119591507648,299.746,282.89700000000005,268.2215,275.6135834454572,310.8867138719222,225.55628612807777,4.421519524974253,78.32451300529223,8002508.2,2.367003367003358,2.181671267928092,11.050128064398091,0.0193625264611857
2011-07-22,302.7,309.75,302.14,309.12,7061542,0,1.8517298187809008,301.80800000000005,287.209,271.67199999999997,278.80467073636606,315.8982939651827,227.44570603481725,4.2153435298345805,77.8989667049369,7875355.1,2.5186999404249732,2.1209117938553077,16.210526315789476,0.0183479405246003
2011-07-25,306.68,312.7,306.5,309.49,6263904,0,0.1196946169772283,304.21200000000005,291.794,275.2745,281.72708304718833,319.4979643480968,231.0510356519032,4.161322980513456,76.45835881130002,7808230.2,2.022838499184336,0.916264510238686,17.391139432559566,0.0011962304008066
2011-07-26,309.02,313.75,308.61,311.26,4686340,0,0.5719086238650695,306.21,296.22,278.76750000000004,284.539741804599,322.76055872282006,234.77444127718,4.175005627351024,76.54727095516571,7698083.9,1.6655325491720898,0.7248721765581546,16.576779026217213,0.0057027943519041
2011-07-27,308.59,310.48,302.38,303.61,7868782,0,-2.4577523613699137,307.396,299.668,281.60699999999997,286.35595687082764,324.2273574289146,238.98664257108533,4.3685672866811,68.01807157294023,7819836.6,2.67874859448377,-1.6137917625327982,12.811652361312388,-0.0248845927214192
2011-07-28,302.6,307.99,301.5,305.47,6217830,0,0.6126280425545971,307.79,303.768,284.4415,288.17634193074883,325.37660565195677,243.50639434804327,4.249506089124194,75.0858014490912,7896436.1,2.1525704809286927,0.9484467944481176,15.502703520248051,0.006107591061634
2011-07-29,302.12,307.48,301.85,301.85,8275002,0,-1.1850590892722668,306.336,304.072,286.8745,289.47859508020133,325.71968122252156,248.02931877747844,1.4354132868480058,73.90216439384469,8067354.2,1.8651648169620656,-0.0893684628624327,1.017368896623272,-0.0119213688746435
2011-08-01,305.51,307.75,299.59,303.38,7933236,0,0.5068742753022937,305.114,304.663,289.01750000000004,290.8025384058964,326.44399321986845,251.5910067801316,1.425833405556542,73.29065300896292,8100351.8,2.723722420641552,-0.6971948545055794,1.9867549668874052,0.005055939921091
2011-08-02,303.0,304.83,295.79,296.2,6402406,0,-2.3666688641307942,302.102,304.15600000000006,290.5165,291.3165823672396,326.4709994768609,254.56200052313903,1.5790432336949367,66.27781118460618,8035517.0,3.056222319889098,-2.2442244224422483,-1.682875825671326,-0.0239512433298279
2011-08-03,297.14,301.5,291.82,300.58,7651420,0,1.478730587440924,301.496,304.446,292.16150000000005,292.1988126179787,326.6993402853879,257.6236597146122,1.6103661666958768,71.78713647882226,8148529.9,3.317113289013778,1.1577034394561478,0.974200483740928,0.0146790396722499
2011-08-04,297.5,299.42,288.74,288.76,9787000,0,-3.9323973650941535,298.154,302.972,292.9345,291.8713066543617,326.36930661951294,259.4996933804871,1.9088877333013368,41.67357083678539,8278098.1,3.698829396689065,-2.937815126050423,-4.856672158154862,-0.040118048234988
2011-08-05,291.27,295.0,281.0,289.52,10143702,0,0.2631943482476861,295.688,301.012,294.1105,291.64737268727964,325.1232033224844,263.0977966775156,1.753016503961297,43.349506441358486,8308276.2,4.98220640569395,-0.6008171112713291,-6.340579710144933,0.0026284859845267
2011-08-08,281.1,284.5,272.18,273.01,14986986,0,-5.702542138712352,289.614,297.36400000000003,294.579,289.87238481230065,323.8899707501441,265.26802924985594,2.3412470927790294,30.504966887417197,8774422.8,4.526416342126531,-2.8779793667734013,-11.787133671524131,-0.0587159547047606
2011-08-09,280.5,287.3,270.5,286.7,12939860,0,5.014468334493238,287.714,294.908,295.56399999999996,289.5702529254149,322.17209010333846,268.95590989666147,3.0373017078097813,43.35190118672801,9137300.9,6.210720887245845,2.2103386809269123,-7.890509541862112,0.0489279483385977
2011-08-10,280.69,282.06,273.86,274.5,10744528,0,-4.255319148936165,282.498,291.99699999999996,295.8325,288.134990742042,321.4057120329892,270.2592879670108,3.1968386554921633,33.70053956834532,9395650.2,2.994230628788428,-2.2052798460935543,-9.587958235894734,-0.0434851119397387
2011-08-11,277.0,284.25,274.2,281.06,9663438,0,2.389799635701273,280.95799999999997,289.556,296.66200000000003,287.4611820999428,318.79702830119606,274.526971698804,3.339961889991036,34.39377085650722,9217379.0,3.665207877461711,1.4657039711191344,-7.990964742855278,0.0236169087230136
2011-08-12,284.75,285.25,280.2,281.88,6310502,0,0.2917526506795775,279.43,287.559,295.81550000000004,286.9296409475673,318.8800314167381,272.75096858326197,3.3526327903369433,34.720531267293836,8159453.9,1.8022840827980051,-1.0079016681299402,-6.615868809011105,0.0029132787862228
2011-08-15,276.74,282.5,273.02,278.62,10997384,0,-1.1565205051795036,280.552,285.08299999999997,294.873,286.1382465716085,319.16097241867953,270.58502758132045,3.33108831355843,32.22996515679441,8262419.4,3.472273093546267,0.6793380067933784,-8.161381765442677,-0.0116326021807428
2011-08-16,276.21,276.22,265.15,269.5,13879096,0,-3.27327542889958,277.11199999999997,282.413,293.28450000000004,284.55365166002673,319.8589336771863,266.71006632281376,3.3903495816260056,31.72221626835278,8660452.5,4.174995285687366,-2.4293110314615616,-9.014179608372718,-0.033280455929027
2011-08-17,270.0,271.85,265.38,266.58,8110602,0,-1.083487940630801,275.52799999999996,279.013,291.72950000000003,282.8418753114528,320.7481941379811,262.71080586201896,3.2868332833738596,29.394934830984383,8843133.0,2.4380134147260635,-1.2666666666666726,-11.311464501962876,-0.0108940041731797
2011-08-18,261.74,262.44,250.24,252.44,12581336,0,-5.30422387275864,269.804,275.381,289.1765,279.94645861512396,322.50000475975924,255.85299524024072,3.441130014197454,26.446753742015417,9125244.8,4.8753196930946245,-3.5531443417131547,-12.577919379415423,-0.0545007894598332
2011-08-19,249.84,257.44,245.43,245.46,10820114,0,-2.765013468546973,262.52,270.975,285.9935,276.66203398511215,323.22796410037506,248.7590358996249,3.423276701005824,23.753851731013228,9313173.4,4.893452308193778,-1.7531219980787685,-15.218292345951912,-0.0280395955466764
2011-08-22,252.0,253.5,247.26,249.08,9814130,0,1.4747820418805624,256.61199999999997,268.582,282.973,274.03517360557765,321.94256388611115,244.00343611388888,3.209673428633051,27.935943060498214,9490684.7,2.5236593059936947,-1.158730158730154,-8.765246694260275,0.0146401288348891
2011-08-23,251.75,260.7,249.53,259.41,8677626,0,4.147261923879886,254.594,265.853,280.3805,272.64229992885595,318.31151021314207,242.44948978685792,3.040367185915953,31.73955468819304,9690249.0,4.476415661443508,3.042701092353535,-9.518660620858032,0.0406356916361974
2011-08-24,259.67,265.0,258.62,261.64,7194188,0,0.8596430361204055,253.606,264.567,278.28200000000004,271.5944618403935,315.4378309371705,241.1261690628296,2.8472777353809904,36.85282140779522,9656519.3,2.466939911839763,0.7586552162359804,-4.684881602914393,0.0085596914525632
2011-08-25,265.29,268.64,259.15,260.02,6574480,0,-0.6191713805228538,255.122,262.463,276.0095,270.4921321413084,311.6942840048626,240.3247159951374,2.66812994263258,35.81730769230768,9674351.8,3.661971830985919,-1.986505333785683,-7.485946061339222,-0.0062109619589893
2011-08-26,259.98,265.23,256.57,263.43,7180700,0,1.311437581724495,258.716,260.618,274.08849999999995,269.81954812785045,308.0090748927202,240.1679251072797,2.7308103237941523,44.73047304730474,9619636.7,3.375297189850733,1.3270251557812096,-6.545338441890158,0.0130291269059913
2011-08-29,267.28,269.73,266.78,269.54,4674128,0,2.3194017386023003,262.808,259.71,272.39649999999995,269.7929244966266,303.41708825666404,241.37591174333588,2.8752766677294432,39.70235237638024,9456681.3,1.1057800434815377,0.8455552229871476,-3.2589189577201916,0.0229291243009994
2011-08-30,269.09,271.5,265.4,270.35,5978152,0,0.3005119833790814,264.996,259.795,271.104,269.8459793064717,300.03217122678734,242.17582877321263,2.6791344689137837,47.11525093841236,9435468.6,2.29841748304447,0.4682448251514541,0.315398886827456,0.0030006134870005
2011-08-31,272.57,273.15,268.0,270.48,5386580,0,0.0480858146846729,266.764,260.18500000000006,269.599,269.90636222966486,294.9854447045436,244.21255529545635,2.6490055560330674,41.92366412213742,9322226.6,1.9216417910447676,-0.7667755072091481,1.4629754670268058,0.0004807425716167
2011-09-01,270.38,271.92,265.61,266.25,4830970,0,-1.5638864241348749,268.01000000000005,261.56600000000003,268.47349999999994,269.55813725541105,292.22651357058123,244.72048642941863,1.9647137364916236,38.65912059207663,9074425.1,2.375663566883778,-1.5274798431836658,5.470606876881634,-0.0157624413759957
2011-09-02,262.49,263.96,260.36,262.42,2990054,0,-1.4384976525821491,267.808,263.262,267.1185,268.87831465965763,288.8195601487337,245.41743985126632,1.7488498389351286,38.341968911917114,8716742.7,1.3827008757105417,-0.0266676825783813,6.909476085716615,-0.014489443346065
2011-09-06,255.84,261.38,255.25,261.09,5431954,0,-0.5068211264385503,266.11800000000005,264.463,266.5225,268.1365704063569,288.1970049114831,244.8479950885169,1.761506756863835,43.18366023666719,8238991.1,2.4015670910871676,2.0520637898686567,4.821744017986185,-0.0050810982080378
2011-09-07,265.23,267.97,263.7,267.02,5514240,0,2.2712474625607992,265.452,265.224,265.5385,268.03023036765626,285.0333071628267,246.0436928371733,1.3886731372646328,50.340030911901074,7867710.1,1.619264315510064,0.6748859480450792,2.9335800470297713,0.0224583864924168
2011-09-08,266.9,269.55,265.95,267.48,4761650,0,0.172271739944585,264.852,265.808,265.1875,267.97782747549854,284.2509540140914,246.1240459859086,1.3747364483495836,64.7393179145433,7568566.2,1.3536379018612608,0.2173098538778722,2.232074606329326,0.001721235223829
2011-09-09,265.7,267.32,260.6,262.42,6537738,0,-1.891730222820398,264.08599999999996,266.048,264.2555,267.4485105730701,281.81486034682024,246.69613965317973,1.5138776445986717,67.27087576374743,7412281.2,2.578664620107433,-1.2344749717726655,0.923005922621356,-0.0190985235082081
2011-09-12,258.98,266.0,258.75,265.06,5340942,0,1.0060208825546813,264.614,266.211,263.4145,267.2210333756349,278.90950085766235,247.91949914233763,1.4896584136545432,66.60432252701575,7363803.2,2.8019323671497585,2.3476716348752737,0.618760201951174,0.0100099417749629
2011-09-13,266.0,266.94,261.7,264.76,4708300,0,-0.1131819210744788,265.348,265.73300000000006,262.7215,266.986649244622,276.49752536063477,248.94547463936524,1.2632330229238324,57.02284064058802,7049349.0,2.0022927015666827,-0.4661654135338379,-1.7733917043852632,-0.0011324602018106
2011-09-14,266.3,268.48,262.91,266.04,5388678,0,0.4834567155159508,265.152,265.302,262.5485,266.8964921737056,276.05027730990724,249.04672269009276,1.272123377081057,55.92353257942921,6624828.1,2.118595717165567,-0.0976342470897449,-1.594229702237837,0.0048229181654984
2011-09-15,267.75,272.49,267.28,271.28,5923934,0,1.9696286272740784,265.912,265.38199999999995,262.7835,267.31396910954317,276.73678337138307,248.83021662861697,1.4399742034128946,63.81256133464176,6515494.7,1.9492666866207864,1.318394024276367,0.2957704821058726,0.0195048244011626
2011-09-16,272.4,273.42,271.57,273.34,7069358,0,0.7593630197581858,268.09599999999995,266.091,263.8285,267.8878768133962,277.6499802695701,250.00701973042996,1.3363446732804884,62.57295102765789,6239895.8,0.6812239938137581,0.3450807635829654,2.6629107981220645,0.0075649437192712
2011-09-19,270.15,274.95,267.69,273.33,3895032,0,-0.0036584473549372,269.75,267.18199999999996,265.22200000000004,268.40617425973943,276.66014596680355,253.7838540331965,1.2027296779138792,55.68898228760126,5893641.7,2.712092345623666,1.177123820099947,4.1574575108604295,-3.658514277754729e-05
2011-09-20,274.7,279.26,271.33,273.32,5558156,0,-0.0036585812022038,271.462,268.40500000000003,266.434,268.8741576635738,275.5771041601975,257.29089583980254,1.1699750304359997,54.567825284527785,5680843.0,2.9226403272767505,-0.502366217692026,4.6842085104753295,-3.658648129918333e-05
2011-09-21,273.84,277.5,269.43,269.6,5031086,0,-1.3610420020488734,272.174,268.663,266.94350000000003,268.9432855051382,275.5590044450175,258.3279955549826,1.1091511314663922,48.78116343490306,5498516.0,2.9952121144638655,-1.54834940111012,0.9662197588195864,-0.0137038908744254
2011-09-22,263.12,264.39,257.0,260.33,8801172,0,-3.4384272997032728,269.98400000000004,267.948,266.87800000000004,268.1229725998869,275.68114919727503,258.07485080272505,1.573957910383554,42.80505590666017,5578865.2,2.875486381322952,-1.0603526907874812,-2.6730970539853627,-0.03498932204586
2011-09-23,258.28,263.21,257.25,262.76,5555740,0,0.9334306457188912,267.86800000000005,267.98199999999997,267.015,267.6122133046596,275.44619146228416,258.5838085377158,1.500216488906963,50.42778057372921,5527928.2,2.316812439261411,1.734551649372781,0.1295632954805281,0.0092910110319801
2011-09-26,263.62,266.46,256.62,265.94,5268468,0,1.2102298675597425,266.39,268.07,267.14050000000003,267.45295489469197,275.4203689920992,258.86063100790085,1.5163839041395255,55.83072854051457,5432316.6,3.834463408931484,0.8800546240801127,0.3320003018184581,0.0120296514042875
2011-09-27,269.1,273.52,268.02,269.67,6021850,0,1.4025720087237792,265.65999999999997,268.561,267.14700000000005,267.66410204757847,275.43500045722476,258.85899954277534,1.5736444616218983,53.36379791825341,5499702.7,2.052085665248862,0.2118171683389049,1.8545097446744263,0.0139282698248578
2011-09-28,270.75,272.01,263.85,264.42,4526806,0,-1.946823895872729,264.624,268.399,266.8505,267.3551399478091,275.0801139834016,258.62088601659843,1.7062534924090749,46.536894522408325,5427135.4,3.092666287663433,-2.3379501385041492,-0.6089309878213767,-0.0196602411714669
2011-09-29,268.02,268.65,259.7,263.75,5813362,0,-0.2533847666591038,265.308,267.646,266.514,267.011793286113,274.6687697376256,258.3592302623744,1.5520454301898328,51.67127418949483,5448474.5,3.4462841740469727,-1.5931646892022917,-2.775729873193733,-0.0025370632916743
2011-09-30,260.1,262.0,257.19,257.52,5448282,0,-2.3620853080568827,264.26000000000005,266.06399999999996,266.0775,266.10781297314986,275.17218294635643,256.98281705364354,1.633728531676718,41.30935915168279,5479340.1,1.8702126832302977,-0.9919261822376166,-5.787663715519131,-0.0239042977997236
2011-10-03,254.67,256.0,247.5,247.76,8947526,0,-3.789996893445169,260.624,263.507,265.34450000000004,264.3604022138023,277.52123100198685,253.1677689980132,1.9015371834384491,33.91370174110523,5777213.7,3.4343434343434343,-2.713315270742528,-9.354992134050413,-0.0386368513256053
2011-10-04,245.02,251.72,240.3,250.95,8318060,0,1.2875363254762684,256.88,261.27,264.8375,263.083221050583,278.51233724525525,251.1626627547447,2.0142568902064624,36.21917808219175,5921519.0,4.752392842280477,2.4202105950534563,-8.184545587589643,0.0127931804359953
2011-10-05,248.0,253.9,240.38,252.35,9068704,0,0.557880055788007,254.466,259.54499999999996,264.104,262.06100952195607,278.82004552145327,249.38795447854673,2.049334889939675,31.40836770771955,6099242.2,5.624427989017393,1.7540322580645136,-6.398367952522266,0.0055632966853287
2011-10-06,253.95,257.62,251.3,257.36,6849046,0,1.985337824450184,253.188,259.248,263.598,261.61329432938885,278.519781465538,248.676218534462,1.9412605391046096,35.16524322317123,6203612.0,2.514922403501788,1.3427840126009156,-1.1408596781008584,0.0196588701444996
2011-10-07,258.42,260.25,255.15,257.56,3842814,0,0.0777121541809089,253.196,258.728,263.355,261.2272662980185,278.5139591366055,248.19604086339456,1.9093639477341584,35.4116558741906,6068865.8,1.9988242210464409,-0.3327915795991075,-1.9789922362612231,0.0007768197392117
2011-10-10,262.59,268.74,261.6,268.58,4644406,0,4.2786146917223045,257.36,258.992,263.531,261.92752665058816,278.85415605803706,248.20784394196292,2.3531322241249617,46.357208730402704,6034039.0,2.729357798165132,2.281122662706123,0.9927051214559725,0.0418961184830463
2011-10-11,266.73,273.4,266.73,271.59,5707154,0,1.1207089135452986,261.48799999999994,259.184,263.87250000000006,262.847762207675,279.6098198748109,248.13518012518924,2.337749874331709,51.54623154623152,6083981.7,2.500656094177617,1.822067259025965,0.7119813104905948,0.0111447550024293
2011-10-12,274.06,277.62,272.32,274.25,6355818,0,0.9794175043263742,265.868,260.16700000000003,264.283,263.93368961646786,280.67314222346084,247.8928577765392,2.2345596772802616,62.05403533079321,6132338.7,1.9462397179788529,0.069327884404874,3.717570531729808,0.0097465229998809
2011-10-13,275.02,279.5,274.01,279.5,11333528,0,1.9143117593436676,270.296,261.742,264.694,265.41619536728047,282.1973547461174,247.1906452538826,2.2702647993162297,63.82100396301188,6402818.4,2.0035765118061417,1.6289724383681254,5.97156398104266,0.0189621934398142
2011-10-14,299.74,299.8,293.79,295.84,17061086,0,5.846153846153834,277.95199999999994,265.57399999999996,265.81899999999996,268.31370057039663,287.94425482458087,243.69374517541905,2.545506366269883,70.27943570265869,6902404.8,2.045678886279312,-1.3011276439581083,14.880397639018316,0.0568164750436607
2011-10-17,291.86,295.92,289.0,291.2,8016604,0,-1.568415359653863,282.476,269.918,266.7125,270.49334813512075,291.40882819501303,242.0161718049869,2.0971889587808983,64.42449417124479,7108483.4,2.394463667820075,-0.2261358185431456,17.53309654504358,-0.0158084513162837
2011-10-18,290.1,296.28,288.7,295.26,7601594,0,1.3942307692307754,287.21,274.349,267.80949999999996,272.8520768841569,295.5082497152756,240.11075028472433,2.0954224180453647,70.99673202614377,7210655.3,2.625562868029091,1.778697001034115,17.65690376569038,0.0138460077834109
2011-10-19,293.67,296.03,289.61,290.35,5862908,0,-1.66294113662534,290.43,278.149,268.847,274.5185457523324,298.32540822668267,239.3685917733173,2.3296394854865503,67.12152420185379,7252246.4,2.2167742826559715,-1.1305206524330007,15.058450564691906,-0.0167692322878828
2011-10-20,290.97,294.44,289.76,291.83,6757938,0,0.5097296366454174,292.896,281.596,270.42199999999997,276.1672556806817,301.31640460325264,239.5275953967473,2.3377329530645525,73.52255587549709,7150084.7,1.6151297625621226,0.2955631164724737,13.393689773080508,0.0050843491299598
2011-10-21,294.76,296.38,293.35,295.24,6784916,0,1.1684885035808668,292.77599999999995,285.364,272.046,277.9837075206168,304.61393540957283,239.47806459042712,2.3000818298921177,85.65635325923706,7211543.5,1.0328958581898662,0.1628443479440963,14.629600869700266,0.0116171439538329
2011-10-24,293.38,299.98,293.25,298.21,6853676,0,1.0059612518628749,294.178,288.327,273.6595,279.9100210900819,308.0975098911531,239.22149010884684,2.0655456887429944,85.60880048221824,7290803.9,2.2949701619778407,1.6463289931147262,11.03209472038127,0.0100093514070929
2011-10-25,296.5,297.5,291.42,291.58,5080890,0,-2.2232654840548594,293.442,290.32599999999996,274.755,281.0214476529312,310.04213586981433,239.46786413018563,2.312483849918272,77.39907808353125,7243755.9,2.086335872623699,-1.659359190556498,7.360359365219637,-0.0224835256322688
2011-10-26,294.77,295.09,286.43,293.15,5746080,0,0.5384457095822803,294.00199999999995,292.216,276.1915,282.1765478764616,312.0417953228679,240.34120467713217,2.311538395773328,76.25825385179753,7304719.6,3.0234263170757143,-0.5495810292770651,6.89152233363719,0.0053700127335482
2011-10-27,299.21,301.35,296.65,299.33,7560444,0,2.1081357666723477,295.502,294.19899999999996,277.9705,283.81020998346526,314.74065350010187,241.2003464998982,2.3237044382914176,78.17347902333742,7392073.7,1.5843586718355118,0.0401056114434693,7.094812164579611,0.0208622203044006
2011-10-28,297.26,301.15,297.12,300.07,5015894,0,0.2472187886279453,296.46799999999996,294.62199999999996,280.098,285.35876141361143,316.80982147196556,243.3861785280345,1.4649310334051588,74.65935787000788,7370454.3,1.356354334948833,0.9453004104151256,1.4298269334775515,0.0024691370569213
2011-10-31,297.54,299.85,295.83,296.32,5115476,0,-1.2497084013730175,296.09,295.13399999999996,282.52599999999995,286.4026888980294,316.5580377848501,248.49396221514985,1.426306813251119,69.14383031429017,7178851.8,1.3588885508569242,-0.4100289036768257,1.758241758241752,-0.0125758293137314
2011-11-01,290.05,292.76,288.38,289.32,6250398,0,-2.36231101511879,295.63800000000003,294.54,284.4445,286.680528050598,315.14459393093796,253.74440606906205,1.5604222181150398,60.93137966052519,7075468.7,1.518829322421803,-0.251680744699196,-2.0117862223125393,-0.0239066094767345
2011-11-02,292.45,293.98,290.24,292.41,4243798,0,1.0680215678142035,295.48999999999995,294.746,286.4475,287.22619204577916,313.3195436807277,259.5754563192723,1.5126343045879889,59.66751535120566,6834223.4,1.2885887541345125,-0.0136775517182299,0.7094885483037716,0.0106235850361485
2011-11-03,293.5,298.75,291.86,298.75,5339490,0,2.1681885024451786,295.37399999999997,295.438,288.517,288.32369756522877,312.1350984126912,264.8989015873088,1.649573123849409,52.56297340144445,6758745.6,2.3607208935791086,1.788756388415673,2.371243532193401,0.0214501762284919
2011-11-04,296.75,299.87,296.21,298.07,5670758,0,-0.2276150627615103,294.974,295.721,290.54249999999996,289.2519168447308,309.4633332686204,271.62166673137955,1.621754913429142,56.50444991478888,6850142.8,1.2356098713750463,0.4448188711036203,0.9585422029535272,-0.0022787449959846
2011-11-07,296.66,304.39,296.12,304.17,6717334,0,2.046499144496261,296.544,296.317,292.322,290.67268666904215,309.12121752563695,275.52278247436305,1.7164373780034,58.12215132178672,6953789.2,2.792786708091308,2.5315175621924055,1.998591596525956,0.0202583973828623
2011-11-08,304.74,307.18,301.8,306.17,6055316,0,0.6575270407995548,299.91400000000004,297.776,294.051,292.1486212719905,308.8669059619608,279.23509403803916,1.4891152180670897,65.22911051212938,6971197.3,1.78263750828363,0.4692524775218241,5.003772549557595,0.0065537476114826
2011-11-09,302.13,304.7,299.33,300.48,7421344,0,-1.8584446549302691,301.528,298.509,295.3625,292.9420859127533,307.12801047945163,283.5969895205484,1.6646911101941988,57.70258236865541,7024473.6,1.7940066147729947,-0.5461225300367316,2.500426402865452,-0.0187593072241827
2011-11-10,302.96,302.98,295.78,297.54,5736922,0,-0.978434504792336,301.286,298.33000000000004,296.2645,293.3799824924911,305.3764342796011,287.1525657203989,1.5671862599651496,52.0653735632184,6744643.3,2.4342416661032007,-1.7890150514919327,-0.5980022049243194,-0.0098325262908006
2011-11-11,300.75,306.04,299.3,304.18,7954040,0,2.231632721650856,302.50800000000004,298.741,296.6815,294.4085555884443,306.451239047314,286.91176095268605,1.7263973891656208,55.02948609941029,6289291.0,2.2519211493484828,1.1404821280133024,1.3696804079048164,0.022070961715125
2011-11-14,304.05,309.04,303.89,306.5,6377254,0,0.762706292326909,302.97400000000005,299.759,297.44649999999996,295.5601217228782,307.7883277423582,287.1046722576417,1.6612292973986422,63.55377906976745,6207323.5,1.6946921583467816,0.805788521624729,3.435475161987034,0.0075981239320433
2011-11-15,306.4,309.04,305.25,308.28,5351922,0,0.5807504078303438,303.396,301.65500000000003,298.0975,296.7715387016517,309.449630103849,286.74536989615103,1.360678961426921,63.692307692307686,6094839.9,1.2416052416052483,0.613577023498693,6.553297386976342,0.0057907055335264
2011-11-16,306.04,309.15,305.3,305.74,5217360,0,-0.8239263007655206,304.448,302.988,298.867,297.62567787292295,310.0936414343166,287.6403585656834,1.425333890512374,56.21003681457085,6062562.5,1.261054700294781,-0.0980264017775491,4.558667624226254,-0.0082733933369042
2011-11-17,305.02,306.14,298.39,300.44,6986554,0,-1.7334990514816573,305.028,303.15700000000004,299.2975,297.8937085516922,310.03774771840057,288.55725228159946,1.4384914616510605,50.329357308171616,6073993.3,2.5972720265424445,-1.501540882565073,0.5656903765690391,-0.0174870007550771
2011-11-18,301.0,302.25,296.88,297.44,6575236,0,-0.998535481294105,303.68,303.094,299.4075,297.8504982134358,310.0170426261842,288.79795737381585,1.4761240913167104,51.01046553590761,6063509.3,1.8088116410670996,-1.1827242524916952,-0.2113597477102713,-0.0100355428446771
2011-11-21,293.87,294.25,286.04,290.47,6002432,0,-2.343329747175893,300.474,301.724,299.02049999999997,297.14759362168,310.353924205001,287.6870757949989,1.4486242770005873,51.038093518685706,6020947.1,2.8702279401482236,-1.1569741722530291,-4.504060229476936,-0.0237122232376567
2011-11-22,290.0,292.48,287.62,290.0,4810560,0,-0.1618067270286127,296.81800000000004,300.10699999999997,298.9415,296.46687041961525,310.512829860341,287.370170139659,1.4014015537354736,47.71650559029749,6007430.6,1.6897295042069445,0.0,-5.281379625698146,-0.0016193777549573
2011-11-23,287.59,290.12,285.06,285.06,4651772,0,-1.7034482758620628,292.682,298.565,298.537,295.3805018082233,311.4487377851146,285.62526221488537,1.3858755588800251,36.675102199727455,5952715.2,1.7750648986178357,-0.8797246079488066,-5.131789137380194,-0.0171812385536346
2011-11-25,282.6,287.14,280.67,280.68,2844964,0,-1.536518627657335,288.73,296.879,297.60450000000003,293.98045401696396,312.7719103191498,282.43708968085025,1.4174094390242011,34.21100417650263,5716941.2,2.3051982755549116,-0.679405520169857,-5.66646501310748,-0.0154844540427969
2011-11-28,289.68,294.41,288.25,294.1,5657734,0,4.781245546529855,288.062,295.871,297.306,293.9918393486817,312.5040599869983,282.10794001300167,2.0610493882790992,41.92979644173745,5749033.2,2.137033824804866,1.525821596244137,-3.313827339075537,0.0467046151758613
2011-11-29,293.89,295.18,290.67,291.46,3663438,0,-0.897653859231573,288.26000000000005,294.367,297.063,293.7507117916644,312.4812558915339,281.64474410846606,2.03100747416696,38.33095351419957,5676431.3,1.5515877111500982,-0.8268399741399868,-4.907014681892341,-0.0090170704543989
2011-11-30,298.98,299.76,296.04,299.7,6358134,0,2.8271460920881175,290.2,293.509,297.582,294.31731066864876,312.5963434579625,282.56765654203747,2.271778921447927,49.40530649588287,5681818.1,1.2565869477097589,0.2408187838651315,-2.783184118333981,0.027879199217067
2011-12-01,300.0,308.0,299.5,306.88,7241188,0,2.395729062395735,294.56399999999996,293.623,298.3055,295.5137572716346,313.66113736701755,282.94986263298244,2.406954092133053,56.68862790031508,5831687.6,2.8380634390651087,2.293333333333332,0.3728658337149193,0.0236748173724559
2011-12-02,308.68,312.0,308.13,310.18,8171358,0,1.0753388946819653,300.464,294.59700000000004,298.877,296.9105422933837,315.12703980561855,282.62696019438147,2.336894737664365,54.51263537906138,5973281.0,1.255963392074775,0.4859401321757159,3.241911862601521,0.0106959824362334
2011-12-05,313.82,315.95,311.2,312.82,6395452,0,0.8511187052679059,304.20799999999997,296.135,299.6145,298.42572874163284,317.0088783719725,282.2201216280275,2.291603443117801,54.73053892215569,6009515.7,1.5263496143958868,-0.3186540054808489,5.170790747713827,0.0084751711147886
2011-12-06,311.5,314.31,310.12,311.88,4652836,0,-0.3004922958890099,308.29200000000003,298.276,300.0,299.7070879090964,318.1450216457929,281.8549783542071,2.089241439007191,52.72892662219528,5906290.8,1.3510899006836057,0.1219903691813789,7.37081282060108,-0.0030094468046962
2011-12-07,310.84,312.83,309.05,311.7,4515500,0,-0.0577145055790762,310.692,300.446,300.2765,300.849270012992,318.9774183844278,281.5755816155722,2.0845415492903534,54.68553459119494,5829300.0,1.2231030577576356,0.2766696692832369,7.482758620689656,-0.0005773116681078
2011-12-08,310.52,313.73,307.65,308.02,4828000,0,-1.1806223933269244,310.91999999999996,302.74199999999996,300.6535,301.5321966784213,319.6729828365126,281.63401716348744,2.02196834050744,56.11487576637623,5699632.8,1.9762717373639012,-0.80510112070076,8.054444678313333,-0.011876470842972
2011-12-09,308.9,314.56,308.5,313.71,5536356,0,1.8472826439841497,311.626,306.04499999999996,301.462,302.6919874709526,321.28210313850633,281.64189686149365,1.8653681412781624,62.57924849234573,5689604.5,1.964343598055106,1.557138232437683,11.76784950833689,0.0183042763482875
2011-12-12,311.0,313.09,310.14,312.7,4369468,0,-0.3219533964489485,311.602,307.90500000000003,301.88800000000003,303.64513152133804,322.31114950710224,281.4648504928978,1.3956650077032475,68.93203883495138,5510375.9,0.95118333655768,0.546623794212215,6.32437946276776,-0.0032247278148114
2011-12-13,314.38,318.28,311.42,312.82,8056944,0,0.0383754397185853,311.79,310.041,302.204,304.51892851930586,323.1173041513361,281.2906958486639,1.3111139796457685,69.55106237148729,5594360.4,2.2028129214565397,-0.4962147719320574,7.328621423179848,0.0003836807822999
2011-12-14,311.44,312.16,306.24,309.04,7807964,0,-1.2083626366600542,311.258,310.975,302.24199999999996,304.9495067555624,323.2044934234048,281.2795065765951,1.2064800488624423,70.96153846153845,5717162.5,1.9331243469174555,-0.7706139224248578,3.1164497831164706,-0.0121572268880695
2011-12-15,311.26,312.0,309.35,309.77,4818770,0,0.2362153766502617,311.608,311.264,302.4435,305.40860135027077,323.62391227668854,281.2630877233114,0.9606646955548512,77.1615312791783,5697233.0,0.8566348795862218,-0.4786994795347969,0.9417361835245108,0.0023593682669507
2011-12-16,312.16,314.66,310.74,312.98,8918808,0,1.036252703618823,311.462,311.544,303.0705,306.1296869359593,324.7380264903611,281.40297350963885,0.9563157079114764,71.7812644208583,5793845.7,1.261504795005476,0.2626858021527399,0.902701657102334,0.0103092041100492
2011-12-19,314.0,314.25,310.0,310.92,4287178,0,-0.6581890216627251,311.106,311.354,303.74449999999996,306.5859072277727,325.51296920614584,281.9760307938541,0.9425524615907928,72.75491113189902,5679442.8,1.370967741935484,-0.9808917197452178,-0.6073780448820343,-0.0066036463730069
2011-12-20,314.0,315.92,314.0,315.18,4776368,0,1.370127363952145,311.57800000000003,311.684,304.98,307.4043922536991,326.37795268121096,283.5820473187891,1.037822972385618,69.95874161939147,5618139.6,0.6114649681528713,0.3757961783439512,1.0580992689495972,0.0136082598319062
2011-12-21,315.0,315.91,309.48,312.91,4996108,0,-0.7202233644266753,312.35200000000003,311.805,306.1255,307.9287358485849,326.5789639711963,285.6720360288037,1.07036476725583,58.901682905225925,5627417.0,2.0776786868295227,-0.6634920634920555,0.3881937760667364,-0.0072282949374078
2011-12-22,313.76,315.86,313.5,314.85,3647822,0,0.6199865776101765,313.36800000000005,312.488,307.615,308.5879038630054,325.82502789095736,289.40497210904266,0.9899137468414118,57.18240541371889,5577219.5,0.7527910685805466,0.3473992860785415,2.217388481267468,0.0061807256782343
2011-12-23,316.0,317.34,315.28,316.57,2907446,0,0.5462918850245968,314.086,312.774,309.4095,309.34810349510013,322.9073945336699,295.91160546633006,0.8245405319031531,55.93542260208928,5580343.6,0.6533874651103788,0.1803797468354409,0.9116700137069332,0.0054480512315482
2011-12-27,316.02,322.24,316.0,320.12,3212904,0,1.121394952143295,315.92600000000004,313.51599999999996,310.7105,310.3739984003287,322.95278646514646,298.4682135348536,0.8688068751198539,62.04678362573103,5458102.1,1.9746835443038,1.297386241377135,2.3728813559322104,0.0111515393325454
2011-12-28,321.58,322.5,319.05,319.85,4254260,0,-0.0843433712357843,316.86,314.219,312.13,311.2764747431545,321.1276441361042,303.1323558638958,0.8728003239013341,61.88393117526984,5487643.2,1.0813352139163104,-0.5379687791529204,2.2472987660635546,-0.0008437896026987
2011-12-29,320.62,321.5,317.6,321.2,3150990,0,0.4220728466468593,318.518,315.43500000000006,313.20500000000004,312.2215723866636,321.0077808807921,305.402219119208,0.7127035438105255,70.61952440550698,5327286.0,1.2279596977329903,0.1808995072047857,3.9347657261195934,0.0042118461764599
2011-12-30,321.01,323.38,321.01,322.95,3565718,0,0.5448318804483154,320.13800000000003,316.75300000000004,314.0085,313.2433273974575,322.3592737429075,305.6577262570926,0.7120360983410985,66.48822269807289,5143512.5,0.7382947571726752,0.6043425438459854,4.254769667818059,0.005433530405875
2012-01-03,326.2,334.08,326.18,332.7,7354300,0,3.0190431955411157,323.36400000000003,318.725,315.1345,315.09634383579487,326.74756428576165,303.52143571423835,1.0824757530937064,77.20348204570193,5102659.6,2.4219755962965164,1.9926425505824648,6.300722090868427,0.0297436705459494
2012-01-04,332.62,335.12,330.31,334.14,5727960,0,0.4328223624887384,326.168,321.047,316.20050000000003,316.910025375243,330.518140903885,301.88285909611506,0.9906321716772848,77.99369747899169,5069285.0,1.456207804789441,0.4569779327761354,7.4681590119644925,0.0043188838052012
2012-01-05,331.06,331.98,328.12,329.5,6565632,0,-1.388639492428323,328.098,322.479,317.0815,318.1090705776008,332.4123238182864,301.75067618171363,1.1611542623981246,76.27118644067801,5164924.8,1.1763988784591044,-0.4712136772790438,4.543435497176218,-0.0139837128870703
2012-01-06,329.92,330.0,324.9,325.01,5386198,0,-1.362670713201819,328.86,323.68899999999996,317.747,318.76630195116263,333.24881666773183,302.2451833322682,1.2477220309096957,67.84543325526937,5208459.7,1.5697137580794165,-1.4882395732298814,3.866926592310871,-0.0137204028554182
2012-01-09,323.25,323.5,310.62,311.23,11646536,0,-4.2398695424756045,326.51599999999996,323.327,317.90749999999997,318.04855890819476,333.0475241604468,302.76747583955313,1.914966760418244,48.35742444152431,5549386.5,4.146545618440537,-3.718484145398293,-1.1497538510401806,-0.0433237624009098
2012-01-10,314.92,316.9,308.46,311.57,8791030,0,0.1092439674838408,322.29,322.827,317.8005,317.4315532978905,333.09489178261,302.50610821739,1.9035587644451004,50.63045586808922,5712120.2,2.736173247746871,-1.0637622253270744,-1.57942951006097,0.0010918433968424
2012-01-11,311.75,314.7,310.56,312.98,4800520,0,0.4525467792149573,318.058,322.113,317.8145,317.00759584094857,333.0897341355118,302.53926586448824,1.8655826957123456,47.74127310061602,5733672.8,1.3330757341576465,0.3945469125902223,-2.2304135949019033,0.0045152586519497
2012-01-12,315.6,316.44,313.25,314.82,3750262,0,0.5878969902230136,315.122,321.61,317.9145,316.79925337990585,333.0778401055922,302.75115989440775,1.8826273343845703,51.978454526621064,5518338.7,1.018355945730247,-0.2471482889733934,-1.572612161950926,0.0058617561916494
2012-01-13,313.13,313.48,310.53,312.5,4614476,0,-0.7369290388158256,312.62,320.73999999999995,318.0875,316.3898006770577,332.8994025751152,303.2755974248848,1.87969779108452,47.58478931140799,5358664.3,0.9499887289472984,-0.2011943921055138,-2.7085927770859275,-0.0073965777502191
2012-01-17,315.52,315.99,312.84,314.29,3818588,0,0.5727999999999955,313.232,319.874,318.3135,316.18981966019504,332.72353199528817,303.9034680047118,1.8810456637989508,47.66009852216752,5308655.2,1.0069044879171571,-0.3898326572007991,-2.6815296485523943,0.0057116573852996
2012-01-18,313.32,317.0,311.06,316.46,5526160,0,0.6904451302936598,314.21000000000004,318.25,318.4875,316.21555112112884,332.70917785644855,304.2658221435515,1.5447228032737057,46.13434727503165,5139022.8,1.9095994341927596,1.0021703051193624,-4.881274421400661,0.006880724729081
2012-01-19,320.48,320.5,315.73,319.79,12585752,0,1.0522656891866378,315.572,316.815,318.931,316.5559748238785,332.70521068518866,305.1567893148113,1.5972873531283396,49.94047619047619,5553951.5,1.510784531086682,-0.2153020469296048,-4.294607050936728,0.0104676790766497
2012-01-20,295.26,295.5,290.85,293.0,21152304,0,-8.377372650802094,311.20799999999997,313.165,317.822,314.31254865017576,335.7983664732035,299.8456335267965,2.9883344925618354,31.408227848101262,6372748.3,1.5987622485817352,-0.7654270812165518,-11.077389984825492,-0.0874919213504195
2012-01-23,293.0,294.33,291.58,292.76,6825800,0,-0.0819112627986395,307.26,309.94,316.8145,312.2599249692066,337.93389141367896,295.69510858632106,3.0044267447452917,29.69191443562491,6464232.9,0.9431373893957062,-0.0819112627986379,-9.922771607027482,-0.0008194482840409
2012-01-24,292.78,293.84,289.0,290.46,6112276,0,-0.7856264517010603,302.49399999999997,307.863,315.59499999999997,310.183741638806,339.78544221871124,291.4045577812887,2.7803902128805924,18.42105263157893,6587455.6,1.6747404844290572,-0.7924038527221782,-6.673521190116649,-0.0078872875533684
2012-01-25,288.76,289.36,283.19,284.74,9036510,0,-1.969290091578868,296.15,305.18,314.0035,307.7605281493959,341.83765567437297,286.169344325627,2.794841567151471,15.28948847667229,6893908.8,2.178749249620402,-1.3921595788890364,-8.611227011586475,-0.0198893899940581
2012-01-26,286.0,287.24,282.27,284.05,6452296,0,-0.2423263327948288,289.002,302.287,312.2,305.5023826113582,342.8929252948927,281.5070747051073,2.7670959884197783,16.18806725189704,7055878.4,1.7607255464626166,-0.6818181818181779,-9.243402134321688,-0.0024262041824638
2012-01-27,285.39,290.16,284.67,289.99,7234864,0,2.091181130082731,288.4,299.80400000000003,310.707,304.0250128388479,342.71010846744286,278.7038915325571,2.8964715618678136,24.497524031459363,7204908.6,1.9285488460322509,1.611829426398971,-7.887046566291844,0.0206961606242191
2012-01-30,289.5,290.0,286.7,288.85,4661496,0,-0.3931170040346154,287.618,297.43899999999996,309.0895,302.5797735208624,342.11339659497736,276.0656034050226,2.8990615359721894,30.024991074616196,7280433.9,1.151028950122083,-0.224525043177885,-7.567999999999997,-0.0039389174000804
2012-01-31,291.5,292.0,287.58,290.06,4284632,0,0.4189025445733074,287.538,295.01599999999996,307.44500000000005,301.3874141379231,340.83634807574805,274.05365192425205,2.891691947889806,31.095095798910165,7316379.6,1.53696362751235,-0.4939965694682668,-7.709440325813743,0.0041802759048294
2012-02-01,292.46,292.75,289.57,290.42,4641300,0,0.1241122526373983,288.674,292.412,305.331,300.3428985057399,337.31395855443503,273.348041445565,2.865563506128594,29.79942693409741,7180729.6,1.0981800600891,-0.6975312863297422,-8.228528092017939,0.0012403529704875
2012-02-02,292.44,293.2,291.04,292.56,4829344,0,0.7368638523517657,290.37600000000003,289.68899999999996,303.252,299.6016700766218,332.65130511173015,273.85269488826987,2.8443688767394466,30.174563591022448,7135798.8,0.7421660252886092,0.0410340582683642,-8.514962944432291,0.0073416227385343
2012-02-03,295.33,298.54,294.02,298.17,6337746,0,1.917555373256774,292.012,290.206,301.6855,299.465320545515,328.41339473269596,274.957605267304,1.2096502237270803,37.94379942789838,7124404.5,1.5373103870485132,0.9616361358480452,1.7645051194539407,0.0189940198068981
2012-02-06,297.62,305.42,297.0,304.54,7359050,0,2.136365160814302,295.15,291.384,300.662,299.94862335070405,325.0986916530725,276.2253083469275,1.351078744771948,42.38400249960943,7223047.1,2.83501683501684,2.3251125596398143,4.023773739581915,0.0211386477645625
2012-02-07,303.58,304.7,301.88,303.38,4184070,0,-0.3809023445196069,297.814,292.67600000000004,300.2695,300.2754211268275,324.2391970755725,276.29980292442747,1.3171366188636502,39.61904761904764,6849923.8,0.9341460182854092,-0.0658804927860823,4.448116780279565,-0.0038162962490601
2012-02-08,304.33,305.68,302.37,304.92,3671986,0,0.5076142131979822,300.71400000000006,294.6940000000001,299.937,300.71776197189155,323.4263481794347,276.44765182056534,1.0099800198914028,37.853291945760496,6593971.6,1.094685319310779,0.1938684980120369,7.087167240289394,0.0050633019565468
2012-02-09,306.01,307.25,304.5,305.73,4529980,0,0.2656434474616276,303.34800000000007,296.862,299.5745,301.1951179745685,322.43158870811203,276.71741129188797,0.9697610670108688,68.06698836219132,6580444.6,0.90311986863711,-0.0915002777686914,7.632459074106679,0.0026529123886388
2012-02-10,303.92,304.06,302.0,302.96,4650886,0,-0.9060281948124248,304.30600000000004,298.159,298.9815,301.3632019769906,320.7633091897556,277.19969081024436,0.9697558913998384,63.50635593220336,6625475.8,0.682119205298014,-0.3158725980521309,4.4725680195868645,-0.0091015759151726
2012-02-13,305.02,306.92,305.01,306.1,3632518,0,1.036440454185383,304.61800000000005,299.884,298.66150000000005,301.8143255982296,319.785193133042,277.5378068669581,0.9376927920858674,70.25906735751296,6576377.9,0.6262089767548688,0.3540751426136125,5.971957763545088,0.0103110623578275
2012-02-14,305.77,306.0,302.38,304.88,3607502,0,-0.3985625612545007,304.918,301.366,298.19100000000003,302.1062945888744,318.2408945003125,278.14110549968757,0.9881219896313927,79.53079178885616,6565823.6,1.1971691249421272,-0.2910684501422593,5.109287733572354,-0.0039935893857621
2012-02-15,306.0,306.46,301.28,302.78,4852720,0,-0.6887955917082245,304.48999999999995,302.602,297.507,302.1704570089816,315.7880642325238,279.2259357674762,1.05407591175017,76.37285271754418,6532151.6,1.7193308550185895,-1.052287581699355,4.255905240685887,-0.0069117873818721
2012-02-16,301.41,304.4,298.86,303.26,5061722,0,0.1585309465618634,303.996,303.672,296.68050000000005,302.2742230081262,311.9695748403448,281.3914251596553,1.0507791007895937,72.07986688851898,6155950.1,1.8537107675834712,0.6137818917753113,3.6573694284933063,0.0015840541890605
2012-02-17,302.48,303.82,301.2,302.32,4898058,0,-0.3099650464947534,303.868,304.087,297.1465,302.27858272163803,312.53107775278727,281.76192224721274,0.911972367786681,72.56281407035156,5343237.8,0.8698539176626842,-0.0528960592435946,1.3918234564174623,-0.0031044643315596
2012-02-21,301.94,308.94,301.44,307.0,4961478,0,1.5480285789891468,304.048,304.33299999999997,297.8585,302.72824151005346,313.6995928317853,282.0174071682147,0.7781811012541925,75.42016806722671,5250021.7,2.4880573248407645,1.6758296350268271,0.8077756616536425,0.0153616885459635
2012-02-22,305.82,308.39,303.36,303.97,3933970,0,-0.9869706840390792,303.86600000000004,304.392,298.534,302.8465042233817,314.19792220828947,282.8700777917105,0.8395260126763335,68.82467352042227,5141106.4,1.6580959915611724,-0.6049310051664266,0.194475575186237,-0.0099187352611087
2012-02-23,303.36,303.97,300.18,303.06,4109860,0,-0.2993716485179543,303.922,304.206,299.45,302.8668371544882,313.8054999546286,285.0945000453714,0.8264064960813732,65.1035673187571,4894773.9,1.262575787860624,-0.0988924050632948,-0.6099960645415181,-0.0029982066180721
2012-02-24,303.68,305.82,302.76,304.95,3873948,0,0.6236388833894324,304.26,304.128,300.495,303.06523361596555,313.0617171109777,287.9282828890223,0.8494229992198734,60.92139175257721,4765856.5,1.0107015457788355,0.4182033719704893,-0.2551270729074795,0.0062170230344491
2012-02-27,303.3,306.18,302.53,304.65,3629036,0,-0.0983767830792015,304.726,304.29699999999997,301.228,303.21616374777835,312.89256189535195,289.56343810464807,0.7925532453835573,50.220264317180536,4585565.1,1.2064919181568885,0.4451038575667543,0.5578294164246156,-0.000984252047962
2012-02-28,305.0,309.88,303.84,309.2,5695394,0,1.493517150828816,305.166,304.60699999999997,302.2455,303.7860529146566,312.8674860864634,291.6235139135366,0.86508300714053,60.26093088857538,4637260.0,1.987888362295952,1.377049180327865,1.0127409343351657,0.0148247400187634
2012-02-29,309.08,312.8,307.75,309.12,6273674,0,-0.0258732212160328,306.196,305.03099999999995,303.19849999999997,304.29404787516546,312.5628720670685,293.83412793293144,0.8488947686580778,57.80669144981407,4736712.1,1.6409423233143825,0.0129416332341207,1.3907110994489713,-0.0002587656891136
2012-03-01,311.13,312.85,309.08,311.2,4475420,0,0.6728778467908869,307.82399999999996,305.873,304.2375,304.9517576013402,312.12723983961496,296.34776016038506,0.8092061085977289,59.70891018814332,4728418.1,1.2197489323152708,0.0224986340115042,2.7808970209393102,0.0067062412800833
2012-03-02,310.8,312.0,310.16,310.62,3146428,0,-0.1863753213367514,308.95799999999997,306.60900000000004,305.14050000000003,305.4915902107364,311.36002942880356,298.9209705711965,0.822093050060003,64.7421093148576,4644272.3,0.5932421975754368,-0.0579150579150601,2.426960364044062,-0.0018654921623714
2012-03-05,310.2,311.24,305.69,307.12,3186500,0,-1.126778700663189,309.452,307.089,305.588,305.6466768573329,310.9204729130474,300.25552708695267,0.9181214091894366,51.93621867881545,4486710.0,1.8155647878569832,-0.9929078014184346,1.5877216194760455,-0.0113317494493227
2012-03-06,304.04,304.4,296.92,302.48,6348632,0,-1.5108101067986437,308.108,306.637,305.485,305.345088585206,310.9798147806498,299.9901852193502,0.9143676681628248,45.96774193548391,4436189.1,2.519197090125273,-0.5130903828443634,-1.4723127035830563,-0.0152233911098648
2012-03-07,304.63,305.6,302.93,303.4,1712510,0,0.3041523406505986,306.96400000000006,306.58,305.486,305.1598420532816,310.97920882161395,299.992791178386,0.872373710418178,51.08467459762073,4312611.1,0.8813917406661657,-0.4037685060565336,-0.187518505115658,0.0030369073317542
2012-03-08,305.0,305.75,303.18,303.57,2690856,0,0.0560316413974915,305.438,306.631,305.4185,305.00842852439763,310.97381902537086,299.86318097462913,0.8667379309397704,50.54828440042448,4263554.6,0.8476812454647381,-0.4688524590163957,0.1682835082161826,0.0005601594953463
2012-03-09,303.9,305.95,300.0,300.12,5341022,0,-1.1364759363573396,303.338,306.148,305.13800000000003,304.54286390302644,311.17291455483627,299.1030854451638,0.908299595660496,46.426250812215734,4304106.7,1.9833333333333296,-1.2438302073050256,-1.583866207575002,-0.0114298317322501
2012-03-12,300.0,303.5,299.63,302.58,3338752,0,0.8196721311475308,302.43,305.941,305.119,304.3559244836906,311.1850987202793,299.05290127972074,0.95969097273705,42.2619047619047,4238500.0,1.291592964656411,0.8599999999999947,-0.6794682422451959,0.0081633106391608
2012-03-13,304.38,308.92,302.77,308.89,4494708,0,2.085398902769509,303.712,305.90999999999997,305.2585,304.7877411995296,311.54394274703697,298.9730572529631,1.077450271900449,57.726130653266296,4281609.5,2.031244839316985,1.4817005059465114,-0.1002587322121661,0.0206395211476068
2012-03-14,307.5,311.39,306.73,308.0,5873714,0,-0.288128459969561,304.63199999999995,305.79799999999994,305.4145,305.0936706090982,311.814221951194,299.01477804880597,1.0812048570876025,57.762413576367095,4394920.1,1.5192514589378177,0.1626016260162601,-0.3623188405797117,-0.0028854434907213
2012-03-15,308.27,311.75,307.42,310.56,4870680,0,0.831168831168827,306.03000000000003,305.73400000000004,305.8035,305.61427340823167,312.46923729486633,299.13776270513364,1.093741526740816,58.6334256694368,4395818.1,1.408496519419681,0.7428552891945439,-0.2056555269922877,0.0082773364471256
2012-03-16,310.44,312.96,310.02,312.52,6100914,0,0.6311179804224576,308.51000000000005,305.924,306.2665,306.2719616550667,313.45430919700794,299.07869080299207,1.1099576974849228,61.5226939970718,4447777.7,0.9483259144571312,0.6700167504187554,0.6116798660742884,0.0062913477078433
2012-03-19,311.56,318.64,310.62,316.99,4345942,0,1.4303084602585558,311.392,306.911,307.0,307.292727211727,315.3862669695264,298.6137330304736,1.098992796637171,61.432345171705386,4420171.9,2.581932908376789,1.742842470150214,3.2137275332117854,0.0142017605098348
2012-03-20,315.46,318.03,313.64,316.74,3081556,0,-0.0788668412252779,312.962,308.337,307.48699999999997,308.1924674772768,316.9370261208193,298.0369738791806,0.9107886757991436,61.12733644859817,4326175.8,1.399693916592267,0.4057566727952925,4.714361280084622,-0.0007889795747984
2012-03-21,317.3,323.7,316.26,319.99,4939274,0,1.026078171370837,315.36,309.996,308.288,309.31604200325046,319.1003995097227,297.4756004902773,0.9250832330204684,62.41174809375888,4376441.0,2.3524947827736664,0.8477781279546164,5.468029004614383,0.0102084972419009
2012-03-22,318.91,324.4,315.5,323.02,4820640,0,0.9469045907684492,317.85200000000003,311.941,309.286,310.62118086008377,321.64120499733895,296.93079500266106,0.916406828198604,66.37612255678818,4411980.0,2.8209191759112446,1.2887648552883122,6.407088974536346,0.0094244955048861
2012-03-23,323.3,324.25,320.45,321.3,3880670,0,-0.5324747693641219,319.60800000000006,314.059,310.1035,311.6382112543615,323.38000758611474,296.82699241388525,0.7997643273268299,69.65077605321517,4412316.1,1.185832423154942,-0.6186204763377667,7.057177129148351,-0.0053389746885542
2012-03-26,322.98,324.74,319.77,324.67,3639244,0,1.0488639900404717,321.14400000000006,316.26800000000003,311.10450000000003,312.8793339920414,325.6115878865236,296.5974121134765,0.8072342033930566,81.87302499281824,4412826.5,1.554242111517662,0.5232522137593651,7.300548615242253,0.0104340157403598
2012-03-27,323.52,326.75,322.4,323.51,4017608,0,-0.357285859488099,322.49799999999993,317.73,311.82000000000005,313.8917783737517,327.3098581421234,296.3301418578767,0.7083259441554274,78.68758915834528,4328937.2,1.349255583126558,-0.0030909990108775,4.733076499724831,-0.0035792564978983
2012-03-28,326.06,329.3,325.54,327.88,5077616,0,1.3508083212265376,324.076,319.718,312.758,315.2239899572039,329.7578843339702,295.75811566602977,0.7041033629540691,80.9681528662421,4269134.3,1.1550039933648677,0.5581794761700279,6.454545454545446,0.0134176624205556
2012-03-29,326.72,328.3,322.15,324.2,3848430,0,-1.12236183969745,324.312,321.082,313.408,316.0788480565178,331.1356074913781,295.68039250862194,0.8887700214039855,80.49645390070923,4237784.8,1.909048579854116,-0.7713026444662213,4.392065945388968,-0.0112870784832541
2012-03-30,325.88,326.74,320.5,320.62,4621490,0,-1.104256631708822,324.176,321.892,313.908,316.51133871780183,331.86709574560876,295.94890425439127,1.007555239590541,72.21674876847295,4311537.9,1.9469578783151351,-1.6140910764698635,2.5918341226161656,-0.0111039880400482
2012-04-02,320.38,323.75,317.42,323.46,4568276,0,0.8857837938993196,323.934,322.539,314.725,317.1731159827731,332.8696080145023,296.5803919854977,0.950419865382639,69.62025316455698,4380626.7,1.9942032638144993,0.9613583869155328,2.0410738509101245,0.0088188374301048
2012-04-03,322.7,323.98,319.32,321.31,4089714,0,-0.6646880603474847,323.49399999999997,322.996,315.6665,317.5671049367947,333.0750342349798,298.2579657650202,0.9872906423636638,67.33524355300864,4267680.8,1.4593511211324142,-0.4307406259683874,1.44282376712761,-0.0066690694936121
2012-04-04,319.23,319.5,315.55,317.58,3256344,0,-1.1608726774765876,321.434,322.755,316.3755,317.56833303805234,332.80821380989244,299.94278619010754,1.012992636373159,58.87259858442871,4344872.5,1.2517826018063662,-0.5168687153463126,-0.7531485358917567,-0.011676634100069
2012-04-05,316.12,318.21,314.29,316.16,4638824,0,-0.4471314314503316,319.82599999999996,322.069,317.005,317.43420608204735,332.2972553498215,301.7127446501785,0.9514033801011168,54.664274730907294,4442270.9,1.2472557192401792,0.0126534227508605,-2.1237075103708647,-0.004481340538448
2012-04-09,314.24,317.67,312.64,315.42,3881698,0,-0.2340587044534436,318.786,321.481,317.77,317.24237693137616,330.88091630343666,304.6590836965633,0.9448347838666576,47.77557381694531,4369304.7,1.608879222108505,0.3755091649694522,-1.8300653594771177,-0.0023433305000913
2012-04-10,316.76,317.25,312.27,313.43,4969756,0,-0.630904825312284,316.78000000000003,320.357,318.3125,316.8792934141022,329.53953480560415,307.08546519439585,0.8461490800077038,45.53065082365649,4450854.9,1.594773753482569,-1.0512690996337872,-3.46197677641914,-0.0063290344047952
2012-04-11,316.98,318.0,315.65,317.98,4398678,0,1.4516798009124976,316.11400000000003,319.804,318.767,316.98412261275917,329.08729803730864,308.44670196269135,1.0196424880218575,47.378032872423695,4446053.4,0.7444954855061058,0.3154773171808946,-1.709375289790105,0.0144124380659467
2012-04-12,321.18,326.57,320.13,325.5,11478316,0,2.3649286118623714,317.69800000000004,319.566,319.642,317.79515855440116,329.04533781724285,310.23866218275714,1.2184840778245023,52.89584306398881,4726283.5,2.0116827538812347,1.3450401643937957,-0.725875320239111,0.0233739739280608
2012-04-13,323.77,324.5,311.77,312.3,16322624,0,-4.055299539170498,316.92600000000004,318.37600000000003,319.729,317.2718101206487,328.8050411031016,310.6529588968984,1.7416347753592212,41.71270718232044,5298880.7,4.083138210860576,-3.542638292615119,-3.6705737199259625,-0.0413981973595909
2012-04-16,311.74,311.9,300.83,303.04,11384722,0,-2.9650976625040015,314.45,316.61800000000005,319.255,315.91639963296785,330.6182695443156,307.8917304556844,1.9202978975048683,32.0318989865426,5563071.1,3.679819166971378,-2.790787194456916,-5.483126442517616,-0.0300994542913194
2012-04-17,304.28,308.85,303.5,304.79,6048028,0,0.5774815205913386,312.72200000000004,314.75100000000003,318.64500000000004,314.8567425250662,331.70359265408007,305.58640734592,1.8970990885354335,34.60019743336625,5648175.4,1.7627677100494308,0.1676087813855816,-5.771965621715191,0.0057582048776203
2012-04-18,304.02,306.4,301.4,303.73,5340760,0,-0.3477804389907857,309.872,312.99300000000005,317.9945,313.7970527607742,332.65104296138344,303.3379570386166,1.8981069896182992,28.98903775883069,5761135.6,1.6589250165892504,-0.0953884612854297,-5.4713516541657565,-0.0034838660097611
2012-04-19,302.85,308.13,299.5,299.65,6589704,0,-1.3432983241695062,304.702,311.20000000000005,316.97749999999996,312.4497144026052,333.7246636247341,300.23033637526584,1.9055489696111625,28.788664247451152,5843657.1,2.8814691151919853,-1.0566286940729883,-5.645821525284966,-0.0135240219613785
2012-04-20,302.12,304.42,297.92,298.03,6116722,0,-0.540630735858505,301.848,309.387,315.728,311.0764082690238,334.2155008700741,297.2404991299259,1.9051468952535464,29.79788946521191,5908461.2,2.1817937701396346,-1.3537667152125088,-5.734438259109331,-0.0054209743248494
2012-04-23,296.45,299.23,295.1,298.8,4395466,0,0.2583632520216206,301.0,307.725,314.603,309.90722652911677,334.35775436445465,294.84824563554537,1.9211572501415648,27.09881129271922,5934201.0,1.3995255845476091,0.7927137797267744,-5.2691649229598685,0.0025803006793175
2012-04-24,299.12,303.32,298.66,300.64,3858574,0,0.6157965194109716,300.17,306.446,313.4015,309.02463352634373,333.49830705197104,293.30469294802896,1.9535589594306724,30.693069306930695,5945167.5,1.5603026853277868,0.5081572612998067,-4.08065596783972,0.0061390824064928
2012-04-25,302.0,305.68,301.44,304.86,3642084,0,1.4036721660457774,300.39599999999996,305.134,312.469,308.62800176193,332.32014171448,292.61785828552,1.948559958117116,38.22658274713072,5926391.3,1.4065817409766483,0.9470198675496734,-4.126045663249267,0.0139391191685404
2012-04-26,305.46,309.0,304.85,307.74,4186248,0,0.9446959259988176,302.014,303.358,311.462,308.5434301655557,330.0228854144507,292.9011145855493,1.7677541612601595,42.41167988464311,5881822.9,1.3613252419222492,0.7464152425849636,-5.456221198156674,0.0094026157955365
2012-04-27,307.51,308.37,305.3,307.49,3272798,0,-0.0812374082017286,303.906,302.877,310.62649999999996,308.44310348312183,328.254018289668,292.9989817103319,1.266658589884747,42.78959810874705,5853041.3,1.0055682934818189,-0.0065038535332125,-1.5401857188600765,-0.00081270423666
2012-04-30,306.5,308.04,300.3,302.42,5330300,0,-1.6488341084262892,304.63,302.815,309.7165,307.86947457996735,327.04842524307475,292.38457475692525,0.9765305601298652,40.52006199414502,5888481.8,2.5774225774225803,-1.3311582381729148,-0.204593453009505,-0.0166257867080489
2012-05-01,301.9,305.8,300.1,302.21,4004848,0,-0.0694398518616634,304.944,302.557,308.654,307.3304770009228,325.0167618309623,292.2912381690377,0.9540011046354804,35.32477200818907,5860310.4,1.8993668777074268,0.1026830076184174,-0.8464844647134262,-0.0006946397249366
2012-05-02,300.6,304.06,300.3,303.63,3222868,0,0.4698719433506637,304.698,302.54699999999997,307.77000000000004,306.97805061988254,323.13367554707366,292.4063244529264,0.963574467435698,27.041780390510223,5816968.1,1.252081252081249,1.0079840319361186,-0.0329239785335722,0.004687714909333
2012-05-03,304.81,307.42,304.48,305.51,3736374,0,0.6191746533609876,304.252,303.133,307.16650000000004,306.8382362751318,321.84042427689917,292.4925757231009,0.8528750153304621,40.649958689066366,5840969.6,0.9655806621124532,0.2296512581608177,1.955614884031376,0.0061726564312326
2012-05-04,302.96,303.94,298.4,298.48,4414720,0,-2.3010703413963496,302.45,303.178,306.28249999999997,306.0422137727383,320.80458753298745,291.7604124670125,1.1514921724426836,43.30985915492958,5829764.4,1.856568364611267,-1.4787430683918543,0.1509915109217274,-0.0232795823872498
2012-05-07,297.5,305.29,297.5,303.77,4094694,0,1.7723130528008555,302.71999999999997,303.675,305.7,305.82581246104894,319.6001325249254,291.79986747507456,1.278656374199049,48.64433811802228,5840414.2,2.6184873949579903,2.107563025210078,1.6633199464524573,0.0175679071956588
2012-05-08,302.76,308.45,300.35,306.4,5354824,0,0.8657866148730875,303.558,304.25100000000003,305.3485,305.8804969885681,318.77299493316195,291.92400506683805,1.2906736829745675,53.40648124521556,5859667.6,2.6968536707174846,1.202272427004884,1.915912719531665,0.0086206017578748
2012-05-09,303.41,308.19,300.9,304.58,4658692,0,-0.5939947780678856,303.748,304.223,304.6785,305.756640132514,316.71431370655563,292.64268629344434,1.2367100379168416,56.67479014351476,5872668.3,2.422731804586248,0.3856168221218677,-0.0918454372498933,-0.0059576594428914
2012-05-10,306.48,308.1,305.12,306.83,3108042,0,0.7387221747980899,304.012,304.132,303.745,305.8588648817984,310.87912112390126,296.61087887609875,1.2207987579890975,61.71458998935038,5454154.6,0.9766649187205094,0.1141999477942984,-0.2957041658543047,0.0073600698614143
2012-05-11,305.18,307.27,302.38,302.62,4315456,0,-1.3720952970700306,304.84000000000003,303.645,303.261,305.5504015597224,309.1574213946365,297.36457860536353,1.2937248174079017,54.65853658536585,4853796.2,1.6171704477809337,-0.8388492037486082,-1.5837913428078942,-0.0138159552615342
2012-05-14,300.39,304.25,300.29,302.0,4001384,0,-0.2048774040050216,304.486,303.60299999999995,303.20899999999995,305.21226807784404,309.13191144623727,297.2860885537626,1.184021975698098,51.70940170940173,4484629.3,1.31872523227546,0.5359699057891454,-0.1388797037233047,-0.002050875648555
2012-05-15,302.68,307.5,301.88,305.56,4204078,0,1.1788079470198776,304.318,303.938,303.2475,305.24538540376363,309.2234548895615,297.2715451104385,1.2411912820799464,50.89468302658485,4392431.8,1.8616668875049704,0.9514999339236142,1.1085007114258305,0.0117191412982894
2012-05-16,308.94,315.05,307.97,314.46,9833706,0,2.9126849064013527,306.294,305.021,303.784,306.12296774626236,311.5890304965835,295.97896950341647,1.526008411734172,57.44350908285332,4617079.1,2.2989252199889547,1.7867547096523535,3.5668412212231937,0.0287107233689708
2012-05-17,316.9,318.88,310.62,311.52,5432556,0,-0.9349360809005948,307.232,305.62199999999996,304.3775,306.6369708180469,312.6501407035778,296.1048592964222,1.5751994465152337,54.212837131507406,4559221.7,2.659197733565125,-1.697696434206373,1.9672023829007124,-0.0093933404182403
2012-05-18,312.55,316.21,298.35,300.2,11947160,0,-3.6337955829481183,306.74799999999993,305.794,304.486,306.0239259782329,312.4596286397208,296.5123713602792,1.8442899812367175,47.94748520710057,4850743.6,5.986257750963618,-3.951367781155022,0.5762530152773948,-0.0370146224245279
2012-05-21,300.26,307.85,300.0,307.06,6297872,0,2.285143237841436,307.76,306.123,304.899,306.12259969459166,312.47850949669504,297.31949050330496,1.9029919479219757,53.993084142927735,4945863.9,2.6166666666666742,2.2647039232665063,1.0830562596701565,0.0225942490313913
2012-05-22,306.72,306.9,298.0,300.4,6103666,0,-2.168957207060518,306.72799999999995,305.52299999999997,304.887,305.57759019986867,312.4956048240387,297.2783951759613,2.0105201382972737,47.55191753827496,5058118.5,2.986577181208046,-2.0605112154408087,-1.958224543080944,-0.0219282483407733
2012-05-23,300.82,304.8,298.56,304.73,6345352,0,1.4414114513981555,304.782,305.53799999999995,304.8805,305.4968673236907,312.48942405423537,297.2715759457646,2.066136716481431,49.429991230634336,5193281.9,2.090032154340839,1.2997805996941776,0.0492481449865467,0.0143112187542419
2012-05-24,304.58,305.96,299.44,301.83,3144342,0,-0.9516621271289494,302.84399999999994,305.038,304.585,305.1476418642916,312.18537533698975,296.9846246630102,2.0703287443270897,52.6053818634313,5141186.6,2.177397809243916,-0.9028826580865454,-1.6295668611283176,-0.0095621936721525
2012-05-25,300.5,300.86,294.14,295.76,7164240,0,-2.0110658317595953,301.956,304.352,303.99850000000004,304.25358073435905,312.4208893971878,295.57611060281226,2.1216393234498496,43.8450899031812,5335758.7,2.2846263683960113,-1.5773710482529149,-2.2668693410878404,-0.0203156303436925
2012-05-29,297.9,299.56,294.16,297.17,5211780,0,0.4767378955910173,299.97799999999995,303.869,303.736,303.57895399775344,312.6768309987011,294.79516900129886,2.1326969090743533,42.77212216131562,5329832.7,1.8357356540658063,-0.2450486740516822,-1.599337748344365,0.0047560509937141
2012-05-30,294.08,295.95,291.76,294.12,3813258,0,-1.02634855469933,298.72200000000004,302.725,303.3315,302.6781012360626,313.24240898162594,293.42059101837407,2.094786363369486,41.96373693915184,5320253.2,1.436111872772141,0.0136017410228578,-3.743945542610283,-0.0103165182940691
2012-05-31,294.36,295.0,289.5,290.43,5936460,0,-1.2545899632802948,295.86199999999997,300.322,302.6715,301.51161540405667,314.13514188480815,291.2078581151918,1.758704847702652,37.67288033674087,5455932.8,1.8998272884283247,-1.3350998777007768,-7.641671436748709,-0.0126252639279316
2012-06-01,285.9,286.32,284.18,285.49,6116628,0,-1.7009262128568017,292.59400000000005,297.719,301.6705,299.985747270337,315.3689708712505,287.9720291287495,1.782824576200886,37.26394052044612,5574945.5,0.7530438454500621,-0.1434067855893558,-8.355803800719041,-0.0171555811871613
2012-06-04,285.11,290.24,285.0,289.3,4865272,0,1.3345476198816095,291.302,296.629,301.2115,298.96805705411447,315.9368083606342,286.4861916393658,1.6056923824500335,40.985235661555954,5597473.1,1.8385964912280737,1.469608221388235,-3.630912724850088,0.0132572097691609
2012-06-05,287.73,289.06,283.24,285.2,4680354,0,-1.417213964742492,288.908,294.443,300.283,297.65681352515116,316.58634043911434,283.9796595608857,1.3321825140147292,35.657931811777985,5626756.1,2.0547945205479428,-0.8792965627498104,-7.11912981176318,-0.0142735234419486
2012-06-06,288.24,290.98,286.8,290.29,3583352,0,1.7847124824684537,288.142,293.432,299.4775,296.9552122370415,316.09714959412673,282.8578504058733,1.439331620710825,32.00833705523307,5538182.5,1.4574616457461669,0.7112128781570952,-3.3655126498002508,0.0176897347734624
2012-06-07,293.8,293.94,288.62,289.12,3515394,0,-0.403045230631438,287.88,291.871,298.7045,296.20900154779946,315.757373164305,281.65162683569497,1.2980033702311689,32.874617737003135,5481017.6,1.8432541057445753,-1.5929203539823034,-5.1225675187871245,-0.0040385964696848
2012-06-08,287.92,290.5,287.29,290.23,2820732,0,0.3839236303265103,288.828,290.711,297.8745,295.63957282896143,314.87801477597566,280.87098522402437,1.3168717936059349,40.967566588150085,5466652.1,1.117337881583062,0.8023061961656024,-3.843223006328056,0.0038318852445293
2012-06-11,292.1,292.66,283.35,284.25,5323134,0,-2.0604348275505724,287.818,289.56,296.956,294.55485160715557,314.8419078900853,279.07009210991475,1.3237268573849414,29.000184128153293,5517036.0,3.2856890771131115,-2.6874358096542355,-3.89166892074655,-0.0208195794578023
2012-06-12,284.88,285.15,279.29,282.55,6448284,0,-0.5980650835532009,287.288,288.098,295.9835,293.41153240647407,314.8052559167432,277.1617440832568,1.2888644366888715,31.914893617021377,5639381.0,2.0981775215725436,-0.8178882336422298,-4.919742908099744,-0.0059986065547929
2012-06-13,280.86,283.5,279.34,280.54,3909014,0,-0.7113785170766218,285.338,286.74,294.73249999999996,292.18567217728605,314.189443964072,275.27555603592793,1.2782618524591478,24.282372953434063,5624627.8,1.4892246008448575,-0.113935768710387,-4.617163062695495,-0.0071392087843269
2012-06-14,280.65,282.54,278.26,279.52,4689614,0,-0.36358451557712,283.418,285.649,292.9855,290.97941768421117,311.2203763290797,274.7506236709203,1.2477393846647706,25.29346622369887,5367423.2,1.5381298066556564,-0.4026367361482257,-3.7564989842647223,-0.003642470905779
2012-06-15,280.17,282.26,278.54,282.26,6003634,0,0.9802518603319932,281.824,285.326,291.5225,290.14899695238154,308.1175352436153,274.92746475638467,1.218935019068654,33.85939741750366,5395977.1,1.3355352911610434,0.745975657636426,-1.1313881396896597,0.0097547856001144
2012-06-18,281.31,287.1,279.62,285.42,4993728,0,1.1195351803302112,282.058,284.938,290.7835,289.69861629024996,307.0648826840737,274.5021173159263,1.192286173584926,36.51595134266702,5048305.5,2.675059008654609,1.4610216487149457,-1.34116833736605,0.0111331476863843
2012-06-19,286.8,292.14,286.56,290.76,4152858,0,1.8709270548665111,283.7,285.494,289.9685,289.7997004530833,304.3390682779622,275.5979317220378,1.249437705851643,46.33667684256432,4941054.8,1.9472361809045171,1.3807531380753066,1.9495091164095424,0.0185364049441895
2012-06-20,289.9,290.0,286.76,288.76,4693396,0,-0.6878525244187639,285.34399999999994,285.341,289.3865,289.70068136231345,302.89523132848745,275.87776867151257,1.1409969973503464,48.109576635725595,4870541.3,1.1298646952155145,-0.3932390479475635,-0.5270591477488096,-0.0069022913454744
2012-06-21,289.92,289.92,281.86,282.6,4022444,0,-2.1332594542180283,285.96,284.689,288.28000000000003,289.0244259944741,300.0045078451304,276.5554921548697,1.318387456663915,46.81647940074909,4754395.9,2.8595756758674526,-2.5248344370860902,-2.2551189817376804,-0.0215634230205331
2012-06-22,284.0,285.74,282.91,285.74,4457290,0,1.1111111111111072,286.656,284.24,287.4755,288.71162351880986,297.34687376457794,277.6041262354221,1.374269628835474,46.01967799642219,4820043.3,1.0003181223710662,0.6126760563380313,-1.547048892257863,0.0110498361865849
2012-06-25,283.67,284.04,278.68,280.35,2940364,0,-1.886330230279265,285.642,283.85,286.705,287.91527842178033,296.25404789963227,277.1559521003677,1.3481944482194557,44.72940665072814,4608849.5,1.92335294961964,-1.170374026157152,-1.3720316622691242,-0.0190434838673304
2012-06-26,281.38,283.3,279.74,282.34,2702302,0,0.7098270019618269,283.95799999999997,283.829,285.96349999999995,287.3842995244679,294.31960152113874,277.60739847886117,1.3611052014273208,40.73642507573986,4483375.6,1.272610280975192,0.3411756343734379,-0.0743231286498113,0.0070731958863719
2012-06-27,283.85,287.0,283.01,284.65,3382692,0,0.8181624991145497,283.136,284.24,285.49,287.1238900459472,292.9222030452123,278.0577969547877,1.3581040096595682,44.926220204313246,4461847.3,1.4098441751174904,0.2818389994715358,1.4650317245312516,0.0081483369410373
2012-06-28,282.95,283.12,278.6,282.15,3841540,0,-0.8782715615668346,283.046,284.50300000000004,285.076,286.6501862320474,292.26814308153445,277.8838569184656,1.3892881597797209,41.10915492957741,4357101.3,1.6223977027997063,-0.282735465629974,0.9408986834573474,-0.0088215109819417
2012-06-29,287.48,290.06,286.1,290.04,5044424,0,2.7963849016480857,283.906,285.281,285.3035,286.9730256385191,292.83082083462426,277.7761791653757,1.616860967509153,56.11404435058081,4303491.1,1.3841314225795105,0.8904967302073195,2.7563239566357423,0.0275800000882431
2012-07-02,290.91,291.5,288.25,290.24,3310926,0,0.0689560060681326,285.88399999999996,285.76300000000003,285.3505,287.2841660538983,292.99373567469615,277.70726432530387,1.590456149750315,58.38604143947656,4225773.8,1.1274934952298352,-0.230311780275692,1.6887394015836277,0.0006893224233798
2012-07-03,290.0,294.2,289.0,293.92,2381050,0,1.2679162072767314,288.2,286.079,285.7865,287.9161502392413,294.3348424678336,277.2381575321664,1.5294397807478064,64.07828282828282,4110808.6,1.799307958477505,1.35172413793104,1.0868069885816567,0.0125994545400436
2012-07-05,294.38,300.03,294.27,297.96,4691802,0,1.3745236799128868,290.86199999999997,286.99899999999997,286.16999999999996,288.87270735931355,296.13914608601,276.20085391398993,1.5475445721463386,68.24297586070442,4166231.1,1.957386074013658,1.2161152252190992,3.186036847208751,0.0136516278412598
2012-07-06,296.23,296.76,291.41,292.99,4323436,0,-1.6680091287420984,293.03000000000003,288.038,286.3635,289.26483046795033,296.716576888183,276.010423111817,1.470507813102438,60.16676141747209,4206633.2,1.8359013074362465,-1.0937447253823074,3.676574663835797,-0.016820770566272
2012-07-09,292.48,294.3,290.62,293.0,3430040,0,0.0034130857708314,293.622,288.764,286.502,289.6205608995741,297.1429746288876,275.8610253711124,1.450177817780356,57.63804917372028,4237098.6,1.2662583442295805,0.1777899343544795,2.540771330580238,3.413027526384326e-05
2012-07-10,295.1,296.21,289.37,290.85,3846030,0,-0.7337883959044333,293.744,289.81399999999996,286.832,289.7376503377099,297.58765672467024,276.07634327532975,1.298446634841269,50.09692009476636,4163243.4,2.36375574523965,-1.4401897661809555,3.7453183520599342,-0.0073649386602967
2012-07-11,288.15,288.92,282.47,285.6,6998644,0,-1.805054151624552,292.08000000000004,290.14,286.9845,289.34358840078517,297.5696623561125,276.3993376438876,1.460073114870091,46.81964573268923,4190761.4,2.283428328672067,-0.8849557522123735,1.1546362541616562,-0.0182154398913412
2012-07-12,283.56,285.96,281.04,285.24,4620188,0,-0.1260504201680667,289.53599999999994,290.19899999999996,287.21950000000004,288.95277045785326,297.40332716808723,277.03567283191285,1.4406260497944632,53.00820419325433,4226320.1,1.7506404782237257,0.5924672027084239,0.2072720885297752,-0.0012612993053264
2012-07-13,286.08,289.58,284.27,288.26,3952480,0,1.058757537512256,288.59000000000003,290.81,287.6565,288.8867923190101,297.1777234397408,278.1352765602592,1.4351461238845094,52.87934186471663,4189463.4,1.8679424490801009,0.762024608501121,2.1655147970937483,0.0105319194948536
2012-07-16,288.18,289.6,285.89,287.46,2925600,0,-0.2775272323596756,287.482,290.552,287.91650000000004,288.7509073362472,297.09507293116025,278.73792706883984,1.1167640479320653,59.0758233341843,4035561.7,1.297701913323319,-0.2498438475952624,-0.889532478278876,-0.0027791305318709
2012-07-17,289.21,290.33,284.2,288.36,3362936,0,0.3130870381966355,286.98400000000004,290.36400000000003,288.06350000000003,288.71367806612847,297.16759341132337,278.9594065886767,1.1231219807024462,57.904411764705934,3954022.1,2.156931738212525,-0.2939040835379019,-0.6477398015435454,0.0031259794132922
2012-07-18,288.49,291.85,288.06,290.38,3099700,0,0.7005132473297149,287.94,290.01,288.0445,288.87237539316385,297.12645776482697,278.9625422351731,1.0612506242713302,57.58137073299818,3901364.2,1.3156981184475527,0.6551353599778108,-1.2044093630920072,0.0069807105191636
2012-07-19,293.07,299.24,293.0,296.53,9328402,0,2.1179144569185127,290.198,289.867,288.433,289.60167297476727,298.2766452383729,278.5893547616271,1.1948847455469596,67.35038610038612,4133114.5,2.129692832764508,1.1806053161360697,-0.4799301919720777,0.0209579837022916
2012-07-20,304.38,306.47,299.09,305.41,12927496,0,2.994637979293846,293.62800000000004,291.10900000000004,289.57349999999997,291.10722792955136,301.6124040854614,277.53459591453856,1.3844351584335648,68.11218477492343,4578367.1,2.4674847036009404,0.3383927984755994,4.239052527390008,0.0295067424329982
2012-07-23,300.24,309.18,299.12,307.76,7123236,0,0.7694574506401208,297.688,292.58500000000004,290.67449999999997,292.69320622197506,305.0400384056498,276.30896159435014,1.37972650501881,69.65006729475101,4711664.4,3.3631987162342876,2.5046629363176063,5.037542662116046,0.0076651222532081
2012-07-24,307.5,308.96,302.17,303.79,4019298,0,-1.2899662074343563,300.774,293.879,291.8465,293.7500437246441,306.4874710276186,277.2055289723814,1.444720191591209,60.99843993759753,4765611.1,2.247079458582905,-1.2065040650406438,4.449028708956515,-0.0129835852164868
2012-07-25,304.16,306.69,302.68,304.0,3645946,0,0.0691266993646966,303.498,295.719,292.9295,294.72623003658276,307.8120358266515,278.04696417334856,1.2252014284721844,57.35867446393766,4812793.3,1.3248315052200317,-0.0526038926880671,6.442577030812324,0.0006910281786689
2012-07-26,307.5,308.44,305.02,306.68,3372330,0,0.8815789473684221,305.528,297.86299999999994,294.031,295.864684318813,309.5794775358938,278.48252246410624,1.1969488565633404,67.66451612903228,4812275.2,1.1212379516097355,-0.2666666666666644,7.516477352404993,0.0087771572844719
2012-07-27,309.44,317.5,308.75,317.48,7099348,0,3.521586017999212,307.942,300.78499999999997,295.7975,297.92328581225934,313.5360929246755,278.05890707532456,1.4889961970755723,74.70730722648369,4975165.6,2.834008097165992,2.5982419855222405,10.136682161937149,0.034609965531981
2012-07-30,318.02,321.3,314.75,316.15,4373214,0,-0.4189240267103544,309.62,303.654,297.103,299.65916335394894,316.7933012192612,277.4126987807388,1.5028718068492148,75.96469622331685,4941605.1,2.08101667990469,-0.5880133324948131,9.980519028734424,-0.0041980397180526
2012-07-31,314.13,318.25,314.11,316.48,3731780,0,0.1043808318836214,312.158,306.466,298.415,301.26114779643,319.6185414122506,277.21145858774946,1.5143501789583371,85.25114155251136,4962647.8,1.3180096144662654,0.7480979212428048,9.75169926480788,0.0010432639297253
2012-08-01,318.65,319.76,315.69,316.34,3689112,0,-0.0442366026289331,314.62600000000003,309.062,299.536,302.69722895867477,322.06794728426775,277.00405271573226,1.5457002627098224,85.68150527765017,5028050.9,1.289239443758115,-0.7249333124117378,8.940009642537362,-0.0004424638990047
2012-08-02,312.76,319.02,311.7,314.38,3955380,0,-0.619586520832005,316.166,310.847,300.357,303.80987381975336,323.82433819812616,276.8896618018739,1.5426503792395874,80.71495766698018,4991229.8,2.3484119345524523,0.517969049750609,6.019627019188634,-0.0062151392352507
2012-08-03,320.0,321.86,318.07,320.67,3794556,0,2.0007634073414327,316.804,312.373,301.74100000000004,305.415600122634,326.6024560271405,276.8795439728596,1.396051980398932,84.58654446990207,4964785.8,1.1915616059358067,0.2093750000000049,4.996561998624793,0.0198101116538721
2012-08-06,319.8,324.69,319.61,321.41,3564788,0,0.2307668319456057,317.856,313.738,303.16150000000005,306.93887630143075,329.14143174902836,277.18156825097174,1.3947810983930684,84.53500522466035,4971523.2,1.5894371264979144,0.5034396497811174,4.435274239667275,0.0023050097422104
2012-08-07,320.9,322.13,318.24,320.27,3965190,0,-0.3546871597025713,318.61400000000003,315.386,304.6325,308.2085071298659,331.0059155423293,278.25908445767067,1.293288668934193,81.8181818181817,4977481.2,1.2223479135243798,-0.1963228420068543,5.424800026333965,-0.0035531766593345
2012-08-08,319.52,322.94,319.25,321.12,2644372,0,0.2654010678490026,319.57,317.098,306.4085,309.4381731174977,332.1620446921483,280.6549553078517,1.2868712384004712,79.505639548836,4759767.6,1.1558339859044628,0.5007511266900422,5.631578947368432,0.0026504950111878
2012-08-09,322.26,323.18,320.76,321.18,2140576,0,0.0186846038863874,320.93,318.548,308.2055,310.5564423444027,332.72583182139937,283.6851681786006,1.2915882219035912,74.00304414003031,4635787.0,0.7544581618655742,-0.3351331223235847,4.728055301943401,0.0001868285853168
2012-08-10,319.3,321.12,318.06,321.0,2868816,0,-0.0560433401830762,320.996,318.9,309.8425,311.551066883031,333.09490259232876,286.5900974076712,0.7227548167894227,71.57757496740537,4581603.8,0.9620826259196386,0.5324146570623203,1.1087312586619549,-0.000560590503329
2012-08-13,323.71,330.08,323.34,330.0,6535342,0,2.8037383177569986,322.714,320.28499999999997,311.9695,313.30810813226617,334.3681301037867,289.57086989621325,1.086389972453108,86.69840380845677,4762090.9,2.084493103234988,1.9430972166445335,4.380831883599567,0.0276515313305099
2012-08-14,329.62,336.42,329.5,334.33,7323756,0,1.312121212121209,325.52599999999995,322.07,314.268,315.31019307205037,335.88665627062215,292.6493437293778,1.1123825868769093,88.07431584232968,4960131.9,2.10015174506829,1.4289181481706146,5.640166835187044,0.0130358746938674
2012-08-15,335.14,337.12,332.05,333.77,4821360,0,-0.1674991774593959,328.056,323.813,316.4375,317.0682699223313,336.6237213298797,296.2512786701203,1.1204228867191857,85.91885441527424,5046214.9,1.5268784821562995,-0.408784388613715,5.509894417398997,-0.0016763961417378
2012-08-16,333.76,337.32,333.54,336.44,3435382,0,0.7999520627977486,331.108,326.019,318.433,318.913196596395,338.21974633501566,298.64625366498433,1.044030442490659,82.04868154158189,4751563.9,1.1332973556394952,0.8029721955896473,7.01698581334691,0.0079676940815811
2012-08-17,337.06,338.62,335.85,338.57,4355792,0,0.6330995125430894,334.62199999999996,327.809,320.091,320.785273111024,340.81788962879256,299.36411037120746,0.9366180685815124,86.89927583936783,4322978.7,0.8247729641208817,0.4479914555272031,5.5820625565222715,0.0063110385614424
2012-08-20,337.75,339.44,336.33,337.77,3516012,0,-0.2362879168266607,336.176,329.445,321.5915,322.40286614806934,342.89671189014905,300.28628810985094,0.9654276097537814,84.50567260940011,4142617.5,0.9246870633009288,0.0059215396002906,5.0900718708191794,-0.0023656751725303
2012-08-21,336.56,339.0,331.08,334.76,4443410,0,-0.8911389406992876,336.262,330.89399999999995,323.14,323.5797360387294,343.47737135630234,302.80262864369763,1.0309885345419791,77.31316725978644,4163823.1,2.392171076476989,-0.534822914190638,4.524307615449463,-0.0089513333184754
2012-08-22,333.69,340.3,333.35,338.59,3818524,0,1.144103238140759,337.226,332.64099999999996,324.8695,325.00928498742184,344.21228429312754,305.5267157068725,1.050930039243711,84.01236302332104,4172452.0,2.084895755212236,1.4684287812041048,5.440333831589417,0.0113760787255318
2012-08-23,337.14,340.24,335.5,338.4,3568306,0,-0.0561150654183495,337.618,334.363,326.4555,326.28459117909597,344.6884331589539,308.22256684104605,1.0552788980169865,80.0610376398778,4182250.8,1.4128166915052187,0.3737319807794954,5.361479544180825,-0.0005613081581368
2012-08-24,337.8,340.22,337.04,339.32,2856580,0,0.2718676122931418,337.768,336.195,327.5475,327.52605868584874,346.1297539848596,308.96524601514045,1.0400789336995884,80.18200202224456,3970112.4,0.9435081889390002,0.4499703966844232,5.707165109034262,0.0027149872074657
2012-08-27,331.5,336.0,329.62,334.61,5227214,0,-1.3880702581633764,337.136,336.656,328.4705,328.2007197633869,346.4945371375776,310.44646286242244,0.8660877243566288,71.5703971119134,4012812.4,1.935562162490139,0.938159879336354,1.3969696969696963,-0.0139779404018407
2012-08-28,332.5,338.81,332.37,338.62,4117076,0,1.1984100893577487,337.908,337.085,329.5775,329.1930321668739,347.2162395121897,311.93876048781027,0.8496105865487156,74.03846153846155,4032077.2,1.937599663026145,1.8406015037594,1.2831633416086063,0.0119128601623924
2012-08-29,338.68,344.5,338.08,344.0,5981474,0,1.5888016065205737,338.98999999999995,338.108,330.9605,330.60321957955256,348.5665258524099,313.35447414759017,0.9559612713237396,77.34899328859062,4146695.3,1.8989588263133037,1.5708042990433428,3.0649848698205417,0.0157631226733125
2012-08-30,342.12,343.7,340.09,340.84,3254238,0,-0.918604651162802,339.47799999999995,338.548,332.2835,331.5781510481666,348.57074172958175,315.99625827041825,1.0103173526299545,72.19239373601788,4111638.2,1.0614837248963551,-0.374137729451663,1.3078111996195352,-0.0092284984136432
2012-08-31,342.0,344.29,340.02,342.54,4254250,0,0.498767750264073,340.122,338.945,333.377,332.62213666262693,349.31411470947904,317.439885290521,1.0038251293991072,66.76470588235296,4134622.9,1.25580848185402,0.1578947368421112,1.1725787872522764,0.0049752802444677
2012-09-04,342.28,342.5,336.75,340.52,3779026,0,-0.5897121504058078,341.304,339.21999999999997,334.3325,333.3743141233291,349.52262127043304,319.14237872956693,1.02383119158238,58.820176688515225,4145334.8,1.7074981440237564,-0.5141989014841624,0.8141634840275858,-0.0059145781883666
2012-09-05,340.0,343.25,339.57,340.36,3416338,0,-0.0469869611182782,341.652,339.78000000000003,335.33700000000005,334.0396175401549,349.2117056488433,321.4622943511568,0.9675848512256506,59.498414528682645,4117892.2,1.0837235327031265,0.1058823529411804,1.672840243756735,-0.0004699800344996
2012-09-06,342.98,349.94,342.36,349.7,6088700,0,2.744153249500525,342.79200000000003,340.89099999999996,336.76599999999996,335.53108253633064,350.3596694244413,323.17233057555865,1.240365905531674,66.02998065764021,4290108.6,2.214043696693534,1.959297918245953,3.2812546147257704,0.0270717630879735
2012-09-07,350.0,356.12,348.84,353.08,6470456,0,0.9665427509293778,345.23999999999995,342.359,338.361,337.20240800906106,351.73878976316,324.98321023683997,1.2471110402953671,67.02651959633886,4506602.6,2.086916638000238,0.8799999999999953,4.338061465721044,0.009619016082702
2012-09-10,354.88,356.4,349.2,350.38,5120134,0,-0.764699218307463,346.808,343.46500000000003,339.83000000000004,338.45741677010284,351.5277532705597,328.1322467294404,1.303740119390906,64.16535609975287,4619168.5,2.0618556701030895,-1.2680342651036969,3.259460096663913,-0.0076763803443561
2012-09-11,348.98,350.32,345.5,346.1,3747808,0,-1.2215309092984628,347.924,344.614,340.635,339.18528183961683,351.6822792554235,329.5877207445765,1.280222790568838,62.38532110091747,4479791.8,1.395079594790157,-0.8252621926757967,3.4338483607782244,-0.0122905291663772
2012-09-12,344.7,347.46,340.44,345.44,5284520,0,-0.1906963305403186,348.94,345.296,341.19050000000004,339.78096928346287,352.0179961386058,330.3630038613943,1.2524581203266971,58.03801924430888,4377830.0,2.0620373634120495,0.2146794313896168,2.014057055106022,-0.0019087838748014
2012-09-13,346.54,354.5,345.27,353.02,5317960,0,2.1943029180175877,349.604,346.198,342.15299999999996,341.0418293517045,353.6073470948092,330.6986529051907,1.3383935751875853,64.62,4402660.0,2.6732701943406663,1.869914007041023,2.6220930232558004,0.0217057457856355
2012-09-14,354.8,356.5,353.5,354.84,5236948,0,0.515551526825675,349.956,347.598,343.073,342.35594084201836,355.5089700698776,330.63702993012237,1.2724287640409715,65.24557956777996,4492738.3,0.8486562942008486,0.0112739571589525,4.107499119821623,0.0051422711002532
2012-09-17,354.48,356.44,352.5,354.99,3016600,0,0.0422725735542917,350.878,348.84299999999996,343.89399999999995,343.55918457134993,357.21482248132196,330.57317751867794,1.277093024077087,71.9896417781614,4425778.7,1.1177304964539,0.1438727149627597,3.634612016114902,0.0004226364121911
2012-09-18,353.89,359.33,353.39,359.14,4133498,0,1.169047015408875,353.486,350.70500000000004,344.9625,345.0430717550309,359.5801805345606,330.34481946543934,1.251873021630173,72.07401032702235,4456653.0,1.6808625031834512,1.4835118257085536,5.468107600140959,0.0116226645491745
2012-09-19,358.75,364.28,358.2,363.75,6197564,0,1.283621985855099,357.148,353.044,346.412,346.82468396883746,362.4502563693305,330.3737436306695,1.2531704273695827,71.60358783635964,4544360.7,1.697375767727522,1.3937282229965158,6.872135386061817,0.0127545338719505
2012-09-20,362.24,365.69,360.61,364.06,5814708,0,0.0852233676975844,359.356,354.48,347.68549999999993,348.466142638472,365.09483866152095,330.2761613384789,1.026715090901008,77.088194120392,4644169.9,1.408724106375304,0.5024293286219063,4.10637689448099,0.0008518707320503
2012-09-21,366.1,367.46,365.06,367.0,12718064,0,0.8075591935395199,361.788,355.872,349.1155,350.23127191099843,367.953230866813,330.277769133187,1.018301051542636,77.73242630385488,5101657.8,0.6574261765189221,0.2458344714558801,3.9424493032740537,0.0080431588368174
2012-09-24,365.5,375.02,365.12,374.69,7127874,0,2.095367847411445,365.728,358.303,350.884,352.56067458614143,372.3126423176762,329.45535768232384,1.0581729978870378,84.32790837854135,5315222.5,2.711437335670458,2.514363885088919,6.938181403048116,0.0207371693718596
2012-09-25,376.52,382.44,373.83,374.58,12118866,0,-0.0293576022845631,368.816,361.151,352.8825,354.6577531969851,375.3507895842577,330.4142104157423,0.8709770212805976,84.41271118262267,5659805.1,2.3031859401332193,-0.5152448741102724,8.228835596648354,-0.0002936191247222
2012-09-26,374.92,380.62,370.5,376.73,11345970,0,0.5739761866623949,371.412,364.28,354.788,356.75987194012936,378.5879554179141,330.98804458208593,0.8057218679285878,81.77756877498237,6021249.8,2.7314439946018907,0.4827696575269397,9.05801296896711,0.0057233521952758
2012-09-27,379.98,381.42,375.82,378.25,7863030,0,0.4034719825869892,374.25,366.803,356.5005,358.8065508029742,381.9067209331735,331.09427906682646,0.6666088893229306,80.94418490287683,6115327.6,1.4900750359214578,-0.4552871203747613,7.146903858138365,0.0040266021714815
2012-09-28,377.08,379.65,375.58,377.25,5567380,0,-0.2643754130865816,376.3,369.044,358.321,360.5630697741195,384.2155935426067,332.42640645739334,0.7322847117255985,84.47523736207337,6230984.7,1.0836572767452988,0.0450832714543375,6.315522489009129,-0.002647255020507
2012-10-01,379.52,382.5,378.1,380.89,6336954,0,0.9648774022531504,377.54,371.634,360.2385,362.49896789087006,386.88156389445805,333.5954361055419,0.7096434430707358,95.3822071484476,6335119.9,1.1637133033588936,0.3609822934232727,7.2959801684554515,0.0096025218820966
2012-10-02,382.6,383.0,375.14,378.5,5580550,0,-0.6274777494814754,378.324,373.57,362.1375,364.0228757107872,388.2721318935334,336.00286810646656,0.8016588674958584,91.263105341987,6425196.1,2.095217785360136,-1.071615263983278,5.390655454697346,-0.0062945466525514
2012-10-03,377.86,381.96,376.1,381.25,4417278,0,0.7265521796565366,379.2279999999999,375.32,364.182,365.66355421452175,389.5291423490524,338.8348576509475,0.7617796399282873,90.0652852682373,6475243.1,1.5580962509970635,0.8971576774466697,4.810996563573888,0.0072392550441178
2012-10-04,381.38,384.94,379.7,384.02,4908492,0,0.7265573770491862,380.38199999999995,377.316,365.898,367.4117871464721,391.75873438937623,340.0372656106238,0.7523900802242371,90.32614704256495,6416232.7,1.3800368712141189,0.6922229797052772,5.4826127561390825,0.0072393066431491
2012-10-05,385.36,387.19,382.5,383.82,5471882,0,-0.0520806208009982,381.696,378.998,367.435,368.9744740849033,393.7382641560535,341.1317358439465,0.7670986218869108,89.78746894838534,6366304.0,1.2261437908496726,-0.3996263234378297,4.583106267029979,-0.0005209418746692
2012-10-08,380.5,381.79,377.08,378.92,3917050,0,-1.2766400917096463,381.302,379.421,368.862,369.92166702919826,394.35358259421855,343.3704174057814,0.7027548493243331,76.74418604651169,6306149.8,1.2490718149994793,-0.4152431011826502,1.128933251487907,-0.0128485916827674
2012-10-09,379.84,380.66,371.26,372.04,6007168,0,-1.8156866884830536,380.0100000000001,379.167,370.159,370.1234130264175,393.3061065828511,347.0118934171489,0.932784828332926,60.56050955414017,6419117.8,2.5319183321661463,-2.053496208930064,-0.6780927972662609,-0.0183237256330674
2012-10-10,370.93,373.76,369.14,372.28,4081906,0,0.0645091925599361,378.216,378.722,371.501,370.3288022619968,391.51386943838565,351.4881305616143,0.9076372900935482,60.49004594180703,6358987.1,1.251557674595006,0.3639500714420418,-1.181217317442207,0.0006448839432434
2012-10-11,376.45,379.25,375.14,375.74,4767574,0,0.9294079724938342,376.56,378.471,372.637,370.8441544275209,390.7190225929681,354.5549774070319,0.9550214519337824,61.00755667506301,6331467.8,1.0955909793677066,-0.1886040642847601,-0.6635822868473196,0.0092511555216433
2012-10-12,375.92,377.44,372.05,372.38,4813174,0,-0.8942353755256316,374.272,377.984,373.514,370.9904254344237,389.54691404054665,357.48108595945337,0.9899513191588534,46.7345207803223,6310279.1,1.448730009407334,-0.9416897212172856,-1.2909211398277054,-0.0089825765712467
2012-10-15,370.97,371.92,365.35,370.49,6039196,0,-0.5075460551050015,372.586,376.944,374.289,370.9427658692405,387.8614301047141,360.716569895286,0.9165452350755376,44.495289367429365,6461408.9,1.7982756261119457,-0.1293905167533811,-2.7304471107143735,-0.0050883844493225
2012-10-16,370.06,373.5,368.23,372.35,4116336,0,0.5020378417771143,372.648,376.329,374.9495,371.076788167408,386.562051240609,363.336948759391,0.9373239733663224,44.05860010851871,6460550.8,1.4311707356814984,0.6188185699616333,-1.6248348745046215,0.0050078183380709
2012-10-17,371.98,378.17,370.13,377.74,4585638,0,1.4475627769571675,373.74,375.978,375.649,371.71137977051205,386.0424795348856,365.2555204651144,1.0356462866383818,49.37392585317948,6379954.5,2.1722097641369302,1.5484703478681623,-0.9206557377049118,0.0143718561110455
2012-10-18,377.77,379.71,338.0,347.5,24862704,0,-8.005506432996246,368.092,372.326,374.821,369.4055340780823,390.4311558035308,359.2108441964692,2.6678823639722364,28.740888952408156,7332354.3,12.340236686390526,-8.012812028482935,-9.509921358262584,-0.0834414632628532
2012-10-19,352.79,353.35,336.0,340.9,22964520,0,-1.8992805755395747,361.796,368.034,373.516,366.6907213087411,395.09996714912984,351.9320328508702,2.6619137083577105,22.58329905388726,7844677.1,5.1636904761904825,-3.3702769352872934,-11.18232504819968,-0.0191754858609894
2012-10-22,340.5,342.32,334.85,339.34,8113870,0,-0.4576122029920859,355.566,364.076,371.7485,364.0858907079087,398.1742085947912,345.3227914052089,2.670019441712512,22.843273231622717,7893976.9,2.2308496341645423,-0.3406754772393612,-10.445476617755734,-0.004586624529064
2012-10-23,336.0,343.66,336.0,340.18,5833956,0,0.2475393410738657,349.13199999999995,360.89,370.0285,361.8091392119174,399.9279654238426,340.12903457615744,2.6851223938739963,20.743695683145745,7579731.4,2.279761904761912,1.244047619047621,-8.563595312332007,0.0024723346711523
2012-10-24,342.82,343.5,337.64,338.65,4992822,0,-0.4497618907637224,341.31399999999996,357.527,368.1245,359.60350690602047,400.9352539976562,335.3137460023438,2.6703898045615277,17.099347353154485,7262074.0,1.735576353512621,-1.216381774692263,-9.033523154614809,-0.004507763625033
2012-10-25,340.0,341.0,336.76,338.88,4805144,0,0.0679167281854464,339.59,353.841,366.156,357.62983958163755,401.06582874718623,331.2461712528138,2.617880609801748,17.42534067845756,7109179.7,1.2590568951181875,-0.3294117647058837,-9.809974982700808,0.000678936752129
2012-10-26,338.25,341.52,335.6,337.58,3901530,0,-0.3836166194523205,338.92600000000004,350.361,364.1725,355.720331050053,400.8894319180356,327.45556808196443,2.6250320459408467,18.384827164270447,7025887.2,1.7640047675804404,-0.1980783444198125,-9.34529244320318,-0.0038435431522599
2012-10-31,339.93,340.5,337.5,340.15,3074002,0,0.7613010249422292,339.08799999999997,347.327,362.1355,354.2374423786194,399.462646873076,324.808353126924,2.678582993311088,23.89061732438188,6862739.6,0.8888888888888888,0.0647192068955286,-8.189154902966356,0.0075841775302879
2012-11-01,339.75,345.45,339.36,343.8,4100942,0,1.073056004703821,339.812,344.472,360.4005,353.2434002473223,397.7507334101067,323.05026658989334,2.7156550290253327,27.915632754342525,6788759.2,1.794554455445537,1.1920529801324538,-7.667517120988321,0.0106733961576792
2012-11-02,347.4,347.78,343.68,343.96,4649138,0,0.046538685282127,340.87399999999997,341.09399999999994,358.536,352.35926689043447,395.221005914506,321.850994085494,2.62370332686504,24.027459954233436,6800352.2,1.1929702048417032,-0.990213010938399,-8.942658971779538,0.0004652785939467
2012-11-05,342.25,343.43,337.78,341.48,3271788,0,-0.7210140714036362,341.394,340.49199999999996,356.409,351.3231462342026,391.7821720524553,321.0358279475447,0.8293884877561198,24.378109452736354,6718517.0,1.672686363905511,-0.2249817384952467,-1.7323741007194138,-0.0072362594005899
2012-11-06,342.74,343.25,338.78,340.86,3165872,0,-0.1815626098160994,342.05,340.488,354.261,350.32665611665954,387.79533928943465,320.7266607105654,0.5686987672628852,24.902591902422543,6603216.5,1.3194403447665233,-0.5485207445877328,-0.0117336462305606,-0.0018172763450151
2012-11-07,337.68,339.12,333.24,333.56,4464676,0,-2.141641729742416,340.732,339.90999999999997,351.993,348.72983172459675,384.62882216554414,319.35717783445585,0.8822526228946805,19.91624011167987,6630597.8,1.7644940583363329,-1.2200900260601766,-1.703306418341477,-0.0216490765783059
2012-11-08,335.2,335.74,325.62,326.14,5193880,0,-2.224487348602955,337.2,338.506,349.698,346.5784191793971,382.8495344409493,316.5464655590507,1.077553158709463,11.203007518797037,6589933.4,3.1079172041029435,-2.7028639618138435,-4.127226762302316,-0.0224960221856535
2012-11-09,327.32,334.17,325.15,331.52,6228168,0,1.6495983320046648,334.712,337.793,347.65999999999997,345.1442840194545,379.9670440420786,315.35295595792127,1.2592805523670056,30.811719500480336,6697246.5,2.774104259572517,1.2831479897348126,-2.105418573748707,0.0163614025979324
2012-11-12,331.88,334.9,330.44,332.95,2811740,0,0.431346525096532,333.006,337.2,345.52049999999997,343.98292363664933,375.587574823152,315.45342517684793,1.2732119114254394,39.10063065533319,6599454.8,1.3497155308074025,0.3224056888031798,-1.7498819641170948,0.0043041889255678
2012-11-13,331.5,333.8,329.12,329.52,3188298,0,-1.0301847124192798,330.738,336.394,343.3775,342.6055023379208,371.4258491398987,315.3291508601013,1.3014235207832463,37.19353155972878,6518211.0,1.4219737481769588,-0.5972850678733086,-2.3875822027371263,-0.010355278428806
2012-11-14,330.33,331.09,325.25,326.27,3336644,0,-0.986283078417094,329.28,335.006,341.1665,341.0497402104998,367.10846135505824,315.22453864494173,1.269919525604733,32.9325153374233,6383083.4,1.795541890853182,-1.2290739563466844,-4.080552697339412,-0.0099117906878624
2012-11-15,325.0,330.0,321.95,323.63,3697678,0,-0.8091457994912177,328.77799999999996,332.98900000000003,338.7305,339.39071733330934,361.26990033293674,316.19109966706327,1.1607295927771886,32.059245102723395,6362150.5,2.5003882590464395,-0.4215384615384629,-5.866783013379873,-0.0081243715069233
2012-11-16,323.0,326.51,318.0,323.59,6877000,0,-0.0123597935914543,327.192,330.952,336.023,337.8858871110894,350.3426531860373,321.70334681396275,1.1572472697251397,31.653467722582175,6476718.6,2.676100628930815,0.1826625386996826,-5.922200255843702,-0.0001236055747688
2012-11-19,327.85,334.46,327.76,334.1,4736208,0,3.2479372044871724,327.42199999999997,330.214,335.353,337.5253264338428,348.62741242628556,322.07858757371446,1.676310025571732,46.580188679245325,5470393.8,2.044178667317546,1.9063596156779012,-2.1611807426496377,0.0319630670044402
2012-11-20,334.76,339.0,332.28,334.98,4177572,0,0.2633941933552819,328.514,329.626,335.05699999999996,337.28291439252445,348.0720942330319,322.041905766968,1.6829136935441282,44.744866842854286,4531046.4,2.0223907547851296,0.0657187238618793,-1.7250484069705974,0.0026304791876132
2012-11-21,334.5,334.9,330.2,332.94,4224272,0,-0.6089915815869706,329.848,329.56399999999996,334.73699999999997,336.8693034979983,347.62277199860233,321.8512280013976,1.5467959512977818,38.58764186633039,4336566.5,1.4233797698364592,-0.466367713004485,-0.1858736059479615,-0.0061085349844593
2012-11-23,334.98,335.0,333.05,333.98,1844954,0,0.3123685949420363,331.918,330.348,334.427,336.59413173628417,347.0572028987314,321.7967971012686,1.3366225035513284,39.70284770945115,4137116.4,0.5854976730220653,-0.2985252850916473,2.4038756362298574,0.0031188173784215
2012-11-26,333.22,333.5,329.51,330.58,4410654,0,-1.0180250314390182,333.316,330.254,334.02349999999996,336.0213572852095,346.6011665478712,321.44583345212874,1.2907297322596034,38.96314297286351,4108008.0,1.2108888956329122,-0.7922693715863522,-0.283542471042475,-0.0102324234550791
2012-11-27,330.08,337.5,329.0,335.36,5017856,0,1.445943493254287,333.56800000000004,330.495,333.84749999999997,335.9583708770943,346.2361210523573,321.45887894764263,1.3678126430875426,44.86365334329476,4118643.6,2.5835866261398177,1.599612215220562,0.7238324072683655,0.0143558942034154
2012-11-28,334.0,342.46,331.94,341.84,6083880,0,1.9322519083969425,334.94,331.727,334.06049999999993,336.51852603165673,346.85903030213626,321.2619696978636,1.4203352370027655,57.852807283763234,4227761.1,3.1692474543592164,2.347305389221549,3.7387715464918703,0.0191382096431468
2012-11-29,343.76,346.95,341.0,345.94,5556028,0,1.1993915282003442,337.54,333.694,334.35,337.415809266737,347.964431971063,320.73556802893705,1.3539042887958006,70.04048582995947,4351862.4,1.7448680351906125,0.6341633697928808,6.0287491954516215,0.0119225582800079
2012-11-30,345.66,349.61,342.84,349.18,6328288,0,0.9365785974446484,340.58000000000004,336.249,334.619,338.5362083841906,349.1980388824781,320.03996111752195,1.2621340511370318,68.68387642826912,4463229.7,1.9746820674367165,1.0183417230804783,7.894818156536787,0.0093221989408509
2012-12-03,351.12,352.94,347.06,347.62,4385696,0,-0.4467609828741614,343.988,338.652,334.802,339.4013313952201,349.955298893917,319.648701106083,1.2989850741023377,65.4779489343743,4450057.6,1.6942315449778125,-0.9968102073365231,7.426063846225173,-0.0044776194212943
2012-12-04,347.5,347.76,342.85,345.52,3983210,0,-0.6041079339508704,346.02,339.794,335.004,339.9840617385325,350.63238497228906,319.375615027711,1.0063467513782034,67.3686495874945,4485628.7,1.4321131690243454,-0.5697841726618758,3.4181382819514994,-0.0060594004828882
2012-12-05,346.08,347.25,341.16,343.91,3724670,0,-0.4659643435980465,346.434,340.687,335.15649999999994,340.35796062057705,351.08217906508776,319.2308209349121,1.0385285768175538,69.85592075641603,4513568.6,1.7850861765740342,-0.6270226537216711,2.665830795868418,-0.0046705334165754
2012-12-06,343.8,347.8,342.26,345.56,2924432,0,0.4797766857608021,346.358,341.949,335.7565,340.85339294242686,352.3203379419864,319.19266205801364,0.992386765736393,75.24752475247519,4436556.4,1.6186524864138434,0.5119255381035459,3.790472757854269,0.0047862942548131
2012-12-07,347.5,348.44,341.21,342.1,3838952,0,-1.0012732955203107,344.942,342.761,336.5545,340.9721174241005,352.70015475192594,320.4088452480741,1.084576702347478,69.7545357524013,4368810.0,2.118929691392403,-1.5539568345323675,2.431283310377874,-0.0100631975071243
2012-12-10,342.7,345.82,341.9,342.71,2733532,0,0.1783104355451481,343.96,343.97400000000005,337.11400000000003,341.13763005037663,353.30056675017477,320.9274332498253,0.9916867895314534,61.650879566982354,4194078.2,1.146534074290733,0.002918004085203,3.6693084881118,0.0017815165121269
2012-12-11,345.0,350.96,343.86,348.44,5374216,0,1.6719675527413935,344.544,345.28200000000004,337.88849999999996,341.8330938551027,354.70619653793506,321.0708034620649,1.021187404403184,66.1004784688995,4322202.0,2.0647938114348765,0.9971014492753616,3.900286259541974,0.0165814404550052
2012-12-12,349.62,351.76,346.74,348.78,4851998,0,0.0975777752267204,345.518,345.976,338.8515,342.4947039641405,355.85621423799176,321.8467857620082,0.8659294340967354,69.7506234413965,4405387.0,1.447770663898016,-0.240260854642192,2.0301895623683563,0.0009753019906228
2012-12-13,357.96,358.24,349.78,351.35,6892412,0,0.7368541774184445,346.67600000000004,346.517,340.1055,343.3380654913652,356.9013609876291,323.3096390123709,0.8179070638743229,70.86235887581073,4583175.4,2.418663159700394,-1.846575036316895,1.5638550037578858,0.0073415266968926
2012-12-14,349.58,353.91,349.22,350.98,4260990,0,-0.1053080973388409,348.45200000000006,346.697,341.473,344.06586877790187,357.0286117476003,325.91738825239975,0.7728704030268057,76.42487046632131,4611341.0,1.3429929557299116,0.4004805766920402,0.5154934417778811,-0.0010536358527461
2012-12-17,352.75,369.14,352.01,360.39,6071246,0,2.681064448116688,351.988,347.97400000000005,343.313,345.62054794191124,358.6665884370629,327.9594115629371,1.107934224363762,78.94980337728433,4571053.3,4.866339024459531,2.165839829907863,3.67355157931073,0.0264575366159326
2012-12-18,358.3,364.55,357.52,360.54,6010076,0,0.041621576625328,354.408,349.476,344.635,347.0414481379197,361.1571809443509,328.1128190556491,1.062958682393662,75.33875338753396,4634746.7,1.9663235623182005,0.6251744348311497,4.347071081268816,0.0004161291724981
2012-12-19,360.36,361.5,358.34,360.06,3839398,0,-0.1331336328840082,356.66400000000004,351.091,345.889,348.2813102200226,363.117666319767,328.660333680233,1.0366209283730885,71.21394230769234,4617838.0,0.8818440587151937,-0.0832500832500864,4.695996045477013,-0.0013322233444151
2012-12-20,361.63,362.32,358.48,361.18,3313906,0,0.3110592678998047,358.63,352.65299999999996,347.301,349.50975686573474,364.6893880188681,329.9126119811319,1.037721520958968,69.25545571245188,4572319.7,1.0711894666369042,-0.1244365788236564,4.520199097117716,0.0031057647947208
2012-12-21,356.98,359.41,355.26,357.82,7052598,0,-0.9302840688853232,359.99800000000005,354.225,348.49300000000005,350.30120859280765,365.2950939797766,331.6909060202235,1.026892909286816,65.47330097087378,4832701.9,1.168158531779551,0.2353073001288517,4.595147617655648,-0.0093463823625204
2012-12-24,357.26,357.59,353.74,354.75,1683862,0,-0.8579732826560771,358.87,355.429,349.7015,350.72490301254027,364.4273401958485,334.9756598041516,1.107072148566749,63.60153256704986,4696362.3,1.0883699892576373,-0.7025695571852407,3.5131744040150625,-0.0086167506215246
2012-12-26,354.04,356.44,351.2,354.44,2364634,0,-0.0873854827343256,357.65,356.029,350.65549999999996,351.0787217732507,363.8632464909197,337.4477535090802,1.0093664333628285,66.13545816733064,4563701.2,1.4920273348519388,0.1129815840018012,1.7219607392951364,-0.0008742368610504
2012-12-27,353.57,354.42,349.3,353.14,3294784,0,-0.3667757589436937,356.266,356.46500000000003,351.2205,351.27503398532207,363.7918701049556,338.64912989504444,1.0239211022651304,61.74101610904581,4424246.4,1.4657887202977398,-0.1216166529965797,1.2500716784219268,-0.0036745003044495
2012-12-28,350.84,353.46,350.0,350.0,2803852,0,-0.8891657699495958,354.03000000000003,356.33000000000004,351.4235,351.15360217719615,363.7648609673446,339.0821390326554,1.0455421628982835,62.35919899874838,4286637.6,0.9885714285714228,-0.2394253790901764,-0.3842322470471115,-0.0089314243911927
2012-12-31,350.0,355.28,348.0,353.69,3994608,0,1.0542857142857187,353.204,356.601,351.649,351.39516387460606,363.9825689119267,339.3154310880733,1.0996150006995775,65.66780821917808,4169953.6,2.091954022988498,1.0542857142857136,0.7721237677360548,0.010487668780943
2013-01-02,359.71,363.5,358.28,361.62,5083536,0,2.242076394582826,354.578,356.724,352.349,352.36895779131027,365.2937683396962,339.4042316603037,0.9873754321525612,67.69602577873252,4204845.6,1.4569610360611889,0.5309832920964179,0.3412969283276501,0.0221731134586053
2013-01-03,362.32,365.96,360.36,361.84,4636280,0,0.0608373430672992,356.058,356.854,353.165,353.2709618111855,366.3524749189079,339.97752508109215,0.9874010261818768,67.59159482758619,4237499.1,1.5540015540015444,-0.1324795760653616,0.3605702557275103,0.0006081884465798
2013-01-04,364.67,370.74,363.84,368.98,5527104,0,1.9732478443511112,359.226,357.746,354.41850000000005,354.7670606863107,368.6282376174888,340.2087623825113,1.1564765999283029,71.14415927080832,4327620.8,1.8964379947229648,1.181890476321058,2.477364883630506,0.0195403168600317
2013-01-07,367.72,369.69,365.29,367.38,3311534,0,-0.4336278389072689,362.702,358.36600000000004,355.5095,355.9682930019001,370.1980268151704,340.8209731848296,1.1759905433244802,69.10531220876044,4346975.9,1.2045224342303311,-0.0924616556075361,1.716595603300286,-0.0043457073117013
2013-01-08,367.77,368.15,362.22,366.65,3352074,0,-0.1987043388317344,365.294,359.24899999999997,356.73699999999997,356.98559843029057,370.79692303639865,342.6770769636013,1.1209537533558394,59.14135514018686,4322632.0,1.6371266081386862,-0.3045381624384818,2.4677212006036564,-0.0019890201781096
2013-01-09,366.5,369.18,364.3,369.06,4051302,0,0.6573026046638564,366.782,360.68,358.05449999999996,358.13554143692954,371.5051528505215,344.60384714947844,1.0550663830446194,61.67123287671227,4388520.5,1.3395553115564085,0.6984993178717605,4.0338266384778,0.0065515179085234
2013-01-10,371.42,372.5,366.75,370.74,3671560,0,0.4552105348723856,368.562,362.31,359.1695,359.33596606198387,372.9572832652098,345.38171673479025,1.0410057172345424,64.16445623342173,4303387.7,1.5678254942058625,-0.1830811480264947,4.598803746755453,0.0045417758526113
2013-01-11,371.0,371.22,368.15,370.0,2570250,0,-0.1996007984031989,368.766,363.996,360.2305,360.3515883417949,373.91747186916615,346.54352813083386,1.02759003334236,61.816720257234685,4189300.3,0.8338992258590385,-0.2695417789757413,4.774310471767573,-0.0019980026626731
2013-01-14,368.52,371.1,361.18,361.62,5727612,0,-2.2648648648648684,367.614,365.158,360.744,360.4723894521002,373.7834258833891,347.7045741166109,1.288943837664126,54.487482286254135,4131060.3,2.746552965280474,-1.87235428199283,3.320000000000012,-0.0229090689152624
2013-01-15,359.66,367.5,356.05,362.46,7855980,0,0.232288037166084,366.776,366.035,361.318,360.6616856947573,373.5322791329174,349.1037208670827,1.2639165264568233,59.6110695587135,4310809.8,3.2158404718438387,0.7785130400934088,2.4795725069976404,0.0023201866556971
2013-01-16,361.2,362.17,356.84,357.6,4049078,0,-1.340837609667267,364.484,365.633,361.1785,360.3700965809709,373.5006585173334,348.85634148266655,1.1388761370244695,53.537841468875975,4209701.4,1.4936666293016594,-0.996677740863778,-1.1116641778662673,-0.0134990800793457
2013-01-17,358.86,359.82,355.51,355.66,4424388,0,-0.5425055928411582,361.468,365.015,360.9345,359.92151595421177,373.5007412836925,348.36825871630754,1.145027937991086,52.781456953642426,4130417.0,1.212342831425277,-0.8917126455999522,-1.7079372098164791,-0.0054398249838444
2013-01-18,355.18,356.38,350.66,352.26,6453796,0,-0.9559691840521968,357.92,363.343,360.5445,359.19184776809635,373.6955631549407,347.3934368450592,0.8811743391444267,52.480245829675134,4261136.9,1.6312097188159385,-0.8221183625204166,-4.531410916580847,-0.0096056790113651
2013-01-22,352.33,352.67,347.76,351.44,7568526,0,-0.2327826037585856,355.884,361.749,360.0575,358.45357655208716,373.8167791656348,346.2982208343652,0.8841042679823126,47.36472241742797,4473867.9,1.411893259719354,-0.2526040927539484,-4.338831727366754,-0.0023305396366254
2013-01-23,368.0,374.5,367.9,370.75,11820790,0,5.494536763032087,357.54200000000003,362.159,360.704,359.62466449950745,375.21514475516113,346.1928552448389,2.080147121453008,58.44275938598113,4712277.5,1.793965751562931,0.7472826086956522,1.1182326469385109,0.0534889813505172
2013-01-24,370.62,378.42,370.26,376.92,6766592,0,1.6641942009440358,361.40600000000006,362.945,361.8125,361.2718393090782,377.7277781611678,345.8972218388322,2.132209857230697,62.56247917360881,4966414.0,2.2038567493113015,1.6998542982030145,2.1297350024386263,0.016504982320514
2013-01-25,375.38,379.24,375.12,376.84,4451622,0,-0.0212246630584833,365.642,363.555,362.9325,362.7545212796422,379.7881745091341,346.07682549086593,2.131965347674325,57.420694864048286,5070763.4,1.0983152058008117,0.3889392082689487,1.6453579327830647,-0.0002122691580885
2013-01-28,375.88,377.8,373.94,375.36,3254266,0,-0.3927396242436987,370.262,364.091,364.0435,363.9550430625334,381.1093394090891,346.9776605909109,2.136689380704622,57.55109765329297,5068737.5,1.0322511632882316,-0.1383420240502239,1.4486486486486427,-0.0039351287153562
2013-01-29,373.38,378.48,373.27,376.84,3494696,0,0.3942881500426098,375.342,365.613,365.3855,365.1821818184826,382.01720653015616,348.7537934698438,1.9588959975345743,59.50737077813025,5103279.7,1.395772497120057,0.92666988055064,4.208838006747406,0.0039351287153562
2013-01-30,376.87,380.48,376.46,376.92,3465944,0,0.0212291688780563,376.576,367.059,366.547,366.3000692643414,382.9831169700331,350.11088302996694,1.962395899613023,57.666796722590725,5076846.5,1.067842533071253,0.0132671743572084,3.989405727528572,0.0002122691580886
2013-01-31,375.26,378.81,375.12,377.84,3268654,0,0.2440836251724309,376.7600000000001,369.083,367.358,367.39911028678506,384.36137625915813,350.3546237408419,1.8670720177913964,57.029702970297,4986102.4,0.983685220729366,0.6875233171667602,5.659955257270677,0.0024378622493059
2013-02-01,379.1,388.3,379.05,387.8,7492130,0,2.636036417531229,378.952,372.297,368.656,369.3420521642341,387.72389133595993,349.5881086640401,1.9267485615858284,64.9028801071668,5128894.9,2.440311304577232,2.2949089949881265,9.036720463363878,0.0260189172206897
2013-02-04,383.84,385.24,379.14,379.51,6082284,0,-2.1376998452810825,379.782,375.0220000000001,369.1825,370.31042814859273,388.8598263855684,349.5051736144316,2.0821871183294363,65.00083850410866,5156653.9,1.6089043625046218,-1.128074197582322,7.735763356611591,-0.0216087958589011
2013-02-05,380.56,385.56,379.74,382.87,3741432,0,0.8853521646333462,380.988,378.165,369.957,371.5065778487267,390.5343929093883,349.37960709061167,2.0523419073085756,66.41995172968626,5178148.8,1.5326275872965696,0.6070002102165236,8.943205099021178,0.0088145590256251
2013-02-06,379.54,386.48,379.25,385.08,4157774,0,0.5772194217358306,382.62,379.598,370.8785,372.7992847202766,392.45857782533096,349.298422174669,1.2594948353396114,73.09243697478986,5218433.8,1.9063941990771307,1.459661695736935,3.8651382333108497,0.0057555989344901
2013-02-07,384.85,389.4,382.75,386.98,5680212,0,0.493403968006656,384.448,380.604,371.7745000000001,374.1498290326312,394.49462275263306,349.05437724736703,1.1794603290101526,76.33703329969723,5299879.3,1.737426518615278,0.5534623879433533,2.6690013796031087,0.0049219071980169
2013-02-08,390.06,393.34,389.78,392.68,6044730,0,1.4729443382086815,385.424,382.188,372.8715,375.91460721999965,397.4259312862149,348.3170687137851,1.2319435634009297,82.72344559585491,5418537.8,0.913335727846478,0.6716915346356983,4.203375437851609,0.0146220187165378
2013-02-11,389.2,391.5,386.88,391.21,4335112,0,-0.3743506162778964,387.764,383.773,373.932,377.3713112942854,399.7631615974516,348.10083840254833,1.230609583068921,81.86188110879661,5506780.9,1.1941687344913163,0.5164439876670069,4.222612958226768,-0.0037505306181822
2013-02-12,390.58,393.95,389.68,390.35,3717890,0,-0.219830781421737,389.2600000000001,385.124,375.3685,378.6073768853059,401.51032796733347,349.2266720326665,1.247314616309126,72.29299363057325,5406294.8,1.0957708889345057,-0.0588867837574789,3.585075894278744,-0.0022007276398385
2013-02-13,390.06,392.68,389.98,391.43,2396340,0,0.2766747790444501,390.53,386.575,376.817,379.8285790867053,403.1569093632293,350.4770906367707,1.2422147918462667,68.66478003601748,5133312.8,0.6923431970870271,0.3512280162026366,3.849623262230706,0.0027629273888792
2013-02-14,389.86,394.37,388.88,393.91,3470438,0,0.633574330020692,391.91600000000005,388.182,378.6325000000001,381.1696667927334,404.39441875413627,352.87058124586383,1.2433977263654783,70.68088199660777,5104380.8,1.4117465542069556,1.0388344533935288,4.2531230150328225,0.0063157568535326
2013-02-15,393.7,396.63,393.54,396.44,5459434,0,0.6422786931024715,392.668,389.046,380.6715,382.62398424104447,405.2036874708563,356.13931252914364,0.9816482829506176,74.90548204158789,5156133.1,0.7851806677847168,0.6959613919227862,2.2279525528623,0.0064022487297956
2013-02-19,398.0,403.5,397.64,403.42,5865648,0,1.7606699626677491,395.11,391.437,383.2295,384.6045571704688,405.88526582822,360.5737341717801,0.6607437853106651,77.7917189460477,5126725.7,1.4736947993159677,1.3618090452261349,6.3002292429712,0.017453497334679
2013-02-20,402.65,404.48,395.9,396.23,5529102,0,-1.7822616627832022,396.28600000000006,392.773,385.469,385.7117422018528,403.2171277292766,367.72087227072336,0.993886698758658,67.57691607500456,5024754.5,2.167213942914888,-1.5944368558301152,3.489435056285428,-0.0179833521416302
2013-02-21,399.0,402.72,395.61,397.76,7015872,0,0.3861393635009813,397.552,394.041,386.81949999999995,386.8591953254858,403.951642121877,369.6873578781229,0.9908229554086718,67.93302124594888,4784508.6,1.7972245393190298,-0.310776942355892,3.2928222706970045,0.0038539575907897
2013-02-22,399.63,400.62,396.9,399.86,4108100,0,0.5279565567176236,398.742,395.329,387.9665,388.09736719924905,405.37742370354056,370.55557629645944,0.99152027238178,62.64681208053691,4651584.0,0.9372637944066584,0.0575532367439927,3.3283373817768247,0.0052656775213403
2013-02-25,401.15,404.2,395.24,395.38,4613578,0,-1.1203921372480383,398.53,395.5990000000001,388.8935,388.790951275511,405.77632001263214,372.0106799873679,0.9991735422578212,68.08753134260314,4659681.8,2.266977026616734,-1.4383647014832313,0.6875827645920207,-0.0112671580758952
2013-02-26,397.5,397.98,392.2,395.06,4408138,0,-0.0809347969042417,396.858,395.984,389.8785,389.3880035349862,405.702241356781,374.054758643219,0.9888302329269631,64.92774920401666,4717375.4,1.473737888832236,-0.6138364779874208,0.984126172643851,-0.0008096756679368
2013-02-27,397.4,402.38,395.56,399.89,4052802,0,1.2225990988710578,397.59,396.938,391.031,390.3881936745113,406.20035123339466,375.86164876660536,1.0404623051193542,67.04257767548907,4745280.7,1.724137931034481,0.6265727226975363,2.443960548225932,0.0121518571886937
2013-02-28,400.55,403.5,400.52,400.6,4531448,0,0.1775488259271318,398.158,397.855,392.215,391.3607466578912,406.41230960428726,378.0176903957127,1.0406164456588916,66.11452910553716,4798555.9,0.7440327574153646,0.0124828361003648,2.342692179955552,0.0017739139431696
2013-03-01,398.94,403.57,398.08,403.1,4350850,0,0.624063904143779,398.806,398.774,393.478,392.47877078571105,406.7553358139266,380.2006641860734,1.04021771959217,63.33845366103433,4852665.7,1.3791197749196165,1.0427633228054407,2.3330202330481553,0.0062212468914021
2013-03-04,402.65,411.42,402.5,410.75,5551370,0,1.8977921111386744,401.88,400.205,394.6255,394.2188878537386,409.6840768181944,379.5669231818056,1.1632292697935376,71.5959328028294,4755627.7,2.216149068322985,2.0116726685707245,3.609625668449201,0.0188000867942573
2013-03-05,414.5,420.08,414.45,419.3,8088468,0,2.0815581253804005,406.7279999999999,401.793,396.615,396.6075652010016,413.6493547604614,379.5806452395386,1.209621804096252,77.34744001511429,4855936.9,1.3584268307395333,1.1580217129071195,3.936344256606028,0.0206018972593395
2013-03-06,420.52,422.0,414.4,415.69,5746896,0,-0.8609587407584107,409.888,403.739,398.256,398.4249399437633,416.0227749050385,380.48922509496145,1.0500626260209651,71.87161918499818,4956210.1,1.8339768339768396,-1.148577951108148,4.911288897862343,-0.0086468640169488
2013-03-07,417.03,418.31,414.79,416.3,4107076,0,0.1467439678606741,413.028,405.593,399.817,400.1273266157859,418.1852874312737,381.4487125687264,1.0552963559889017,70.89009143496918,4953675.2,0.8486221943634085,-0.1750473587032015,4.661102172164133,0.0014663640411616
2013-03-08,417.25,417.46,412.52,415.76,5823866,0,-0.1297141484506436,415.56000000000006,407.183,401.256,401.6161526523777,419.897197612306,382.61480238769394,1.071076649820544,68.7209302325581,4960857.9,1.1975176961117031,-0.3571000599161196,3.976391737107976,-0.0012979835007434
2013-03-11,415.84,419.85,415.75,417.41,3191356,0,0.3968635751395055,416.892,409.386,402.4925,403.1203285902465,421.999168090681,382.985831909319,0.930693279992986,65.11778690296086,4818189.2,0.986169573060739,0.3775490573297542,5.571854924376551,0.0039607814901414
2013-03-12,415.36,415.94,411.84,413.8,4017958,0,-0.8648570949426282,415.792,411.2600000000001,403.622,404.1374401530802,422.9935598372022,384.25044016279776,1.018395622003721,70.57858983368465,4802331.5,0.9955322455322512,-0.3755778120184905,4.743583253176742,-0.0086861868788852
2013-03-13,413.95,415.34,411.16,412.66,3282800,0,-0.2754954084098537,415.186,412.537,404.7375,404.94911251945354,423.4493030580755,386.02569694192454,1.005351853539131,67.61229314420802,4780577.0,1.0166358595193965,-0.3116318395941451,3.193378178999229,-0.0027587559543587
2013-03-14,413.08,413.5,408.7,410.77,3302222,0,-0.4580041680802726,414.08,413.554,405.7045,405.503482755696,423.4970158423421,387.9119841576579,1.0349651657276937,62.96032311712988,4825871.1,1.174455590897972,-0.5592137116297091,2.5386919620568937,-0.0045905622069576
2013-03-15,409.25,410.15,406.67,407.15,6199582,0,-0.8812717579180562,412.358,413.959,406.3665,405.6602939218202,423.2745426518205,389.4584573481794,1.0837734496215057,64.27358719379086,4962328.3,0.8557306907320336,-0.5131337813072749,1.004713470602825,-0.008851779236986
2013-03-18,402.5,406.38,400.74,403.9,3677104,0,-0.7982316099717557,409.65600000000006,413.274,406.7395,405.49264688164686,423.043872645656,390.4351273543441,0.9096632945036264,60.009057971014435,4873211.8,1.407396316813891,0.347826086956516,-1.6676810712112022,-0.0080143453437731
2013-03-19,405.62,409.62,403.22,405.66,4196352,0,0.4357514236197124,408.028,411.91,406.8515,405.50858527387095,423.0905047335678,390.6124952664323,0.5262635501719208,57.02117303480167,4789747.0,1.5872228560091208,0.0098614466742321,-3.2530407822561336,0.0043480477612743
2013-03-20,408.42,408.76,405.72,407.36,2928244,0,0.4190701572745592,406.968,411.07700000000006,407.408,405.6849104858832,422.8580793389206,391.9579206610794,0.5380158927833072,58.03231939163494,4659704.1,0.7492852213349017,-0.2595367513833804,-2.0038971348841694,0.0041819450384001
2013-03-21,405.64,408.46,404.92,405.63,2955180,0,-0.4246857816182281,405.94,410.0100000000001,407.8015,405.6796809157991,422.60426684663327,392.9987331533668,0.5272258509331027,53.06221253933667,4456669.5,0.8742467647930365,-0.0024652401143848,-2.5630554888301793,-0.0042559013302654
2013-03-22,407.37,407.62,404.82,405.16,2983356,0,-0.1158691418287505,405.542,408.95,408.0665,405.6301874952469,422.45461391758,393.6783860824201,0.5276183622240683,41.810723703486744,4400432.3,0.6916654315498274,-0.5425043572182486,-2.5495478160477147,-0.0011593632201797
2013-03-25,406.2,409.62,403.41,404.82,3425368,0,-0.0839174647053075,405.726,407.691,408.5385,405.5530267814138,421.7451287582369,395.3318712417631,0.4813233635959745,22.06790123456807,4341021.8,1.5393768126719662,-0.3397341211225986,-3.0162190651877085,-0.0008395269512074
2013-03-26,406.75,407.0,403.9,406.21,2383824,0,0.3433624820907921,405.836,406.932,409.096,405.6155956593744,420.7579695005421,397.4340304994579,0.4767252436157447,30.0000000000001,4239806.1,0.7675167120574455,-0.132759680393367,-1.834219429676176,0.003427743390441
2013-03-27,403.32,403.5,400.66,401.33,4326590,0,-1.2013490559070417,404.63,405.799,409.168,405.2074436918149,420.6062913703787,397.7297086296213,0.5760440812005689,23.239184840901046,4253495.5,0.7088304297908388,-0.4934047406525859,-2.745601706004952,-0.0120862357395061
2013-03-28,402.0,402.68,396.65,397.1,4575424,0,-1.0539954650786054,402.924,404.432,408.99300000000005,404.43530619735634,421.0723640473938,396.9136359526063,0.6256071406680727,20.53063802905888,4255694.3,1.5202319425186006,-1.2189054726368105,-3.32789638970713,-0.0105958933811181
2013-04-01,397.5,401.12,396.62,400.6,3614560,0,0.88139007806598,402.012,403.777,408.86800000000005,404.0700389404653,421.2520297837258,396.4839702162743,0.698957862321314,24.91793494479263,4218879.8,1.1345872623670012,0.7798742138364837,-1.6087437062507592,0.0087752850945121
2013-04-02,402.27,407.42,402.0,406.52,4083152,0,1.4777833250124717,402.352,404.039,408.6565,404.3033685651829,421.0496768579156,396.2633231420844,0.8268517672699488,39.83807928531543,4145468.9,1.3482587064676657,1.0565043378825167,0.648675414706612,0.0146697050378477
2013-04-03,406.73,407.1,400.34,403.1,3477106,0,-0.8412870215487422,401.73,403.783,407.8465,404.1887620351655,419.39980943701255,396.29319056298743,0.8615880366189337,37.4540682414698,3914900.8,1.6885647199880225,-0.8924839574164668,-0.6310703544840535,-0.0084484581464454
2013-04-04,402.73,402.88,395.65,397.54,4896004,0,-1.379310344827589,400.972,402.801,406.939,403.555546603245,418.746735020561,395.13126497943904,0.935048449638752,34.16327507780706,3872356.2,1.827372677871861,-1.2887045911652963,-2.410644147682639,-0.0138891121606671
2013-04-05,393.03,393.5,388.2,391.52,6867788,0,-1.5143130251043968,399.8560000000001,401.39,405.7,402.4093040696026,418.5281942774907,392.8718057225093,1.0187322664483311,32.306995698437845,4010391.8,1.3652756311179834,-0.3841945907437068,-3.47853955575278,-0.0152589582680914
2013-04-08,389.42,389.78,384.2,387.42,5664636,0,-1.0472006538618683,397.22,399.616,404.283,400.98175130106904,418.60610771923587,389.95989228076417,1.0374755584901791,31.697023545091085,4002430.3,1.452368558042682,-0.5135843048636434,-4.378517129035442,-0.0105272238279308
2013-04-09,387.75,391.88,386.56,388.82,4314676,0,0.3613649269526453,393.68,398.016,402.8535,399.8234892723958,417.36582546927974,388.34117453072025,1.0637690180270931,31.146439767129323,4058596.3,1.3762417218543028,0.2759509993552529,-3.952373894570427,0.0036071357260629
2013-04-10,391.44,396.18,388.0,395.09,3957524,0,1.6125713697854982,392.078,396.904,401.918,399.3726807702629,415.8602034051101,387.9757965948899,1.2254021754269082,37.538086532601994,4055574.6,2.108247422680414,0.932454526875122,-2.7375003077226068,0.0159970754564574
2013-04-11,396.44,396.55,392.03,395.2,4057532,0,0.0278417575742206,391.61,396.29100000000005,401.045,398.9752826016664,414.3259899757823,387.7640100242176,1.1825476474651773,39.04641881957568,4094311.2,1.1529729867612273,-0.3127837756028678,-1.5274213240973775,0.0002783788247614
2013-04-12,395.98,396.05,391.46,395.02,3273258,0,-0.0455465587044567,392.31,396.083,400.2575,398.5985890205553,412.96596526822464,387.54903473177535,1.1388476278749604,39.28571428571422,4092863.0,1.1725335921933355,-0.2424364866912562,-0.5237975321077948,-0.0004555693430011
2013-04-15,392.98,398.5,388.51,390.96,4908034,0,-1.027796060958941,393.018,395.119,399.448,397.871104351931,412.36865111606784,386.5273488839321,1.125935492343743,36.422413793103395,4028285.6,2.57136238449461,-0.5140210697745531,-2.406390414378446,-0.0103311435688123
2013-04-16,393.3,398.0,391.96,396.68,3483948,0,1.4630652752199769,394.59,394.135,399.0870000000001,397.75766584222333,411.8867978602456,386.2872021397545,1.1234509175775371,41.39425681777136,4018627.8,1.5409735687315085,0.8593948639715219,-2.4205451146315005,0.014524657356025
2013-04-17,393.48,395.42,389.05,391.28,4073956,0,-1.3612987798729548,393.828,392.953,398.368,397.1407452858211,411.2285567531109,385.50744324688907,1.1656651831859044,41.009125067096065,4012508.0,1.6373216810178652,-0.5591135508793447,-2.932274869759377,-0.0137064940868226
2013-04-18,392.68,392.9,380.63,382.96,6650796,0,-2.1263545287262264,391.38,391.495,397.148,395.7901981157429,411.0074715476073,383.2885284523928,1.2630291747093656,38.212737579193025,4198635.6,3.223602974016757,-2.47529795253133,-3.667555466116623,-0.0214928711468481
2013-04-19,384.58,401.72,383.13,399.94,11607522,0,4.4338834343012445,392.364,392.337,396.8635,396.185417342815,410.21412115645353,383.5128788435465,1.901360975869686,49.55077593248024,4631252.7,4.852138960666101,3.993967445004945,2.1505925623212185,0.0433839907726033
2013-04-22,400.3,401.98,387.5,400.06,5766814,0,0.0300045006750959,394.184,393.601,396.6085,396.55442521492785,409.4780548935416,383.73894510645835,1.850865317973225,45.22613065326635,4770425.6,3.736774193548392,-0.0599550337247087,3.2626090547726028,0.0003000000022499
2013-04-23,400.5,407.75,400.18,403.95,4586600,0,0.972354146877974,395.638,395.114,396.565,397.258765670649,409.3230884560587,383.8069115439413,1.8618195706863503,50.62380742697781,4828487.2,1.891648758058872,0.86142322097378,3.8912607376163866,0.0096765720666108
2013-04-24,404.42,409.0,404.0,406.72,3658302,0,0.6857284317366208,398.726,396.277,396.5905,398.1598356067777,409.431527135503,383.749472864497,1.8171654621611213,57.02479338842975,4892211.1,1.2376237623762376,0.5687156916077374,2.9436330962565593,0.0068338800753718
2013-04-25,408.12,408.24,403.82,404.55,3984602,0,-0.5335365853658569,403.044,397.212,396.7515,398.76842269184647,409.91931766676817,383.5836823332319,1.835266752062495,60.59521873475364,4875111.7,1.094547075429651,-0.8747427227286075,2.36589068825912,-0.0053496497472405
2013-04-26,403.82,403.87,398.29,400.71,4975274,0,-0.9492028179458712,403.198,397.781,396.932,398.9533348164325,410.218367528608,383.6456324713919,1.8732384398501525,60.85252327290539,4895104.2,1.400989228953773,-0.7701451141597776,1.4404333957774185,-0.009537364596725
2013-04-29,401.62,411.35,401.5,409.53,4603268,0,2.201093059818815,405.092,399.638,397.3785,399.96063626248656,411.7405410146069,383.01645898539306,1.9236055000730068,65.08375819373629,4944539.6,2.4533001245330066,1.9695234301080544,4.749846531614477,0.0217721870258723
2013-04-30,409.5,413.82,408.84,412.28,4846880,0,0.6715014773032602,406.758,401.198,397.6665,401.1339089993926,412.9986324434387,382.3343675565613,1.8948002669961463,63.19668355596495,4982726.0,1.2180804226592357,0.6788766788766722,3.932640919632946,0.006692569485596
2013-05-01,411.63,412.36,408.18,410.22,2952846,0,-0.499660424953896,407.458,403.092,398.0225,401.99925099945045,414.1935304654891,381.8514695345109,1.823952372861672,61.19558735837807,4956513.0,1.0240580136214432,-0.3425406311493254,4.840523410345554,-0.0050091290148342
2013-05-02,410.05,417.28,409.52,414.8,4036892,0,1.1164740870752254,409.508,406.276,398.8855,403.21836995188374,416.7061969856013,381.06480301439865,1.5792399030525843,63.83603805260213,4913557.4,1.8949013479195136,1.1583953176441897,8.314184249007738,0.0111028752016146
2013-05-03,418.48,423.4,418.0,422.86,5127662,0,1.9431051108968145,413.938,408.568,400.4525,405.0890013850377,420.86873799048686,380.0362620095131,1.053631458766216,71.13142554319025,4826551.1,1.2918660287081285,1.046645000955839,5.730859628944351,0.0192446786413504
2013-05-06,424.13,430.92,424.13,430.78,4283668,0,1.8729603178356813,418.188,411.64,402.6205,407.5357631578912,426.1769937744852,379.0640062255148,1.1095854574119286,71.94902162718844,4757502.7,1.60092424492491,1.5679154976068606,7.678848172774067,0.0185563639524862
2013-05-07,431.5,431.94,425.34,428.62,3935972,0,-0.5014160360276687,421.456,414.107,404.6105,409.54378571428254,429.9175953021395,379.3034046978605,1.1725738799004632,75.08060182697479,4738567.5,1.5516998166172995,-0.6674391657010418,6.107191484094576,-0.0050267734426793
2013-05-08,428.5,436.94,426.46,436.82,4936406,0,1.913116513461799,426.776,417.117,406.697,412.1415204081604,435.3579046759187,378.0360953240813,1.2444951323708608,86.23519913885903,4787511.6,2.457440322656291,1.9416569428238024,7.400668764752161,0.0189504654217353
2013-05-09,435.42,439.83,434.12,435.74,4401116,0,-0.2472414266745937,430.96400000000006,420.236,408.7240000000001,414.38899465500225,439.6092398063336,377.8387601936665,1.2153164666770893,80.64019171516611,4804690.8,1.3153045240947157,0.0734922603463307,7.709801013471762,-0.0024754757300772
2013-05-10,437.66,440.27,436.08,440.12,3796358,0,1.0051865791526948,434.416,424.177,410.979,416.83956659262105,444.1523068976596,377.80569310234034,1.0583378144617783,81.95596681557122,4830845.8,0.960832874701889,0.5620801535438421,9.835042799031736,0.010001681803524
2013-05-13,439.44,441.24,436.69,438.76,2897060,0,-0.3090066345542208,436.012,427.1,413.369,418.92722691713334,447.3473397878242,379.39066021217576,1.0251299945209675,78.93599334995848,4730297.1,1.0419290572259523,-0.1547423994174419,7.13745024784509,-0.0030948504585786
2013-05-14,438.75,444.34,438.57,443.55,3161192,0,1.091713009390105,438.99799999999993,430.227,415.7125,421.2722529250254,451.27278587594515,380.1522141240548,1.0325767407757904,79.62039568923922,4714159.3,1.315639464623659,1.0940170940170966,7.584651207916959,0.0108579684234625
2013-05-15,447.75,458.19,447.01,457.94,7982314,0,3.244279111712322,443.222,434.999,419.0455,424.7644193131182,457.35331999320215,380.73768000679786,1.1990708848511162,85.88519962360537,4909577.2,2.5010626160488596,2.275823562255723,11.632782409438835,0.0319276361989552
2013-05-16,459.5,459.99,451.0,451.94,6420150,0,-1.3102153120496118,446.462,438.713,422.4945,427.352569854726,459.5223583459023,385.4666416540976,1.4229318166607978,83.46178967994783,4898044.9,1.9933481152993369,-1.6452665941240483,8.953712632594012,-0.0131887435073317
2013-05-17,455.01,456.74,450.26,454.59,5583806,0,0.5863610213745041,449.35599999999994,441.8860000000001,425.227,429.94661082094257,463.2979321910397,387.1560678089604,1.3730788159051843,82.01193520886623,4596859.1,1.4391684804335314,-0.0923056636117922,7.503665515773528,0.005846486157961
2013-05-20,452.5,460.3,452.5,454.26,4545390,0,-0.0725928858971824,452.456,444.234,427.937,432.26217169513853,466.18077656973475,389.6932234302653,1.3310474174264562,80.88581518540327,4535787.9,1.7237569060773503,0.3889502762430919,5.450578021263763,-0.0007261924729103
2013-05-21,454.01,455.83,448.8,453.48,3966770,0,-0.1717078325188192,454.442,446.72,430.4135,434.2829172479825,468.5315804039791,392.2954195960209,1.306236444755512,82.43851229754057,4504796.4,1.5663992869875163,-0.1167375167947782,5.8000093322756685,-0.0017185541938723
2013-05-22,451.28,454.66,443.44,444.71,5122588,0,-1.9339331392784764,451.796,447.509,432.313,435.27597274817464,469.22695177692947,395.3990482230705,1.428481021249144,71.10201777903204,4578010.7,2.530218293342961,-1.4558588902676817,1.8062359782061277,-0.0195287828156428
2013-05-23,438.5,444.98,437.0,441.4,4558494,0,-0.7443052775966352,449.68799999999993,448.075,434.1555,435.85921343882467,468.84641340151745,399.46458659848247,1.4537444226106002,64.01996370235935,4606705.3,1.8260869565217437,0.6613454960091169,1.2989397347041631,-0.0074708905111191
2013-05-24,437.63,439.41,435.5,436.66,4593520,0,-1.0738559130040626,446.102,447.729,435.953,435.9354788256033,466.8670861097333,405.03891389026666,1.4646614643495426,54.67111534795048,4587617.6,0.8978185993111424,-0.2216484244681512,-0.786149232027622,-0.0107966335876653
2013-05-28,441.75,446.07,440.2,440.64,4514820,0,0.9114642971648436,443.378,447.917,437.5085,436.38352846126014,465.84811280053447,409.1688871994656,1.4930448998839034,59.280420012353304,4583195.2,1.3334847796456166,-0.2512733446519555,0.4284802625581063,0.0090733553053195
2013-05-29,437.86,439.0,432.14,434.16,4028292,0,-1.4705882352941124,439.5139999999999,446.9779999999999,438.6025000000001,436.171763845902,464.41837995584785,412.7866200441523,1.5146350504617216,47.89022842639596,4542265.8,1.5874485120562811,-0.8450189558306281,-2.117010483598236,-0.0148150857851405
2013-05-30,434.96,439.45,433.2,435.38,4241574,0,0.281002395430252,437.648,444.7219999999999,439.86049999999994,436.0963577653399,462.050352090302,417.6706479096979,0.949647835045336,49.715099715099704,4606702.2,1.44275161588181,0.0965606032738679,-4.926409573306545,0.0028060832176407
2013-05-31,434.06,438.5,433.76,435.61,3939114,0,0.0528274151316177,436.4899999999999,443.08900000000006,440.901,436.0500379781647,459.8593231548076,421.9426768451924,0.9176912900987187,46.17990852109097,4601813.3,1.0927701954998177,0.3570934893793511,-3.6133115015267503,0.0005281346636496
2013-06-03,436.5,436.98,427.51,433.82,4953592,0,-0.4109180230022269,435.922,441.012,441.449,435.8376534088157,458.7749305514507,424.1230694485492,0.8550442641389413,45.845946855028586,4593109.8,2.2151528619213647,-0.6139747995418114,-4.568952242680213,-0.0041176461109497
2013-06-04,433.92,435.3,427.04,429.55,3800466,0,-0.9842791941358175,433.704,438.541,441.3875,435.2388292746428,458.88080924728257,423.8941907527174,0.857362100623144,38.123515439429895,4568949.7,1.9342450355938532,-1.007098082595871,-5.439616078897547,-0.0098915524414245
2013-06-05,431.26,434.72,428.56,429.85,4213882,0,0.0698405307880456,432.842,436.178,441.449,434.7256074389625,458.7610255131637,424.13697448683627,0.8726097834492381,18.68450390189514,4582845.2,1.437371663244359,-0.3269489403144201,-5.210814148363763,0.0006981615363876
2013-06-06,432.15,433.16,423.61,432.32,5158810,0,0.5746190531580764,432.23,434.939,441.2240000000001,434.4965019685851,458.90243217625755,423.54556782374254,0.7799059314827319,26.258470474346453,4593965.4,2.254432142772836,0.0393381927571482,-2.7860853140248665,0.0057297441513809
2013-06-07,435.21,440.0,432.66,439.86,5349138,0,1.7440784603997006,433.08,434.785,441.43,435.0073113049104,458.93452933867206,423.9254706613279,0.9850830864492096,34.06189136550529,4641366.5,1.6964822262284414,1.0684497139312137,-0.3488898957861308,0.0172904396917161
2013-06-10,441.05,445.5,440.04,445.11,4675906,0,1.1935615877779249,435.338,435.63,441.6795,435.96947213301416,459.24754452467783,424.1114554753222,0.9791993411269384,41.052219831801295,4685343.9,1.2407962912462456,0.9205305520916,1.9351440480007256,0.0118649481672616
2013-06-11,441.98,443.5,439.76,439.9,3515176,0,-1.170497180472252,437.408,435.556,441.7365,436.3438081203461,459.27202817627864,424.2009718237213,1.03021685148459,37.778977681785406,4716249.7,0.850463889394217,-0.4706095298429885,-0.1679375453885301,-0.0117740142761379
2013-06-12,442.73,443.0,434.82,435.99,4409498,0,-0.8888383723573479,438.636,435.739,441.3585,436.3101121088846,459.0546241965284,423.6623758034716,0.9521720516922736,41.40039447731756,4778665.0,1.8812382135136392,-1.5223725521198042,0.4215035931453892,-0.0089281210484852
2013-06-13,434.49,439.83,432.75,438.5,4141558,0,0.575701277552243,439.872,436.051,440.3865,436.5186728604194,456.29283806148743,424.4801619385125,0.9647264896854476,47.09418837675352,4586627.2,1.636048526863081,0.9229211259177404,0.7166153704809552,0.005740504506049
2013-06-14,440.05,442.35,437.06,437.52,4489942,0,-0.2234891676168748,439.404,436.242,439.6654999999999,436.6140373499032,454.64718492386294,424.68381507613697,0.96939733477149,50.93194625054179,4490116.8,1.2103601336201026,-0.5749346665151754,0.4384655999632558,-0.0022373927737204
2013-06-17,439.62,444.72,439.14,443.12,4293076,0,1.2799414883891025,439.006,437.172,439.092,437.23365284038863,452.4593326867368,425.7246673132631,1.02625689710167,52.59631490787272,4425580.3,1.2706653914469284,0.7961421227423684,2.143746254206813,0.0127181946863311
2013-06-18,444.32,450.5,444.18,450.31,4334116,0,1.6225853042065363,441.088,439.24799999999993,438.8945000000001,438.4790192365421,451.4076652354845,426.38133476451566,1.0182512337619674,66.65978956055288,4415016.6,1.4228465937232635,1.348127475693196,4.832964730531941,0.0160956207533738
2013-06-19,450.68,455.42,448.75,450.34,5833684,0,0.0066620772356751,443.958,441.297,438.7375,439.6086364521095,450.5386718865012,426.9363281134988,1.0212549337511527,65.82064297800335,4508362.3,1.4863509749303656,-0.0754415549835874,4.7667791089915035,6.661855329165332e-05
2013-06-20,447.0,450.5,441.66,442.37,6753112,0,-1.7697739485721842,444.732,442.302,438.6205,439.87162345667053,450.21697764125895,427.02402235874104,1.240492534884142,56.14322064703743,4589888.5,2.0015396458814414,-1.0357941834451891,2.3246669133974773,-0.0178562170576226
2013-06-21,444.17,444.94,436.54,440.46,7964428,0,-0.4317652643714642,445.32,442.362,438.5735000000001,439.92765931794,450.1300962481224,427.0169037518778,1.1329360904789478,56.02103735944866,4760185.2,1.9242222934897093,-0.8352657766170692,0.1364070386031812,-0.0043270006231464
2013-06-24,435.94,438.16,431.62,434.9,6033924,0,-1.2623166689370249,443.676,441.341,438.48550000000006,439.44883462099335,450.1299167330374,426.8410832669627,1.11619140015984,54.74038631933365,4832205.4,1.5152217228117373,-0.2385649401293803,-2.2938150120195067,-0.0127035157471523
2013-06-25,438.63,439.84,432.26,433.1,5106778,0,-0.413888250172445,440.234,440.66099999999994,438.1085,438.84418370470826,449.94584727573385,426.2711527242662,1.069745633017955,52.80510961505264,4861803.3,1.75357423772729,-1.2607436791829043,-1.5458058649692965,-0.0041474713830116
2013-06-26,436.88,439.0,435.28,436.82,3662856,0,0.8589240360193928,437.53,440.744,438.2415,438.6514043042598,449.95113665219054,426.5318633478094,1.0784552180175475,53.80196012166273,4843531.5,0.8546223120749926,-0.0137337483977298,0.1903713387921612,0.0085525627076841
2013-06-27,439.4,442.34,438.32,438.54,3853108,0,0.3937548647040101,436.764,440.74799999999993,438.3995,438.6407943705208,450.03158534501415,426.7674146549858,1.069616688483184,48.763118440779614,4824108.2,0.9171381638985174,-0.1957214383249788,0.0091220068415109,0.0039298167920903
2013-06-28,437.45,440.92,437.1,440.18,4698898,0,0.373968167099914,436.708,441.0139999999999,438.628,438.78738538285216,450.20879462776776,427.0472053722322,1.0720532063881252,45.045226130653255,4862097.4,0.8739418897277494,0.6240713224368541,0.6079722069848303,0.0037327064461705
2013-07-01,443.22,446.04,442.5,443.94,3451560,0,0.8541960107228741,438.516,441.096,439.134,439.27811058448526,450.7146106556565,427.55338934434354,1.025940939811308,54.182194616977256,4786995.8,0.8000000000000047,0.1624475429809057,0.18505145333092,0.0085056839989884
2013-07-02,445.26,445.5,438.64,441.16,3783424,0,-0.6262107492003399,440.128,440.181,439.71449999999993,439.4573381478676,450.40179787128073,429.0272021287191,0.8712150948142788,55.48017807928771,4786143.7,1.5639248586540249,-0.9208103130754988,-2.031933556883037,-0.0062817967275683
2013-07-03,439.95,444.58,439.25,443.22,2097256,0,0.4669507661619443,441.408,439.46899999999994,440.383,439.81568689568974,450.1009098900735,430.6650901099264,0.895270507848244,55.05136986301373,4680312.4,1.213431986340349,0.7432662802591292,-1.5810276679841806,0.0046586393307553
2013-07-05,445.0,447.7,443.67,446.74,3403660,0,0.7941879879066693,443.04800000000006,439.90600000000006,441.104,440.4751452865764,450.4351259545114,431.77287404548855,0.734303579581182,59.35850588712956,4592554.9,0.90833276985146,0.3910112359550582,0.9878608404729096,0.0079105091367092
2013-07-08,449.5,453.14,448.54,452.54,3938900,0,1.298294309889414,445.5200000000001,441.114,441.738,441.6241790688072,452.3485956973509,431.1274043026491,0.7960974858102203,59.52284674484436,4522043.0,1.0255495607972458,0.6763070077864339,2.742587295100596,0.0128993871177708
2013-07-09,455.5,456.48,448.99,452.62,3958276,0,0.0176779953153349,447.256,442.8860000000001,442.1135,442.6714001098732,453.7120938802948,430.5149061197053,0.6005628847935154,52.72727272727274,4486161.5,1.6681886010824314,-0.6322722283205259,4.074499885031058,0.0001767643294187
2013-07-10,451.72,455.57,450.19,453.0,3430346,0,0.0839556360744175,449.624,444.876,442.7685,443.6550762898853,455.2840974687592,430.25290253124086,0.5433424636977067,53.114754098360685,4481920.0,1.1950509784757537,0.2833613743026593,4.594781805587611,0.0008392041304337
2013-07-11,456.5,460.4,454.26,460.12,5168708,0,1.5717439293598146,453.004,447.206,443.975,445.2231642622772,458.2656262983822,429.6843737016179,0.6407487405007202,71.20669056152931,4519880.5,1.351648835468671,0.7929901423877337,5.3340048532576345,0.0155951995447754
2013-07-12,460.0,461.5,457.62,461.5,5137214,0,0.2999217595409886,455.956,449.50200000000007,445.125,446.77333909444127,461.15624908946376,429.09375091053624,0.6435303560466296,75.45982575024212,4569663.3,0.8478650408635977,0.3260869565217391,5.235554339398907,0.0029947289150973
2013-07-15,462.15,464.0,458.18,462.34,3922722,0,0.1820151679306603,457.916,451.718,446.366,448.255878228304,463.70760242702073,429.0243975729792,0.6509734827044927,87.48633879781435,4541302.3,1.2702431358854582,0.0411121930109266,5.0343041483029705,0.0018184972105239
2013-07-16,463.56,463.98,456.95,459.8,3966854,0,-0.5493792447116785,459.352,453.304,447.2,449.35531839703697,465.46413108282286,428.9358689171771,0.7130967014823661,85.75254418853788,4524991.2,1.538461538461545,-0.8111139874018446,3.5725548497544724,-0.0055089388243495
2013-07-17,460.5,463.43,458.15,459.28,3012136,0,-0.1130926489778194,460.608,455.116,447.6485,450.30052616874775,466.65946113188136,428.63753886811855,0.6504427566246445,82.89396602226131,4458892.2,1.152460984393764,-0.264929424538551,4.107353341191389,-0.0011315664696998
2013-07-18,459.5,460.0,451.6,455.34,7250318,0,-0.85786448353945,459.65199999999993,456.328,447.8985,450.7804760574384,467.1879520126254,428.60904798737454,0.7618515635532246,73.1023102310231,4529723.9,1.8600531443755484,-0.905331882480963,2.7345336401786824,-0.0086156532155048
2013-07-19,443.3,451.48,437.8,448.3,14719174,0,-1.546097421706849,457.012,456.484,448.1950000000001,450.5442402424443,467.30814069870337,429.08185930129673,0.9257043265308822,59.72222222222226,4928027.0,3.1247144814984025,1.127904353710805,0.3491964005909453,-0.0155817414824825
2013-07-22,451.0,456.34,448.5,455.35,5806400,0,1.5726076288199886,455.614,456.765,448.9394999999999,451.0019316479258,467.9437150172286,429.9352849827712,0.9701727743639362,62.663706992230914,4820125.6,1.7480490523968728,0.9645232815964574,0.6209395854510191,0.0156037028524337
2013-07-23,455.35,456.5,449.78,451.9,4091964,0,-0.7576589436697145,454.034,456.693,449.7895,451.08746196717095,467.63514163215115,431.9438583678489,1.0048389589663314,61.74540682414694,4723027.6,1.4940637645070989,-0.7576589436697145,-0.1590738367725719,-0.0076054375965936
2013-07-24,453.63,455.15,450.35,451.45,4158756,0,-0.0995795529984522,452.468,456.538,450.707,451.12198939886895,466.73394848980126,434.6800515101987,1.004580176406543,59.328950351394205,4675626.5,1.065837681803032,-0.4805678636774478,-0.3421633554083869,-0.0009962916637458
2013-07-25,446.94,448.42,443.04,443.85,6007316,0,-1.683464392513001,450.17,454.91100000000006,451.0585,450.42941897992904,466.079876032,436.037123968,0.9541172759486012,47.001452583523566,4792849.5,1.2143373058866007,-0.6913679688548742,-3.5360340780665855,-0.0169779572391597
2013-07-26,443.5,445.0,441.0,442.68,3556088,0,-0.2636025684352838,449.046,453.029,451.2655000000001,449.69137907707864,465.6616083557148,436.8693916442854,0.9273882594000497,38.68227731864093,4777998.5,0.90702947845805,-0.1848928974069883,-4.078006500541709,-0.0026395061177437
2013-07-29,442.45,447.41,440.44,441.14,3785284,0,-0.3478810879190441,446.204,450.909,451.3135,448.8769620221188,465.55960051908966,437.0673994809104,0.904558249380326,37.2501110617503,4732317.8,1.582508400690225,-0.2960786529551367,-4.585370073971529,-0.0034848760121427
2013-07-30,442.73,447.8,440.44,445.46,3512232,0,0.979280953892192,444.916,449.475,451.38950000000006,448.5515370676313,465.48540082257983,437.2935991774203,1.0114872995676103,42.29983660130717,4735351.4,1.6710562165107652,0.6166286449980714,-3.1187472814267148,0.0097451707388966
2013-07-31,446.5,448.26,443.09,443.88,4346892,0,-0.3546895344138656,443.40199999999993,447.93500000000006,451.5255,448.10662877547594,465.2535235477043,437.79747645229577,1.0090979633073227,31.29894058037769,4763524.8,1.1668058407998412,-0.5867861142217256,-3.3530743772861804,-0.0035532004909755
2013-08-01,447.61,452.28,447.5,452.11,4275444,0,1.8541047129855048,445.054,447.612,451.9700000000001,448.4879022254306,465.12964485203105,438.8103551479691,1.199660918792831,40.66043365824548,4872434.2,1.0681564245809996,1.0053394696275777,-0.709360038652429,0.0183712574237963
2013-08-02,451.72,453.5,450.41,453.28,3435330,0,0.2587865784875243,447.174,448.11,452.2969999999999,448.9442924896753,465.2325635443737,439.3614364556261,1.0820255878842384,41.04743083003952,4874017.7,0.6860416065362615,0.3453466749313613,1.110863261208994,0.0025845230260471
2013-08-05,452.7,452.76,449.6,452.5,2619842,0,-0.1720790681256523,449.446,447.825,452.295,449.2829313001824,465.23041771953854,439.3595822804614,0.9541240024912656,42.52661752661751,4808064.8,0.7028469750889608,-0.0441793682350317,-0.6258921708575893,-0.0017222729422255
2013-08-06,452.34,454.86,447.86,448.28,3012950,0,-0.932596685082876,450.0100000000001,447.463,452.078,449.1874140334984,465.1354981080646,439.02050189193534,0.9698380503292164,39.53178530643319,4760798.5,1.562988433885589,-0.8975549365521516,-0.8010621818986485,-0.0093697259561536
2013-08-07,447.52,449.22,444.54,445.32,2759488,0,-0.6603015972160176,450.29799999999994,446.85,451.694,448.8190888874509,465.0847908653673,438.3032091346326,0.9873922486519624,40.28316524437549,4727255.6,1.0527736536644636,-0.4915981408652102,-1.3578469376453683,-0.0066249123233206
2013-08-08,447.74,447.92,442.64,446.33,2976090,0,0.2268031977005202,449.142,447.09800000000007,451.0045,448.5820328029318,463.98225339409333,438.0267466059067,0.8254433191913135,47.83659125851084,4617624.7,1.1928429423459312,-0.3149149059722216,0.5587473245465713,0.0022654638747731
2013-08-09,445.28,447.76,445.0,445.2,2647522,0,-0.2531759012389889,447.526,447.35,450.18950000000007,448.2599344407478,462.4176564217053,437.9613435782948,0.8249973130728947,37.18757889421857,4493140.1,0.6202247191011215,-0.0179662234998167,0.5692599620493288,-0.0025349693338899
2013-08-12,443.45,443.5,440.82,442.76,2754708,0,-0.5480682839173356,445.578,447.512,449.2105,447.7361311606766,460.4368889774803,437.9841110225197,0.8383109779113639,38.160621761658014,4434739.4,0.6079578966471592,-0.1555981508625544,0.3672303577095803,-0.0054957568839664
2013-08-13,443.42,444.25,438.1,440.62,2840524,0,-0.4833318276266984,444.046,447.028,448.2515,447.05840438346934,458.93268517965646,437.5703148203434,0.7818798801776308,36.55994043186894,4378422.9,1.4037890892490246,-0.6314555049388867,-1.086517307951329,-0.0048450365330041
2013-08-14,439.18,440.12,433.58,434.9,4165356,0,-1.298170759384509,441.962,446.12999999999994,447.0325,445.9004611088532,457.9757235701037,436.0892764298963,0.8674084010853955,38.34938818016135,4436083.9,1.508372157387338,-0.9745434673710164,-2.023069298008473,-0.0130667063808263
2013-08-15,432.22,432.46,429.0,429.83,3741624,0,-1.1657852379857392,438.662,443.902,445.75699999999995,444.3699410032482,458.4327590450604,433.0812409549395,0.5341813787897827,34.81446466556365,4260649.2,0.8065268065268018,-0.5529591411781137,-4.928004246754114,-0.0117263379241492
2013-08-16,430.64,431.22,428.27,428.46,3350774,0,-0.3187306609589879,435.314,441.42,444.765,442.8547085267483,459.5351241843481,429.994875815652,0.4700675821563549,34.95491219743708,3692229.2,0.6888178018539813,-0.5062232955600982,-5.475644193434526,-0.0031923968903698
2013-08-19,428.86,436.0,428.72,432.82,3622650,0,1.0175979087896136,433.3259999999999,439.45199999999994,443.6385,441.8990220003913,458.44606886830127,428.8309311316988,0.6820528474530144,35.01659554291133,3583041.7,1.6980779996267896,0.9233782586391782,-4.349171270718233,0.0101245523964028
2013-08-20,434.18,436.06,431.77,432.71,2472518,0,-0.0254147220553613,431.744,437.895,442.6789999999999,441.0238770479731,457.7176966120566,427.6403033879432,0.6697060497272748,36.28101203635468,3502069.4,0.9935845473284436,-0.3385692569901947,-3.473275631301864,-0.0002541795214313
2013-08-21,435.32,438.46,433.25,434.66,3519992,0,0.4506482401608558,431.696,436.829,441.8395,440.4177935195947,456.68998356469496,426.98901643530513,0.7039405929982222,24.658727853616057,3470131.2,1.2025389497980332,-0.1516126068179656,-2.393784245037267,0.004496358613511
2013-08-22,436.12,437.38,435.12,436.86,1740982,0,0.5061427322504919,433.102,435.88199999999995,441.4899999999999,440.0789560415381,456.4697083802691,426.5102916197308,0.7295873570504186,26.84715172024825,3256814.5,0.5193969479683744,0.1696780702558949,-2.1217484820648336,0.0050486613571184
2013-08-23,438.92,439.0,434.88,435.1,2153986,0,-0.4028750629492261,434.43,434.872,441.111,439.60476975186776,456.34533504326777,425.8766649567322,0.7320615864109355,26.125137211855176,3186709.4,0.9473877851361306,-0.8703180534038077,-2.268643306379148,-0.0040368879080402
2013-08-26,435.0,437.45,433.02,433.2,2112368,0,-0.4366812227074357,434.506,433.916,440.71400000000006,438.9947916802613,456.35358863370743,425.0744113662927,0.7274631210004441,27.901524032825375,3103063.6,1.0230474342986482,-0.4137931034482784,-2.15918330472491,-0.004376374599799
2013-08-27,429.81,431.86,423.95,425.08,3467668,0,-1.874422899353645,432.98,432.362,439.695,437.6695734249983,456.6343015452855,422.7556984547144,0.897475216205324,24.236252545824897,3100835.4,1.8657860596768543,-1.1004862613713078,-3.526848531614546,-0.0189221286223411
2013-08-28,425.12,427.7,423.88,424.28,2660016,0,-0.1881998682600971,430.904,431.3,438.715,436.39437595595086,456.8598249835654,420.5701750164346,0.8342455743784876,21.781417967750254,3016491.6,0.9011984523921848,-0.1975912683477681,-2.4419406760174733,-0.0018837718672249
2013-08-29,424.54,430.19,424.3,427.72,2955088,0,0.8107853304421653,429.076,431.08900000000006,437.4955,435.56824491252695,455.1207515920828,419.8702484079172,0.825630469521002,28.8786853552442,2950473.8,1.3881687485269825,0.7490460262872772,-0.4908917479003238,0.0080751612511864
2013-08-30,427.88,429.02,422.78,423.45,3721814,0,-0.9983166557561152,426.746,430.588,436.004,434.4141263494291,453.0440103780549,418.96398962194513,0.8769376008127319,27.655635269613622,2964798.0,1.4759449359004706,-1.0353370103767428,-1.1693040190449475,-0.0100333325208479
2013-09-03,427.18,433.1,426.98,430.19,4095272,0,1.591687330263314,426.1439999999999,430.325,434.8885,434.01182860186447,450.21661009052895,419.5603899094711,0.9728056850442672,39.09224011713035,3038569.5,1.4333224038596666,0.7046210028559369,-0.607642900050831,0.0157915281935279
2013-09-04,430.18,436.75,427.58,435.82,4083066,0,1.3087240521630017,428.292,430.636,434.2655,434.1840354016869,448.2563985076955,420.2746014923045,1.064710461962202,50.963956412405715,3092075.3,2.144627905888961,1.311079083174482,0.7187261676411483,0.0130023425076395
2013-09-05,436.75,439.94,435.8,439.78,2585202,0,0.9086320040383676,431.392,431.148,433.9885,434.7169844110501,447.2586727668921,420.718327233108,1.0920790013702713,60.67367517700059,3083361.0,0.949977053694352,0.6937607326845959,1.1779321768738749,0.0090452878018491
2013-09-06,441.22,441.89,436.87,439.79,3123510,0,0.0022738642048381,433.806,431.441,433.6615,435.2001287528548,445.9361572896742,421.38684271032577,1.084008048521489,62.51933701657457,3090732.0,1.1490832513104543,-0.324101355332942,0.6706954172961632,2.2738383529378857e-05
2013-09-09,441.86,444.88,441.21,444.02,2469928,0,0.9618226881011216,437.92,432.333,433.6025,436.0401164906782,445.6529306540212,421.55206934597874,1.103291064651895,62.411347517730434,3081852.3,0.8318034496045004,0.4888426198343294,2.050103424500116,0.0095722662086182
2013-09-10,445.0,446.0,442.0,444.34,2575472,0,0.0720688257285662,440.75,433.447,433.6815,436.8305815868041,446.00238902294774,421.3606109770522,1.081747547497422,62.828149128612345,3072890.5,0.904977375565611,-0.1483146067415786,2.5715604801477276,0.0007204286862092
2013-09-11,444.27,448.48,443.04,448.1,3221354,0,0.8461988567313394,443.206,435.749,434.05550000000005,437.903859530918,447.6513453019182,420.4596546980819,0.7875405029903406,64.2554094187526,3091932.0,1.2278801011195373,0.8620883696851106,5.415451209184163,0.0084263866431158
2013-09-12,448.7,448.95,445.0,446.53,2190930,0,-0.3503682213791714,444.5559999999999,437.974,434.637,438.7253967184496,449.33508738005,419.93891261995,0.8054740588769825,60.39561384648454,2993210.7,0.8876404494381996,-0.4836193447737945,5.24417837277269,-0.0035098344829202
2013-09-13,447.25,447.84,442.42,444.54,2652572,0,-0.4456587463328221,445.506,439.65600000000006,435.37250000000006,439.2791684595497,450.5229967783762,420.22200322162394,0.8509790942074512,60.098416773641375,2938758.1,1.2250802404954475,-0.6059250978200066,3.9324791919947537,-0.0044665476525565
2013-09-16,448.1,448.5,442.44,443.88,2682422,0,-0.14846807936294,445.4779999999999,441.699,436.1435,439.71734289197354,451.38202082198626,420.90497917801366,0.7309269819156434,61.73626373626371,2905340.5,1.3696772443721188,-0.941754072751624,4.824654622741775,-0.0014857840242576
2013-09-17,443.7,444.2,440.5,443.06,2520314,0,-0.1847346129584592,445.2219999999999,442.986,436.6555,440.03569118797606,452.1104184472301,421.2005815527699,0.6394340410564514,73.5340314136125,2850223.7,0.8399545970488056,-0.144241604687849,2.991701341267805,-0.0018490545778335
2013-09-18,443.18,451.98,441.54,451.66,3871422,0,1.9410463594095704,445.934,444.57,437.60300000000007,441.1427682176926,454.3121013333581,420.893898666642,0.7687754124087224,79.76086956521733,2920168.9,2.364451691805951,1.913443747461532,3.634528016153471,0.0192244833346287
2013-09-19,453.0,453.0,447.7,449.2,3196402,0,-0.5446574857193576,446.468,445.512,438.3299999999999,441.9101236255314,455.7500755331011,420.9099244668987,0.7906510237157789,73.85606397156806,2903989.4,1.183828456555732,-0.8388520971302453,2.141980080949568,-0.00546146152487
2013-09-20,449.2,452.06,447.81,451.56,8695586,0,0.5253784505788062,447.872,446.689,439.06500000000005,442.8291594707189,457.43830958927015,420.6916904107299,0.7923193633527413,82.60264439805141,3251719.6,0.94906321877582,0.5253784505788098,2.6762773141726592,0.005240031529058
2013-09-23,448.28,450.8,442.6,443.25,3556156,0,-1.840287005049168,447.746,446.612,439.4725,442.8692395211266,457.8370526691191,421.10794733088096,0.9901795937411842,64.61504028648162,3321828.1,1.8526886579304087,-1.1220665655393889,-0.1734156119093666,-0.0185743094390289
2013-09-24,443.25,445.05,440.7,443.42,2942166,0,0.038353073886066,447.818,446.52,439.9835,442.9216929000669,458.1811624004873,421.78583759951266,0.9899153108503358,59.6889342172361,3363318.0,0.987066031313824,0.0383530738860724,-0.2070486564342499,0.0003834572097466
2013-09-25,443.28,443.28,437.8,438.62,3308000,0,-1.0824951513238037,445.21,445.572,440.6605,442.5120078619653,457.4788114178378,423.8421885821621,0.9910822659151464,48.55217174238647,3355334.6,1.2517131110095847,-1.0512542862299152,-2.115599196607909,-0.010883967584705
2013-09-26,439.15,441.38,437.5,439.08,2519800,0,0.1048743787332995,443.186,444.82700000000006,441.4005,442.1851499703495,456.38673435022974,426.4142656497703,0.9943270365344046,49.12367316711919,3348323.8,0.8868571428571418,-0.0159398838665588,-1.6684209347636147,0.0010481942397567
2013-09-27,437.41,438.76,435.66,438.2,2517600,0,-0.200419058030421,440.5139999999999,444.193,441.9245,441.8056118779353,455.5695098455155,428.2794901544845,0.989612291063794,42.168998923573774,3326449.4,0.7115640637194064,0.1806085823369295,-1.4261933684257988,-0.0020062016577495
2013-09-30,434.54,440.42,434.16,437.96,3447520,0,-0.0547695116385194,439.456,443.601,442.65,441.4393631276557,453.3935953993655,431.90640460063446,0.989957685672232,41.39697950377566,3312734.7,1.4418647503224595,0.787039167855654,-1.3336937911147206,-0.0005478451561419
2013-10-01,440.12,443.84,440.02,443.5,3370166,0,1.26495570371723,439.4719999999999,443.645,443.3155,441.6356142583552,452.317033144269,434.313966855731,1.0828064111197098,44.08131755018012,3276479.4,0.8681423571655819,0.7679723711714976,0.0993093486209462,0.0125702197444099
2013-10-02,441.36,444.68,438.91,444.0,2990668,0,0.1127395715896373,440.54799999999994,442.879,443.7245,441.86079385279754,452.00664941590486,435.4423505840951,0.851050286386033,46.65255358560471,3221859.5,1.3146203094028346,0.5981511691136456,-1.6959659921179648,0.0011267606825906
2013-10-03,444.0,447.05,436.05,438.04,4237800,0,-1.3423423423423395,440.34,441.763,443.6375,441.4969087239597,452.1280467556884,435.1469532443116,0.9245265602837496,42.217432950191586,3304489.4,2.5226464854947825,-1.3423423423423375,-2.4844167408726525,-0.0135143320246663
2013-10-04,437.5,438.76,435.0,436.18,2716000,0,-0.4246187562779724,439.936,440.225,443.4570000000001,440.99053646453496,452.4316311462105,434.4823688537896,0.8842267476636592,41.03817504655497,3284113.9,0.8643678160919519,-0.3017142857142841,-3.405970413677029,-0.0042552282184784
2013-10-07,433.72,437.0,432.06,432.87,2588034,0,-0.7588610206795354,438.918,439.187,442.8995,440.2171520393411,453.0368254544,432.7621745456,0.7340557445473967,38.78987898789882,3290019.2,1.1433597185576072,-0.1959789726090617,-2.3417935702199633,-0.0076175502118059
2013-10-08,432.66,432.99,425.82,426.84,3890386,0,-1.3930279298634771,435.586,437.529,442.0245,438.9431375594039,454.4100220657876,429.6389779342124,0.8105612204510505,21.05876865671644,3355764.9,1.683810060588985,-1.3451671058105783,-3.739118668530972,-0.01402821622891
2013-10-09,428.14,431.32,421.49,427.93,5305796,0,0.2553650079655245,432.372,436.46,441.016,437.8942673156512,454.5500294696079,427.481970530392,0.7914347891766641,24.37966754998804,3459987.0,2.3322024247313067,-0.0490493763722099,-2.43718936664995,0.0025503950555746
2013-10-10,431.92,434.42,430.1,434.12,4516000,0,1.4464982590610689,431.588,435.96400000000006,440.3955,437.5348132855892,454.0028315764548,426.78816842354513,0.9540761321174258,30.767534186149135,3576240.5,1.0044175773076012,0.5093535839970339,-1.129634690716952,0.0143613627738756
2013-10-11,433.02,436.74,432.65,436.0,2817400,0,0.4330599834147186,431.552,435.744,439.9684999999999,437.3886405917235,453.5641994361416,426.37280056385833,0.9682895005370102,40.68362888717555,3584481.9,0.945336877383574,0.6881899219435634,-0.5020538566864463,0.00432124977122
2013-10-14,433.33,438.12,432.7,438.06,2487000,0,0.4724770642201781,432.59,435.754,439.67750000000007,437.45257958298794,453.169434237673,426.18556576232714,0.9820222466774768,43.4313725490196,3574710.8,1.2525999537786032,1.0915468580527583,0.0228331354461541,0.004713643947015
2013-10-15,437.88,442.82,437.0,441.0,3189080,0,0.6711409395973256,435.4219999999999,435.504,439.5745,437.7904291465129,452.9889375875204,426.1600624124796,0.9130067776181978,53.05598356445813,3608149.1,1.3318077803203645,0.712523979172377,-0.5636978579481422,0.0066889881507967
2013-10-16,442.98,449.16,442.0,449.02,4023572,0,1.81859410430838,439.64,436.006,439.44249999999994,438.8599120849402,452.40039598743016,426.4846040125697,1.0896382677301204,60.688172043010745,3615756.6,1.619909502262449,1.3634927084744148,1.1306306306306355,0.0180225547332231
2013-10-17,446.5,448.45,442.86,444.4,8436222,0,-1.0289073983341557,441.696,436.642,439.2025,439.3875395054221,451.5635132015312,426.8414867984689,1.046628670032736,56.17038216560507,3877747.6,1.262249920968246,-0.4703247480403186,1.4519221988859463,-0.0103423724145944
2013-10-18,488.54,507.73,487.0,505.7,23164614,0,13.79387938793879,455.636,443.59399999999994,441.9094999999999,445.7030119334772,473.8582329293272,409.96076707067266,4.415768693098689,80.43126684636117,4601199.0,4.256673511293639,3.512506652474714,15.938374065752669,0.1292185503204624
2013-10-21,505.73,509.5,499.78,501.65,7265572,0,-0.8008700810757441,468.354,450.472,444.82949999999994,451.0312965112413,486.4923818645945,403.16661813540543,4.4182507728133915,76.47755213550676,4786669.8,1.9448557365240764,-0.8067545923714315,15.88929701758033,-0.0080409427143156
2013-10-22,502.5,506.5,497.9,503.5,4420764,0,0.3687830160470584,480.854,458.138,447.8334999999999,456.02831589112304,497.0479400183095,398.6190599816903,4.321170762127582,76.76322418136019,4860599.7,1.7272544687688338,0.1990049751243781,17.959891294161757,0.0036810467869953
2013-10-23,500.5,517.38,500.32,515.71,5332000,0,2.425024826216493,494.192,466.916,451.688,461.7122858062542,509.2342788956579,394.1417211043421,4.292551683750836,83.07639894387187,4961799.7,3.409817716661337,3.0389610389610464,20.5127006753441,0.0239608798291586
2013-10-24,515.93,520.28,512.4,512.78,4184400,0,-0.5681487657792306,507.86800000000005,474.782,455.3730000000001,466.57587763423,518.6712311551312,392.0747688448689,4.3659775868894375,82.32613099257252,5045029.7,1.5378610460577666,-0.6105479425503416,18.119413986916054,-0.0056976887019583
2013-10-25,514.41,514.41,505.37,507.6,4061518,0,-1.0101798042045251,508.2480000000001,481.942,458.843,470.4829369071605,525.6870343675208,391.9989656324791,4.437921869306945,81.04694640631489,5122225.6,1.7887884124502769,-1.3238467370385385,16.42201834862387,-0.0101531674455845
2013-10-28,507.75,511.72,506.49,507.5,2332760,0,-0.0197005516154535,509.418,488.8860000000001,462.32,474.0083714874309,531.7738192652233,392.86618073477666,4.454688044756574,85.247334382101,5066487.6,1.032596892337463,-0.0492368291482028,15.85170981144135,-0.0001970249242902
2013-10-29,509.55,518.47,506.75,518.12,3216484,0,2.0926108374384356,512.342,496.59800000000007,466.051,478.20947896481846,539.168421323872,392.933578676128,4.445667690829532,86.38160548608306,5058803.5,2.312777503700054,1.6818761652438414,17.487528344671198,0.0207101647461129
2013-10-30,518.5,518.76,513.0,515.21,2653078,0,-0.5616459507449933,512.242,503.217,469.6115,481.7333381110262,545.1043573198535,394.1186426801464,4.5023933718413005,83.59990055523328,5041924.0,1.1228070175438578,-0.6345226615236188,14.740991492583856,-0.0056322911223935
2013-10-31,514.46,520.76,511.98,515.29,3280070,0,0.015527648919833,512.744,510.306,473.474,484.92921067188087,550.0623765813613,396.8856234186388,4.449815153512035,83.35156052830823,4994037.5,1.714910738700725,0.1613342145161775,15.951845184518444,0.000155264435052
2013-11-01,515.9,518.0,512.55,513.52,2567800,0,-0.3434958955151446,513.928,511.088,477.341,487.6521429888446,553.8107644824408,400.8712355175591,1.1812963818925233,81.81818181818181,4986627.5,1.0633108964979117,-0.4613297150610574,1.5463713664227718,-0.0034408719711912
2013-11-04,515.75,516.18,511.02,513.05,2277600,0,-0.0915251596822042,515.0379999999999,512.228,481.35,490.07098651371655,556.3969879475517,406.3030120524483,1.1376937697811922,81.0266126948583,4971105.8,1.009745215451444,-0.5235094522540078,2.272500747533135,-0.0009156706953046
2013-11-05,510.18,515.83,508.71,510.76,2362746,0,-0.4463502582594203,513.566,512.954,485.546,492.04136875050546,557.0615030377107,414.0304969622893,1.155760967262885,77.96702301141511,4894723.8,1.3996186432348612,0.1136853659492697,1.441906653426006,-0.0044734937517376
2013-11-06,512.8,513.5,507.68,511.38,1829200,0,0.1213877359229398,512.8,512.521,489.7184999999999,493.8831431552192,556.6722405975197,422.7647594024802,0.8375111999542117,81.4814814814815,4720894.0,1.1463914276709726,-0.2769110764430497,-0.8396191658102459,0.0012131412057808
2013-11-07,511.3,511.96,503.82,503.98,3359400,0,-1.4470648050373458,510.538,511.641,493.21150000000006,494.8447485690079,555.0457304365808,431.37726956341936,0.9347684004532713,48.3612804878049,4663064.0,1.61565638521694,-1.431644826911792,-1.716135574710398,-0.0145763690179479
2013-11-08,504.38,509.25,504.25,508.02,2588200,0,0.8016191118695115,509.438,511.683,496.8125,496.09953441957856,552.7227366580382,440.90226334196177,0.9291897420640696,56.07013531541835,4651604.0,0.991571641051066,0.721678099845352,0.0827423167848673,0.0079842321379275
2013-11-11,504.76,507.96,504.0,505.3,2225500,0,-0.5354119916538669,507.888,511.4629999999999,500.1745,496.9757692367615,548.8244952831711,451.5245047168288,0.945324275866116,51.6872890888639,4638529.0,0.7857142857142816,0.1069815357793843,-0.4334975369458149,-0.0053685045843778
2013-11-12,503.85,508.78,502.5,505.89,2437800,0,0.1167623194141986,506.914,510.2399999999999,503.419,497.8247435951652,543.3212874426747,463.51671255732526,0.5898326311632648,38.23106423777553,4600965.0,1.2497512437810891,0.4048824054778135,-2.360457036979857,0.0011669420523399
2013-11-13,503.38,516.42,503.25,516.24,3162360,0,2.0458993061732933,507.886,510.343,506.78,499.5785775384828,537.7030454005106,475.85695459948937,0.9163654463937384,53.52055352055358,4557904.4,2.616989567809232,2.5547300250307945,0.1999184798431752,0.0202525192773814
2013-11-14,516.96,519.88,515.17,517.62,2336876,0,0.2673175267317473,510.6139999999999,510.5759999999999,510.441,501.2968082491035,520.703838224438,500.178161775562,0.919568501143878,61.04984561093959,4252937.1,0.9142613117999956,0.1276694521819808,0.452172563022768,0.002669608688958
2013-11-15,517.43,519.0,515.16,516.78,2552400,0,-0.1622812101541693,512.366,510.902,510.995,502.77139793966506,521.3758051609403,500.6141948390597,0.9127364318120362,60.06944444444446,3222326.4,0.7453994875378586,-0.1256208569275027,0.6348340863062685,-0.0016241302874051
2013-11-18,517.88,524.37,514.62,515.78,3520372,0,-0.1935059406323769,514.462,511.175,511.7015,504.0103124216017,521.2980964909679,502.1049035090321,0.9152710859920908,46.7910038398244,3035066.4,1.894601842135945,-0.4054993434772578,0.5321118799337388,-0.001936934052535
2013-11-19,515.86,517.38,511.52,512.6,2260900,0,-0.6165419364845381,515.8039999999999,511.359,512.1565,504.8283779052587,520.9446721349559,503.3683278650442,0.9271722699362412,46.44704601143476,2927073.2,1.1456052549264963,-0.6319544062342478,0.360247474351949,-0.0061845040466314
2013-11-20,514.98,516.68,510.18,511.16,1930870,0,-0.2809207959422521,514.788,511.337,511.929,505.4313895333293,520.5640860782553,503.2939139217447,0.9319555491615392,44.57862956156478,2757016.7,1.274060135638391,-0.7417763796652284,-0.0430208455551639,-0.0028131611894681
2013-11-21,513.0,519.16,513.0,517.04,2184984,0,1.150324751545484,514.672,512.643,512.142,506.5369714825361,521.0706424971569,503.2133575028432,0.8415344559174044,54.170616113744074,2657045.9,1.2007797270955105,0.7875243664717279,2.591372673518788,0.0114375882141372
2013-11-22,516.71,518.08,514.61,515.95,2508400,0,-0.2108154107999249,514.506,513.4359999999999,512.5595000000001,507.4334503889612,521.3740584717876,503.74494152821256,0.8298641894360377,53.38626809901928,2579390.0,0.6742970404772599,-0.1470844380793851,1.5609621668438267,-0.0021103793929165
2013-11-25,518.58,526.6,517.51,522.96,3226000,0,1.3586587847659537,515.942,515.202,513.3325000000001,508.9121693995363,522.9535227599408,503.71147724005937,0.8692122192063237,62.83129995793029,2624052.0,1.7564877973372557,0.8446141386092781,3.494953492974484,0.0134951177427506
2013-11-26,524.3,530.75,521.47,529.21,4574000,0,1.1951200856662014,519.2639999999999,517.534,513.887,510.84529612339,525.6987231685497,502.0752768314502,0.9036177567238346,66.76697385743853,2691927.8,1.7795846357412646,0.9364867442304182,4.609697760382692,0.0118803492052586
2013-11-27,531.02,534.0,530.0,531.55,2247000,0,0.4421685153341625,523.342,519.065,514.704,512.8171726830672,528.917309403881,500.49069059611895,0.7119440000145247,78.6530866763668,2671623.9,0.7547169811320755,0.0998079168392852,2.9656748799008037,0.0044119382248811
2013-11-29,531.08,533.31,529.72,529.79,2385546,0,-0.3311071394976883,525.892,520.282,515.429,514.433632427537,531.1657674069669,499.692232593033,0.7391552257181098,73.75081824132678,2626897.7,0.6777165294872608,-0.2429012578142798,2.3511456280669085,-0.0033165651219683
2013-12-02,531.76,533.17,525.38,527.24,2750000,0,-0.4813227882745963,528.15,521.328,516.115,515.6532864820573,532.6759642485584,499.5540357514416,0.764659068823609,74.02540516863792,2636007.7,1.4827363051505509,-0.8500075221904584,2.0240721390146765,-0.0048248487683807
2013-12-03,525.45,531.72,524.51,526.63,3354000,0,-0.1156968363553612,528.884,522.413,516.7940000000001,516.6986877694804,533.9294448285888,499.6585551714114,0.760558616522522,72.70140105078823,2689827.7,1.374616308554658,0.2245694166904462,2.1036100663073487,-0.001157638168129
2013-12-04,525.68,531.99,525.0,529.09,2384184,0,0.4671211286861876,528.86,524.0620000000001,517.7104999999999,517.8788127438156,535.4376394373569,499.983360562643,0.7046995632604732,67.00185234188953,2690899.6,1.3314285714285732,0.6486836098006549,3.216933281310963,0.0046603350364426
2013-12-05,528.6,529.83,525.54,528.67,2269400,0,-0.0793815796934493,528.284,525.813,518.575,518.9065448634523,536.684507244304,500.4654927556962,0.6883161489073099,65.00135758892209,2712909.6,0.8163032309624533,0.0132425274309376,3.425541904687357,-0.0007941310355328
2013-12-06,534.9,535.0,530.04,534.93,2859000,0,1.1841035050220272,529.312,527.602,520.1225,520.4325882097902,538.2701956634897,501.9748043365101,0.6928055539756712,71.4792899408285,2687889.6,0.9357784318164736,0.0056085249579309,3.4600804579916433,0.0117714785370191
2013-12-09,535.5,541.16,534.01,539.07,2965354,0,0.7739330379676002,531.678,529.914,521.675,522.2075798088578,540.7520829724239,502.597917027576,0.6751182182644508,75.65543071161065,2706747.3,1.3389262373363753,0.666666666666676,4.481054365733117,0.0077095353924072
2013-12-10,537.83,546.16,537.83,542.33,3708578,0,0.6047452093420169,534.818,531.851,523.5264999999999,524.1240007794428,543.0934918350671,503.9595081649328,0.5991178775074926,82.69188475918196,2780901.2,1.548816540542537,0.836695610137032,3.7039161694967015,0.0060292396440679
2013-12-11,543.7,545.66,537.58,538.64,3420232,0,-0.6803975439308219,536.728,532.794,525.164,525.5064768956863,543.9837135164698,506.3442864835301,0.6042545719919574,78.79295892707458,2830022.8,1.5030321068491994,-0.9306602906014452,1.781901324615931,-0.0068272280135145
2013-12-12,539.78,541.47,534.5,534.98,3192400,0,-0.6794890836179901,537.99,533.137,526.101,526.4087171913352,544.9159961466881,507.28600385331185,0.652068306913987,69.71428571428578,2831524.8,1.3040224508886862,-0.8892511764051937,0.6452826639074427,-0.0068180812173572
2013-12-13,537.7,538.14,528.95,530.4,4327410,0,-0.8561067703465652,537.0840000000001,533.198,526.74,526.788839363589,545.2070802411065,508.27291975889347,0.7064799577799411,64.7479077362726,2931051.5,1.7374042915209265,-1.3576343686070425,0.1151399611166725,-0.0085979241480154
2013-12-16,532.0,537.34,531.0,536.49,3207082,0,1.1481900452488647,536.568,534.1229999999999,527.7255,527.7127594241996,546.0577763682525,509.3932236317475,0.7650961175443808,64.07322654462234,2963785.6,1.1939736346516068,0.8439849624060167,1.754419239814875,0.0114164836964017
2013-12-17,536.5,540.38,534.19,534.93,3074952,0,-0.2907789520774084,535.088,534.953,528.683,528.4001156695139,546.3775868618176,510.9884131381824,0.7744765003974965,56.59289995389567,2941514.6,1.1587637357494411,-0.2926374650512675,1.5760590927216267,-0.0029120253539897
2013-12-18,535.92,542.48,529.52,542.38,4421720,0,1.3927055876469918,535.836,536.2819999999999,530.172,529.7315332247982,547.1662400149017,513.1777599850983,0.8653442406842936,61.16725097958338,3049555.6,2.447499622299448,1.205403791610695,2.511859986013709,0.0138309655759472
2013-12-19,540.38,546.0,539.54,543.11,3331478,0,0.1345919834802256,537.462,537.7259999999999,531.7695,531.0056729176746,547.1709045497523,516.3680954502477,0.8588677494486001,64.03286978508211,3119586.0,1.197316232346079,0.5052000444131941,2.73138252596139,0.0013450148965932
2013-12-20,544.15,550.58,544.0,550.31,6526236,0,1.3256982931634242,541.444,539.264,533.433,532.8441802588484,549.3152166025523,517.5507833974477,0.8765399842904353,72.13586643638436,3336648.6,1.2095588235294192,1.1320407975741924,2.8751425420148413,0.0131698781202335
2013-12-23,553.92,557.9,552.56,557.55,3443430,0,1.3156221039050786,545.656,541.112,535.513,535.1971154722914,552.6047599106107,518.4212400893894,0.9253337585076618,76.31937351038455,3383400.1,0.9664108875054352,0.6553292894280754,3.4281262173743388,0.0130704296045319
2013-12-24,557.48,557.62,554.05,555.92,1468340,0,-0.2923504618419836,549.8539999999999,542.4709999999999,537.161,537.1707235225495,555.4692321432292,518.8527678567707,0.940338831929172,73.16525643239491,3295517.1,0.644346178142776,-0.2798306665710086,2.505854369111038,-0.0029277864052988
2013-12-26,557.0,559.5,554.34,558.73,2675618,0,0.505468412721255,553.124,544.48,538.637,539.2239879489733,558.901518226378,518.3724817736219,0.8827316395539591,74.92537313432828,3200598.0,0.9308366706353444,0.3105924596050302,3.729763849695544,0.0050419520976344
2013-12-27,560.0,560.14,556.47,559.2,3139804,0,0.0841193420793695,556.342,546.9019999999999,540.0195,541.1264652871663,561.9522973352056,518.0867026647944,0.8120197465791212,72.26197028068239,3245238.2,0.6595144392330151,-0.1428571428571347,4.527272047553188,0.0008408398158942
2013-12-30,560.17,560.25,554.51,554.73,2471800,0,-0.7993562231759732,557.226,549.335,541.2665,542.4220400217218,563.5830364932029,518.949963506797,0.8020398560482072,64.27789934354476,3249550.9,1.0351481488160734,-0.9711337629648036,4.587104072398196,-0.0080256820325961
2013-12-31,556.12,560.5,553.13,560.36,2715912,0,1.0149081535161253,557.788,551.722,542.9225,544.1304171625102,565.7656925826545,520.0793074173455,0.7902126443818571,65.75773466177233,3247846.5,1.3324173340805967,0.7624253758181704,4.449290760312397,0.0100979254409087
2014-01-02,557.73,558.88,554.13,556.56,3645230,0,-0.6781354843315102,557.916,553.885,544.419,545.3141869565568,566.6822573395771,522.1557426604229,0.8380123801622318,65.6315422191206,3262408.0,0.857199574107159,-0.2097789252864419,4.043519712859633,-0.0068044527125273
2014-01-03,557.5,558.46,552.46,552.5,3335424,0,-0.7294810981744893,556.6700000000001,554.897,545.5895,545.9985501035513,566.9005937010902,524.2784062989099,0.8274235052165018,65.1767151767151,3309970.0,1.086051478840097,-0.8968609865470852,1.8658505107120416,-0.0073215482234779
2014-01-06,556.0,559.43,553.22,558.66,3540906,0,1.1149321266968215,556.562,556.452,547.089,547.2044024746417,567.5925112782332,526.5854887217669,0.8769706853393621,73.82799325463736,3373545.3,1.1225190701709848,0.4784172661870446,2.863140063707159,0.0110876257365854
2014-01-07,562.5,569.84,560.58,569.43,5107226,0,1.9278273010417737,559.502,558.3639999999999,548.8140000000001,549.3211260484853,570.7643644856394,526.8636355143608,0.9718193151303238,75.74241950609556,3485956.6,1.6518605729779854,1.231999999999991,3.474405335174713,0.0190948013665188
2014-01-08,573.0,573.66,566.64,570.62,4485344,0,0.2089809107353124,561.5539999999999,559.6709999999999,550.3915,551.3495902343439,573.8746355164506,526.9083644835493,0.910239492506603,78.05376513126865,3561956.1,1.2388818297331607,-0.4153577661431057,2.344184378082703,0.002087628493816
2014-01-09,571.72,572.11,562.78,565.12,4170322,0,-0.9638638673723277,563.266,560.591,551.5310000000001,552.661057831073,575.5721733665783,527.4898266334218,0.975923202387436,68.43983133311707,3585043.3,1.6578414300437188,-1.1544112502623702,1.6549143761692475,-0.0096853910132876
2014-01-10,569.54,569.54,561.12,565.09,4289366,0,-0.0053086070215147,565.784,561.2270000000001,552.8534999999999,553.844766609066,576.8187557938136,528.8882442061863,0.9696762401012988,68.02821522309712,3628500.0,1.5005702879954304,-0.7813323032622699,1.138295777924947,-5.3087479330442256e-05
2014-01-13,563.24,573.46,558.58,561.49,4847254,0,-0.6370666619476606,566.35,561.456,554.179,554.5728840748693,576.8810619513263,531.4769380486737,0.9988125898928788,59.74546722454676,3711242.7,2.66389774069963,-0.3107023648888573,0.4095135908440461,-0.0063910459153048
2014-01-14,568.98,575.5,564.04,574.7,4967222,0,2.352668791964252,567.4040000000001,563.453,556.394,556.489752258215,577.9425658577561,534.8454341422439,1.1829973486138874,63.54018632559612,3743233.3,2.031770796397425,1.0053077436816806,3.5999495249941393,0.0232542009327907
2014-01-15,576.5,577.5,571.9,574.31,3901450,0,-0.0678614929528587,568.142,564.848,558.2850000000001,558.1869187098137,579.104598560257,537.4654014397431,1.1658782584486755,64.80914801095176,3777951.7,0.9791921664626724,-0.3798785776236001,2.489471054322201,-0.0006788452928644
2014-01-16,574.55,578.96,574.0,578.11,3368142,0,0.6616635614911992,570.74,567.0029999999999,560.4440000000001,560.0843550231648,579.9821595857879,540.9058404142122,1.1232835677298785,65.36144578313247,3792611.2,0.8641114982578462,0.6196153511443843,3.871999425039552,0.0065948417633104
2014-01-17,578.42,580.32,572.1,575.26,5532000,0,-0.4929857639549562,572.774,569.279,562.088,561.5296545447682,580.73945412702,543.4365458729799,1.0994190804457349,62.267033302780234,3848125.2,1.4368117461982215,-0.5463158258704693,4.119457013574657,-0.0049420494735648
2014-01-21,580.48,582.0,575.65,581.85,3961868,0,1.1455689601223895,576.846,571.598,564.025,563.4649255405045,582.4226388645163,545.6273611354836,1.1016424894796857,70.06510802012423,3879644.7,1.1031008425258444,0.2360115766262411,4.151004188594154,0.0113905700435089
2014-01-22,583.3,583.95,579.43,582.51,3145666,0,0.1134312967259632,578.408,572.9060000000001,565.635,565.2787421556945,584.6058879463604,546.6641120536395,0.965415580294294,67.68886759303618,3710616.2,0.7800769721968306,-0.1354363106463164,2.297033875981258,0.0011336701203862
2014-01-23,579.96,581.24,577.18,580.05,3901870,0,-0.4223103466034938,579.556,573.849,566.76,566.685528617057,586.3699426983163,547.1500573016837,0.9874423671293172,69.169250856863,3733538.2,0.7034200769257527,0.0155183116076829,1.6525884126038282,-0.0042320459530563
2014-01-24,575.5,576.78,561.5,561.92,7845950,0,-3.1255926213257457,576.318,573.529,567.06,566.2316687487659,586.1483364773715,547.9716635226284,1.4093502416560677,56.25165914520834,4052418.7,2.7212822796081877,-2.3596872284969663,-0.5662514156285492,-0.0317548157147186
2014-01-27,563.05,563.25,541.14,550.62,8721648,0,-2.0109624145785765,571.39,572.0820000000001,566.6545,564.7448431536453,586.803042561885,546.5059574381149,1.539351683218998,45.00497017892648,4354720.2,4.0858188269209474,-2.20761921676582,-2.56065405510627,-0.0203145749477202
2014-01-28,555.16,562.88,554.97,561.5,4430356,0,1.975954378700373,567.3199999999999,572.083,566.7695,564.4358104723458,586.7645662072234,546.7744337927766,1.6812708821380993,45.080034743764784,4419247.8,1.4253022685910892,1.1420131133367015,0.0017809756184483,0.019566858119521
2014-01-29,559.56,560.88,549.71,553.46,4799042,0,-1.4318788958147757,561.51,569.9590000000001,566.7059999999999,563.3904951892653,586.8694128272416,546.5425871727582,1.5136808955010892,40.187557182067735,4535609.9,2.0319804988084553,-1.0901422546286206,-3.695841308508785,-0.0144222920305603
2014-01-30,572.47,576.24,563.62,567.7,10264930,0,2.5729049976511487,559.04,569.298,567.073,563.8009242188591,587.0160653822769,547.129934617723,1.7785551277707443,51.34123518402996,4913060.8,2.23909726411412,-0.8332314357084182,-1.1509463530149031,0.0254036280287432
2014-01-31,585.67,593.27,575.57,590.48,11137888,0,4.012682754976216,564.7520000000001,570.5350000000001,568.769,566.3417885789678,590.6251516331257,546.9128483668743,2.2032789117113993,60.674346254099035,5287693.7,3.0752123981444357,0.8212816090972833,2.1397311930255514,0.0393426552851163
2014-02-03,589.6,590.86,566.0,566.72,9149058,0,-4.023845007451565,567.972,569.6809999999999,569.48,566.3778087143043,589.9915710604546,548.9684289395454,2.5828866224587683,51.88007764756633,5578375.4,4.392226148409897,-3.880597014925372,-1.4845461182769415,-0.0410704108673281
2014-02-04,568.52,577.5,568.5,569.08,5629258,0,0.4164313946922737,569.488,568.404,570.001,566.635160265323,589.8748144565225,550.1271855434775,2.553331757089607,47.80879600748597,5682793.0,1.58311345646438,0.0985013719834058,-2.1947237260462327,0.0041556671884976
2014-02-05,572.23,575.38,564.01,571.6,4795568,0,0.4428199901595597,573.116,567.313,570.1095,567.108002144816,589.9938799845022,550.2251200154979,2.559830632262703,48.96065045639337,5667210.1,2.015921703515896,-0.1100955909337146,-1.8729292200992176,0.0044184242727461
2014-02-06,575.57,580.08,573.78,579.98,3894672,0,1.4660601819454169,575.5720000000001,567.3059999999999,570.5775000000001,568.3339067024526,590.9471439521287,550.2078560478715,2.607487579340358,50.69284920340867,5637676.5,1.0979818048729597,0.7661969873342891,-0.0120679251788491,0.014554174131588
2014-02-07,583.82,588.95,580.28,588.72,5374156,0,1.5069485154660445,575.22,569.986,571.7574999999999,570.2754393974571,593.4849959198478,550.030004080152,2.386850975317279,54.77847202499291,5697868.2,1.494106293513489,0.8392997841800516,4.769362186788162,0.0149570684310431
2014-02-10,585.9,591.2,584.51,586.46,3890950,0,-0.3838836798478073,579.168,573.5699999999999,572.826,571.8168261215088,595.2631565887726,550.3888434112274,2.248674064415082,51.688520987473446,5677947.4,1.144548425176653,0.0955794504181701,6.509026188660072,-0.0038462240441414
2014-02-11,590.01,595.93,586.1,595.09,4103224,0,1.4715411110732155,584.3700000000001,576.929,574.5060000000001,574.0333188718413,598.3564387248546,550.6555612751456,2.2212512549416736,54.35354374307864,5640745.9,1.67718819314109,0.86100235589228,5.982190560997336,0.0146081900369126
2014-02-12,594.5,595.0,590.69,593.34,3451056,0,-0.2940731654035522,588.7180000000001,580.917,575.438,575.8720504078564,600.7333739061561,550.1426260938439,2.132699403834847,54.62196563956323,5564937.6,0.7296551490629509,-0.1951219512195068,7.205579445669064,-0.0029450641011603
2014-02-13,590.38,599.95,589.83,599.95,3673428,0,1.114032426601952,592.7120000000001,584.142,576.72,578.165188464251,604.2728621113291,549.1671378886709,2.0396408360095912,64.37807183364843,5553536.5,1.7157486055304076,1.6209898709305954,5.680817333098465,0.0110787279004434
2014-02-14,597.8,602.2,596.4,601.4,4387980,0,0.2416868072339317,595.248,585.2340000000002,577.8844999999999,580.3780276581318,607.5707899243619,548.1982100756379,1.6430511281010187,70.74346405228759,5604528.4,0.9725016767270402,0.6022080963532993,1.849342907465101,0.0024139521440307
2014-02-18,600.74,606.43,600.0,605.44,4218462,0,0.671765879614239,599.0440000000001,589.106,579.3935,582.7648821668812,611.4885432473959,547.2984567526041,0.7081337560656042,69.01176877812395,5538851.5,1.0716666666666583,0.7823684122915148,6.8322981366459645,0.0066951958690301
2014-02-19,602.65,604.61,598.75,601.17,4210608,0,-0.7052721987315214,600.26,592.315,580.3595,584.5177505319401,613.8964536795582,546.8225463204418,0.8302519921373126,71.33911798908663,5551288.5,0.9787056367432174,-0.245582012776905,5.638925985801624,-0.0070777099892967
2014-02-20,601.57,603.45,600.11,602.05,3402216,0,0.1463812232812777,602.002,595.36,581.3365,586.1874885765172,616.2475661237136,546.4254338762864,0.839865950207423,67.44894849131357,5564116.0,0.556564629817872,0.0797912129926533,5.327151854443657,0.0014627419040658
2014-02-21,603.9,604.93,601.42,601.9,3724902,0,-0.0249148741798821,602.392,597.552,582.4290000000001,587.6839182358965,618.5182122093888,546.3397877906114,0.7844649724740683,57.53298153034298,5555267.6,0.5836187689135698,-0.3311806590495115,3.779440670367928,-0.0002491797845028
2014-02-24,602.68,610.08,602.55,606.26,3350292,0,0.7243728194052279,603.3639999999999,599.306,584.6460000000001,589.4530688800968,620.8778385140032,548.4141614859969,0.6925855894199684,85.05319148936161,5330484.7,1.249688822504371,0.5940134067830426,2.9793450197037608,0.0072176184072902
2014-02-25,607.5,612.25,605.21,610.0,2887766,0,0.6168970408735541,604.276,601.6600000000001,587.615,591.4099194629447,621.7796215904782,553.4503784095218,0.6546689197479354,85.41017653167177,5038790.6,1.163232596949813,0.411522633744856,4.013913992429141,0.0061500202063416
2014-02-26,612.0,614.44,606.88,610.08,3966630,0,0.0131147540983755,606.058,603.159,590.0440000000001,593.1880223712357,623.286280243524,556.8017197564762,0.541103734155722,84.76689555475237,5015604.3,1.2457157922488893,-0.3137254901960717,2.518946713942438,0.0001311389418968
2014-02-27,608.65,612.12,608.5,609.6,2520182,0,-0.0786782061369062,607.568,604.7850000000001,592.851,594.7510678596894,622.3572768701224,563.3447231298776,0.520933094360586,81.21838111298472,4901661.3,0.5949055053410033,0.1560831348065465,2.74041864698149,-0.0007870917368171
2014-02-28,610.17,612.1,603.11,607.83,4628688,0,-0.2903543307086531,608.754,605.5730000000001,594.8575000000001,595.996680444481,622.5654641790377,567.1495358209625,0.4536472709303361,73.6100815418828,4619849.2,1.490607020278226,-0.3834996804169195,1.3134427868989107,-0.0029077667662668
2014-03-03,603.13,603.92,596.07,601.34,4213574,0,-1.067732754224049,607.7700000000001,605.567,595.4005,596.5055680211971,623.1728334311322,567.6281665688678,0.58752989910829,66.64429530201335,4273633.5,1.3169594175180612,-0.2967851043721857,-0.0099767209843615,-0.0107347392386637
2014-03-04,607.5,608.0,604.75,607.46,2941920,0,1.0177270761964952,607.2620000000001,605.769,597.4375,597.5488472572736,622.1614920767253,572.7135079232747,0.6393457144111471,64.65987200758468,3963276.6,0.5374121537825548,-0.0065843621399117,0.3336416490486327,0.010125831058012
2014-03-05,607.5,611.54,605.71,609.13,2471864,0,0.2749152207552674,607.0720000000001,606.5649999999999,599.4399999999999,598.6518141851523,620.7444428279633,578.1355571720366,0.5861403059663778,68.7485157919733,3805406.9,0.9625068101896826,0.2683127572016453,1.32408470149874,0.0027453802002558
2014-03-06,611.14,613.08,609.3,609.8,2538758,0,0.1099929407515576,607.112,607.3399999999999,601.35,599.7135461675188,618.6110214980839,584.0889785019161,0.5861621464142743,63.61625656621495,3692566.4,0.6203840472673702,-0.2192623621428857,1.2872684992940808,0.0010993249283804
2014-03-07,613.2,613.5,605.72,607.4,3030580,0,-0.3935716628402752,607.0260000000001,607.8900000000001,602.721,600.4455893896599,616.9193051619936,588.5226948380064,0.6081363910330311,58.081896551724114,3649361.8,1.2844218450769287,-0.9458577951728748,0.9137730520019982,-0.003943481942506
2014-03-10,607.84,608.82,602.04,605.78,2430886,0,-0.2667105696410932,607.914,607.842,603.5740000000001,600.9536284954065,616.1926051443446,590.9553948556555,0.5735219413033236,50.489913544668475,3502198.3,1.1261710185369886,-0.338904974993429,-0.079173951769873,-0.0026706687595963
2014-03-11,606.52,607.16,598.32,600.0,3430846,0,-0.9541417676384168,606.4219999999999,606.842,604.251,600.8628067339392,614.1670325257651,594.3349674742349,0.598434984888356,48.38442419221215,3479193.1,1.4774702500334131,-1.0749851612477712,-1.6393442622950838,-0.0095872286359056
2014-03-12,597.15,603.92,592.1,603.65,3933854,0,0.6083333333333218,605.3259999999999,606.199,604.679,601.1282537116593,613.6212731126068,595.7367268873932,0.6456932177856062,52.05233453052852,3470724.6,1.9962844114169795,1.0885037260319852,-1.0539601363755646,0.0060649045622499
2014-03-13,603.98,605.25,592.38,594.53,4691282,0,-1.510809243767086,602.2719999999999,604.692,604.7384999999999,600.4998485962632,613.3736625711955,596.1033374288044,0.783552131685669,42.31491136600624,3532735.9,2.1725919173503505,-1.5646213450776592,-2.472112860892395,-0.0152233823471614
2014-03-14,591.06,595.43,586.26,586.4,4603570,0,-1.3674667384320327,598.0719999999999,602.549,604.061,599.1570058728096,615.8341128110861,592.2878871889139,0.8604022228766011,30.80046403712292,3579243.0,1.5641524238392452,-0.7884140358000826,-3.525656844841496,-0.0137690268587931
2014-03-17,589.62,598.54,589.05,596.05,4333094,0,1.6456343792633057,596.126,602.02,603.7935,598.8611005515896,616.0542070715412,591.5327929284588,1.0231026289063452,37.896928682977546,3576498.7,1.611068669892201,1.0905328855873189,-0.879701998869209,0.0163224055915688
2014-03-18,597.5,605.76,596.53,605.63,3643212,0,1.6072477141179542,597.2520000000001,601.8369999999999,603.803,599.5057576419144,616.06937183091,591.53662816909,1.107146158637506,46.68553552807981,3547736.2,1.5472817796255038,1.360669456066945,-0.3012544035821407,0.0159446823808926
2014-03-19,605.9,606.0,597.21,599.62,3225558,0,-0.9923550682760074,596.446,600.8860000000001,603.7255,599.516637866494,616.0811771097949,591.3698228902051,1.1410546080034347,43.132397467657555,3498483.7,1.4718440749485044,-1.036474665786429,-1.5612430843990557,-0.0099731173023649
2014-03-20,599.76,604.8,597.68,598.58,3369950,0,-0.1734431806810876,597.256,599.764,603.5519999999999,599.4274342601612,616.1026545855473,591.0013454144525,1.137354888715588,43.57013763381064,3496870.4,1.191272921964932,-0.1967453648125833,-1.8399475237782736,-0.0017359376751262
2014-03-21,603.16,604.82,591.22,591.52,6421280,0,-1.1794580507200505,598.28,598.1759999999999,603.033,598.674345283003,616.6817332745354,589.3842667254646,1.1801202465033522,43.227586206896504,3631689.3,2.3003281350427964,-1.9298361960342176,-2.614422127099114,-0.0118646883790901
2014-03-24,592.1,592.45,572.98,578.96,6078302,0,-2.123343251284815,594.862,595.4939999999999,601.6679999999999,596.7967885893837,618.9379856459101,584.3980143540897,1.3194147877940947,31.948315176083057,3768089.8,3.3980243638521457,-2.219219726397566,-4.427349862986551,-0.0214621046304494
2014-03-25,583.0,584.92,573.5,579.36,4826090,0,0.0690894016857734,589.6080000000001,593.4300000000001,600.136,595.1361420570614,619.5916612245289,580.680338775471,1.315124573861547,30.835586455516903,3865006.0,1.991281604184823,-0.6243567753001692,-3.4399999999999986,0.0006906554594587
2014-03-26,581.05,585.78,565.75,565.98,5160046,0,-2.3094449047224463,582.88,589.663,597.9309999999999,592.3593666230556,622.0730872075361,573.7889127924637,1.4017583407040977,25.757911042265988,3924676.8,3.5404330534688415,-2.5935805868685895,-6.240371075954599,-0.0233653041275141
2014-03-27,565.42,565.97,551.05,557.14,7653360,0,-1.5618926463832672,574.592,585.9240000000001,595.308,589.0051412303836,624.8968646195345,565.7191353804654,1.4053993148845578,24.044618880396612,4181335.7,2.707558297795132,-1.4643981465105538,-6.2890013960607565,-0.0157421870456698
2014-03-28,559.5,566.6,558.88,560.08,4517836,0,0.5276950138205949,568.304,583.292,592.9205,586.250365875109,625.7801303115235,560.0608696884764,1.4238423554752226,26.716934990829458,4175793.1,1.3813340967649634,0.1036639857015265,-4.48840381991813,0.0052630758247952
2014-03-31,565.2,567.5,556.42,557.26,3882892,0,-0.5034995000714249,563.964,579.413,590.7165,583.4893786489081,626.9394024818555,554.4935975181445,1.2201742380404688,27.54780416053795,4159259.0,1.99130153481184,-1.4048124557678792,-6.507843301736427,-0.0050477132970425
2014-04-01,560.14,568.75,559.0,567.45,4364680,0,1.8285898862290484,561.582,575.595,588.716,581.9618187775835,625.4609642235364,551.9710357764636,1.2670586719669186,32.20605583955964,4230397.0,1.744186046511628,1.3050308851358696,-6.30417911926423,0.0181207223752482
2014-04-02,571.33,572.4,562.0,567.55,4176714,0,0.0176226980350469,561.896,572.388,586.637,580.5892646082898,623.2235584175611,550.0504415824388,1.2762312407244325,35.44768069039914,4315639.5,1.8505338078291775,-0.6616141284371705,-5.348387311964253,0.0001762114542002
2014-04-03,569.85,587.28,564.13,569.74,5085676,0,0.3858690864241065,564.4159999999999,569.504,584.634,579.5560013122622,620.2547540923094,549.0132459076906,1.3060281865352403,40.398801290917504,4442985.4,4.1036640490667,-0.0193033254365207,-4.818069430986672,0.0038512652127141
2014-04-04,574.65,577.77,543.0,543.14,6350869,0,-4.6687962930459515,561.028,564.6659999999999,581.421,576.0878107110943,619.8752790172483,542.9667209827518,1.860602492382225,24.49137016681135,4608999.85,6.403314917127069,-5.483337683807534,-8.178928861238843,-0.047813002824106
2014-04-07,544.79,549.85,530.53,540.63,3952384,0,-0.4621276282358089,557.702,560.833,578.1634999999999,572.7108763576567,618.8996049090047,537.4273950909951,1.806035137109356,16.370033112582817,4685074.75,3.6416413774904433,-0.7635969823234583,-6.620491916540006,-0.0046319873916669
2014-04-08,545.0,559.88,544.7,557.51,3487557,0,3.122283262120118,555.714,558.6479999999999,576.039,571.2631738474037,616.4103237987401,535.6676762012598,2.16653120836857,30.415775276718463,4687910.3,2.7868551496236367,2.295412844036695,-3.7714029273681393,0.0307453141948453
2014-04-09,567.26,567.8,555.38,567.04,3033286,0,1.7093863787196684,555.612,558.754,574.2085,570.8609668143176,612.5788779798344,535.8381220201655,2.137773801456156,36.405172413793075,4642881.9,2.236306672908632,-0.0387829214117031,0.1872857698151708,0.0169494075835267
2014-04-10,568.0,568.21,545.5,546.69,3296494,0,-3.5888120767494147,551.0020000000001,557.7090000000001,571.8165,568.5589699748588,610.8123952090791,532.8206047909209,2.3879348148730104,32.66300564622169,4573142.5,4.163153070577459,-3.751760563380272,-1.87565064436227,-0.0365479338105877
2014-04-11,537.69,547.59,533.4,537.76,3175047,0,-1.633466864219224,549.9259999999999,555.477,569.3844999999999,565.6257347391579,610.5570598324598,528.21194016754,2.416091239831034,33.60655737704917,4501716.35,2.66029246344208,0.0130186538711778,-3.985144979288679,-0.016469550189278
2014-04-14,543.66,553.02,540.52,545.2,2541217,0,1.3835168104730844,550.84,554.271,566.842,563.6804266687619,607.3562171796991,526.3277828203009,2.478204277629418,37.12886209495104,4412122.5,2.312587878339377,0.2832652760916891,-2.1641603560277,0.0137403358455821
2014-04-15,551.0,552.89,530.64,548.7,3999390,0,0.6419662509171031,549.078,552.396,563.9955000000001,562.2537193669751,600.8714813285966,527.1195186714036,2.3978859824397083,42.96531509526138,4429931.4,4.193049902005126,-0.4174228675136033,-3.304255881575469,0.0063991442425522
2014-04-16,557.7,564.0,553.1,563.9,4583800,0,2.7701840714415837,548.45,552.031,562.2095,562.4105079986917,595.0611239925366,529.3578760074635,2.5898767844497983,52.61650410280229,4497843.5,1.9707105405894008,1.1117088040164842,-0.6431151440401739,0.0273250867482066
2014-04-17,556.32,557.0,539.4,543.34,5615081,0,-3.646036531299868,547.78,549.391,559.4475,560.5942691416735,588.4919689000137,530.4030310999863,2.8207967709650332,44.2983651226158,4610100.05,3.2628846866889183,-2.333189531205065,-4.633692561519287,-0.0371416558170628
2014-04-21,543.99,544.0,534.0,539.37,2425068,0,-0.7306658814002387,548.1020000000001,549.014,556.8399999999999,558.5729101757998,582.9792634696639,530.7007365303359,2.409259937799487,43.95403852652923,4410289.45,1.872659176029963,-0.8492803176528988,-0.6941120153183267,-0.0073334831897603
2014-04-22,536.0,547.99,536.0,545.5,2331111,0,1.1365111148191387,548.162,549.501,555.167,557.327871111438,579.5706788425907,530.7633211574093,2.4313238512923503,42.372645771075106,4222929.9,2.236940298507464,1.7723880597014925,0.9008009174481524,0.0113010134668122
2014-04-23,544.14,544.8,528.13,537.51,1958526,0,-1.4647112740604928,545.924,547.501,553.0745,555.4404548151106,575.867435632264,530.2815643677359,2.2251926951474603,40.10409803663198,4079551.7,3.156419820877428,-1.2184364318006389,-3.5873795985722268,-0.0147554407932092
2014-04-24,541.69,542.5,531.0,534.44,2069235,0,-0.5711521646108775,540.0319999999999,544.241,551.4975000000001,553.4404114993857,574.8873951416322,528.107604858368,2.105194929269614,38.43835975370104,3925011.15,2.1657250470809792,-1.3384038841403754,-5.749153498871317,-0.0057278947592228
2014-04-25,532.26,533.86,522.5,523.1,2371746,0,-2.12184716712821,535.984,541.882,549.7955000000001,550.5508484994442,576.2144258118559,523.3765741881442,1.913902302983503,42.707423580786035,3660930.45,2.17416267942584,-1.7209634389208222,-4.31505972306061,-0.0214468193441279
2014-04-28,525.8,525.9,511.0,522.98,3752291,0,-0.0229401644045168,532.706,540.4040000000001,547.9404999999999,547.9250534042591,576.4464103566766,519.4345896433233,1.867989798122103,43.46344715206281,3622653.2,2.9158512720156513,-0.5363255990870933,-2.7484379648913926,-0.0002294279606271
2014-04-29,523.89,537.76,523.0,536.33,2535424,0,2.5526788787334276,530.8720000000001,539.517,546.894,546.8207626038535,575.4959332434521,518.2920667565479,2.013390745959764,41.94554304837239,3555279.8,2.8221797323135736,2.374544274561464,-1.6269258987527513,0.0252064208486241
2014-04-30,536.3,536.34,529.09,534.88,2038450,0,-0.2703559375757502,530.3460000000001,538.135,545.2655,545.6835471177722,572.6211771554154,517.9098228445846,1.9943182790198497,36.96920583468397,3438968.3,1.3702772685176434,-0.2647771769531902,-2.5186805175870353,-0.0027072205927738
2014-05-01,534.25,539.91,532.86,538.53,2004335,0,0.6823960514507954,531.164,535.5980000000001,543.8145000000001,545.0022569160795,569.20095347424,518.4280465257601,1.737261285625101,46.1761949390815,3330349.35,1.3230492061704675,0.801123069723907,-4.499024649760597,0.0068007826793
2014-05-02,541.44,542.4,533.27,533.87,1780869,0,-0.8653185523554763,533.318,534.6510000000001,542.021,543.942041971691,564.6096360809978,519.4323639190021,1.3467198769559527,48.10114224348336,3165109.0,1.7120783092992284,-1.398123522458638,-1.7429233997128923,-0.0086908417214903
2014-05-05,530.24,535.72,527.58,535.33,1228622,0,0.2734748159664457,535.788,534.2470000000001,541.6305,543.1218474981966,564.4069342433547,518.8540657566452,1.3374704284170051,44.88335925349921,2908996.65,1.5428939686872103,0.9599426674713396,-0.7490220071564857,0.0027310155395514
2014-05-06,533.41,534.55,522.26,522.57,1835081,0,-2.3835764855322905,533.0360000000001,531.9540000000001,540.7275000000001,541.1645286888446,565.0504662967626,516.4045337032376,1.4444353030109096,37.64071516412827,2803131.5,2.35323402136866,-2.032207870118655,-4.2034830430797365,-0.0241244330116693
2014-05-07,523.25,524.43,511.09,518.0,3074269,0,-0.8745239872170352,529.6600000000001,530.003,538.7520000000001,538.9583830994309,563.7444903247226,513.7595096752775,1.408579174547531,25.862431636516632,2782467.1,2.6101078088007936,-1.0033444816053512,-3.6296999125597695,-0.008783703897997
2014-05-08,515.72,527.35,514.46,520.17,2452021,0,0.4189189189189202,525.988,528.5759999999999,536.4085,537.1690132804374,558.8968907125853,513.9201092874147,1.426775448305044,34.89372799582732,2753403.85,2.5055397892936253,0.8628713255254657,-2.670084574507914,0.0041804389652081
2014-05-09,518.76,527.35,514.28,526.62,2261298,0,1.2399792375569652,524.5379999999999,528.9280000000001,535.405,536.1643453489672,557.7523624959659,513.057637504034,1.3325801102408288,41.947707464948856,2701644.05,2.5414171268569747,1.5151515151515178,0.6729114891990129,0.0123235446073901
2014-05-12,531.84,538.75,527.51,538.43,1948655,0,2.242603775018037,525.158,530.473,535.4385,536.3801219823989,557.8027292158895,513.0742707841105,1.4965605248320852,45.8338243959929,2640324.45,2.130765293548939,1.239094464500586,2.954223870893702,0.0221782715998878
2014-05-13,539.58,543.99,537.9,541.54,2011903,0,0.5776052597366466,528.952,530.9939999999999,535.2555,536.8715389364562,557.3415789448396,513.1694210551603,1.281322283681679,52.51969488558208,2613858.75,1.132180702732856,0.3632454872307948,0.9714168515652544,0.0057594351636378
2014-05-14,541.82,541.82,533.11,534.41,1281068,0,-1.3166155777966535,532.234,530.9469999999999,534.5409999999999,536.6371066567937,555.7009213012118,513.3810786987881,1.3558463216132106,49.98214923241694,2477942.65,1.6338091575847455,-1.367612860359544,-0.0878701764881917,-0.0132535979733986
2014-05-15,533.13,534.0,525.31,529.12,1832994,0,-0.9898766864392394,534.024,530.006,532.8019999999999,535.921191737099,548.918220792462,516.6857792075378,1.3653540004376263,53.859964093357256,2340402.35,1.6542612933315672,-0.7521617616716356,-1.7473492655933676,-0.0099480853887254
2014-05-16,529.75,530.84,523.57,528.3,1907713,0,-0.1549742969458867,534.36,529.449,532.05,535.1953639526133,547.4850128296818,516.6149871703182,1.3433292846152152,53.380782918149414,2155033.95,1.3885440342265565,-0.273714016045313,-1.0433251540637345,-0.0015509450632126
2014-05-19,528.88,539.35,525.66,538.83,1977840,0,1.9931856899489064,534.4399999999999,529.799,532.023,535.5415197666501,547.4058997334813,516.6401002665187,1.4972437345511425,51.64777221196941,2132672.55,2.6043450138873143,1.8813341400695895,0.6538023275362903,0.01973581810321
2014-05-20,540.0,546.35,536.57,540.39,2425272,0,0.2895161739324026,534.2099999999999,531.581,531.7675,536.0032797888739,546.357194813006,517.1778051869941,1.222977620149448,53.62643148611293,2137380.6,1.8226885588087245,0.0722222222222196,3.4100694643779628,0.0028909788300966
2014-05-21,542.9,549.75,542.11,549.7,1564721,0,1.722829808101567,537.268,534.751,532.3770000000001,537.3077293327907,548.8710156292747,515.8829843707255,1.2115271109013432,56.84184736003924,2117690.35,1.4093080740071178,1.252532694787266,6.1196911196911286,0.017081573763038
2014-05-22,552.2,557.96,551.0,555.45,2149668,0,1.046025104602499,542.534,538.279,533.4275,539.0355646344296,552.8847999425006,513.9702000574994,1.2171960941465432,63.04400386847195,2121712.0,1.2631578947368487,0.5885548714233972,6.7823980621720015,0.0104059211611166
2014-05-23,558.0,565.0,554.17,563.8,2672589,0,1.503285624268602,549.634,541.9970000000001,535.4625,541.3940822882935,558.5472088829449,512.377791117055,1.2337508733684668,65.88550385001668,2136754.15,1.954273959254388,1.0394265232974829,7.0601192510728605,0.0149209826522807
2014-05-27,567.8,574.87,564.15,574.87,2191705,0,1.9634622206456287,556.842,545.641,538.057,544.5822649275036,566.3181975758429,509.7958024241571,1.1973751348912929,79.74294813466783,2058724.85,1.9002038464947315,1.2451567453328725,6.767824972605552,0.0194443495993078
2014-05-28,574.57,577.66,569.95,570.45,1581558,0,-0.768869483535406,562.854,548.5319999999999,539.763,547.0458587439318,571.4918439917435,508.0341560082566,1.2808946534589605,79.87922980517264,2011031.55,1.3527502412492187,-0.7170579737890952,5.338479152047881,-0.0077184052369415
2014-05-29,573.39,573.48,568.45,570.56,1411198,0,0.0192830221754647,567.0260000000001,552.147,541.547,549.2853007683193,576.0139978537786,507.08000214622143,1.1275250578127285,79.39563644848911,1979668.95,0.8848623449731677,-0.4935558694780238,6.764469227746472,0.0001928116323971
2014-05-30,571.64,572.58,565.79,571.65,1871700,0,0.1910403813796923,570.266,556.4,543.203,551.4152721237175,580.1528032755926,506.2531967244073,0.9885202917052068,78.02115743621657,1973037.2,1.2000919068912632,0.0017493527394847,8.037874206229212,0.0019085813132032
2014-06-02,569.75,570.41,556.7,564.34,1663338,0,-1.278754482637967,570.374,560.004,544.7265,552.6461985881253,582.5581621920086,506.8948378079914,1.156317501819395,67.07976268951886,1967160.65,2.4627267828273616,-0.9495392716103498,6.821881506719674,-0.0128700092436457
2014-06-03,560.87,562.4,552.53,554.51,2031635,0,-1.7418577453308326,566.302,561.572,545.6854999999999,552.8237034844943,583.4866241687436,507.8843758312563,1.277611652845276,57.8539421097251,2007311.3,1.786328344162309,-1.133952609339065,2.910008722602675,-0.017572065851423
2014-06-04,551.52,558.58,548.56,553.76,1729183,0,-0.1352545490613366,562.964,562.909,547.245,552.9128745812092,583.5757151478966,510.9142848521034,1.2848400914569569,62.69851686573043,2002016.4,1.8266005541782295,0.4061502756019744,2.4741390477247993,-0.0013534610058759
2014-06-05,557.0,565.0,555.05,564.93,1796197,0,2.0171193296735,561.838,564.432,549.5915,554.0573627163321,583.9793560418876,515.2036439581124,1.3250116058953425,71.81674180577554,1938112.8,1.7926312944779834,1.4236983842010682,2.7706021466254116,0.0199704497786255
2014-06-06,568.19,568.8,559.58,566.03,1740834,0,0.19471438939338,560.714,565.49,551.8844999999999,555.1976138862053,584.056520190805,519.7124798091947,1.2974994558989168,72.90831815421983,1902553.45,1.6476643196683072,-0.3801545257748432,1.904761904761898,0.0019452506664544
2014-06-09,566.75,572.0,565.22,570.73,1529355,0,0.8303446813773263,561.992,566.183,554.09,556.6768887541857,584.9922499606622,523.1877500393379,1.238288115879346,70.84422373235758,1865956.3,1.199532925232648,0.7022496691663023,1.2291592763391312,0.008269162851905
2014-06-10,568.78,572.0,566.13,568.3,1485090,0,-0.4257705044416915,564.7499999999999,565.5260000000001,555.5835,557.7838517299775,586.1847922155716,524.9822077844283,1.063144140762318,68.03204548391263,1842778.05,1.036864324448449,-0.0843911529941309,-1.1428670829926824,-0.0042667948809434
2014-06-11,566.0,568.97,563.68,567.5,1129093,0,-0.1407707196902974,567.4979999999999,565.231,556.8815,558.7091991842653,587.1754029995643,526.5875970004356,1.0381401957973766,62.92102206736352,1798637.55,0.938475730911169,0.2650176678445229,-0.517135594705942,-0.0014086989475179
2014-06-12,566.2,567.0,557.15,559.5,1548865,0,-1.4096916299559448,566.412,564.125,558.136,558.7845135476687,586.5301635218383,529.7418364781616,1.122892128351663,52.84690004217627,1812027.4,1.767926052230104,-1.1833274461321166,-1.9384464385866385,-0.0141972216035777
2014-06-13,560.08,560.65,553.72,560.35,1353333,0,0.1519213583556888,565.2760000000001,562.9950000000001,559.6975,558.9336074955097,584.5921977021982,534.8028022978018,1.1214848667183848,47.28901461574734,1788044.35,1.251535071877474,0.0482073989430048,-1.9767340155689592,0.0015180607460572
2014-06-16,557.83,557.99,550.0,552.3,1971737,0,-1.4366021236727144,561.5899999999999,561.7909999999999,560.8974999999999,558.3018353530802,581.3343777870745,540.4606222129254,1.1394196408682604,31.380960237584517,1791245.55,1.4527272727272744,-0.9913414481114472,-2.1334656412800967,-0.0144702115908952
2014-06-17,552.36,553.74,547.47,550.61,1481664,0,-0.3059931196813248,558.052,561.4010000000001,561.4865,557.5692796051677,579.8158440603809,543.1571559396191,1.007734388782146,32.86109191430543,1766436.75,1.1452682338758255,-0.3168223622275327,-0.7033236551189259,-0.0030646223584767
2014-06-18,552.95,561.4,551.58,560.66,2060580,0,1.8252483609088044,556.684,562.091,562.5,557.8636339284851,577.9300472421291,547.0699527578709,1.1703474165743402,42.70126806251845,1748202.15,1.780340113854733,1.3943394520300068,1.2460271597804162,0.0180879066390037
2014-06-19,561.15,565.0,556.67,564.99,2630439,0,0.7723040702029893,557.7819999999999,562.097,563.2645,558.5423354591056,577.4925752480001,549.0364247519999,1.001328328705956,45.313819307627384,1801488.05,1.4963982251603358,0.6843090082865602,0.0106207848760142,0.0076933706870967
2014-06-20,566.45,566.77,559.37,566.52,3161111,0,0.2708012531195125,559.016,562.146,563.818,559.3021130344289,577.6210181291367,550.0149818708633,1.0032125520243846,51.66973039215682,1852060.2,1.3229168528880664,0.0123576661664641,0.0865678497606214,0.00270435247143
2014-06-23,564.35,574.44,563.5,574.29,1723748,0,1.37153145520017,563.414,562.5020000000001,564.3425,560.7295308406738,578.9182272997054,549.7667727002945,1.0648939422472712,65.64378361278074,1804618.15,1.9414374445430445,1.7613183308230602,0.6237625497170107,0.0136221108702792
2014-06-24,574.21,582.25,569.16,572.54,2844295,0,-0.3047240940987961,567.8,562.926,564.226,561.8543374272763,578.4811595829872,549.9708404170128,1.059339976794802,64.62161320460913,1837247.65,2.299880525686983,-0.2908343637345348,0.7460848143586052,-0.0030518932331715
2014-06-25,573.35,587.3,573.26,585.93,2114663,0,2.338701226115214,572.854,564.769,565.0,564.1472576722975,582.0793158990203,547.9206841009797,1.2710882103297072,65.80373269114989,1863902.9,2.4491504727348783,2.1941222638876647,3.2475770925110004,0.0231177265336063
2014-06-26,589.3,589.6,579.6,584.77,2012285,0,-0.1979758674244269,576.81,567.296,565.7104999999999,566.111328370174,584.8247410122207,546.5962589877792,1.1378740442823214,64.09022556390978,1893957.25,1.725327812284334,-0.7687086373663623,4.516532618409297,-0.001981720986813
2014-06-27,585.45,587.88,582.62,585.69,2021886,0,0.1573268122509796,580.644,569.83,566.4125,567.9759637634908,587.3860631839502,545.4389368160498,1.137718762788134,61.926020408163296,1901466.55,0.9028183035254524,0.0409941070971063,4.522173641474092,0.0015720318327241
2014-06-30,586.76,587.71,583.29,584.67,1478942,0,-0.174153562464796,582.72,573.067,567.429,569.5658719764916,589.8970113190096,544.9609886809903,0.9616494610615968,63.35018757135866,1892246.75,0.7577705772428934,-0.3561933328788656,5.860945138511675,-0.0017430538607781
2014-07-01,587.65,593.66,586.29,591.49,1644408,0,1.1664699745155491,586.51,577.155,569.278,571.6538841692067,593.3021541611239,545.2538458388761,0.9236941051755616,67.8152383781375,1872885.4,1.25705708778932,0.6534501829320227,7.42449283521911,0.0115971916027358
2014-07-02,592.1,594.15,589.11,590.78,1197000,0,-0.1200358416879487,587.4799999999999,580.167,571.129,573.4754190102346,595.814446724731,546.443553275269,0.8688755753592047,76.04930046635566,1846276.25,0.8555278301166104,-0.222935314980586,5.372239860164796,-0.0012010794240797
2014-07-03,591.7,594.25,589.0,593.08,898852,0,0.3893158197637136,589.142,582.976,572.5364999999999,575.3425219616408,598.8876160454662,546.1853839545337,0.8653453075230064,76.61408359082769,1801409.0,0.8913412563667233,0.2332262971100211,4.971769411848004,0.0038855994691269
2014-07-07,593.51,595.65,587.94,590.76,1337083,0,-0.3911782558845389,590.156,585.3999999999999,573.773,576.8108532033893,601.139879790601,546.4061202093991,0.9082122068164298,84.4870875179339,1781221.45,1.311358301867524,-0.4633451837374265,4.278754501165016,-0.0039194535917158
2014-07-08,586.36,587.97,574.0,578.4,2129564,0,-2.092220190940486,588.9019999999999,585.8109999999999,574.1564999999999,576.9622005173522,601.5587736474939,546.754226352506,1.137939851922774,70.91675447839819,1811231.9,2.4337979094076703,-1.3575277986220131,0.7156663009977526,-0.0211441727135546
2014-07-09,578.69,584.1,577.0,583.36,1372862,0,0.8575380359612694,587.2760000000001,586.8929999999999,574.9095,577.5715147537949,602.4614318073216,547.3575681926784,1.1538462370086433,68.50342354091939,1805620.5,1.2305025996533836,0.8069951096441892,1.889824291752551,0.0085388206457432
2014-07-10,573.0,585.25,572.1,580.04,1436226,0,-0.5691168403730185,585.128,586.304,575.5364999999999,577.8066085867667,602.9488531699723,548.1241468300276,0.8891757127999692,62.4730648102104,1820977.15,2.2985492046844915,1.2286212914485102,-1.0052395337326936,-0.0057074248106038
2014-07-11,581.0,588.23,580.58,586.65,1514260,0,1.13957658092545,583.842,586.492,576.894,578.648836340408,603.643562436156,550.144437563844,0.9693525868365768,65.38755541966049,1819246.9,1.3176478693720033,0.972461273666089,0.3214939206867662,0.0113313231899383
2014-07-14,590.7,594.86,586.69,594.26,1954577,0,1.2971959430665647,584.542,587.3489999999999,578.5894999999999,580.1356138317977,605.2222471358002,551.9567528641996,1.0489127567388747,65.30268199233709,1849309.1,1.39255825052412,0.6026747926189174,1.4632314022776427,0.0128885441634534
2014-07-15,595.15,595.3,585.31,593.06,1673865,0,-0.2019318143573589,587.4739999999999,588.188,580.6274999999999,581.3665077525789,604.9255569939999,556.329443006,1.049903905174686,65.85780525502304,1834415.5,1.706787856007929,-0.3511719734520763,1.4349975199685172,-0.0020213597153076
2014-07-16,596.89,597.0,590.25,590.62,1441922,0,-0.4114254881462109,588.9259999999999,588.101,582.6279999999999,582.2477927285237,602.7494142016193,562.5065857983806,0.9969954838758314,54.36279069767443,1832428.4,1.1435832274459974,-1.0504448055755635,-0.1470861722091654,-0.0041227417140704
2014-07-17,588.97,589.5,576.85,580.82,2939534,0,-1.6592733060173948,589.082,587.1049999999999,583.636,582.1118124686643,600.94734875707,566.3246512429299,1.126270481834195,46.83442859432609,1876376.1,2.1929444396290156,-1.3837716691851838,-1.685906767324541,-0.0167319344242937
2014-07-18,603.01,606.7,590.92,605.11,4874109,0,4.18201852553286,592.7740000000001,588.308,585.642,584.3021160430773,603.1527300638164,568.1312699361837,1.781409512005994,61.322294776119335,1988559.6,2.670412238543303,0.3482529311288407,2.02839414581506,0.0409693615063228
2014-07-21,601.35,604.16,594.45,598.44,2239826,0,-1.1022789244930609,593.61,589.076,587.238,585.6485811818318,603.1566452742635,571.3193547257366,1.822030375082596,57.53199868723339,1942495.35,1.633442678105799,-0.4839111998004437,1.300020312817396,-0.0110839903397057
2014-07-22,599.7,608.89,599.26,603.57,1881615,0,0.857228794866649,595.7120000000001,591.5930000000001,588.702,587.3553829740383,604.9881460013825,572.4158539986175,1.6504609844455334,56.732055283103,1950388.7,1.6069819443980904,0.645322661330666,4.351659751037351,0.008535754523223
2014-07-23,602.05,607.05,601.35,605.19,1106110,0,0.2684030021372852,598.626,593.7760000000001,590.3345,589.0539179288918,606.3425630670073,574.3264369329928,1.644362733326802,57.94990621207109,1863479.45,0.9478672985781876,0.5215513661656175,3.742114646187611,0.0026804344451144
2014-07-24,605.53,608.91,601.0,603.01,1355924,0,-0.3602174523703372,603.0640000000001,596.0730000000001,591.1885,590.3830686023307,608.0089653230399,574.3680346769601,1.6322471840608024,55.48558170367912,1825542.5,1.316139767054903,-0.4161643518900767,3.960071719191794,-0.0036086779767654
2014-07-25,599.25,601.0,595.75,598.08,1361911,0,-0.8175652145072099,601.658,597.216,591.854,591.116109687823,608.658423477776,575.0495765222241,1.6510659056879151,53.93041237113404,1793023.8,0.8812421317666806,-0.1952440550688292,1.9483508054206176,-0.0082092560704055
2014-07-28,597.75,601.1,592.59,599.02,1358071,0,0.1571696094167851,601.774,597.692,592.5205,591.8688611461256,609.3529141871505,575.6880858128494,1.6060333650444314,62.61933904528765,1759833.05,1.436068782800923,0.2124634044332884,0.8009961969508206,0.0015704622724876
2014-07-29,597.7,598.49,592.17,593.95,1366670,0,-0.8463824246268792,599.8500000000001,597.7810000000001,592.9845,592.0670648464946,609.412495969634,576.556504030366,1.6318261029900631,56.472313898056505,1754219.45,1.067261090565218,-0.6274050527020244,0.1500691329713754,-0.008499845804137
2014-07-30,595.81,598.45,592.7,595.44,1215396,0,0.2508628672447166,597.9000000000001,598.263,593.182,592.3882967658761,609.6293086583984,576.7346913416017,1.6254931096180332,59.627406851713005,1732768.85,0.97013666272988,-0.0621003339990753,0.8160915647963174,0.0025054873161066
2014-07-31,588.96,591.99,577.68,579.55,2310142,0,-2.668614805857872,593.208,598.1360000000001,592.6205,591.1656018357927,610.1446036710313,575.0963963289687,1.7711961195851456,46.022854582119635,1788425.95,2.4771499792272644,-1.5977315946753736,-0.2186563823559972,-0.0270486877169014
2014-08-01,578.13,583.43,570.3,573.6,2213277,0,-1.026658614442233,588.3120000000001,594.985,591.6465000000001,589.492687375241,611.1200569967235,572.1729430032766,1.000180519218883,38.20776255707761,1854147.2,2.302297036647378,-0.7835607908255882,-5.20731767777759,-0.0103196510493433
2014-08-04,576.51,583.82,572.26,582.27,1524223,0,1.5115062761506204,584.9620000000001,593.368,591.222,588.8048123871228,611.1419509616657,571.3020490383343,1.16208919845616,44.325234038077205,1863504.2,2.02006081151925,0.9991153666024858,-2.7020252656908106,0.0150019683953347
2014-08-05,580.0,580.2,570.31,573.14,1651266,0,-1.5680010991464433,580.8,590.325,590.9590000000001,587.312925493111,611.713163970265,570.2048360297351,1.154341132980079,41.41116352201255,1839589.3,1.7341445880310884,-1.1827586206896576,-5.041668737677496,-0.0158042427115233
2014-08-06,569.5,578.64,567.45,574.49,1322800,0,0.2355445440904491,576.6099999999999,587.255,590.5155,586.0916944937671,612.3065754064089,568.724424593591,1.1519236002445488,46.60808059157644,1837086.2,1.9719799101242297,0.876207199297631,-5.072787058609696,0.0023526757277115
2014-08-07,576.05,578.31,569.43,571.81,1163017,0,-0.4665007223798589,575.062,584.135,590.104,584.7315331134083,613.0102854164164,567.1977145835837,1.1508447043831864,26.778242677824196,1823425.75,1.559454191033138,-0.7360472181234284,-5.174043548199869,-0.0046759223292576
2014-08-08,572.02,579.56,569.02,577.94,1495020,0,1.0720344170266571,575.9300000000001,582.121,589.6685,584.0847204359409,613.1746230768633,566.1623769231367,1.248268325970222,35.595840359752685,1822463.75,1.8523074760113816,1.0349288486416686,-3.367442482611016,0.0106632886880885
2014-08-11,579.0,579.69,575.3,577.25,1203350,0,-0.1193895560092861,574.926,579.9440000000001,588.818,583.433794680137,612.8496673534914,564.7863326465085,1.2391854791890309,30.275779376498814,1784902.4,0.7630801321050061,-0.3022452504317789,-3.6342693065339993,-0.0011946088211597
2014-08-12,575.0,575.9,569.91,572.12,1394909,0,-0.8886964053702928,574.722,577.761,587.771,582.3562904248859,612.8272709032758,562.7147290967241,1.2410919119490729,26.45593051402534,1770954.6,1.0510431471635888,-0.5008695652173905,-3.675393551645767,-0.0089266886479054
2014-08-13,576.45,586.13,575.2,584.56,1903190,0,2.17436901349366,576.7360000000001,576.673,587.4680000000001,582.5661675272777,612.5257729089658,562.4102270910344,1.474554310148997,38.53894893775622,1794018.0,1.900208623087613,1.4068869806574549,-1.827220206905833,0.0215106678962629
2014-08-14,586.69,587.8,580.92,584.65,1272879,0,0.0153961954290515,579.304,577.183,587.6595,582.764627762775,612.561407324951,562.757592675049,1.1861954011654388,41.12359550561795,1710685.25,1.1843283068236583,-0.3477134432153398,0.8799930980933457,0.0001539501033652
2014-08-15,587.19,589.47,580.76,583.71,1725258,0,-0.1607799538185128,580.458,578.194,586.5895,582.8546632139394,610.136448824567,563.0425511754331,1.1253476917576168,39.88103106411108,1553242.7,1.4997589365658854,-0.5926531446380249,1.762552301255238,-0.0016090934349329
2014-08-18,587.1,595.05,586.55,592.7,1470550,0,1.5401483613438185,583.548,579.237,586.3025,583.7923143364213,609.3764578654889,563.2285421345111,1.1291416604062476,49.214528088475554,1514778.9,1.4491518199641975,0.9538409129620204,1.791265220602134,0.0152840846423981
2014-08-19,595.59,597.81,594.44,597.11,1044937,0,0.7440526404589143,588.5459999999999,581.634,585.9795,585.0606653520002,608.2008017525607,563.7581982474394,0.9537619444816614,51.0122439083525,1472945.0,0.5669201265056003,0.2552091203680354,4.182224238405974,0.0074129822323796
2014-08-20,596.95,596.99,593.0,595.41,967255,0,-0.2847046607827752,590.7160000000001,583.726,585.4905,586.0463162708573,606.318584759196,564.662415240804,0.9784838286246288,61.61054172767203,1466002.25,0.6728499156829695,-0.2579780551135065,3.6414907135023937,-0.0028511071538952
2014-08-21,594.9,595.25,591.1,592.42,1133593,0,-0.5021749718681301,592.2700000000001,585.787,584.961,586.6533337688709,604.4063132223475,565.5156867776525,0.9819015225914172,64.40159167431887,1454885.7,0.7020808661816913,-0.4168767860144593,3.6043441003130505,-0.005034401076206
2014-08-22,593.27,594.99,589.8,592.54,877431,0,0.0202558995307411,594.0360000000001,587.247,584.684,587.213968648026,603.4897632823289,565.878236717671,0.9529448356932636,59.042084874097505,1430661.7,0.8799593082400907,-0.1230468420786519,2.5262137938194096,0.000202538483004
2014-08-25,594.77,595.58,589.26,590.57,1297726,0,-0.3324670064468127,593.6099999999999,588.579,584.2615000000001,587.5335906815474,602.0640631211809,566.4589368788193,0.9645294423221148,67.55994358251061,1427644.45,1.072531649865942,-0.7061553205440645,2.3074924209614656,-0.0033302090602833
2014-08-26,592.0,592.05,587.45,588.12,1471858,0,-0.4148534466701714,591.8119999999999,590.179,583.97,587.5894391880666,601.2889582766659,566.6510417233342,0.913622093843212,63.433865562783325,1432903.85,0.7830453655630111,-0.6554054054054046,2.796616094525617,-0.004157163509335
2014-08-27,587.81,589.37,580.9,583.0,1367306,0,-0.8705706318438367,589.3299999999999,590.0229999999999,583.348,587.1523497415841,599.8045604898871,566.8914395101128,0.6928122624183171,60.52285123189772,1440499.35,1.4580822861077685,-0.8182916248447535,-0.2668673874366978,-0.008743822358964
2014-08-28,580.02,584.71,577.88,580.32,1405950,0,-0.4596912521440788,586.91,589.5899999999999,583.3865,586.5016497661951,599.809216327647,566.9637836723529,0.7059321739586499,52.39340305711987,1395289.75,1.181906278120032,0.0517223544015841,-0.7406140425895713,-0.0046075108159001
2014-08-29,582.2,582.9,578.24,582.36,1206684,0,0.3515301902398571,584.874,589.455,583.8245,586.1072069313194,599.6028522253366,568.0461477746633,0.717278213225788,55.00293714509501,1344960.1,0.805893746541223,0.0274819649604892,-0.2312792311250477,0.0035091376705327
2014-09-02,582.95,589.3,582.4,588.63,1584896,0,1.0766536163197893,584.4860000000001,589.048,584.1424999999999,586.3474729378604,600.0448121456711,568.2401878543287,0.6125275695502234,65.81114728979128,1347993.75,1.1847527472527437,0.9743545758641308,-0.6866880377931595,0.0107089896949946
2014-09-03,591.73,594.49,586.5,589.52,1579136,0,0.151198545775788,584.7660000000001,588.289,584.9615,586.6496183723499,600.149057615206,569.773942384794,0.5508713595871321,56.09936055091005,1344387.25,1.3623188405797118,-0.3734811484967867,-1.2711225737301437,0.0015108435586239
2014-09-04,591.6,598.0,590.6,593.14,1634552,0,0.6140588953725157,586.794,588.062,585.894,587.2677499559356,600.658740930211,571.129259069789,0.5938315114545704,59.60624575695864,1359974.85,1.2529630883846896,0.260311020960102,-0.3812498950303111,0.0061218123643819
2014-09-05,595.13,598.5,593.55,597.78,1799670,0,0.7822773712782727,590.2860000000001,588.5980000000001,587.1925,588.268916626799,601.2950147066766,573.0899852933234,0.620264866678751,64.68991438713716,1391807.5,0.8339651250947764,0.4452808630047178,0.9047635123729858,0.0077923344616941
2014-09-08,599.14,603.52,598.02,601.63,1601156,0,0.6440496503730575,594.14,589.5070000000001,588.3770000000001,589.54140075758,603.170001332402,573.5839986675982,0.6432086985598486,60.44444444444442,1397114.3,0.919701682217986,0.4155956871515854,1.5340736490363494,0.0064198451287683
2014-09-09,600.0,600.6,590.48,591.97,1573534,0,-1.6056380167212336,594.808,589.647,589.113,589.7726959235248,603.0128055268266,575.2131944731735,0.8446953981979949,44.645833333333336,1415623.5,1.713859910581223,-1.3383333333333287,0.2370591123829424,-0.0161866804893134
2014-09-10,591.74,593.72,587.14,593.42,1160167,0,0.2449448451779634,595.588,590.177,590.178,590.1200582165225,601.6471854434491,578.7088145565509,0.8320293090993837,47.91623036649213,1403886.4,1.1206867186701708,0.2839084733159749,0.9011766306195934,0.0024464534426706
2014-09-11,590.0,591.95,586.04,591.11,1501411,0,-0.3892689831822227,595.182,590.988,590.5055,590.2143383863774,601.6692297577755,579.3417702422245,0.7825541559618914,48.60845549182074,1383797.45,1.0084635861033515,0.1881355932203413,1.3910806174957102,-0.0039002860684891
2014-09-12,590.39,591.48,583.28,584.9,1851668,0,-1.0505658845223476,592.606,591.446,590.518,589.7082109210081,601.6546509186376,579.3813490813625,0.8521618671630681,42.81414597441683,1412736.9,1.4058428199149715,-0.9298937990142124,0.7892197408326362,-0.0105612328494759
2014-09-15,582.24,583.92,577.01,581.64,1550058,0,-0.557360232518378,588.608,591.374,590.4145,588.9398098809121,601.8519683893454,578.9770316106545,0.8685241200849244,41.799816345270806,1403976.9,1.1975529020294222,-0.1030502885408118,-0.1236348650319407,-0.0055891928036951
2014-09-16,580.95,590.15,580.95,588.78,1581286,0,1.2275634413039027,587.97,591.3889999999999,590.2185000000001,588.9245898922538,601.6253700905437,578.8116299094564,0.8905157531118807,50.557997970916446,1409513.7,1.5836130475944454,1.34779240898527,0.0254829009734391,0.0122008998011723
2014-09-17,589.51,596.07,587.12,593.29,1720618,0,0.7659906926186233,587.9440000000001,591.766,590.0274999999999,589.3403432358486,601.0706305153171,578.9843694846827,0.9222988292088158,58.79036391594055,1443297.75,1.5243902439024468,0.6412104968533142,0.639503324738766,0.0076307187966075
2014-09-18,595.05,597.56,593.02,597.27,1494459,0,0.6708355104586339,589.176,592.179,590.1205,590.0955486419583,601.3836256295377,578.8573743704623,0.926203060505916,64.16513454788566,1469657.95,0.7655728305959265,0.3730778926140707,0.6962942981420861,0.0066859542167499
2014-09-19,599.49,605.4,597.76,605.4,4191846,0,1.3611934301069883,593.2760000000001,592.941,590.7695,591.5531154379623,603.9270625242035,577.6119374757965,0.9912503353895388,67.47572815533982,1622570.6,1.2781049250535308,0.9858379622679224,1.2747164508682074,0.0135201241278034
2014-09-22,602.95,603.8,593.12,597.27,1785076,0,-1.3429137760158527,596.402,592.5049999999999,591.0060000000001,592.0975806343469,604.4641619140446,577.5478380859556,1.072809799295978,56.37356152257303,1667952.85,1.8006474237928158,-0.9420349946098454,-0.7246979040273938,-0.0135201241278034
2014-09-23,595.0,596.65,590.24,591.18,1403936,0,-1.0196393590838349,596.882,592.4259999999999,591.0364999999999,592.0101920025043,604.4932662886275,577.5797337113723,0.9924534587889142,51.1372978898328,1673263.35,1.085998915695305,-0.6420168067226976,-0.1334527087521464,-0.0102487328973766
2014-09-24,591.57,600.11,590.3,598.42,1760753,0,1.2246693054568825,597.908,592.926,591.5515,592.6206499070277,605.3229980647255,577.7800019352745,1.0659366254155866,53.44647519582244,1687708.1,1.6618668473657563,1.1579356627279795,0.8425735566714998,0.0121723089992043
2014-09-25,596.99,598.07,584.74,585.25,1675424,0,-2.2007954279602893,595.5039999999999,592.3399999999999,591.664,591.9186832492155,605.1756704331517,578.1523295668483,1.287220508369576,42.64066721484789,1703114.0,2.2796456544789208,-1.9665321027152896,-0.9913552469083652,-0.0222537421906223
2014-09-26,585.93,589.57,585.0,587.9,1289090,0,0.4527979495941858,592.004,592.64,592.043,591.535951511195,604.6068865927369,579.4791134072631,1.2500970220773695,41.820564756344545,1697271.0,0.7811965811965897,0.3362176369190905,0.5129081894340803,0.004517759037189
2014-09-29,581.83,589.31,581.57,587.81,1144899,0,-0.015308725973806,590.112,593.257,592.3154999999999,591.1810989863193,604.2138952478075,580.4171047521924,1.2320602981736752,47.202797202797136,1694181.75,1.3308802035868244,1.0277916229826416,1.060793618045519,-0.0001530989787886
2014-09-30,587.49,591.0,584.5,588.41,1571676,0,0.1020737993569387,589.558,593.22,592.3045,590.917184797146,604.2176390975367,580.3913609024632,1.1686500338145034,46.59230036729698,1693520.75,1.1120615911035072,0.1565984101856983,-0.0628418084853477,0.0010202173947768
2014-10-01,586.8,588.72,578.02,579.63,1449517,0,-1.4921568294216536,585.8,591.854,591.8100000000001,589.8422148164655,604.9660080331304,578.6539919668697,1.2211587436860418,42.82320580145035,1687039.8,1.851147019134294,-1.22188139059304,-2.3024153449409224,-0.0150340148827954
2014-10-02,578.21,583.24,574.05,580.88,1536820,0,0.2156548142780767,584.926,590.2149999999999,591.197,588.9886705482306,605.2068703551387,577.1871296448613,1.192157381628676,47.320714476139706,1682153.2,1.6009058444386477,0.4617699451756211,-2.744152560818391,0.0021542261305895
2014-10-03,584.1,588.29,583.5,586.25,1214591,0,0.9244594408483796,584.596,588.3,590.6205,588.7278447817325,604.4373706564193,576.8036293435807,1.1321935804744905,52.98846103980294,1652899.25,0.8209083119108763,0.3680876562232456,-3.1631978856954013,0.0092021246884979
2014-10-06,589.95,592.4,585.4,587.78,1286130,0,0.2609808102345345,584.5899999999999,587.3509999999999,589.928,588.637573850139,602.7758654380864,577.0801345619136,1.0829502826863864,49.300894854586126,1637147.95,1.1957635804578066,-0.3678277820154373,-1.5888961441224203,0.002606408466826
2014-10-07,584.9,585.85,574.1,574.1,1545809,0,-2.3274014086903216,581.7280000000001,585.643,589.0345,587.2530430072686,603.6485544826015,574.4204455173984,1.2629968717939586,38.10881150080559,1635761.7,2.046681762759101,-1.846469481962721,-2.8891369802767186,-0.023549131053724
2014-10-08,575.21,584.69,567.64,583.74,2210140,0,1.6791499738721516,582.55,584.175,588.5505,586.9184674827668,603.1941571143827,573.9068428856174,1.3297884206141692,42.16560509554141,1688260.35,3.003664294271029,1.482936666608712,-2.453126566625441,0.0166520810418002
2014-10-09,581.61,582.53,569.03,570.81,2413336,0,-2.215027238153988,580.536,582.731,587.5355,585.3843277225033,604.1179516947867,570.9530483052132,1.332125589095516,31.02578167855181,1733856.6,2.372458394109274,-1.856914427193492,-2.46732165741137,-0.0223992734949724
2014-10-10,567.7,575.23,555.01,555.19,2979252,0,-2.7364622203535194,574.324,579.46,586.05,582.5086774632173,608.0609800350799,564.03901996492,1.5164585219086495,28.66991078669912,1790235.8,3.643177600403601,-2.2036286771181945,-5.563871406701804,-0.0277460072174111
2014-10-13,555.13,560.88,544.43,544.75,2756241,0,-1.8804373277616748,565.7180000000001,575.154,584.2055,578.9126129429109,612.9310385914323,555.4799614085678,1.5561457942896535,27.45897659966988,1850544.95,3.021508733905194,-1.8698322915353152,-7.325496333849369,-0.0189834236782785
2014-10-14,550.14,558.63,544.5,548.69,2609937,0,0.7232675539238231,560.636,571.182,582.2009999999999,576.0342688531099,614.9023857102093,549.4996142897905,1.605420547223548,25.057678804293342,1901977.5,2.595041322314049,-0.263569273275881,-6.750395132645592,0.0072066451789182
2014-10-15,542.08,543.91,528.42,540.73,3836172,0,-1.4507280978330317,552.034,567.292,579.5730000000001,572.6719575337661,616.6740234501978,542.4719765498024,1.6031574796027566,26.43945808636751,2007755.2,2.9313803413951045,-0.2490407319952816,-6.711177820333658,-0.0146135405225197
2014-10-16,527.0,540.99,524.95,536.92,3801758,0,-0.7046030366356648,545.2560000000001,562.896,576.5555,569.2670091972169,617.239899428302,535.8711005716981,1.5721019571586667,23.347971560016745,2123120.15,3.055529098009327,1.8823529411764628,-7.567828122848097,-0.0070709708616925
2014-10-17,540.45,543.45,518.41,522.97,5998587,0,-2.598152424942246,538.8120000000001,556.568,572.434,564.8577702260534,617.3009661156245,527.5670338843754,1.5439749507813625,20.392694063926967,2213457.2,4.830153739318315,-3.234341752243504,-10.794029850746266,-0.0263250065764119
2014-10-20,520.45,533.16,519.14,532.38,2749550,0,1.7993383941717456,536.338,551.028,569.1895,561.7646492521435,615.8437094789402,522.5352905210597,1.7590624142284583,26.320682951567917,2261680.9,2.7006202565781834,2.292247093861072,-9.42529517846813,0.0178334190322781
2014-10-21,537.27,538.77,530.2,538.03,2460130,0,1.0612720237424431,534.206,547.421,566.5319999999999,559.5042064662251,613.9606360756832,519.1033639243167,1.79478921084917,31.94130925507899,2314490.6,1.616371180686521,0.1414558787946453,-6.2828775474656045,0.0105568006136203
2014-10-22,540.73,550.76,540.23,542.69,2974518,0,0.8661227069122646,534.5980000000001,543.316,563.7455,557.9028534694418,609.8148150418007,517.6761849581993,1.6940380266213644,33.898305084745786,2375178.85,1.949169798048974,0.3624729532298996,-7.032240380991528,0.0086239338240839
2014-10-23,548.28,557.4,545.5,553.65,2153517,0,2.0195691831432105,537.9440000000001,541.6,562.1655,557.4978198056854,607.2872326445001,517.0437673554998,1.8027797333678997,36.87389273635045,2399083.5,2.1814848762603076,0.9794265703655076,-3.006254270247533,0.0199944636311114
2014-10-24,554.98,555.0,545.16,548.9,2175701,0,-0.8579427436105846,543.1299999999999,540.971,560.2155,556.6789798241915,604.0057178333747,516.4252821666254,1.606754370527499,34.74097331240188,2443414.05,1.8049746863306244,-1.0955349742333131,-1.132945478124625,-0.0086164425882737
2014-10-27,547.76,554.0,547.2,549.88,1598409,0,0.1785388959737677,546.63,541.484,558.3190000000001,556.0314579361733,600.3263977945953,516.3116022054048,1.4805331420505856,39.44202266782911,2466089.55,1.2426900584795235,0.3870308164159494,0.9417163836622278,0.0017837970473757
2014-10-28,551.71,559.2,550.43,558.94,1739666,0,1.6476322106641517,550.812,542.509,556.8455,556.308461942252,596.4047701092758,517.2862298907243,1.5507088659808026,39.134244654749416,2474489.05,1.5932997838054062,1.3104710808214493,1.868085804370412,0.0163420602651783
2014-10-29,560.85,564.97,555.98,558.45,2053355,0,-0.0876659390990131,553.9639999999999,544.281,555.7864999999999,556.5124179477518,593.8845912769533,517.6884087230466,1.446257834689325,43.922108575924526,2504680.95,1.6169646390157937,-0.4279219042524699,3.2770513934865964,-0.0008770438815619
2014-10-30,558.25,562.5,552.13,560.27,1612469,0,0.3259020503178389,555.2880000000001,546.616,554.7560000000001,556.8702829051088,591.0693615542287,518.4426384457714,1.4001351462869942,52.89030496131083,2508463.4,1.8781808632025072,0.3618450515002206,4.348878790136346,0.0032537214059811
2014-10-31,568.3,568.73,564.81,567.87,2341539,0,1.3564888357399107,559.0820000000001,551.106,553.837,557.9178750093841,587.6378091463368,520.0361908536631,0.9264607395094216,63.593603010348055,2564810.8,0.6940387032807622,-0.0756642618335298,8.585578522668591,0.0134737088934209
2014-11-03,565.26,567.15,561.63,563.77,1544108,0,-0.721996231531874,561.86,554.2450000000001,552.6365,558.4752202465856,582.8795959672442,522.3934040327557,0.9754198736654892,58.84976525821592,2577709.7,0.9828534800491396,-0.2635955135689787,5.896164393854009,-0.0072461523802301
2014-11-04,561.16,564.79,558.3,564.19,1386359,0,0.0744984656863678,562.9100000000001,556.861,552.1410000000001,559.0194849850061,581.2051909536326,523.0768090463675,0.971090358265856,65.1043007983518,2569737.2,1.1624574601468762,0.5399529545940706,4.8621824061855445,0.0007447072935399
2014-11-05,566.81,566.9,554.15,555.95,1645254,0,-1.4605008950885343,562.4100000000001,558.187,550.7515,558.7271530816722,575.8401917491518,525.6628082508481,1.1334714389018492,61.59093677670854,2541492.9,2.300821077325634,-1.91598595649334,2.4433838839853284,-0.0147127120502894
2014-11-06,555.5,556.8,550.58,551.69,1650149,0,-0.7662559582696238,560.694,557.991,549.7955,558.0569480262749,573.056537199117,526.5344628008829,0.981718561301568,69.8342541436464,2503333.55,1.1297177521885853,-0.685868586858676,-0.3540142689424597,-0.0076920678281506
2014-11-07,555.6,555.6,549.35,551.82,1589093,0,0.0235639580199009,557.484,558.283,549.627,557.4629529761535,572.7720366169458,526.4819633830541,0.9378230668710072,65.39923954372625,2433825.6,1.13770820060071,-0.6803455723542068,0.5319730369830689,0.0002356118215537
2014-11-10,552.4,560.63,551.62,558.23,1304481,0,1.161610670146063,556.376,559.118,550.301,557.5360050736626,573.6323946161947,526.9696053838054,1.0013501206842863,65.81089542892926,2361237.6,1.6333707987382602,1.0553946415640914,1.5185131301374888,0.011549157693108
2014-11-11,558.52,562.5,556.24,561.29,1100179,0,0.5481611522132335,555.796,559.3530000000001,550.931,557.8935283999805,574.7545009137873,527.1074990862128,0.8711920519337669,64.93256262042382,2285749.7,1.1254134905796045,0.4959535916350322,0.4204386875156451,0.0054666421688959
2014-11-12,561.2,561.25,555.5,558.25,1094100,0,-0.5416095066721249,556.2560000000001,559.333,551.807,557.9274780761729,575.3377906682591,528.2762093317409,0.8905073372647442,54.231052244297295,2148646.1,1.035103510351035,-0.5256593014968006,-0.0358134121228426,-0.005430815284398
2014-11-13,560.72,560.82,554.09,556.44,1510244,0,-0.3242274966412828,557.206,558.95,552.7830000000001,557.7858134974897,575.3118419586924,530.2541580413078,0.8877973033554285,57.331777518475384,2034070.4,1.2146041256835565,-0.7633043230132638,-0.6835989790636487,-0.0032475425288974
2014-11-14,558.0,558.0,552.51,555.19,1425013,0,-0.2246423693479937,557.88,557.682,554.394,557.5385931643955,572.0213034627574,536.7666965372426,0.7339716630440277,55.13639001741155,1805391.7,0.9936471738068106,-0.5035842293906712,-2.232905418493658,-0.002248950688362
2014-11-17,555.19,555.19,544.44,546.64,1680566,0,-1.54001332877034,555.562,555.9689999999999,555.1070000000001,556.5006319106435,569.9128993932087,540.3011006067915,0.8344534165230301,37.983587338804135,1751942.5,1.9745059143339945,-1.540013328770343,-3.038473136208031,-0.0155199470304849
2014-11-18,547.93,552.79,543.8,544.51,1822070,0,-0.3896531538123748,552.206,554.001,555.431,555.3586669667727,568.8853483872696,541.9766516127305,0.8238439856757442,36.80424081787196,1720039.5,1.653181316660539,-0.6241673206431405,-3.488186603803689,-0.0039041427952399
2014-11-19,544.75,548.22,539.19,547.2,1517186,0,0.4940221483535678,549.996,553.126,555.6564999999999,554.5816510651753,568.3408613203411,542.9721386796588,0.7609145597794602,37.82827342149383,1647172.9,1.6747343237077783,0.4497475906379156,-1.5738825433941894,0.0049280586310578
2014-11-20,542.09,545.38,541.5,543.76,1750478,0,-0.6286549707602451,547.46,552.333,555.162,553.5510176303967,568.9028489739909,541.4211510260092,0.7498140048397263,25.661215424994975,1627020.95,0.7165281625115412,0.3080669261561657,-1.4374014392140588,-0.006306393269958
2014-11-21,551.04,551.04,545.0,545.89,2505988,0,0.3917169339414439,545.6,551.74,555.0115,552.8213969036923,569.1026039872203,540.9203960127796,0.7676793527741508,31.20269133725823,1643535.3,1.108256880733938,-0.9345963995354198,-1.074625783770078,0.0039095172082172
2014-11-24,545.75,551.19,544.15,547.48,1653768,0,0.2912674714686147,545.768,550.665,554.8915,552.312692436674,569.2057141722181,540.5772858277818,0.6481072627972825,32.85450441206646,1646303.25,1.2937609115133837,0.316994961062761,-1.925729538004051,0.0029084410964655
2014-11-25,547.21,552.5,546.91,549.23,1903589,0,0.3196463797764393,546.712,549.4590000000001,554.4060000000001,552.0191026808003,568.8004980717134,540.0115019282867,0.622623727915142,42.04545454545452,1654499.4,1.022106013786552,0.3691453007072205,-2.148621924495353,0.0031913659678229
2014-11-26,549.23,549.88,545.23,547.73,1480226,0,-0.27310962620396,546.818,548.4069999999999,553.87,551.6106167112002,568.4278815694178,539.3121184305822,0.6126945805273561,44.9848024316109,1625842.95,0.8528510903655296,-0.2731096262039582,-1.8844603672189877,-0.0027348325096876
2014-11-28,547.0,549.6,544.48,549.08,1210061,0,0.2464718018001521,547.882,547.671,553.3104999999999,551.3696055958478,567.6917736058402,538.9292263941596,0.6250872180424,46.633906633906626,1605722.55,0.9403467528651198,0.3802559414990934,-1.3226942707210143,0.0024616855822579
2014-12-01,545.09,548.79,538.62,539.65,1994398,0,-1.7174182268521965,546.634,546.117,551.8995000000001,550.2534526819576,565.7954418157643,538.0035581842359,0.8028312288973783,28.75114364135409,1588365.5,1.888158627603869,-0.9980003302207074,-2.799041769484334,-0.0173233691121035
2014-12-02,539.95,541.85,534.66,538.59,2073950,0,-0.1964236078939918,544.856,545.3120000000001,550.6405,549.1426476646283,564.5707328918363,536.7102671081636,0.6700918862892521,22.794822627037576,1614857.6,1.3447798600980163,-0.2518751736271902,-1.4726328113566445,-0.001966167720508
2014-12-03,537.22,541.41,535.21,536.97,1623977,0,-0.3007853840583774,542.404,544.558,549.2795,547.9833478870446,562.9523027773836,535.6066972226164,0.6670872070440403,23.598014888337616,1626738.5,1.158423796266873,-0.0465358698484792,-1.384731226240099,-0.0030123865243289
2014-12-04,537.64,542.69,534.89,542.58,1633465,0,1.0447511034135992,541.374,544.0960000000001,548.6110000000001,547.4687433263737,562.2178185693317,535.0041814306685,0.7433725260136195,34.28571428571436,1626149.05,1.4582437510516308,0.918830444163391,-0.8442982456140391,0.0103933129539255
2014-12-05,536.7,538.2,527.26,528.08,3068739,0,-2.672416970769287,537.1740000000001,542.528,547.4305,545.6221963429095,563.7407247233472,531.1202752766529,1.1038377025015689,26.364428945074195,1697078.55,2.074877669460997,-1.60611142165083,-2.883625128733258,-0.0270877525999284
2014-12-08,529.22,533.82,527.0,530.73,3231801,0,0.5018179063778216,535.3900000000001,541.012,546.376,544.2038919292991,564.1524532605941,528.5995467394058,1.111875411675996,34.53838678328482,1779213.95,1.2941176470588331,0.2853255734855052,-2.77711626884537,0.0050056299681167
2014-12-09,526.29,536.65,523.41,536.11,2168813,0,1.0136981139185597,534.894,539.875,545.2700000000001,543.4330450788897,562.6900102725149,527.8499897274853,1.1745065842336664,42.32175502742235,1822430.55,2.52956573240863,1.8658914286800148,-2.0767881931760046,0.0100859465472269
2014-12-10,535.9,539.36,527.49,528.04,2316135,0,-1.5052880938613455,533.108,537.756,543.6075,541.9670407856621,560.9363562200317,526.2786437799682,1.2249069102291723,34.05459387483353,1883228.35,2.250279626154051,-1.4666915469304,-3.858128652841264,-0.0151673254833003
2014-12-11,529.86,537.04,529.16,532.11,2072980,0,0.7707749412923404,531.014,536.1940000000001,542.3005,541.0282749965514,558.9074021478172,525.693597852183,1.2788760773452903,40.405205073299335,1932172.35,1.489152619245596,0.4246404710678292,-2.851770032680334,0.007678196473046
2014-12-12,527.44,532.24,521.46,521.51,2370772,0,-1.9920693089774733,529.7,533.4370000000001,540.554,539.1693916635465,558.2134264674057,522.8945735325942,1.36894054712543,32.37930037583122,1975198.75,2.0672726575384446,-1.1242984984074138,-5.021126247541352,-0.0201217851732072
2014-12-15,523.76,525.37,515.4,515.84,2621877,0,-1.0872274740656884,526.722,531.0559999999999,538.5865,536.9475448384469,558.0555634759716,519.1174365240284,1.320594321548779,28.405678405678444,2035041.95,1.9344198680636453,-1.5121429662440735,-4.41211896599647,-0.0109318098341886
2014-12-16,513.6,515.58,497.19,498.16,4343244,0,-3.427419354838712,519.1320000000001,527.013,536.1625,533.253492949071,562.3295285705193,509.99547142948074,1.6159676910859768,21.3701087565871,2168175.85,3.698787183973942,-3.006230529595015,-7.5066377021482,-0.0348753293140122
2014-12-17,499.86,509.07,499.11,506.45,3639373,0,1.6641239762325233,514.814,523.961,534.2595,530.7007793348737,563.2535549078575,505.2654450921424,1.788943263246146,28.49551989997916,2259041.0,1.9955520827072148,1.318369143360136,-5.6837439707991155,0.0165042915686095
2014-12-18,515.99,516.25,506.56,514.62,3876694,0,1.6131898509230913,511.316,521.1650000000001,532.6305,529.1692765410762,562.2181677546197,503.0428322453803,1.8537716799877653,33.23929961089493,2377016.4,1.9129027163613384,-0.2655090214926655,-5.153157138117892,0.0160031620975789
2014-12-19,516.99,520.81,508.86,520.04,4872059,0,1.0532043060899277,511.02199999999993,520.361,531.4445000000001,528.2998216324023,561.0553653422298,501.8336346577703,1.7423888756461452,40.07490636704119,2533095.45,2.3483865896317124,0.5899533840112874,-1.5224965914255597,0.0104769674635827
2014-12-22,520.61,532.97,520.59,532.3,3319461,0,2.3575109606953193,514.314,520.518,530.765,528.680791000745,559.5934979618557,501.9365020381442,1.9091230906776655,47.14064914992269,2573769.1,2.378071034787452,2.245442845892307,0.2958189663293753,0.0233015084847436
2014-12-23,534.51,542.3,533.72,538.77,2877208,0,1.2154799924854354,522.436,520.7839999999999,530.3295,529.6416680482931,558.3465493017883,502.3124506982119,1.921513029550069,50.78369905956112,2634941.1,1.60758450123659,0.7969916372004249,0.4961668314338308,0.0120815235200429
2014-12-24,538.82,540.29,535.1,536.93,737848,0,-0.3415186443194717,528.5319999999999,521.673,529.7145,530.3357949008366,556.497486331662,502.9315136683381,1.8496567102388233,47.45655892680288,2576654.05,0.9699121659502784,-0.3507664897368509,1.6835845769259894,-0.003421031504192
2014-12-26,536.93,543.25,535.49,541.52,1113464,0,0.8548600376212967,533.912,522.6139999999999,529.404,531.4009572912331,555.4411923460085,503.36680765399143,1.8528160384097805,56.64294187425856,2558315.95,1.4491400399633962,0.8548600376212974,1.7684313393847129,0.0085122680057894
2014-12-29,540.5,543.93,537.16,537.31,2218603,0,-0.7774412764071537,537.366,524.194,528.8155,531.9637232634966,553.4758295107515,504.1551704892486,1.7295107717669531,53.202881619937656,2608743.05,1.2603321170600903,-0.5901942645698528,3.0296638607121507,-0.0078047910623691
2014-12-30,535.05,537.84,533.61,535.28,1048211,0,-0.3778079693286917,537.9619999999999,526.138,528.597,532.2795591431636,552.9283738119909,504.26562618800904,1.6795456326591662,49.582368924222585,2561433.7,0.79271377972677,0.0429866367629227,3.768610421836227,-0.0037852346634215
2014-12-31,537.27,538.4,530.2,530.66,1235995,0,-0.8630996861455742,536.3399999999999,529.3879999999999,528.2005,532.1253154152432,552.100847916426,504.300152083574,1.1431735693247975,51.36572143452878,2519535.95,1.5465861938890857,-1.230293893200814,6.524008350730681,-0.008668459631326
2015-01-02,532.6,535.8,527.88,529.55,1327665,0,-0.2091734820789281,534.8639999999999,531.698,527.8295,531.8800472804581,551.3845450289463,504.27445497105384,1.1096742377003797,48.623063683304615,2504720.35,1.5003409865878532,-0.5726624108148832,4.561161022805793,-0.0020939255535573
2015-01-05,527.15,527.99,517.75,519.46,2057089,0,-1.90539137003114,530.452,532.182,526.6735,530.6971856347002,549.4365136521116,503.9104863478885,1.2497530977246296,48.89129259058953,2525901.55,1.977788507967167,-1.4587878213032233,0.9404997862500596,-0.019237778827434
2015-01-06,520.5,521.21,505.55,506.64,2731728,0,-2.4679474839256255,524.318,530.842,525.6015,528.4060250980621,550.0431144483545,501.1598855516455,1.4340120141593875,45.38152610441765,2509051.0,3.0976164573237117,-2.662824207492798,-2.576724867317892,-0.0249891182540692
2015-01-07,510.95,511.49,503.65,505.15,2345823,0,-0.2940944260224287,518.292,528.127,524.3225,526.1911655649133,550.2651897724868,498.3798102275132,1.1055184260531017,54.190145066538754,2464752.1,1.5566365531619244,-1.1351404246990922,-5.100507232763474,-0.0029452773344336
2015-01-08,501.16,507.5,495.02,506.91,3662169,0,0.3484113629615093,513.542,524.941,522.8625,524.3548640825405,549.2940520184718,496.43094798152816,0.9816357312082592,50.29916753381896,2539419.9,2.5211102581713907,1.1473381754329954,-5.9134695695751365,0.0034780581669269
2015-01-09,508.18,508.6,498.65,500.72,2099862,0,-1.221124065415946,507.776,521.3199999999999,521.4965,522.1039246461081,549.573996720776,493.41900327922394,0.9948896759602072,40.720961281708966,2528606.25,1.9953875463752224,-1.4679837852729307,-6.743895852345727,-0.0122864104242219
2015-01-12,499.5,500.28,490.91,497.06,2856938,0,-0.7309474356926082,503.296,516.874,519.7439999999999,519.7187889655264,549.365164837253,490.1228351627468,0.8345186576827811,34.290401968826956,2567804.15,1.9087001690737504,-0.4884884884884881,-8.210223075786672,-0.0073363194603383
2015-01-13,502.26,508.6,497.26,501.8,3050295,0,0.9536072103971448,502.3280000000001,513.323,518.7585,518.0122376354763,549.4253271143771,488.0916728856229,1.01189561453805,26.76013410545576,2601780.3,2.280497124240846,-0.0915860311392465,-6.608847778749682,0.0094908907762142
2015-01-14,500.42,508.26,498.16,505.93,2639959,0,0.8230370665603726,502.484,510.388,518.263,516.8615483368594,549.4443041825748,487.08169581742527,1.1170995585811383,24.05183312262966,2602684.4,2.0274610566886073,1.1010750969185863,-5.4831116425048565,0.0081966858643454
2015-01-15,508.89,509.75,502.01,504.01,2556662,0,-0.3794991401972591,501.904,507.72300000000007,518.5555,515.6375913523966,549.0448648239573,488.0661351760429,1.1128196611418288,24.02146464646472,2513355.3,1.541801956136334,-0.9589498712884896,-5.022048015678582,-0.0038022106522929
2015-01-16,503.15,510.85,503.09,510.45,2482858,0,1.277752425547107,503.85,505.813,518.7555,515.1435350331208,548.9616774616061,488.5493225383939,1.2483213761003067,26.1769667228953,2455529.55,1.5424675505376868,1.450859584616916,-3.6068359928240863,0.0126965804706498
2015-01-20,512.77,515.61,509.37,509.94,3556834,0,-0.0999118424919176,506.426,504.861,518.5215000000001,514.6479602680616,548.9343714267659,488.1086285732342,1.1243179854692062,27.751585108112565,2439536.55,1.225042699805644,-0.551904362579711,-1.832672390559431,-0.0009996178764345
2015-01-21,510.84,521.85,509.59,520.39,3794259,0,2.04926069733693,510.14400000000006,506.236,518.539,515.194821194913,548.955952959959,488.122047040041,1.0034835839148513,39.35363935363937,2385646.55,2.405855687905973,1.869469892725709,2.7139586294015583,0.0202854587274289
2015-01-22,523.0,538.84,521.91,537.3,5221237,0,3.2494859624512262,516.418,509.451,518.789,517.3000763192069,549.759333444833,487.81866655516694,1.3477337524962771,54.03794697153977,2480735.35,3.243854304381994,2.734225621414905,6.364446204097796,0.0319780672687566
2015-01-23,538.6,545.41,535.75,541.95,5096425,0,0.865438302624244,524.006,512.955,518.948,519.64768809833,550.3794737333865,487.5165262666135,1.3457743928575965,57.22947761194035,2591696.2,1.8030797946803487,0.6219829186780583,6.91246966917205,0.0086171485269832
2015-01-26,541.43,541.5,532.07,536.72,1546563,0,-0.9650336746932386,529.26,516.5550000000001,518.9375,521.2736225651557,550.3438110486435,487.5311889513565,1.3074973572669144,60.66749072929539,2632131.95,1.7723231905576238,-0.8699185490275609,7.18964690845183,-0.0096972030071263
2015-01-27,531.46,532.78,520.86,521.19,1957040,0,-2.8935012669548343,531.51,518.968,517.921,521.2656585113314,547.5134306822565,488.3285693177437,1.69320868611873,58.70111230714032,2674310.75,2.2885228276312173,-1.932412599254879,4.854544722971088,-0.0293618846807147
2015-01-28,525.0,525.69,512.35,512.43,1853819,0,-1.680769009382399,529.918,520.0310000000001,516.6769999999999,520.4241672245379,544.8975554796302,488.45644452036953,1.813398006924324,54.005281690140826,2656071.55,2.603688884551582,-2.394285714285724,2.118373854125144,-0.016950542255839
2015-01-29,512.9,515.19,503.48,513.23,3945207,0,0.1561188845305761,525.104,520.761,515.5745,519.7390084412485,542.424566725389,488.7244332746108,1.8011672250661488,53.51423487544483,2800921.35,2.3258123460713507,0.0643400272957771,1.4428873559583444,0.0015599714568845
2015-01-30,519.0,543.1,518.18,537.55,6055321,0,4.738616214952351,524.2239999999999,524.115,515.9190000000001,521.4352933516058,543.7431681390754,488.0948318609248,2.291824447388121,67.04303563165195,3041887.65,4.809139681191878,3.5741811175337097,6.654629868454975,0.0462976911562734
2015-02-02,534.32,536.5,521.72,532.2,3768534,0,-0.9952562552320576,523.3199999999999,526.29,516.0514999999999,522.4605035085957,544.1726336710901,487.93036632890977,2.337093066800783,66.01057043921999,3163931.1,2.83293720769761,-0.3967659829315774,4.260946223920081,-0.0100024203876481
2015-02-03,529.94,537.45,526.81,533.3,2353086,0,0.2066892145809573,525.742,528.626,516.7435,523.492836507777,545.8805874352685,487.60641256473167,2.3311910540124754,64.8444863336475,3178730.95,2.0197034984150077,0.634034041589595,4.580931089932139,0.0020647590629674
2015-02-04,533.14,536.75,525.03,526.1,1694780,0,-1.3500843802737528,528.476,529.197,517.7165000000001,523.7411377927507,546.73241452616,488.7005854738402,2.3236528469694973,59.23788586608045,3126883.55,2.232253395044098,-1.3204786735191438,1.0972539825899963,-0.0135928088697948
2015-02-05,527.93,530.69,525.64,529.83,1658742,0,0.7089906861813322,531.796,528.45,518.9505,524.3210294315363,547.8149764190745,490.0860235809256,2.070131441549705,61.63272661740858,3092529.5,0.9607335819191972,0.3598961983596482,-1.3902847571189092,0.0070648916396278
2015-02-06,531.01,540.22,528.65,533.88,2146920,0,0.7643961270596078,531.0620000000001,527.643,520.299,525.2314075809138,549.3145957338361,491.2834042661639,2.065022650365506,60.78828621420022,3016767.05,2.188593587439714,0.5404794636635853,-1.4890672571270525,0.0076148942295612
2015-02-09,531.6,533.88,527.55,529.28,1515272,0,-0.8616168427362014,530.478,526.899,521.7270000000001,525.6169878113029,549.4686093336522,493.98539066634794,2.0606358988950144,58.58182463613773,2987537.55,1.1998862667045858,-0.4364183596689334,-1.3861976449545454,-0.0086535022106789
2015-02-10,532.15,541.0,529.17,540.16,2371158,0,2.055622732769047,531.85,528.796,523.8820000000001,527.0020365911788,550.2159657396843,497.54803426031583,1.9094494921666445,58.73928034656529,2963248.55,2.2355764688096533,1.505214695104762,3.639747500911361,0.0203477995722658
2015-02-11,539.73,541.95,536.0,538.0,1915336,0,-0.3998815165876745,534.2299999999999,531.353,525.692,528.0494616777332,550.5715012642497,500.8124987357503,1.795860435779872,50.355835705571394,2906500.6,1.1100746268656805,-0.3205306356882179,4.989949846808361,-0.0040068318057531
2015-02-12,539.66,548.34,537.0,546.01,2429520,0,1.488847583643116,537.466,534.6310000000001,527.696,529.7599891369968,552.3287325235924,503.0632674764077,1.8166419562826857,51.99567440031457,2895978.65,2.111731843575425,1.1766667902012422,6.386999980515551,0.0147787304337176
2015-02-13,547.51,552.54,546.6,551.16,2368806,0,0.9432061683851912,540.9219999999999,535.992,530.0535,531.7980854096637,554.1608967901947,505.9461032098053,1.131434848142918,57.10350255804801,2886585.85,1.086717892425895,0.6666544903289396,2.5318575016277656,0.0093878575302001
2015-02-17,551.16,553.0,543.26,545.01,1958669,0,-1.1158284345743508,544.068,537.273,531.7815,533.0563629896957,554.906884799072,508.6561152009281,1.1467898500646667,62.90916973769781,2860376.4,1.7928800206162812,-1.115828434574348,2.406989853438546,-0.011221005006939
2015-02-18,543.82,547.55,539.55,542.65,1558153,0,-0.4330195776224288,544.566,538.208,533.417,533.9700427049628,554.5820019955955,512.2519980044045,1.1667727091443527,67.59841602608907,2760442.35,1.4827170790473545,-0.2151447170019625,1.753234577161078,-0.0043395982267393
2015-02-19,542.47,546.86,540.75,546.45,1541669,0,0.7002672072238258,546.2560000000001,540.2429999999999,534.72,535.1586100663949,555.7162272300195,513.7237727699805,1.04142494249822,68.69232500562691,2647812.85,1.1299121590383752,0.733681125223518,3.86808591522525,0.0069782672306587
2015-02-20,547.58,547.58,538.1,541.8,1911726,0,-0.8509470216854442,545.414,541.4399999999999,534.9449999999999,535.7911233934049,556.1530168555959,513.736983144404,1.1025553523833105,53.071253071253075,2482337.3,1.761754320758227,-1.055553526425378,2.2592152199762072,-0.0085458824716879
2015-02-23,538.87,539.3,532.0,535.0,1644826,0,-1.255075673680317,542.182,541.5519999999999,534.5975000000001,535.7157783083187,555.5484340326865,513.6465659673137,1.1761085715221926,51.98187995469986,2309757.35,1.372180451127811,-0.7181695028485543,0.2097849704053356,-0.0126301827549881
2015-02-24,531.55,539.4,531.0,538.65,1421363,0,0.6822429906542027,540.91,542.4889999999999,534.694,535.9952279932407,555.7037936060375,513.6842063939624,1.1474585111387832,53.654870884000566,2303497.35,1.581920903954798,1.3357163013827529,1.770329504232171,0.0067992624441949
2015-02-25,538.44,549.57,538.01,547.33,2041625,0,1.611435997400923,541.846,543.206,536.001,537.0747300891226,556.7239838331076,515.2780161668924,1.073035086037101,64.21588321949913,2307726.6,2.148658946859735,1.651066042641703,1.3273844786729994,0.0159859018515345
2015-02-26,545.74,560.13,545.09,559.29,2700999,0,2.18515338095846,544.414,545.335,538.3439999999999,539.1904700806347,558.4324480027142,518.2555519972857,1.2292926397885224,67.76839565741852,2350085.6,2.759177383551333,2.4828672994466143,3.957249070631974,0.0216162109837437
2015-02-27,558.15,569.42,557.03,562.63,3416445,0,0.5971857176062523,548.58,546.997,540.8140000000001,541.4228062634313,560.0297889028203,521.5982110971798,1.1721980484273362,67.4899622825161,2323647.5,2.224296716514369,0.8026516169488521,3.0439002948663862,0.0059540963121476
2015-03-02,567.0,575.99,563.15,575.02,2520300,0,2.202157723548326,556.5840000000001,549.383,542.6875,544.6225390002473,567.152804218958,518.222195781042,1.3079312516377462,75.41675927983997,2146896.45,2.2800319630649084,1.4144620811287445,4.3290514551128645,0.0217826043135176
2015-03-03,576.35,580.85,570.5,578.79,2526200,0,0.6556293694132354,564.612,552.761,545.017,547.8765829049856,573.7736531249241,516.260346875076,1.1895527987314032,73.30759020152045,2084779.75,1.8141980718667872,0.4233538648390632,6.198051411900685,0.0065348946818459
2015-03-04,576.97,581.63,572.52,578.33,1898100,0,-0.0794761485167216,570.812,556.329,547.2684999999999,550.776908342606,579.054203688092,515.4827963119078,1.160012566373098,74.84292226191947,2062030.45,1.591210787396076,0.2357141619148333,6.575140514143563,-0.000795077475512
2015-03-05,579.1,583.2,578.23,581.43,1795800,0,0.5360261442428849,575.24,559.827,550.0350000000001,553.696250405215,583.6423434957588,516.4276565042413,1.1603035452986483,73.22318384474168,2067081.45,0.8595195683378634,0.4023484717665217,6.4013175953884005,0.0053459463732867
2015-03-06,582.0,582.78,572.06,572.9,1879600,0,-1.467072562475269,577.294,562.937,552.1885,555.5251789380517,585.864101834966,518.5128981650339,1.2596893976199943,63.648920140632875,2078124.35,1.8739293081145385,-1.5635738831615158,5.740125507567373,-0.0147794049662337
2015-03-09,570.92,575.45,569.05,574.1,1174200,0,0.2094606388549635,577.11,566.847,554.1995,557.2942095153801,588.0746562280304,520.3243437719694,1.0992557876383409,69.47382514392828,2029488.35,1.1246814866883563,0.5569957261963259,7.30841121495327,0.0020924157590591
2015-03-10,568.47,569.76,559.82,559.85,2004000,0,-2.482145967601468,573.322,568.9669999999999,555.728,557.537618132963,587.5663083390829,523.889691660917,1.493827363806744,59.93300993300996,2053924.75,1.7755707191597192,-1.5163509068200616,3.935765339274111,-0.0251347064673852
2015-03-11,559.8,564.18,555.41,555.69,2026100,0,-0.7430561757613585,568.7940000000001,569.803,556.5045,557.3616545012522,587.4902342217823,525.5187657782177,1.4664172790941694,55.31400966183576,2036671.85,1.5790137015898134,-0.7341907824222759,1.5274149050846786,-0.0074583059034645
2015-03-12,558.48,561.84,555.53,561.36,1781263,0,1.0203530745559464,564.78,570.01,557.6724999999999,557.7424493106568,587.4591963416075,527.8858036583923,1.3274843070565128,61.11869031377906,2029968.2,1.135852249203474,0.5156854318865484,0.3701121064206392,0.0101518261412918
2015-03-13,559.23,564.36,550.33,553.0,1771300,0,-1.4892404161322537,560.8,569.0469999999999,558.0219999999999,557.2907874715465,587.3936652575193,528.6503347424806,1.39336550858899,60.05361930294909,1997057.2,2.5493794632311473,-1.114031793716363,-1.7116044291985877,-0.0150044094216985
2015-03-16,556.93,563.75,551.32,561.64,1842700,0,1.5623869801084878,558.308,567.7090000000001,558.546,557.704998188542,587.775801951177,529.3161980488231,1.282979309736204,62.162734102211445,1970751.9,2.254588986432553,0.845707719102946,-2.3268755869361057,0.0155030737241065
2015-03-17,558.16,560.64,554.41,557.61,1444500,0,-0.7175414856491646,557.86,565.591,559.1759999999999,557.6959507420142,587.7123151089933,530.6396848910066,1.2510173715987136,55.7200089027376,1945043.45,1.1237171046698324,-0.098538053604693,-3.6593583164878374,-0.0072012819580701
2015-03-18,557.73,566.51,553.5,566.16,1766200,0,1.5333297465970783,559.954,564.374,560.3515,558.5020506713462,587.942717729365,532.760282270635,1.3883449989620045,53.97339502602662,1955445.8,2.350496838301715,1.5114840514227224,-2.104334895302007,0.0152169304791579
2015-03-19,564.52,566.96,562.12,563.67,1232900,0,-0.4398050021195421,560.4159999999999,562.598,561.2125,558.9942363216942,588.0413610308055,534.3836389691944,1.364662966065629,50.607476635514,1940007.35,0.8610261154202006,-0.1505703960887165,-3.0545379495382052,-0.0044077498939884
2015-03-20,566.71,567.1,564.48,564.95,2216000,0,0.2270832224528618,562.8059999999999,561.8030000000001,562.37,559.5614519101043,587.6237421927243,537.1162578072757,1.3078397833040352,43.24070345012756,1955221.05,0.464143990929706,-0.3105644862451678,-1.387676732414023,0.0022682577817144
2015-03-23,566.0,569.64,563.06,565.37,1511600,0,0.0743428622001829,563.5519999999999,560.9300000000001,563.8884999999999,560.1146469662849,585.6193214536947,542.1576785463051,1.3046150007104675,40.567894292943485,1948559.75,1.1686143572621108,-0.1113074204946988,-1.5206410033095308,0.0007431524158283
2015-03-24,568.54,581.88,568.09,577.54,3957800,0,2.1525726515379207,567.5379999999999,562.6990000000001,565.833,561.7742043980672,584.8446076454064,546.8213923545935,1.2014199639055108,49.52323476161733,2075381.6,2.4274322730553193,1.5830020754916103,3.159774939715976,0.0212973199954839
2015-03-25,577.57,580.07,567.0,567.0,2653400,0,-1.8249818194410736,567.7059999999999,563.83,566.8165,562.2718992172989,583.7155890754107,549.9174109245894,1.3474360834259198,42.00908184738068,2105970.35,2.305114638447981,-1.83008120227852,2.035307455595725,-0.0184184003388156
2015-03-26,564.65,567.19,558.31,563.64,2492100,0,-0.5925925925926001,567.7,564.058,567.034,562.4021945299371,583.6345521785057,550.4334478214943,1.3361260518679638,44.56062030075188,2095525.4,1.5905142304454711,-0.1788718675285559,0.4061564771269621,-0.0059435539008481
2015-03-27,561.83,564.07,556.93,557.55,1727600,0,-1.080476900149041,566.22,564.513,566.78,561.9400807651812,583.814069884846,549.7459301151539,1.289284238455758,40.806577046994725,2011083.15,1.282028262079633,-0.7617962728939511,0.8227848101265645,-0.0108635644155333
2015-03-30,560.25,562.16,556.79,561.14,1239300,0,0.6438884404986078,565.374,564.463,566.086,561.8638825970687,582.8351528772348,549.3368471227652,1.2024856576975662,50.81285444234402,1947033.15,0.9644569765980002,0.158857652833554,-0.0890249982195001,0.0064182433450153
2015-03-31,558.21,562.45,554.67,554.7,1746622,0,-1.147663684641964,560.806,564.172,564.8815000000001,561.1816080640145,581.2442951221745,548.5187048778256,1.2380733825477,49.39360529217199,1908054.25,1.402635801467555,-0.628795614553661,-0.5218701242804102,-0.0115430016951972
2015-04-01,555.29,558.5,546.03,549.49,1945000,0,-0.9392464395168608,557.304,562.505,563.4395000000001,560.0681215817275,579.8949831367207,546.9840168632794,1.129920939941274,42.68818529013181,1910399.25,2.2837573027123104,-1.0444992706513632,-2.9443973435071324,-0.0094368517452524
2015-04-02,547.41,548.0,540.44,541.31,2388000,0,-1.488653114706373,552.838,560.269,561.4335,558.2816338120391,578.4275847603471,544.4394152396528,1.1920651099141704,42.78305963699219,1940009.25,1.3988601879949567,-1.1143384300615669,-3.966860042223286,-0.0149984476396791
2015-04-06,538.84,545.54,535.7,543.95,1685800,0,0.487705750863654,550.118,558.169,559.9860000000001,556.9167163061306,577.7806288762052,542.191371123795,1.2099542488991517,38.20509401253506,1930319.25,1.8368489826395216,0.9483334570559004,-3.717143110009735,0.0048652031908343
2015-04-07,545.15,550.16,543.59,544.86,1365906,0,0.1672947881238951,546.8620000000001,556.1179999999999,558.524,555.7684576103087,576.2406224653213,540.8073775346787,1.214109892009133,41.129817726450554,1939904.55,1.2086315053624856,-0.0531963679721111,-3.62771282522949,0.0016715500627001
2015-04-08,546.12,551.5,546.0,548.84,1419300,0,0.7304628711962691,545.6899999999999,553.2479999999999,557.9735,555.108604504565,576.1936996349278,539.753300365072,0.9389185867848792,37.13224368499265,1910669.55,1.0073260073260073,0.4980590346444055,-4.969352772102353,0.0072780791231824
2015-04-09,549.21,549.37,541.95,548.02,1617895,0,-0.1494060199694002,545.396,551.35,557.5899999999999,554.4334993136541,576.3280884269053,538.8519115730945,0.8189105232908317,38.07709888770385,1890259.3,1.369129993541832,-0.216674860253829,-3.347442680776014,-0.0014951774205696
2015-04-10,549.57,549.85,544.98,548.54,1305200,0,0.0948870479179575,546.842,549.84,556.949,553.8722136647347,576.0182520759633,537.8797479240366,0.8238989611588242,37.3516263295822,1866456.15,0.8936107747073294,-0.1874192550539669,-2.6790149740969493,0.0009484205861574
2015-04-13,547.92,553.27,546.3,548.64,1466200,0,0.0182302111058518,547.78,548.949,556.731,553.3739076014266,576.0878547901826,537.3741452098174,0.7753597056092848,37.04105344694038,1851201.15,1.2758557569101276,0.1314060446780602,-1.5980629539951496,0.0001822854960479
2015-04-14,546.19,546.57,535.74,539.78,2360300,0,-1.6149023038786847,546.764,546.8129999999999,555.6379999999999,552.0792497346241,576.2553780557697,535.0206219442301,0.8418788699063927,19.17047681254095,1877081.15,2.0215029678575505,-1.1735842838572808,-3.806536693160356,-0.0162808395766428
2015-04-15,537.96,543.19,532.37,541.04,2346233,0,0.2334284338063597,545.204,545.4469999999999,554.8095000000001,551.0278926170408,576.4018811855702,533.2171188144299,0.815576888983136,25.019245573518177,1922167.8,2.032421060540611,0.5725332738493433,-2.4625923922841353,0.002331564128717
2015-04-16,538.35,545.23,538.1,543.52,1586088,0,0.4583764601508333,544.304,544.85,553.6775,550.3128552249417,575.1378054620882,532.2171945379118,0.8032411505788669,30.3054032889586,1913162.2,1.325032521836089,0.9603417850840454,-1.0864619920289753,0.0045732911455894
2015-04-17,537.01,539.8,529.0,532.74,2461600,0,-1.9833676773623687,541.144,543.9929999999999,552.1310000000001,548.6392499654235,574.9727115221909,529.2892884778092,0.9064471400769624,27.75685852608943,1974597.2,2.0415879017013148,-0.7951434796372473,-1.5831963200384158,-0.0200330041399832
2015-04-20,533.75,545.8,533.35,544.53,1926063,0,2.213087059353525,540.3219999999999,544.051,551.1099999999999,548.2478928258594,573.3568571405359,528.8631428594639,1.1687792819578924,37.01735188369549,1960100.35,2.3343020530608287,2.019672131147536,0.1066274473756623,0.0218895370017055
2015-04-21,545.99,547.77,542.21,542.92,1456387,0,-0.295667823627721,540.95,543.857,549.9875,547.7404744614918,571.4567483873012,528.5182516126987,1.17132249686184,40.04058167061208,1957339.7,1.0254329503328867,-0.5622813604644865,-0.3560547663620128,-0.0029610578442317
2015-04-22,543.26,551.0,541.32,549.18,1589784,0,1.15302438664997,542.578,543.891,548.5695,547.8775721318259,565.6803355635857,531.4586644364142,1.2088066301313296,49.74248213989029,1838938.9,1.7882213847631625,1.0897176306004417,0.0619488375482646,0.0114642771949786
2015-04-23,550.51,561.17,550.08,557.46,3909100,0,1.5077023926581612,545.366,544.8349999999999,548.0925,548.7901843097472,563.4856999682659,532.6993000317341,1.2946404725534255,63.39359761154423,1901723.9,2.0160703897614742,1.2624657136110236,1.72256486989526,0.0149644952565333
2015-04-24,580.05,584.7,568.35,573.66,4608403,0,2.9060381013884307,553.55,547.347,548.5935000000001,551.1587381850094,566.5552585295412,530.6317414704589,1.553747262026005,70.11509817197015,2007539.05,2.876748482449199,-1.1016291698991445,4.579429029788162,0.0286461344441335
2015-04-27,572.45,575.52,562.3,566.12,2403100,0,-1.314367395321259,557.868,549.095,549.0219999999999,552.5836202626275,568.2478308697291,529.7961691302708,1.6499741698605432,63.208250497017886,2041314.05,2.3510581540103197,-1.1057734299938928,3.186060075823849,-0.0132308164597714
2015-04-28,564.32,567.83,560.96,564.37,1859787,0,-0.3091217409736502,562.158,551.554,549.1835,553.7061326185677,568.8862823576121,529.4807176423878,1.526311062515478,59.923322683706054,2072338.4,1.2246862521391906,0.0088602211511118,4.555559672459153,-0.0030960050913292
2015-04-29,560.51,565.84,559.0,561.39,1681000,0,-0.5280223966546815,564.6,553.589,549.5179999999999,554.4379295120375,569.8327720170597,529.2032279829401,1.5573767516096817,58.31364258176844,2069057.3,1.2236135957066243,0.1569998751137349,3.7612745822859672,-0.0052942136165021
2015-04-30,558.56,561.11,546.72,548.77,2362000,0,-2.2479915922976934,562.862,554.1139999999999,549.482,553.8981267013672,569.799532589519,529.1644674104809,1.7638566638379165,50.124310885309704,2089907.3,2.632060286801285,-1.7527212832999075,0.9659258168972727,-0.0227364409633339
2015-05-01,549.92,551.22,543.85,551.16,1828500,0,0.4355194343714119,558.362,555.956,549.9745,553.6373527298084,569.9323139030637,530.0166860969364,1.6034251812609217,51.32911392405062,2061932.3,1.355153075296498,0.2254873436136182,3.457596576191002,0.0043457379312294
2015-05-04,550.59,556.69,547.39,552.84,1762900,0,0.3048116699325254,555.7059999999999,556.787,550.419,553.5614143745886,570.2071303071431,530.6308696928569,1.4648950474486613,57.452636384387155,2065787.3,1.6989714828550155,0.4086525363700756,1.5260867169853087,0.0030434806101237
2015-05-05,550.16,552.61,542.37,543.04,1426400,0,-1.7726647854714006,551.4399999999999,556.799,550.328,552.5593749103421,570.240120191636,530.4158798083639,1.5855664306404136,51.039933444259574,2068812.0,1.8880100300532865,-1.294168969027193,0.0221027038974419,-0.0178856466899645
2015-05-06,542.64,543.93,532.23,535.08,1951654,0,-1.4658220388921506,546.178,555.389,549.64,550.8946725379285,570.6871150667123,528.5928849332877,1.5926983633027942,45.84809130263678,2095429.7,2.198297728425668,-1.3931888544891542,-2.56746421938161,-0.0147667136184757
2015-05-07,535.9,545.2,533.45,542.04,1590003,0,1.300740076250273,544.832,553.847,549.341,550.0513703914592,570.6532528632033,528.0287471367967,1.568504315516776,54.75362911470045,2094035.1,2.202643171806167,1.1457361448031325,-2.766117748358643,0.0129235310271274
2015-05-08,548.87,552.8,548.03,548.95,1411200,0,1.274813666888064,544.3900000000001,551.376,549.3615000000001,549.946477973225,570.6712973760987,528.0517026239015,1.2551214706181475,52.37787820098992,2099335.1,0.8703903070999729,0.0145754003680363,-4.307429487849934,0.0126675632262284
2015-05-11,548.49,553.37,545.6,545.78,1092900,0,-0.5774660715912372,542.978,549.342,549.2185,549.5496705472036,570.5869866592166,527.8500133407833,1.2186771154795286,51.51322751322751,2080670.1,1.4241202346041022,-0.4940837572243862,-3.592877835087971,-0.0057913985370339
2015-05-12,542.15,542.96,535.0,538.73,1764123,0,-1.291729268203301,542.116,546.778,549.1659999999999,548.5192257331843,570.637039393365,527.6949606066349,1.253371101319512,44.51673837758426,2050861.25,1.4878504672897264,-0.6308217283039674,-4.543118875914731,-0.0130014463846621
2015-05-13,540.47,543.84,538.98,539.49,1211920,0,0.1410725224138209,542.998,544.588,549.0885000000001,547.659299472881,570.693807608131,527.4831923918691,1.2669314166267225,39.76301697618774,1994145.6,0.9017032171880244,-0.1813236627379906,-3.901031368567298,0.0014097310861697
2015-05-14,543.97,549.69,542.5,549.2,1586800,0,1.7998480045969378,544.4300000000001,544.6310000000001,549.3725,547.8060328564161,570.8183455061472,527.9266544938527,1.2538739411945965,34.95324803149613,1994181.2,1.325345622119826,0.9614500799676486,0.0783570530459076,0.0178384250486008
2015-05-15,550.39,550.6,542.5,546.49,1671955,0,-0.4934450109249866,543.938,544.164,550.06,547.6806963939002,570.0960517173643,530.0239482826356,1.2536621059368165,37.16154349247877,1954698.95,1.4930875576036908,-0.7085884554588523,-0.8473038682052292,-0.0049466647063031
2015-05-18,543.82,548.34,542.25,546.67,1334686,0,0.0329374736957488,544.116,543.5469999999999,550.167,547.5844395944812,570.101303784388,530.232696215612,1.2473704566965484,38.18108974358974,1925130.1,1.123098201936382,0.5240704644919107,-1.1160552781998567,0.0003293205050069
2015-05-19,548.0,553.4,547.12,549.28,2356274,0,0.4774361131944404,546.226,544.171,550.485,547.745921537864,570.1334015688393,530.8365984311607,1.1083521336080848,41.87357401691048,1970124.45,1.1478286299166494,0.2335766423357614,1.1490866234531438,0.004763000016862
2015-05-20,550.92,556.07,545.1,552.51,1541962,0,0.5880425284008117,548.8299999999999,545.914,550.6515,548.1996432961627,570.3097734959596,530.9932265040405,0.9625809967760056,52.87162162162162,1967733.35,2.0124747752705976,0.288608146373345,3.2574568288853856,0.0058632030662423
2015-05-21,550.37,557.61,549.3,556.81,1708500,0,0.7782664567157038,550.3520000000001,547.391,550.6189999999999,549.0196772679567,570.2319762630401,531.0060237369597,0.9168411113417436,54.21453080710127,1857703.35,1.5128345166575752,1.1701219179824374,2.7248911519444974,0.0077525358534256
2015-05-22,554.46,558.24,553.62,554.52,1213200,0,-0.4112713492932851,551.958,547.948,549.662,549.5435175281513,566.1620167145005,533.1619832854996,0.8657438421853801,51.24186871673561,1687943.2,0.8345074238647455,0.0108213396818427,1.0146643592312543,-0.0041211939588746
2015-05-26,552.58,553.33,542.97,547.19,1866724,0,-1.321863954411007,552.0619999999999,548.089,548.7155,549.3193730016607,563.3011302391616,534.1298697608385,0.9579747367013288,53.183980359061,1661124.4,1.9080243844042977,-0.975424372941472,0.2583458536406846,-0.0133067833826228
2015-05-27,548.68,555.29,546.58,554.25,1742200,0,1.2902282570953272,553.0559999999999,549.641,548.2094999999999,549.7889565253121,561.1137179558659,535.305282044134,0.9088675323948838,64.91364555780302,1655245.05,1.593545318160182,1.0151636655245408,2.880849405082331,0.0128197572088683
2015-05-28,553.79,555.76,550.8,554.18,1177318,0,-0.0126296797474112,553.39,551.1099999999999,547.8489999999999,550.207151141949,559.5495315218841,536.1484684781158,0.912921334357187,60.578598814918074,1630060.95,0.9005083514887503,0.0704238068581928,2.722942037850551,-0.0001263047735862
2015-05-29,553.2,553.94,545.04,545.32,2172200,0,-1.598758526110633,551.092,550.722,547.6764999999999,549.7417081760491,559.4215016692376,535.9314983307622,0.9138638771874384,46.94083937299848,1620570.95,1.632907676500824,-1.4244396240057835,-0.7064821558630752,-0.0161167654049055
2015-06-01,548.73,550.57,543.58,549.21,1660500,0,0.7133426245140351,550.03,550.994,547.579,549.6910693021397,559.234274658638,535.9237253413619,0.9308315028699092,52.85595337218991,1612170.95,1.2859192759115508,0.0874747143403893,0.4977218247360415,0.0071081037131039
2015-06-02,547.43,558.79,546.55,553.95,1592808,0,0.8630578467252903,551.3820000000001,551.722,547.6345,550.0966817495549,559.4052549728744,535.8637450271256,0.96516869559817,63.17977138898517,1603666.35,2.239502332814932,1.1910198564200165,1.3316991969561265,0.0085935479356488
2015-06-03,555.1,557.99,552.15,555.29,1335400,0,0.2418990883653604,551.5899999999999,552.3230000000001,548.2470000000001,550.5912834876925,560.2829970614413,536.2110029385589,0.9587792771387788,63.5459533607682,1599116.35,1.0576836004708925,0.0342280670149416,1.0941596271482723,0.0024160698349178
2015-06-04,552.18,555.96,549.12,551.69,1343300,0,-0.648309892128418,551.092,552.241,549.0775000000001,550.6959231555313,559.4677745518593,538.6872254481409,0.9703646167894536,52.384600651216275,1568698.65,1.2456293706293764,-0.0887391792531231,-0.1484136033736871,-0.0065042054804921
2015-06-05,552.0,553.33,547.38,549.53,1219800,0,-0.3915242255614681,551.934,551.513,549.452,550.5848828550045,559.3000339475161,539.6039660524839,0.934547436898877,52.94231513743708,1550188.5,1.08699623661808,-0.447463768115947,-1.3074477829061903,-0.0039229268812468
2015-06-08,549.61,549.87,542.95,543.48,1366800,0,-1.100940803959738,550.7880000000001,550.409,549.1785,549.9082273450041,559.3826235730753,538.9743764269247,0.9820495671917876,47.22753346080309,1547968.5,1.2745188323049927,-1.115336329397208,-1.9909110582124967,-0.0110704600837378
2015-06-09,543.42,544.84,538.85,542.16,1500641,0,-0.2428792227864962,548.4300000000001,549.906,548.9975000000001,549.1703009311942,559.5769634726095,538.4180365273907,0.9005668652462188,43.66998577524888,1568355.55,1.1116266122297502,-0.2318648559125521,-0.9192419452110024,-0.0024317465282653
2015-06-10,545.7,554.78,545.11,552.6,1515775,0,1.925630810092982,547.892,549.741,549.691,549.4969389377471,559.2009015435634,540.1810984564366,1.0227868383074297,50.07092198581563,1555938.15,1.773953880868074,1.2644310060472743,-0.2976995940460081,0.0190732516614588
2015-06-11,554.83,554.83,549.17,550.04,1293535,0,-0.4632645674991109,547.562,549.327,550.2185,549.548659038914,558.4273252252553,542.0096747747446,1.0320611338578765,44.51466537028034,1560018.9,1.0306462479742309,-0.8633275057224874,-0.7470496950449323,-0.0046434096345723
2015-06-12,547.68,548.85,545.63,547.47,1272100,0,-0.467238746272991,547.15,549.542,550.132,549.3506915113984,558.4220716776694,541.8419283223305,0.8993460135358856,44.31359896757543,1544283.9,0.5901435038396032,-0.0383435582821944,0.3942639184332019,-0.0046833371859105
2015-06-15,542.73,544.05,539.21,543.0,1357400,0,-0.8164830949641155,547.0540000000001,548.921,549.9575000000001,548.745863748408,558.7046784924509,541.2103215075493,0.9027522774818644,46.45695924234732,1528556.15,0.8976094656998048,0.0497484937261588,-1.1307150270388422,-0.008198345734898
2015-06-16,544.26,546.69,541.57,544.87,1626300,0,0.3443830570902362,547.596,548.013,549.8675000000001,548.3767338676073,558.7923367226613,540.9426632773389,0.8542293231140158,41.305153874675554,1543136.85,0.9453994866776232,0.1120787858744007,-1.639137106237032,0.0034379141659083
2015-06-17,546.26,548.36,541.81,546.6,1222000,0,0.3175069282581155,546.396,547.144,549.7335,548.2075211183113,558.7751888850804,540.6918111149197,0.8585240017101234,43.18345323741013,1486423.15,1.2089108728152065,0.0622414234979738,-1.5649480451655815,0.0031700393941238
2015-06-18,548.0,557.25,548.0,556.18,2059600,0,1.7526527625320032,547.624,547.593,549.917,548.9668048213293,559.3369968711501,540.49700312885,1.024672823581564,59.64133522727264,1512305.05,1.687956204379562,1.492700729926998,0.8138628577643026,0.0173747093709964
2015-06-19,556.52,557.91,552.26,557.52,2964400,0,0.2409291955841608,549.6339999999999,548.392,549.9525,549.7813948383456,559.4865340498135,540.4184659501865,1.011370706218781,57.72735726241393,1575100.05,1.023068844384887,0.1796880615251923,1.4539697559732945,0.0024063942652991
2015-06-22,559.41,565.61,558.91,559.68,1737500,0,0.3874300473525549,552.97,550.012,550.2104999999999,550.7241191394555,560.5132384709037,539.9077615290961,0.9115749641456068,55.59679624926735,1601315.05,1.1987618757939644,0.0482651364830771,2.980790461470506,0.0038668146999737
2015-06-23,559.79,564.9,557.15,563.39,1569808,0,0.6628787878787845,556.674,552.135,551.0205000000001,551.9303935071264,562.7691778203401,539.27182217966,0.8967539065694277,57.56161314413743,1586469.25,1.3910078075922103,0.6430983047214175,3.915818208646904,0.0066069140757411
2015-06-24,562.48,562.64,556.81,558.57,1446100,0,-0.8555352420170692,559.068,552.732,551.2365,552.5627369826382,563.3871461166665,539.0858538833335,0.7922227858434098,56.2796641109894,1571664.25,1.0470357931790093,-0.6951358270516228,1.0803474484256226,-0.0085921595299077
2015-06-25,560.3,563.14,557.46,557.95,1335200,0,-0.1109977263368922,559.422,553.5229999999999,551.425,553.0758096509584,563.8810507384896,538.9689492615103,0.7714431932065364,57.90758827948917,1579558.35,1.0189071861658143,-0.4194181688381062,1.4380772307468703,-0.0011105937443603
2015-06-26,559.71,560.0,551.85,553.06,2183700,0,-0.8764226185142165,558.53,554.082,551.8120000000001,553.0743039699147,563.9462015112499,539.6777984887503,0.8170610183683276,59.1973886328724,1580133.35,1.4768505934583631,-1.1881152739811849,1.0210605147313867,-0.0088028578991358
2015-06-29,546.75,550.9,540.24,541.25,1887800,0,-2.135392181680096,554.844,553.9069999999999,551.414,551.9481797823038,564.3998374676673,538.4281625323326,1.0542826627524338,49.27281444781847,1591498.35,1.973197097586252,-1.0059442158207592,-0.3222836095764236,-0.0215852154158747
2015-06-30,545.09,545.9,539.54,540.04,1725464,0,-0.2235565819861507,550.174,553.424,550.7185,550.8140674220843,564.5920951778091,536.8449048221908,1.047312401086714,38.226471691038576,1598131.15,1.178781925343814,-0.9264525124291526,-0.886449978894055,-0.0022380684276542
2015-07-01,543.66,545.81,539.76,543.3,1537900,0,0.6036589882230992,547.1200000000001,553.0939999999999,550.119,550.0984419533144,564.1955694086178,536.0424305913823,1.0632903415715984,43.76387860843818,1608256.15,1.1208685341633235,-0.0662178567487057,-0.6037321624588476,0.006018442668432
2015-07-02,544.74,548.0,543.57,547.34,1406200,0,0.7436039020799035,544.9979999999999,552.21,549.9014999999999,549.8357331958558,564.010252453329,535.7927475466709,0.9093795248528632,49.88290398126464,1611401.15,0.8149824309656437,0.4772919190806665,-1.589413499226855,0.0074085279805736
2015-07-06,542.25,548.58,542.09,545.62,1280600,0,-0.3142470859063939,543.51,551.02,549.706,549.4342347962505,563.9441923749158,535.4678076250842,0.8993225515090598,52.48294162244124,1614441.15,1.1972181741039327,0.6214845550945145,-2.134452575692347,-0.0031474187891504
2015-07-07,547.43,551.0,539.85,550.03,1679700,0,0.8082548293684155,545.266,550.0550000000001,550.0335,549.4909743394647,563.9667684418814,536.1002315581186,0.9394326959376348,54.66546112115729,1630086.15,2.0653885338519915,0.4749465685110467,-1.7241995425957612,0.0080500594446122
2015-07-08,545.6,548.28,541.2,541.7,1383000,0,-1.514462847481035,545.598,547.886,550.0105,548.7489767833252,563.9998982038223,536.0211017961776,0.9765923397418004,46.04200323101779,1624204.1,1.308203991130807,-0.7148093841642187,-3.8499085890768225,-0.0152604795296595
2015-07-09,548.52,548.88,544.62,544.65,1488300,0,0.5445818718847972,545.8679999999999,546.494,549.6129999999999,548.3585980420562,563.7436670606448,535.482332939355,1.00207048196862,39.56938664736749,1622830.35,0.7821967610443962,-0.7055348938963036,-2.4920779848541907,0.0054310438646012
2015-07-10,553.71,559.29,552.0,556.11,2171700,0,2.1041035527402885,547.6220000000001,546.31,549.9165,549.0968267999556,564.343421143614,535.4895788563861,1.249801636904041,48.92185349441813,1666738.6,1.3206521739130368,0.4334398873056252,-0.3297786540012559,0.020822729880653
2015-07-13,559.51,572.85,558.7,571.73,2089600,0,2.808796820772863,552.8439999999999,548.177,551.1295,551.2523671047218,568.4746785807997,533.7843214192003,1.4911858645895746,57.64109067850353,1707613.6,2.532665115446568,2.1840539043091325,3.3757639315806776,0.0277007355583891
2015-07-14,574.5,589.71,574.17,584.18,3741482,0,2.177601315306154,559.674,552.47,553.1885,554.3883321423673,575.5280776004882,530.8489223995117,1.307239629920909,61.86779312706929,1826817.7,2.706515491927491,1.6849434290687466,7.931639722863726,0.0215423025490393
2015-07-15,583.74,588.69,580.21,583.96,2072687,0,-0.0376596254578864,568.126,556.862,555.143,557.2046814621418,580.9838319077388,529.3021680922612,1.2927213933849142,65.29702373779975,1849137.05,1.4615397873183875,0.0376880117860738,8.132730908821584,-0.0003766671847569
2015-07-16,589.47,604.5,587.92,601.78,5632000,0,3.051578875265415,579.552,562.7099999999999,557.9019999999999,561.4499498943188,590.7384082913077,525.0655917086922,1.4723027619144444,71.87344046312008,2069637.05,2.8201115798067837,2.0883166234074584,10.763850542978105,0.0300594426794801
2015-07-17,680.0,703.0,678.0,699.62,12858100,0,16.25843331450032,608.254,577.9379999999999,565.074,574.609002285336,636.4128735543233,493.7351264456767,5.022586320750717,87.94138966552765,2609562.05,3.687315634218289,2.8852941176470597,27.821829210362846,0.1506454004890021
2015-07-20,688.98,697.8,681.77,692.84,5121700,0,-0.9690975100768996,632.476,592.66,571.84,585.8690973057802,663.0602405978876,480.6197594021125,5.068698014833364,90.2929137206954,2717427.05,2.351232820452642,0.5602484832651186,26.982148748213053,-0.0097382381981821
2015-07-21,684.88,705.6,684.15,695.35,3780200,0,0.3622770047918777,654.71,607.192,578.6235,596.2958499433249,684.9615067273054,472.2854932726947,5.087391488002294,90.99836333878896,2819562.05,3.1352773514580203,1.5287349608690617,26.420377070341637,0.0036162236225405
2015-07-22,694.02,713.33,691.62,695.1,4154900,0,-0.0359531171352567,676.938,622.532,585.209,605.7057689963416,703.2449042432677,467.17309575673227,4.978774409290145,90.71888412017177,2948816.65,3.139006969144911,0.1556151119564336,28.318257338009968,-0.0003595958181796
2015-07-23,691.85,696.07,671.59,674.73,3811500,0,-2.930513595166162,691.528,635.54,591.017,612.2795052824043,714.8241255665527,467.20987443344745,5.253907595034535,81.41863562373605,3067086.65,3.6450810762518824,-2.4745248247452487,23.8832277609474,-0.0297431092552501
2015-07-24,677.28,677.79,653.18,654.77,4131100,0,-2.9582203251671046,682.558,645.4060000000001,595.858,616.3262190650324,721.7746671129821,469.94133288701784,5.510259546778641,74.69792279494958,3206881.65,3.7677209957439017,-3.3235884715331907,17.74109438780096,-0.0300285819199612
2015-07-27,651.57,667.07,651.55,658.27,2919100,0,0.5345388457015376,675.644,654.06,601.1184999999999,620.3208648683627,728.291333291422,473.9456667085779,5.509679104839089,74.59329273834412,3243651.65,2.382012124932867,1.0282855257301489,15.136515488080038,0.0053311525764776
2015-07-28,661.76,664.1,653.41,659.66,1718100,0,0.2111595545900568,668.506,661.608,607.039,624.0674491666139,733.4995108157832,480.5784891842168,5.5196870399617,77.67454954954957,3235166.65,1.6360325063895649,-0.3173355899419763,12.920675134376404,0.0021093692614831
2015-07-29,662.26,663.33,652.84,661.43,1837805,0,0.2683200436588429,661.772,669.355,613.1085,627.6257873412221,737.6674922000577,488.5495077999424,5.511990955040046,77.55025007077477,3240783.7,1.6068255621591827,-0.1253284208619033,13.266319610932232,0.0026796070806579
2015-07-30,657.44,668.05,651.69,664.56,1980300,0,0.473217120481384,659.738,675.633,619.1714999999999,631.1433314039629,741.2023915635245,497.14060843647536,5.485311976149777,76.63179608074262,3262903.7,2.51039604720034,1.0829885616938262,10.4323839276812,0.0047210096809682
2015-07-31,664.7,665.0,657.2,657.5,1746000,0,-1.062357048272533,660.284,671.4209999999999,624.6795,633.6534903178712,742.9453522544561,506.4136477455438,1.3513953931535596,71.98667008459373,3279893.7,1.1868533171028537,-1.083195426508206,-6.020411080300736,-0.0106804034788964
2015-08-03,657.66,666.67,657.66,664.72,1567407,0,1.0980988593155994,661.574,668.609,630.6345,636.612205525693,744.0326831238427,517.2363168761573,1.4453176077773238,71.21483510694347,3294234.05,1.3700088191466704,1.0735030258796427,-4.058657121413312,0.0109211353048063
2015-08-04,664.34,668.0,660.51,661.28,1309400,0,-0.5175111325069315,661.898,665.202,636.1969999999999,638.9615192851508,743.7087480190155,528.6852519809843,1.4200504031324714,70.02693742229589,3275719.05,1.1339722335770857,-0.4606075202456662,-4.899690803192646,-0.0051885485933037
2015-08-05,665.75,679.91,665.58,673.29,1822300,0,1.8161746915073884,664.27,663.021,642.7765,642.2308984008507,741.7018807622005,543.8511192377996,1.5960107767140082,69.09683277252577,3297684.05,2.153009405330678,1.132557266241076,-3.1376780319378628,0.0179987924571107
2015-08-06,673.99,674.75,660.73,670.15,2032619,0,-0.466366647358496,665.3879999999999,662.563,649.0515,644.8898604579125,737.0916619537413,561.0113380462587,1.3106060115970863,34.07543499405597,3324900.0,2.121895479242653,-0.569741390821827,-0.6787900345323394,-0.0046745752960272
2015-08-07,667.78,668.79,658.87,664.39,1377100,0,-0.8595090651346671,666.766,663.5249999999999,654.4655,646.747016604778,731.0072014581209,577.9237985418791,0.8981155847462946,34.455250792263115,3285170.0,1.5056080865724586,-0.5076522207912765,1.4692181987568054,-0.0086322414726274
2015-08-10,667.09,671.62,660.23,663.14,1722900,0,-0.1881425066602493,666.45,664.012,659.0360000000001,648.3082531186086,724.9558826008063,593.1161173991939,0.8927570124998238,32.15512465373959,3266835.0,1.7251563848961704,-0.5921240012592072,0.7398180078083572,-0.0018831971698115
2015-08-11,699.58,704.0,684.32,690.3,5492265,0,4.0956660735289585,672.2539999999999,667.076,664.342,652.3074671073125,721.377060537577,607.306939462423,1.5561162132714563,47.95151928985999,3354374.15,2.875847556698613,-1.3265101918293956,4.644817026953274,0.0401401564273631
2015-08-12,694.49,696.0,680.51,691.47,2932300,0,0.1694915254237372,675.89,670.0799999999999,669.7175,656.0372321447113,713.6036771188146,625.8313228811853,1.5578223617867586,58.54430379746835,3397354.8,2.276234000969862,-0.4348514737433198,4.541674855993838,0.0016934805063331
2015-08-13,689.2,694.03,682.18,686.51,1817700,0,-0.7173123924393066,679.162,672.275,673.954,658.9394005118817,704.582535301831,643.325464698169,1.6012366499005406,69.12970106075217,3206639.8,1.7370781905069077,-0.3903076030179997,3.302937281810525,-0.0071989744714408
2015-08-14,684.04,692.26,682.9,689.37,1379800,0,0.4165999038615586,684.158,675.462,673.4415,661.8375528440835,702.567959141199,644.315040858801,1.5240864937485934,68.88969873663751,2632724.8,1.37062527456436,0.7791941991696453,4.847148288973391,0.0041573452906324
2015-08-17,688.04,694.74,683.06,694.11,1233900,0,0.6875843161147088,690.3520000000001,678.4010000000001,673.5049999999999,664.911119239885,702.8144915468608,644.1955084531389,1.5112034929082667,70.1062215477997,2438334.8,1.7099522735923731,0.8822161502238315,4.421410518714652,0.0068523123527457
2015-08-18,691.07,695.76,685.32,688.73,1385500,0,-0.7750932849260206,690.0379999999999,681.146,673.174,667.1795840741817,701.5803568867536,644.7676431132463,1.531466348581099,65.28897849462368,2318599.8,1.5233759411661618,-0.3386053511221774,4.151040406484396,-0.007781127454713
2015-08-19,690.11,700.2,686.8,694.04,2509600,0,0.7709842754054508,690.552,683.221,673.121,669.7377189242596,701.3585620685926,644.8834379314073,1.459405360008738,66.11633500984037,2236334.8,1.9510774606872583,0.5694744316123445,3.0818815072257033,0.0076802738004835
2015-08-20,689.1,696.16,675.28,679.48,2889800,0,-2.0978617947092326,689.146,684.154,673.3584999999999,670.6655552171873,701.7326151681883,644.9843848318116,1.6366875052085152,61.105497170573976,2190249.8,3.092050704892785,-1.396023799158323,1.3922256211295947,-0.0212017959823605
2015-08-21,671.04,672.89,643.1,644.03,4593900,0,-5.217224936716313,680.078,682.118,672.8215,668.1288356726932,703.0244648422441,642.6185351577559,2.357018784697005,41.866498938595775,2213389.8,4.632250038874197,-4.0250953743443,-3.064465148482065,-0.0535824908808189
2015-08-24,600.6,644.33,593.09,618.11,6489284,0,-4.024657236464135,664.8779999999999,677.615,670.8135,663.3651370371986,709.2952152889218,632.3317847110782,2.6352215768881284,35.57827219883745,2391899.0,8.639498221180597,2.9154179154179136,-6.790421328829499,-0.0410788737240609
2015-08-25,646.77,647.0,611.67,612.47,3571400,0,-0.912458947436534,649.626,669.832,668.454,658.5179811288939,714.7987495010437,622.1092504989562,2.0370677772981893,28.7787857641312,2484564.0,5.775990321578636,-5.303276280594331,-11.274808054469066,-0.0091664735187244
2015-08-26,643.1,662.48,630.37,659.74,4386900,0,7.717929041422433,642.7660000000001,666.659,668.3695,658.634363878523,714.7742967007811,621.964703299219,3.4777049061567893,47.22296323960946,2612018.75,5.0938337801608595,2.587466956927381,-4.588774639536064,0.0743458563845185
2015-08-27,671.99,673.98,651.1,667.96,2948700,0,1.2459453724194436,640.4620000000001,664.804,668.5395000000001,659.522519699616,714.9104343968916,622.1685656031086,3.513978193343063,50.94001790510296,2660438.75,3.51405314083858,-0.5997113052277523,-2.702072803018163,0.0123824734922071
2015-08-28,665.76,667.0,653.75,659.69,1941800,0,-1.2380980897059637,643.594,661.836,668.6490000000001,659.5384702044146,714.9204079728313,622.3775920271689,3.5196864424491494,49.12396526331828,2670228.75,2.026768642447419,-0.9117399663542322,-4.305380274743598,-0.0124582637956319
2015-08-31,654.34,664.41,646.35,647.82,1946800,0,-1.7993299883278469,649.5360000000001,657.207,667.804,658.4224254230418,714.9858093403623,620.6221906596377,3.523392584074811,38.305252725470794,2689198.4,2.794151775353902,-0.9964238774948776,-6.668971776807709,-0.0181571477214955
2015-09-01,633.81,644.44,625.06,629.56,2572800,0,-2.818684202401922,652.9540000000001,651.2900000000001,666.2180000000001,655.6736230017997,716.3626705359267,616.0733294640735,3.591163711065035,34.42202204217199,2752368.4,3.100502351774247,-0.6705479560120542,-8.591175061344803,-0.028591717303704
2015-09-02,638.0,645.06,630.64,644.91,1881400,0,2.438210813901786,649.988,646.3770000000001,664.799,654.6485160492473,715.7015164924279,613.896483507572,3.7108353621581887,40.05260640841702,2755323.4,2.286566028161861,1.083072100313475,-7.078842717998968,0.0240896094927539
2015-09-03,647.93,651.25,633.81,637.05,1728500,0,-1.2187747127506143,643.8059999999999,642.134,663.144,652.9724669016999,715.4470796718191,610.8409203281809,3.683580264318218,37.78141055581503,2740117.45,2.751613259494179,-1.6791937400645125,-6.244481073762298,-0.0122626267487641
2015-09-04,629.7,634.5,626.5,628.96,2024900,0,-1.269916019150763,637.66,640.6270000000001,661.3725000000001,650.6855652920142,715.8526011958915,606.8923988041087,3.3258967809035,35.019544722924806,2772507.45,1.2769353551476457,-0.1175162775925058,-2.339953107774473,-0.0127804837538395
2015-09-08,641.0,645.04,632.9,643.88,1954600,0,2.372169931315171,636.872,643.2040000000001,660.4095,650.0374162165842,715.4361976255865,605.3828023744135,3.114423144477296,40.12071016344331,2784092.45,1.91815452678148,0.4492979719188761,4.169160828978669,0.0234447116644783
2015-09-09,651.88,657.36,640.9,643.41,2048900,0,-0.0729949680064678,639.642,646.298,658.0649999999999,649.4062337197666,711.7076976439955,604.4223023560044,3.0847400402950895,38.604546477605226,2611924.2,2.5682633796224117,-1.2993188930478046,5.05167600045715,-0.0007302162230489
2015-09-10,643.9,654.9,641.7,651.08,1392329,0,1.1920859172223075,640.876,645.432,656.0455,649.5656400321698,707.3846999506982,604.7063000493017,1.832655850374198,43.40332621016446,2534925.65,2.0570359981299564,1.1150799813635757,-1.3126383120623195,0.0118503654083177
2015-09-11,650.21,655.31,647.41,655.3,1744600,0,0.6481538367020923,644.5260000000001,644.1659999999999,654.485,650.1117695529155,703.7819641426635,605.1880358573366,1.7925718780604378,53.062000760745526,2531270.65,1.2202468296751638,0.7828240107042214,-1.8953230732379311,0.0064606235221536
2015-09-14,655.63,655.92,649.5,652.47,1497600,0,-0.4318632687318691,649.2280000000001,643.444,652.64,650.3363629288283,699.1212858776622,606.1587141223378,1.757314712554563,60.67478563439792,2537160.65,0.9884526558891392,-0.4819791650778592,-1.094453455410882,-0.004327984917072
2015-09-15,656.71,668.85,653.34,665.07,1777300,0,1.9311232700354175,653.466,645.1690000000001,651.1879999999999,651.7395664594161,693.8741252448605,608.5018747551393,1.75151889170924,65.66408576533652,2564330.65,2.3739553678023677,1.273012440803401,2.6627766972307176,0.0191271371455925
2015-09-16,665.55,668.07,662.2,665.52,1312500,0,0.0676620506111946,657.888,648.765,650.0274999999999,653.0519887013764,689.5618138764679,610.4931861235319,1.383960122884176,52.386851668318464,2560680.65,0.8864391422530964,-0.0045075501464912,5.711925789440242,0.0006763917016606
2015-09-17,667.49,681.99,665.0,671.67,2387605,0,0.9240894338261808,662.006,651.441,648.909,654.8251326345787,684.2430336309127,613.5749663690873,1.2306572004474212,51.55869254684477,2554580.9,2.554887218045114,0.626226610136474,4.149416197608957,0.0091984585038831
2015-09-18,665.06,669.84,660.03,660.92,3627200,0,-1.6004883350454802,663.13,653.828,647.981,655.4055961931903,680.8212852093352,615.1407147906648,1.2913570061588346,50.50621450325125,2591450.9,1.486296077451034,-0.622500225543558,3.746958637469589,-0.0161343446967253
2015-09-21,665.51,669.0,658.0,666.98,1954600,0,0.9169037099800326,666.032,657.6299999999999,649.1285,656.5079203652674,682.97588831562,615.2811116843801,1.160159755710557,58.28146611341631,2459485.9,1.6717325227963524,0.2208832324082323,6.0448995166624275,0.0091272566757781
2015-09-22,657.47,658.82,645.03,653.2,2718000,0,-2.066028966385791,663.658,658.5620000000001,650.883,656.1928803304801,681.4381491741001,620.3278508259,1.2500628267527885,60.62949640287776,2270921.7,2.137885059609643,-0.649459290918214,1.4474746847238595,-0.020876699362258
2015-09-23,652.9,660.28,650.73,653.29,1457995,0,0.013778322106539,661.212,659.55,652.924,655.916415537101,677.5543316643036,628.2936683356963,1.2486366020623074,54.36731290389829,2165251.45,1.4675825611236542,0.0597334967069974,1.535568300150758,0.0001377737298291
2015-09-24,648.97,656.77,642.16,654.91,1934252,0,0.2479756310367564,657.86,659.933,652.6825000000001,655.8205664383295,677.1254422597742,628.239557740226,1.1964938899436517,59.9554069119287,2042619.05,2.275133923009844,0.915296546835746,0.588253363641944,0.0024766867880857
2015-09-25,658.58,658.58,639.66,640.15,2423900,0,-2.253744789360368,653.7059999999999,658.418,651.292,654.328131539441,675.2345387564505,627.3494612435495,1.3775801605223523,55.80574867697415,2016379.05,2.957821342588262,-2.798445139542662,-2.311918205402108,-0.022795297722037
2015-09-28,639.05,642.85,617.84,624.25,2382276,0,-2.483792861048184,645.16,655.596,649.52,651.4635475833037,675.9610295205036,623.0789704794963,1.5534052853491158,39.91782229070363,2038402.85,4.047973585394275,-2.315937720053197,-4.325103069872949,-0.0251515947323053
2015-09-29,625.5,634.68,618.03,622.61,2106400,0,-0.2627152583099645,639.042,651.35,648.2594999999999,648.7155906706081,677.3160296402673,619.2029703597325,1.3202816769347543,39.443767762890786,2046382.85,2.6940439784476444,-0.4620303756994383,-6.384290375449209,-0.002630609604523
2015-09-30,631.83,639.31,629.15,638.37,2647600,0,2.531279613241022,636.058,648.635,648.7,647.7302963210263,676.8147618090184,620.5852381909817,1.6561354070133518,44.03902072976265,2050122.85,1.6148772152904662,1.0350885523004547,-4.0795167688424065,0.0249977329948551
2015-10-01,637.94,643.84,631.11,642.0,2125300,0,0.5686357441609058,633.476,645.668,648.5545,647.1845538142619,676.7817421420559,620.327257857944,1.6280574744578025,43.72759856630825,2062317.85,2.0170810159877073,0.6364234881023207,-4.417347804725525,0.0056702511397463
2015-10-02,638.01,658.26,633.5,656.99,2439400,0,2.334890965732095,636.844,645.275,649.5515,648.1184058319512,677.4747619682274,621.6282380317726,1.784202785744903,51.91233711287866,2097862.85,3.9084451460142056,2.97487500195922,-0.5946256733038724,0.0230804939786611
2015-10-05,661.6,673.03,655.87,671.68,1897962,0,2.2359548851580646,646.33,645.7450000000001,651.6875,650.3623671812892,679.5141300888939,623.8608699111061,1.907723088874888,52.74798370333413,2091515.95,2.616372146919354,1.5235792019346928,0.7046688056613348,0.0221132389636458
2015-10-06,669.35,678.8,663.08,671.64,2157400,0,-0.0059552167698817,656.136,647.5889999999999,653.0755,652.3888084021188,682.0096928302088,624.1413071697913,1.7545159178173542,52.55297847488737,2101655.95,2.37075466007117,0.3421229551056941,2.8230251071647228,-5.955394099955932e-05
2015-10-07,677.4,678.74,658.11,670.0,2217672,0,-0.2441784289202497,662.462,649.26,654.405,654.0660647447742,683.9072072323039,624.902792767696,1.760955743605035,49.276116168183805,2110094.55,3.1347343149321536,-1.092412164157068,2.5578227127309505,-0.0024447703062567
2015-10-08,669.45,671.89,654.49,667.0,1965300,0,-0.4477611940298498,667.462,650.4689999999999,655.201,655.2978681024147,685.180684981297,625.2213150187031,1.7754678034508358,52.825278810408946,2138743.1,2.658558572323485,-0.3659720666218605,1.8460551831549488,-0.004487666469388
2015-10-09,667.49,674.09,662.36,671.24,1605800,0,0.6356821589205364,670.312,653.578,655.9979999999999,656.8161663783752,686.8243309184467,625.1716690815532,1.5535077232072791,52.01361315938741,2131803.1,1.7709402741711484,0.5618061693808147,4.8566742169803945,0.0063367022173372
2015-10-12,669.19,677.98,667.24,676.43,1334210,0,0.773195876288657,671.262,658.796,657.196,658.6841505328157,689.2816205864855,625.1103794135146,1.1509011622603396,61.95081798538943,2123633.6,1.6096157304717955,1.0819049896142945,8.35883059671605,0.0077022203620923
2015-10-13,674.16,688.46,673.11,683.17,2122300,0,0.9964076105435816,673.568,664.8520000000001,658.101,661.016136196357,692.0865442334082,624.1154557665918,1.087395465890493,64.38751926040064,2140883.6,2.2804593602828693,1.3364779874213824,9.726795265093704,0.0099147620081644
2015-10-14,683.79,690.04,678.9,680.41,1564500,0,-0.403999004640132,675.65,669.0559999999999,658.8455,662.863170844323,694.1424242584123,623.5485757415877,1.002309032440803,62.145170508668336,2153483.6,1.640889674473411,-0.4943038067242861,6.585522502623875,-0.004048172852595
2015-10-15,685.25,694.16,684.39,693.02,2357800,0,1.853294337237843,680.854,674.158,659.913,665.7352498115304,698.0223540665182,621.8036459334818,1.071476165279881,75.70747836234567,2151993.35,1.4275486199389211,1.133892739875955,7.94704049844237,0.0183633011516978
2015-10-16,695.4,696.22,689.1,695.32,1815700,0,0.3318807538022161,685.67,677.991,661.633,668.552845067575,702.9074529626649,620.3585470373351,0.9240875183689936,89.82405020732945,2061418.35,1.0332317515600065,-0.0115041702617094,5.834183168693596,0.0033133124510191
2015-10-19,694.0,700.24,692.21,699.95,1508585,0,0.6658804579186661,690.374,680.818,663.2815,671.5430502992346,707.9492989631159,618.6137010368842,0.7211421411553414,91.93233571893305,2039117.6,1.1600525851981296,0.8573487031700353,4.208849452120078,0.0066367326674947
2015-10-20,697.89,698.0,673.68,680.0,2621719,0,-2.8502035859704344,689.74,681.654,664.6215,672.3484740802598,709.6225943843399,619.62040561566,1.263079132221741,71.5900840161809,2034303.55,3.610022562641024,-2.5634412299932636,1.2447144303495916,-0.0289161057506819
2015-10-21,683.21,684.9,670.7,671.8,1608400,0,-1.2058823529411788,688.018,681.8340000000001,665.547,672.2962384535684,710.3276697488625,620.7663302511376,1.3296769218626714,64.75539710833826,2041823.8,2.1171909944833653,-1.6700575225772576,0.2686567164179143,-0.01213212099196
2015-10-22,675.44,688.05,671.7,681.14,4431500,0,1.3902947305745703,685.642,683.2479999999999,666.8584999999999,673.1385014579905,711.8633185841056,621.8536814158942,1.381578813479715,62.6665268016364,2166686.2,2.434122376060728,0.8438943503493918,2.1199400299850124,0.0138071878720099
2015-10-23,750.06,752.5,717.94,719.33,6336300,0,5.606776874064079,690.444,688.057,670.8174999999999,677.5376917953248,719.6938224884888,621.941177511511,2.200141576162845,70.0496507615922,2362306.2,4.813772738668962,-4.09700557288749,7.164352541564867,0.0545523581687347
2015-10-26,720.02,734.95,720.02,731.12,2438800,0,1.6390252040092923,696.6780000000001,693.5260000000001,676.161,682.6407687671987,726.9320037013335,625.3899962986663,2.2196033779303583,72.77531015469442,2365132.4,2.0735535124024422,1.5416238437821204,8.085093801280262,0.0162573817450091
2015-10-27,726.57,735.96,724.14,732.82,1938900,0,0.2325199693620883,707.242,698.491,681.6715,687.4197431703226,731.8905378138218,631.4524621861783,2.225320053309949,74.04317207593385,2356757.4,1.6322810506255767,0.860206174215836,7.267590789993728,0.002322500599958
2015-10-28,733.0,737.37,727.27,736.92,1980100,0,0.5594825468737019,720.266,704.142,686.5989999999999,692.1340533445775,738.247697094676,634.9503029053238,2.1915627151104573,76.53711856687411,2323382.4,1.3887552078320324,0.5347885402455606,8.305286518422704,0.0055792325654038
2015-10-29,736.63,746.79,735.16,744.85,1825900,0,1.0761005265157664,733.008,709.325,691.7415,697.154619692713,745.1441308340574,638.3388691659426,2.1645527453192495,77.17640109281544,2308412.4,1.5819685510637134,1.1158926462403145,7.478860638942608,0.0107035176962937
2015-10-30,745.56,746.31,736.53,737.39,1999100,0,-1.001543935020477,736.6200000000001,713.5319999999999,695.7615,700.9865606743595,750.2430863726709,641.279913627329,2.232797032833726,72.13507625272328,2286397.4,1.3278481528247286,-1.0958205912334298,6.050451590634509,-0.0100659312783465
2015-11-02,737.88,748.18,731.45,747.74,1995421,0,1.403599180894788,739.9440000000001,718.311,699.5645,705.4392691815633,757.4786744216899,641.65032557831,2.246945098165701,72.84693227655507,2291270.35,2.287237678583622,1.336260638586222,6.827630545038921,0.0139383994196822
2015-11-03,745.43,751.7,741.16,748.82,1815300,0,0.144435231497586,743.144,725.193,703.4235000000001,709.5707673547478,763.7388712711568,643.1081287288434,1.895506934946648,74.49688462364819,2274165.35,1.4220950941767063,0.4547710717304241,10.120588235294116,0.0014433102414644
2015-11-04,749.9,759.9,749.2,755.31,2091692,0,0.8666969365134447,746.822,733.544,707.6890000000001,713.9268847495337,770.0823579123407,645.2956420876594,1.7359961174919485,73.32784061119013,2267866.35,1.4281900694073586,0.7214295239365206,12.430782971122367,0.0086296267956311
2015-11-05,758.81,766.35,757.47,760.67,2274300,0,0.7096423984853883,749.9860000000001,741.497,712.3725000000001,718.3786100114828,775.9568591740723,648.7881408259278,1.7406833365273569,73.92545947133333,2283316.35,1.1723236563824302,0.2451206494379375,11.676013741668378,0.0070713628612231
2015-11-06,759.39,763.02,755.03,761.6,1677100,0,0.1222606386475089,754.828,745.7239999999999,716.8905000000001,722.494932867532,781.0077096037162,652.773290396284,0.7576591326785459,73.19936780311578,2286881.35,1.058236096578945,0.2910230579807525,5.876301558394625,0.0012218596118992
2015-11-09,758.52,763.3,749.11,754.77,1776691,0,-0.8967962184874056,756.234,748.0889999999999,720.8075,725.56874878491,784.0834626348493,657.5315373651507,0.7858856957853348,81.21920668058448,2309005.4,1.89424784077104,-0.4943838000316405,3.2347631031841573,-0.0090084164006198
2015-11-10,753.48,760.6,748.41,758.26,1489900,0,0.4623925169256804,758.122,750.633,724.562,728.6822012815852,787.3439255250265,661.7800744749735,0.7863510538610339,87.57823365785809,2277385.4,1.6287863604174255,0.6343897648245438,3.471520973772546,0.0046132676676366
2015-11-11,762.38,769.08,759.75,765.25,2095900,0,0.921847387439656,760.1099999999999,753.466,728.804,732.164848778577,790.4800318199136,667.1279681800863,0.8054689092489236,87.31919424971154,2303955.4,1.2280355380059285,0.3764526876360876,3.844379308473101,0.0091762430813492
2015-11-12,760.18,765.8,755.86,756.53,1772500,0,-1.139496896439074,759.282,754.6339999999999,731.9795,734.4853393710935,792.4256338191498,671.5333661808503,0.8929523654529771,72.35039653929336,2274690.4,1.3150583441377954,-0.4801494382909281,1.568100959924812,-0.011460389071439
2015-11-13,754.04,755.33,739.47,740.07,2409300,0,-2.1757233685379185,754.976,754.902,734.217,735.0172118119417,792.2127363586998,676.2212636413002,1.1127138917501147,55.09159176243033,2304370.4,2.144779369007534,-1.8526868601135105,0.3634440391109272,-0.0219974124350592
2015-11-16,740.21,751.71,734.33,750.42,2535100,0,1.3985163565608527,754.106,755.1700000000001,736.7405,736.4841440203282,792.8186403982394,680.6623596017606,1.1120237005679376,59.11539258338507,2355696.15,2.3667833262974405,1.379338295888994,0.358413352234721,0.0138882734698465
2015-11-17,752.47,754.95,744.05,745.98,1943100,0,-0.5916686655472847,751.65,754.886,740.0395,737.3885112564875,789.4269386224121,690.6520613775879,1.1286822232650446,54.675887696118934,2321765.2,1.4649553121430134,-0.8624928568580819,-0.3792633743756934,-0.0059342595959689
2015-11-18,749.57,761.1,747.39,760.01,1813300,0,1.8807474731225904,750.6020000000001,755.356,744.45,739.5429387558696,782.6708457864275,706.2291542135725,1.2567109293962793,57.36065255389395,2332010.2,1.8343836551198216,1.392798537828347,0.6222610583733967,0.0186328008956479
2015-11-19,759.78,763.23,757.23,759.94,1403900,0,-0.0092104051262364,751.284,755.283,748.3900000000001,741.4855160172153,772.9289872393936,723.8510127606066,1.2364001513609375,61.79516685845806,2180630.2,0.7923616338496889,0.0210587275263999,-0.0959680281856667,-9.21082931009568e-05
2015-11-20,769.3,779.32,764.1,777.0,2773900,0,2.244914072163584,758.6700000000001,756.823,751.2735,744.8678478250996,774.9734935820188,727.5735064179812,1.427655879615659,64.30107526881724,2002510.2,1.9918858788116771,1.0009099181073762,2.0220588235294157,0.0222008675721991
2015-11-23,777.47,782.9,773.51,776.7,1732400,0,-0.0386100386100318,763.926,759.0160000000001,753.5525,747.8994813655663,777.8510491227754,729.2539508772246,1.3787168379730723,63.731284475965374,1967190.2,1.213946813874415,-0.0990391912228101,2.905520887157675,-0.0003861749420457
2015-11-24,772.96,775.99,758.11,769.63,2393900,0,-0.9102613621733036,768.6560000000001,760.153,755.393,749.9690545688458,778.6326812189009,732.1533187810992,1.4277011818436425,57.01273261508329,1989940.2,2.3584967880650556,-0.4308114262057598,1.499485664547784,-0.0091442955448743
2015-11-25,771.69,773.0,766.53,769.26,1180600,0,-0.0480750490495451,770.506,760.554,757.01,751.8062874670509,779.319504229041,734.700495770959,1.40277937165614,54.42281948306048,1949965.2,0.8440635069729857,-0.3148932861641415,0.5240117608624528,-0.000480866088063
2015-11-27,769.16,774.0,767.0,771.97,722300,0,0.3522866131087099,772.912,762.0980000000001,758.366,753.7266410416174,780.8595203768905,735.8724796231095,1.3387757759349543,55.24319951461221,1894785.2,0.9126466753585396,0.3653336106921914,2.0408972545702175,0.0035166753734116
2015-11-30,771.87,775.03,761.12,762.85,1679300,0,-1.1813930593157718,770.082,764.376,759.639,754.5955323709871,779.9056736033713,739.3723263966288,1.1678914886319107,53.992883969163906,1878795.2,1.8275698969938992,-1.168590565768845,3.0780872079668065,-0.0118842696068646
2015-12-01,766.94,785.0,765.95,783.79,2019854,0,2.7449695221865245,771.5,767.713,761.4415,757.3759578594645,783.57844342516,739.30455657484,1.3678609216825337,60.760347298322536,1880016.85,2.4871075135452645,2.197042793438849,4.446843101196674,0.0270797077682076
2015-12-02,785.25,793.05,776.43,777.85,2335128,0,-0.7578560583829774,773.144,770.9,762.8929999999999,759.3258666347537,785.350022439324,740.4359775606758,1.3827750292517476,55.358054090831814,1906008.25,2.1405664387002057,-0.9423750397962404,4.272232499530815,-0.0076074237942883
2015-12-03,780.56,784.48,762.45,768.2,2097414,0,-1.2405990872276118,772.932,771.719,763.5375,760.1710221933486,785.8173685387383,741.2576314612618,1.370584422288069,54.923635136275465,1906294.35,2.889369794740635,-1.5834785282361252,1.077617399771058,-0.012483587621326
2015-12-04,769.71,782.42,765.51,779.21,2489900,0,1.4332205154907518,774.38,773.6460000000001,764.4644999999999,761.9842581749344,787.7615867615918,741.167413238408,1.4305769144849054,67.30939324252614,1917074.35,2.2089848597666872,1.2342310740408724,2.535726504724045,0.0142304700097346
2015-12-07,780.06,781.0,766.72,772.99,1831200,0,-0.7982443757138635,776.408,773.2450000000001,765.034,763.0324240630359,788.5916554994287,741.4763445005713,1.276802179400344,60.35986413292945,1924779.35,1.8624791318864735,-0.9063405379073324,-0.5160875160875156,-0.0080144740284038
2015-12-08,764.5,778.65,762.52,775.14,1554121,0,0.2781407262707036,774.6780000000001,773.0889999999999,766.0525,764.185526533223,789.5028263359243,742.6021736640757,1.2808857944787666,63.67216804201052,1913650.85,2.115354351361275,1.391759319816872,-0.2008497489378258,0.0027775463071294
2015-12-09,771.1,776.09,752.01,762.55,2327400,0,-1.624222721056845,771.6179999999999,772.3810000000001,766.267,764.0297621014874,789.4946324551571,743.039367544843,1.3542654783876868,51.20722433460074,1955525.85,3.2020850786558746,-1.1088056023862105,-0.9199225601912664,-0.0163755780980721
2015-12-10,763.59,766.07,755.0,760.04,1622900,0,-0.3291587436889398,769.986,771.4590000000001,766.0065000000001,763.6497847584886,789.3984367798815,742.6145632201186,1.3563483085083743,50.0464511334076,1931875.85,1.4662251655629204,-0.4649091790096869,-1.1985544549307114,-0.0032970166278616
2015-12-11,749.0,757.44,748.65,750.42,2159100,0,-1.265722856691753,764.228,769.304,765.701,762.3898052576802,789.7640145549528,741.6379854450472,1.3908399176662438,36.73652694610776,1951205.85,1.1741134041274397,0.1895861148197542,-2.791559257484111,-0.0127380136854609
2015-12-14,751.26,764.15,736.26,762.54,2707054,0,1.615095546493972,762.1379999999999,769.2729999999999,766.8245,762.4041095188535,787.7413020852104,745.9076979147895,1.4671851540239051,43.67970005356183,1966093.55,3.78806399913074,1.5014775177701425,-0.0406370846169013,0.0160219163331639
2015-12-15,767.79,774.75,758.0,760.09,2469300,0,-0.3212946206100575,759.1279999999999,766.903,767.308,762.1837181361055,787.0417825221054,747.5742174778945,1.1073479879368229,45.55865921787711,1962803.55,2.2097625329815305,-1.002878391226759,-3.023769121831099,-0.0032181188002449
2015-12-16,766.57,781.5,757.04,776.59,2656000,0,2.1707955636832477,761.936,766.777,768.8385000000001,763.555744980286,786.214700632452,751.4622993675481,1.3366503641683998,52.96689063385415,1998448.55,3.2310049667124643,1.3071213326897717,-0.1619849585395627,0.0214756932511014
2015-12-17,781.16,781.59,769.3,769.83,1825500,0,-0.870472192534022,763.894,766.9399999999999,769.3295,764.1532930774016,786.2030089477173,752.4559910522828,1.303444729253022,49.161310550242995,1999058.55,1.5975562199402156,-1.4504070868964012,0.212184326998166,-0.00874282932126
2015-12-18,767.23,774.14,756.59,756.85,3389700,0,-1.68608653858644,765.1800000000001,764.7040000000001,769.175,763.4577413557444,786.462022817504,751.8879771824959,1.3032536222986095,47.71758977480219,2098348.55,2.319618287315449,-1.35291894216858,-2.869573029093575,-0.0170046280430561
2015-12-21,763.05,766.35,754.15,760.8,1742300,0,0.5218999801809954,764.832,763.4849999999999,768.365,763.2046231313877,785.6263562923313,751.1036437076688,1.312108062348885,39.95631280034948,2046768.55,1.6177153086256109,-0.2948692746215844,-1.5769932340651271,0.0052054280226061
2015-12-22,764.27,770.34,761.2,767.13,1816845,0,0.8320189274447998,766.24,762.684,767.8865000000001,763.578468547446,784.6997607751416,751.0732392248585,1.3435544932934187,45.332636711947046,2050990.8,1.2007356805044649,0.3742133015819034,-1.0333617153030383,0.0082857672994336
2015-12-23,770.69,771.9,757.65,768.51,1529700,0,0.1798912830941246,764.624,763.28,767.8305,764.0481382095941,784.626762084112,751.0342379158881,1.2319987138339188,50.145444308904914,2007780.8,1.8808156800633535,-0.2828634081148145,0.7815880925841068,0.0017972967251199
2015-12-24,768.52,769.2,764.39,765.84,521141,0,-0.3474255377288515,763.826,763.86,767.6595,764.2187917134422,784.4641190078256,750.8548809921743,1.2326938616122696,43.19454341850757,1974807.85,0.6292599327568466,-0.348722219330655,0.7631177306457682,-0.0034803046176363
2015-12-28,770.0,782.82,767.73,782.24,1557755,0,2.1414394651624313,768.904,767.042,768.173,765.935097264543,786.1209611508343,750.2250388491657,1.2881484452307024,54.266211604095574,2016580.6,1.965534758313474,1.5896103896103908,4.2402921030889384,0.0211883281922376
2015-12-29,786.99,798.69,786.2,793.96,1921480,0,1.4982614031499253,775.5360000000001,770.184,769.7284999999999,768.6041356203008,790.8465025719702,748.6104974280297,1.2766190155357309,57.97592812341078,2028689.6,1.5886542864411102,0.8856529307869258,4.12043958349726,0.0148714833140414
2015-12-30,793.96,796.455,787.2,790.3,966071,0,-0.4609804020353825,780.1700000000001,773.205,770.0540000000001,770.6704084183674,792.257363803908,747.8506361960922,1.2862607479325388,62.72352132049519,1976000.45,1.1756859756097553,-0.4609804020353772,3.9745293320527786,-0.0046204619334474
2015-12-31,787.82,788.33,777.32,778.01,1156683,0,-1.5551056560799692,782.0699999999999,773.347,770.062,771.3694171404277,792.2773030233488,747.8466969766512,1.2549145010188183,57.56122191365819,1917078.2,1.4164050841352325,-1.2452082963113476,0.1828506676624597,-0.0156732426447061
2016-01-04,762.2,762.2,747.54,759.44,3136370,0,-2.386858780735457,780.7900000000001,772.308,769.624,770.2332821746727,792.3338007128908,746.9141992871092,1.4514202485810344,53.52950383471595,1969026.0,1.9610990716215968,-0.3621096824980307,-1.3496486237221217,-0.0241580579926803
2016-01-05,764.1,769.2,755.65,761.53,1593922,0,0.2752027809965085,776.6479999999999,772.776,768.74,769.4043981580372,791.2542471851483,746.2257528148517,1.345906149165083,49.57112526539279,1924227.1,1.793158208165165,-0.3363434105483641,0.6183523815815439,0.0027482479147613
2016-01-06,750.37,765.73,748.0,759.33,1669043,0,-0.2888920988010857,769.722,772.629,768.057,768.4449316667956,790.8553823063754,745.2586176936246,1.340056101929273,49.67659574468086,1916119.25,2.3703208556149757,1.1940775883897323,-0.1932176656151307,-0.0028931019745497
2016-01-07,746.49,755.31,735.28,741.0,2398365,0,-2.413970210580385,759.8620000000001,770.016,766.35,765.8311286509103,791.8658361559058,740.8341638440943,1.4970379622391037,35.08757227855523,1958331.45,2.7241323033402205,-0.7354418679419696,-3.4062023385866835,-0.0244358402176679
2016-01-08,747.8,750.12,728.92,730.91,2140062,0,-1.361673414304998,750.442,766.256,764.768,762.5053068746331,794.7996468868266,734.7363531131734,1.517263822714743,34.13500733735523,1948964.55,2.9084124458102463,-2.258625300882587,-4.8925843515373995,-0.0137102921411243
2016-01-11,731.95,735.08,719.56,733.07,2544806,0,0.2955220204950093,745.168,762.979,763.4195,759.7019443151443,796.6018170885733,730.2371829114267,1.5374649082089664,39.368741058655225,1995059.85,2.1568736450052945,0.153015916387732,-4.27896166301055,0.002950862125665
2016-01-12,740.75,748.34,736.43,745.34,1911412,0,1.6737828583900605,741.9300000000001,759.289,763.1655,758.3341400946543,796.8409019082536,729.4900980917463,1.455637810967703,43.5669107856192,1982675.45,1.6172616541966085,0.6196422544718234,-4.717222335855997,0.0165992948300786
2016-01-13,749.34,753.0,716.78,719.57,1803658,0,-3.4574824912120605,733.978,751.85,761.017,754.6423172284968,799.9352966576785,722.0987033423216,1.550644994382397,32.96561604584528,1937505.65,5.053154384887975,-3.9728294232257695,-9.369489646833596,-0.0351866787310551
2016-01-14,724.44,739.89,705.0,731.39,1913161,0,1.6426476923718347,732.0559999999999,745.9590000000001,759.582,752.4278108257829,800.6985888406731,718.4654111593269,1.7561504006808553,37.629965342575304,1909698.7,4.9489361702127646,0.9593617138755358,-7.4541313425281475,0.0162930218330831
2016-01-15,709.99,724.158,701.51,710.49,2669265,0,-2.857572567303346,727.972,739.207,756.277,748.4337336042797,802.0050699697258,710.5489300302743,1.8666842281534937,33.553218042431794,1910361.95,3.2284643126969,0.0704235270919308,-8.678551689566971,-0.0289919603699821
2016-01-19,720.15,725.35,709.85,719.08,2436200,0,1.209024757561683,725.174,735.171,753.7395,745.6381399276817,801.8701832761581,705.608816723842,1.89202947559362,30.319082637417424,1940896.95,2.18355990702261,-0.1485801569117456,-5.314442220583593,0.0120177443354634
2016-01-20,705.9,726.95,687.78,718.56,2823126,0,-0.072314624242098,719.818,730.874,751.825,743.0592694583786,802.4178817543417,701.2321182456584,1.8787756176893724,24.742060833444967,1912568.25,5.69513507226149,1.793455163620905,-5.642587947946898,-0.0007234078387874
2016-01-21,720.17,737.67,711.11,726.67,1650432,0,1.1286461812513915,721.238,727.608,750.1185,741.4983866528187,801.7289213364375,698.5080786635626,1.9537438048591689,29.301932210005845,1907974.85,3.7350058359466103,0.902564672230168,-4.301160233363632,0.0112232449210394
2016-01-22,742.0,748.56,740.5,745.46,2116387,0,2.5857679551928747,724.052,728.0540000000001,749.035,741.8756831620741,800.0481048178424,698.0218951821576,2.025570109562438,39.84145808626179,1922951.95,1.0884537474679197,0.4663072776280372,0.6018893387314428,0.0255290232399077
2016-01-25,743.84,752.46,732.501,733.62,1414539,0,-1.5882810613580878,728.678,728.325,747.2905,741.0894276228289,797.8839905215699,696.69700947843,2.044651398419923,41.588480583789405,1917193.9,2.724774437168012,-1.3739513873951423,0.3707706831210355,-0.0160102941162213
2016-01-26,735.21,739.46,726.97,733.79,1051052,0,0.023172759739376,731.62,728.397,745.688,740.3942440397024,795.8359926029304,695.5400073970695,2.0429191903331168,40.848508841382966,1943689.45,1.718090155027031,-0.19314209545573,0.0982170870448717,0.000231700752701
2016-01-27,735.89,735.89,713.45,717.58,1463458,0,-2.209078891781014,731.424,725.621,742.4549999999999,738.2214588930641,790.9922688061062,693.9177311938937,2.064398448346954,37.392039620704246,1938974.6,3.145279977573753,-2.4881436084197293,-3.724474736361927,-0.0223384444607074
2016-01-28,738.19,751.16,730.6,748.3,2215463,0,4.281055770785125,735.75,728.494,740.172,739.1813199508675,782.393279045155,697.950720954845,2.218737412624013,52.0510227017307,1953673.75,2.814125376402949,1.3695661008683266,3.9926622844198567,0.0419195274101655
2016-01-29,748.96,765.105,744.2,759.93,3076447,0,1.5541894961913716,738.644,731.348,738.6535,741.1573847174516,775.0691364766336,702.2378635233664,2.2134661125599804,58.08356545961003,2059192.55,2.809056705186774,1.4646977141636286,3.9021589029109016,0.0154223566889558
2016-02-01,771.26,777.59,761.38,770.77,2847761,0,1.4264471727659211,746.074,737.376,738.2915,743.97763379198,773.1713927297726,703.4116072702275,1.904807732066274,60.017004995217334,2143746.45,2.129028868633276,-0.0635324015247788,8.484285493110377,0.0141636914055445
2016-02-02,800.5,810.35,780.6,780.91,5012170,0,1.3155675493337735,755.4979999999999,743.559,739.365,747.4950020022676,778.0945951029756,700.6354048970244,1.9074354588594853,59.55925826390754,2237536.45,3.811170894183961,-2.4472204871955068,8.598486955554318,0.0130698911427936
2016-02-03,786.28,791.43,736.26,749.38,6470102,0,-4.037597162285023,761.858,746.641,738.7574999999999,747.6745256210993,776.3887976544288,701.1262023455711,2.4532722819267647,57.77071059903028,2481345.45,7.493276831554064,-4.692984687388714,4.289133823201974,-0.0412137083372315
2016-02-04,744.59,745.24,722.6,730.03,4559117,0,-2.5821345645733795,758.204,746.977,737.2925,745.994094609566,773.8166410432293,700.7683589567707,2.6142402566721827,49.65887428514097,2625849.15,3.1331303625795717,-1.955438563504755,0.4623832000770767,-0.0261605687979403
2016-02-05,725.5,726.72,700.14,703.76,4899942,0,-3.598482254153934,746.97,742.807,735.4304999999999,741.9717998848454,774.8417014400184,696.0192985599815,2.6853082826367296,48.356211225636265,2750928.0,3.796383580426778,-2.996554100620263,-5.593861508330433,-0.0366482402440156
2016-02-08,687.68,704.52,682.01,704.16,3770157,0,0.0568375582584934,733.6479999999999,739.861,734.0930000000001,738.3706760862887,775.893363685127,692.2926363148731,2.6643654096331297,46.20394870751066,2832432.75,3.3005381152769004,2.396463471382041,-4.015702952482214,0.0005682141183621
2016-02-09,692.95,720.96,688.5,701.02,3812464,0,-0.4459213815041996,717.6700000000001,736.584,732.4905,734.8134688399755,776.8359171250916,688.1450828749084,2.6606639145398865,45.59606307120619,2895815.65,4.714596949891073,1.1645861894797511,-4.465855353711545,-0.0044691857647122
2016-02-10,711.79,723.22,705.39,706.85,2307315,0,0.8316453168240701,709.164,735.511,730.566,732.1502813314064,775.8933536097303,685.2386463902698,2.6071950267077906,44.96596566087576,2915610.8,2.527679723273656,-0.6940249230812376,-1.4953036595222846,0.0082820620149726
2016-02-11,696.34,712.315,691.19,706.36,2908667,0,-0.0693216382542272,704.43,731.3169999999999,729.9055000000001,729.6940640617487,776.280393150661,683.5306068493392,2.106057133657177,39.0512992831541,2970861.25,3.0563231528233916,1.4389522359766755,-5.604703995723637,-0.000693456768118
2016-02-12,712.21,716.0,701.58,706.89,2057685,0,0.0750325613001923,705.056,726.013,728.6805,727.5222484368203,776.1712035667143,681.1897964332858,1.9902295770897664,42.008968609865455,2978087.45,2.055360757148146,-0.7469706968450386,-6.9795902254155,0.0007500442594682
2016-02-16,718.65,722.879,710.18,717.64,1591885,0,1.5207458020342737,707.752,720.7,729.0379999999999,726.5810819190278,776.0574475330596,682.0185524669402,2.0016297730109884,45.45914637575213,2924218.45,1.788138218479832,-0.140541292701592,-6.893106893106893,0.015092983746792
2016-02-17,727.0,733.76,716.61,731.97,1773421,0,1.9968229195697071,713.942,715.8059999999999,729.6825,727.0943122124538,776.4800761292967,682.8849238707033,2.087358323394943,54.089229894856494,2891079.5,2.393212486568702,0.6836313617606641,-6.2670474190367536,0.0197714789637196
2016-02-18,733.96,736.0,715.55,717.51,1646844,0,-1.9754907988032369,716.074,712.6189999999999,729.63,726.1815205731725,776.4824380087823,682.7775619912177,1.7940438271384267,40.359446427453214,2832265.4,2.857941443644755,-2.2412665540356485,-4.252849021858074,-0.0199526446960201
2016-02-19,715.9,724.03,713.12,722.11,1624659,0,0.6411060473024754,719.224,711.827,729.4019999999999,725.7937567090609,776.3593515795641,682.4446484204358,1.6456426219124487,37.61299620070748,2830976.75,1.5298967915638275,0.8674395865344372,-1.0848869224552415,0.0063905970398012
2016-02-22,729.51,734.845,723.45,729.05,1335630,0,0.961072412790287,723.656,714.356,728.5815,726.1038751177217,774.9269222005339,682.2360777994661,1.1130902921321917,35.97741328314062,2791938.9,1.5750915750915726,-0.0630560239064627,3.59355462089348,0.0095648349036097
2016-02-23,726.1,730.9,715.67,717.29,1488277,0,-1.6130580892942836,723.586,715.669,727.765,725.2644584398435,774.3116247292173,681.2183752707826,1.2767332607171182,28.8469211331294,2795625.8,2.1280757891206865,-1.2133314970389837,1.8646330379459288,-0.0162620948953544
2016-02-24,710.61,721.22,702.02,720.9,1228498,0,0.5032831908990731,721.3720000000001,717.6569999999999,727.1205,724.8487957312869,773.6728232389721,680.5681767610279,1.2591789695028452,38.371713212477545,2804498.1,2.7349648158172197,1.4480516739139562,2.8358677355852846,0.005020209543593
2016-02-25,722.93,729.51,713.23,729.12,1291634,0,1.1402413649604703,723.694,719.884,727.6975,725.255577090212,774.0375078935829,681.3574921064171,1.277651092430401,49.59130512889609,2795906.9,2.2825736438456,0.8562378100231081,3.150597722289028,0.0113378961050395
2016-02-26,733.6,736.16,721.939,724.86,1527060,0,-0.5842659644502923,724.2439999999999,721.734,726.5255,725.2179030816204,771.8459944809562,681.2050055190438,1.305080863943037,61.8114643976713,2761486.75,1.9698340164473735,-1.191384950926937,2.619061101987663,-0.0058597947560448
2016-02-29,721.0,730.6,716.84,717.23,1517399,0,-1.0526170570868798,721.88,722.768,724.3905,724.4571504071804,767.0288333706885,681.7521666293114,1.3705426987426794,56.76851372345936,2683534.35,1.9195357401930684,-0.5228848821081805,1.4627452644683014,-0.010581962567064
2016-03-01,721.3,742.33,718.64,742.17,2072629,0,3.4772667066352403,726.856,725.221,722.9605,726.1440884636394,760.6846653529584,685.2363346470416,1.6898271113767644,67.38487536966622,2644777.75,3.296504508516094,2.8933869402467773,3.4181483752299124,0.034181757245241
2016-03-02,742.87,743.121,733.25,739.48,1260100,0,-0.3624506514679826,730.572,725.972,720.8889999999999,727.4141752766261,748.375694120658,693.4023058793418,1.5963821286552538,64.16109712698551,2457174.25,1.3461984316399564,-0.4563382556840344,1.025998333265021,-0.0036310909534596
2016-03-03,739.48,741.0,729.63,731.59,1381727,0,-1.0669659760913053,731.066,727.38,719.9995,727.8118728693283,744.6044301648972,695.3945698351029,1.4863446174502748,60.28872033276244,2202755.5,1.5583240820689943,-1.0669659760913055,1.9623419882649704,-0.0107269887323564
2016-03-04,734.8,735.0,725.62,730.22,2318174,0,-0.1872633578917204,732.138,728.191,720.0089999999999,728.0412183103447,744.6303778741049,695.387622125895,1.4823774837643937,59.44916970433377,2090708.35,1.2926876326451855,-0.6232988568317811,1.1230975890099917,-0.0018743891492132
2016-03-07,725.15,727.21,705.14,712.8,2533911,0,-2.3855824272137283,731.2520000000001,726.566,720.461,726.5896737093594,744.1402682141215,696.7817317858785,1.6410606327649022,48.14017829695664,1972406.8,3.1298749184559167,-1.703095911190791,-2.228928057060553,-0.0241449824460757
2016-03-08,708.39,722.25,704.0,713.53,2159235,0,0.1024130190796945,725.524,726.1899999999999,720.9295,725.345895260849,743.6000842099286,698.2589157900713,1.566427043700471,42.08719533127358,1891860.7,2.5923295454545454,0.7255890117025914,-0.5241952348422507,0.0010236061272487
2016-03-09,715.165,726.24,712.66,725.41,1349753,0,1.6649615292980036,722.7099999999999,726.6410000000001,722.149,725.3520004741015,742.8485101899457,701.4494898100543,1.6520604771734542,53.46673687905915,1768725.15,1.9055370022170517,1.4325365475100158,0.6256068802885206,0.0165125299675911
2016-03-10,727.79,736.54,723.29,732.17,2230811,0,0.9318867950538268,722.826,726.9459999999999,723.415,726.0013337622823,743.2540210921088,703.5759789078911,1.6383844141923902,54.3324720068906,1764899.95,1.8319069806025248,0.6018219541351207,0.4183124862848331,0.0092757151833949
2016-03-11,739.95,744.9,736.7,744.87,1195783,0,1.7345698403376408,725.756,728.947,725.3405,727.7983495944459,745.6788490247127,705.0021509752873,1.7009532246735632,56.491055309371426,1679255.75,1.1130718067055696,0.6649097912021027,2.760533068454607,0.0171969790741192
2016-03-14,744.97,754.26,743.663,750.24,1641189,0,0.7209311691973141,733.2439999999999,732.2479999999999,727.508,729.93564963307,748.7852827706841,706.2307172293159,1.6371805161019668,64.26777517970038,1658430.95,1.424973408654186,0.7074110366860386,4.602428788533652,0.0071834488323227
2016-03-15,746.02,753.01,742.84,750.57,1491578,0,0.043985924504164,740.652,733.088,729.1545,731.900825858492,752.236469700646,706.072530299354,1.248737472243096,63.22310366342814,1653415.6,1.3690700554628128,0.6099032197528308,1.1318161607179134,0.0004397625353219
2016-03-16,749.05,759.0,746.5,757.36,1465285,0,0.9046458025234072,747.042,734.876,730.424,734.3255091100642,756.7262227597525,704.1217772402474,1.2586304321607018,62.7482845792705,1638008.8,1.6744809109176158,1.1094052466457591,2.417915291826689,0.0090057839440375
2016-03-17,757.65,765.34,757.36,758.48,2228244,0,0.1478821168268806,752.304,737.5649999999999,732.4725,736.6259368138676,760.8404714689214,704.1045285310786,1.173534384477354,65.6197732763427,1667078.8,1.0536600823914677,0.1095492641721165,3.675555980808931,0.0014777287890679
2016-03-18,761.63,762.14,751.82,755.41,2811518,0,-0.4047568821854308,754.412,740.0840000000001,734.1375,738.4148952125469,763.8229618856907,704.4520381143094,1.1869046459844397,68.52319037453907,1726421.75,1.3726689899177908,-0.8166695114425675,3.4496453123715964,-0.0040557823993768
2016-03-21,753.91,763.34,751.27,762.16,1438658,0,0.8935544935862572,756.796,745.02,735.7929999999999,740.6763337637328,767.8796944714413,703.7063055285585,0.7024614488240822,61.77683515965593,1731573.15,1.6066128023214092,1.0942950750089533,6.924803591470252,0.0088958591881969
2016-03-22,758.44,765.0,757.875,760.05,1104784,0,-0.2768447570064003,758.6919999999999,749.672,737.931,742.5214448338535,770.5209919413186,705.3410080586815,0.7456603942011151,62.20192193617267,1712398.5,0.9401286491835724,0.2122778334475897,6.519697840315053,-0.0027722868084954
2016-03-23,763.35,765.39,756.03,757.56,1233854,0,-0.3276100256562109,758.732,752.887,739.764,743.9536881830103,772.4444492657137,707.0835507342863,0.7053098865364358,66.45962732919244,1712666.3,1.2380461092813797,-0.7584987227353216,4.43197639955335,-0.0032814784224939
2016-03-24,751.2,757.555,750.5,754.84,1555844,0,-0.3590474681873234,758.004,755.1540000000001,741.05,744.9904797846284,773.9900444188247,708.1099555811752,0.7225596919586863,65.34147557328014,1725876.8,0.9400399733510926,0.4845580404685817,3.096275455153874,-0.0035969359066394
2016-03-28,756.17,758.3,752.04,753.28,740384,0,-0.2066663133909241,757.5779999999999,755.995,742.4709999999999,745.7799579003781,774.918667923636,710.0233320763638,0.5323666654484233,81.4383348866107,1686543.0,0.8324025317802233,-0.3821891902614474,1.1290560768993263,-0.0020688016290377
2016-03-29,753.68,767.18,748.29,765.89,1711797,0,1.6740123194562528,758.324,757.56,744.904,747.695200005104,776.6728847442444,713.1351152557556,0.7091398052869782,84.32992394440069,1696262.9,2.524422349623807,1.6200509500053122,2.085999146939632,0.0166015516636577
2016-03-30,768.21,777.31,767.58,768.34,1486317,0,0.3198892791393071,759.982,759.337,746.2125,749.6613714331893,779.6207327546342,712.8042672453657,0.7073749994044097,82.1188089181505,1666947.3,1.2676203131920978,0.0169224560992431,2.367534007487637,0.0031937872190691
2016-03-31,768.34,769.084,758.25,762.9,1050236,0,-0.7080198870291876,761.05,759.891,747.3835,750.9221932014569,781.433753434383,713.3332465656171,0.721808172282699,73.45443443749039,1656454.1,1.4288163534454266,-0.7080198870291868,0.7314883278757733,-0.0071053824184003
2016-04-01,757.16,770.04,755.2,769.67,1416162,0,0.8874033294009598,764.016,761.01,749.2875,752.7076986108419,783.8737551798653,714.7012448201348,0.7665730106566336,70.81235313863704,1658175.85,1.965042372881345,1.6522267420360282,1.4753190591709764,0.0088348904599921
2016-04-04,769.51,772.44,761.785,765.12,1050593,0,-0.5911624462431875,766.384,761.981,751.0325,753.8898225526665,785.0856812409635,716.9793187590366,0.7836168312645455,62.66167460857723,1594796.8,1.3986886063653243,-0.5704929110732787,1.2853946863292889,-0.0059291672862159
2016-04-05,758.13,762.87,755.6,758.57,853957,0,-0.8560748640736082,764.92,761.6220000000001,753.321,754.3355537381268,782.3347396852705,724.3072603147295,0.7896295547223509,56.155740227762394,1510799.1,0.9621492853361542,0.0580375397359363,-0.4710297050487977,-0.0085976023302333
2016-04-06,757.84,768.42,756.3,768.07,1159698,0,1.252356407450872,764.8660000000001,762.424,756.048,755.6435962392576,778.9161111916135,733.1798888083865,0.8822554086015347,57.911065149948314,1460822.25,1.602538675128918,1.3498891586614612,1.0551937372541342,0.0124457928877499
2016-04-07,765.32,769.36,757.5,760.12,812367,0,-1.0350619084198098,764.3100000000001,762.68,757.7835,756.0699204069473,775.5638549487509,740.0031450512491,0.947093559110238,51.10037573805689,1433952.95,1.5656765676567677,-0.6794543458945337,0.3379270288822011,-0.0104045592743195
2016-04-08,765.87,767.13,755.77,759.47,873959,0,-0.0855128137662419,762.2700000000001,763.1429999999999,759.1485,756.3937375110476,772.2167278828579,746.0802721171422,0.9382686318813288,52.81553398058257,1366110.35,1.5031027958241283,-0.8356509590400429,0.6133750198717536,-0.0008554939682979
2016-04-11,765.45,767.22,757.34,757.54,1137504,0,-0.2541245868829644,760.7540000000001,763.569,759.7819999999999,756.5029053671383,771.0386566971858,748.525343302814,0.9399146508102156,46.56658739595719,1363196.4,1.3045659809332657,-1.0333790580704267,0.5655267629566696,-0.0025444803149564
2016-04-12,758.43,764.92,751.565,764.32,963086,0,0.8950022441059247,761.904,763.412,760.486,757.247390570268,770.9641967109847,750.0078032890153,0.8153418156858842,52.967338429464974,1329291.25,1.7769587460831602,0.7766043009902167,-0.2049902727545682,0.0089102083717492
2016-04-13,770.31,775.75,764.591,771.91,1328029,0,0.993039564580278,762.6719999999999,763.769,761.5530000000001,758.6438295635758,772.1253155855472,750.980684414453,0.8721064625509275,59.31213497728748,1321113.8,1.4594731039209188,0.2077085848554507,0.4646380508628978,0.0098814132762309
2016-04-14,775.36,779.61,773.22,775.39,968191,0,0.4508297599461031,765.726,765.0179999999999,762.4545,760.2387029384734,774.494373185133,750.4146268148671,0.8364876096734866,63.20524354196112,1296259.1,0.8264142158764629,0.003869170449852,1.6371739415388609,0.004498165666272
2016-04-15,775.5,780.93,774.93,780.0,1097079,0,0.5945395220469774,769.832,766.051,763.5305000000001,762.1207312300473,777.7279459896797,749.3330540103204,0.8132142348724251,66.52238436804353,1239700.85,0.774263481862878,0.5802707930367506,1.3421336416906016,0.0059277910994827
2016-04-18,780.19,788.55,777.61,787.68,1149432,0,0.9846153846153838,775.8599999999999,768.307,765.144,764.5549473033761,782.4501210953439,747.8378789046561,0.8092331400083314,64.34874226261027,1156596.55,1.4068749115880634,0.9600225586075052,2.9485570890840584,0.009797996326253
2016-04-19,790.5,790.95,770.27,776.25,1520761,0,-1.451096892138937,778.246,770.075,765.8485000000001,765.6687618459117,783.7790458571436,747.9179541428565,0.9177850000771371,54.6578730420445,1160701.7,2.684772871850139,-1.8026565464895636,2.330701187761175,-0.0146172827622019
2016-04-20,779.16,779.66,771.27,774.92,1193218,0,-0.171336553945256,778.848,770.76,766.592,766.549832146301,784.7420176597963,748.4419823402037,0.8502827991699545,57.438118811881175,1165123.4,1.087816199255771,-0.5441757790441,0.8918457953051018,-0.0017148350289434
2016-04-21,777.31,781.68,771.55,781.14,1706634,0,0.8026635007484684,779.9979999999999,772.8619999999999,767.771,767.9393719418914,786.5047375369558,749.0372624630442,0.7748512160101022,57.14641744548289,1188762.4,1.3129414814334777,0.4927249102674661,2.7653528390254145,0.0079945929186156
2016-04-22,743.91,753.92,730.37,737.77,6483860,0,-5.5521417415572145,771.5519999999999,770.692,766.9175,765.066098423616,789.326644632408,744.508355367592,2.0069374507992985,38.51515915007978,1435163.2,3.2243931158180037,-0.8253686601873864,-2.8572557178032087,-0.0571222682273443
2016-04-25,735.35,744.88,735.1,742.21,2181262,0,0.6018135733358632,762.458,769.159,766.3639999999999,762.8893271451764,790.6589346247182,742.0690653752816,2.025890652575124,43.006155950752394,1507207.1,1.3304312338457314,0.9328891004283691,-2.023655516540368,0.0060000990830037
2016-04-26,744.42,745.59,720.32,725.37,1953360,0,-2.268899637568889,752.2819999999999,765.2639999999999,764.338,759.3160578932548,794.7798275957063,733.8961724042937,2.084652672220946,32.82381335478681,1519285.25,3.508163038649487,-2.5590392520351357,-5.096033075151773,-0.0229503524923909
2016-04-27,725.32,727.15,709.08,721.46,2874020,0,-0.5390352509753615,741.5899999999999,760.2189999999999,761.9939999999999,755.7107190462781,797.8723567070494,726.1156432929504,2.0178296270451286,33.92649259936806,1588670.4,2.5483725390646943,-0.5321789003474348,-6.535736031402617,-0.0054049328790004
2016-04-28,723.29,729.26,703.2,705.0,2130468,0,-2.2814847670002525,726.362,753.1800000000001,759.0989999999999,750.8811267561564,803.0950356587102,715.1029643412896,2.036386590621619,29.98456676710518,1642682.0,3.7059158134243377,-2.5287229188845366,-9.078012355072929,-0.0230791338093602
2016-04-29,704.12,712.11,703.78,707.88,2300607,0,0.4085106382978765,720.384,745.9680000000001,756.0095,746.7857813508082,805.2459492605607,706.7730507394393,2.021728991430696,31.878557874762834,1686904.25,1.1836085140242747,0.5339998863830016,-9.246153846153849,0.0040767849907156
2016-05-02,711.92,715.41,706.36,714.41,1137134,0,0.922472735491886,714.824,738.641,753.474,743.7023736031122,805.8572530088364,701.0907469911637,2.015218268360174,31.754039628573494,1691231.3,1.281216376918279,0.3497583998202058,-9.30200081251269,0.0091824394216956
2016-05-03,712.5,713.37,707.33,708.44,1772660,0,-0.8356545961002659,711.438,731.86,750.9675,740.3440523075777,806.9946847080869,694.9403152919131,2.0076950335882113,26.51868294487609,1737166.45,0.8539154284421646,-0.5698245614035011,-8.735587761674712,-0.0083916576362482
2016-05-04,706.77,715.05,704.05,711.37,1049889,0,0.4135847778216961,709.4200000000001,725.505,748.1324999999999,737.5846187544751,806.2162648754241,690.0487351245757,2.0392735233824753,26.218424962852893,1731676.0,1.5623890348696827,0.6508482250237025,-8.200846538997563,0.0041273186684405
2016-05-05,715.0,717.55,709.45,714.71,999371,0,0.4695165666249723,711.3620000000001,718.862,745.8620000000001,735.4060836350012,805.5020566909823,686.2219433090179,2.012127288878298,25.515637890947275,1741026.2,1.1417295087743895,-0.0405594405594354,-8.504237396625436,0.0046841777558826
2016-05-06,712.2,725.99,711.95,725.18,1331718,0,1.464929831679962,714.822,717.603,744.1474999999999,734.4321709078582,804.1110415108598,684.1839584891401,1.290526827523701,27.042315603878905,1763914.15,1.9720485989184584,1.8225217635495512,-1.7064938937609295,0.0145430338886375
2016-05-09,726.7,734.29,723.5,729.13,1742825,0,0.544692352243592,717.766,716.295,742.7270000000001,733.927202249967,802.7007395514719,682.7532604485283,1.2868797345971277,31.68532338308458,1794180.2,1.491361437456802,0.3343883308105064,-1.7623044690855738,0.005432142683613
2016-05-10,734.96,740.0,731.61,739.38,1154428,0,1.405784976615965,723.954,717.696,741.48,734.4465163213987,800.5943039061959,682.3656960938041,1.1369026089454546,37.082000581564415,1803747.3,1.1467858558521598,0.6013932731032926,1.931428098763388,0.0139599545930815
2016-05-11,740.52,740.8,727.903,730.55,1007524,0,-1.194243825908203,727.79,718.605,739.412,734.0754195288845,796.9159164249604,681.9080835750397,1.2011218943083066,31.954055789398566,1787722.05,1.7718020120812712,-1.3463512126613768,1.2599451113020743,-0.0120143220599934
2016-05-12,732.0,735.37,724.27,728.07,881204,0,-0.3394702621312584,730.4619999999999,720.912,737.046,733.5034748118479,792.1613666221413,681.9306333778588,0.8822453859381075,45.11482675261888,1783372.7,1.5325776298894092,-0.5368852459016326,3.2723404255319277,-0.0034004776977382
2016-05-13,726.62,731.29,723.51,724.83,817350,0,-0.4450121554246178,730.392,722.607,734.2875,732.677429591672,785.7525425557142,682.8224574442859,0.91408940368772,41.139885807504065,1769386.25,1.075313402717305,-0.2463460956208146,2.3944736395999477,-0.0044600528196812
2016-05-16,724.32,732.68,720.0,730.3,716115,0,0.754659713312078,730.626,724.196,731.4185,732.4510077257985,776.3315346921856,686.5054653078143,0.9016371487976692,52.84280936454848,1747720.4,1.7611111111111042,0.8256019438921892,2.224212986940266,0.0075182640253901
2016-05-17,731.06,735.85,718.0,720.13,896305,0,-1.392578392441457,726.7760000000001,725.365,728.6125,731.2775784185795,768.4587898622667,688.7662101377332,0.9874688343706056,49.28471549962351,1716497.6,2.486072423398332,-1.4950893223538355,1.6501044548585586,-0.0140236573586
2016-05-18,718.5,725.57,715.02,721.78,1080783,0,0.2291252968213974,725.0219999999999,726.406,725.9554999999999,730.3730471406196,759.3677823146218,692.5432176853781,0.9840925278068824,60.734390992835245,1710875.85,1.475483203267051,0.4565066109951249,1.463373490588582,0.0022886320508248
2016-05-19,718.3,720.5,710.305,715.31,987401,0,-0.8963950234143425,722.47,726.466,722.664,728.9384712224654,743.9595447774113,701.3684552225886,1.0285650218450109,54.54434250764525,1674914.2,1.4352989208861051,-0.4162606153417804,0.0839501336206138,-0.0090043681534826
2016-05-20,716.46,727.7,715.01,721.71,1192640,0,0.8947169758566353,721.8459999999999,726.119,721.861,728.2500453917544,741.9342803811801,701.7877196188199,0.952102618570335,54.47194315118849,1410353.2,1.774800352442631,0.7327694497948245,-0.4785018891861226,0.0089073809903504
2016-05-23,719.98,723.5,716.94,717.25,862019,0,-0.6179767496639954,719.2360000000001,724.931,720.613,727.2024220211111,738.3240029434098,702.9019970565903,0.9431921454588374,55.49868930220943,1344391.05,0.9149998605183064,-0.3791771993666516,-1.6293390753363557,-0.0061989412936825
2016-05-24,719.85,734.2,719.645,733.03,1284374,0,2.200069710700592,721.816,724.296,720.996,727.7574294476719,739.4556132706937,702.5363867293063,1.1086468807112306,61.650172117039574,1310941.75,2.022524994962803,1.830937000764041,-0.8588276664232231,0.0217621738820686
2016-05-25,735.0,739.89,732.6,738.1,1097215,0,0.6916497278419698,725.08,725.051,721.828,728.7424361669413,741.812648423975,701.8433515760249,1.0573975101643582,62.35082902101595,1222101.5,0.99508599508599,0.4217687074829963,1.0334679351173826,0.0068926880324638
2016-05-26,736.0,741.1,733.0,736.93,885271,0,-0.1585151063541623,729.4040000000001,725.937,723.4245,729.522204151042,742.8423262916591,704.0066737083408,1.050416609053313,56.880196744349455,1159841.65,1.105047748976811,0.1263586956521671,1.2169159558833575,-0.0015864087447409
2016-05-27,737.51,747.91,737.01,747.64,1052280,0,1.4533266388937929,734.59,728.2180000000001,725.4125,731.2477085176095,746.2209647502277,704.6040352497723,1.1058352688274913,60.04340748779163,1097425.3,1.4789487252547424,1.37354069775325,3.146944800849849,0.0144286706667112
2016-05-31,748.76,753.48,745.57,748.85,1409086,0,0.1618425980418392,740.91,730.073,727.1344999999999,732.924117230218,749.732444457019,704.5365555429808,1.0955372305924924,55.69726868006258,1111022.9,1.0609332457046243,0.0120198728564602,2.5400520334109444,0.0016171177404275
2016-06-01,748.47,751.37,744.34,748.46,657176,0,-0.0520798557788637,743.996,732.906,729.1355000000001,734.4037251130544,751.8505833032151,706.4204166967851,0.942680194097343,61.992768179992005,1055248.7,0.94446086465862,-0.0013360588934748,3.934011914515434,-0.0005209342204615
2016-06-02,746.1,747.3,737.0,744.27,1216028,0,-0.5598161558399983,745.23,735.155,730.7805000000001,735.3433703403825,752.8340276805369,708.7269723194632,0.9895425575372688,60.60487038491744,1063555.65,1.3975576662143765,-0.2452754322476934,3.1159078943722385,-0.0056138899924935
2016-06-03,741.49,741.49,733.91,735.86,785846,0,-1.129966275679517,745.0160000000001,737.2099999999999,731.838,735.392573165108,752.6396958822413,711.0363041177586,1.023403607295054,56.76272225628445,1052879.4,1.032824188251971,-0.7592819862708864,2.8728802896646366,-0.0113639889815001
2016-06-06,738.5,738.5,728.29,730.06,1019217,0,-0.788193406354476,741.5,738.045,732.0820000000001,734.8847090541453,752.6682331105651,711.4957668894351,1.050616586886744,49.853444064484606,1037254.35,1.4019140726908288,-1.1428571428571503,1.1569744080031974,-0.00791316069825
2016-06-07,733.27,736.71,730.8,731.09,816020,0,0.1410842944415735,737.948,739.429,732.18,734.5233081918458,752.7256841414545,711.6343158585454,1.0182950142420135,57.533681605718975,990914.1,0.8087027914614233,-0.2972984030438924,1.9295921924015411,0.0014098486406033
2016-06-08,739.5,743.81,735.765,742.93,1097087,0,1.6194996512057136,736.842,740.419,732.3575,735.3239455069081,753.2239261938544,711.4910738061456,0.9011475955110712,62.75171831665252,988047.05,1.0934197739767395,0.4638269100743677,1.3505586401648009,0.0160652564417526
2016-06-09,737.07,743.93,736.5,742.52,619331,0,-0.0551868951314316,736.492,740.861,732.9559999999999,736.0092840300597,754.2856535861126,711.6263464138872,0.880873626747003,67.69871211135677,968637.4,1.0088255261371284,0.7394141669040839,0.5988348462268034,-0.0005520212870328
2016-06-10,735.95,739.64,730.51,733.19,1242152,0,-1.256531810590955,735.958,740.487,733.212,735.7407807891017,754.4172779924044,712.0067220075956,0.9749880068171342,57.19298245614035,986684.8,1.2498117753350393,-0.37502547727427,-0.5075108897724223,-0.0126449293119083
2016-06-13,729.82,739.0,729.82,731.88,746805,0,-0.1786712857513195,736.3219999999999,738.911,733.5645,735.3730873806159,754.4145122175502,712.7144877824497,0.8203474044326997,59.54337899543376,983157.55,1.2578443999890314,0.2822613795182299,-2.10796640094163,-0.0017883109327488
2016-06-14,729.31,736.0,726.5,733.25,877264,0,0.1871891566923578,736.7539999999999,737.351,733.712,735.170888582462,754.5064381227388,712.9175618772612,0.8216613791390113,50.17673521850901,991215.0,1.307639366827254,0.5402366620504387,-2.0831942311544394,0.0018701417611951
2016-06-15,734.92,736.96,731.31,732.19,731766,0,-0.144561882032046,734.606,735.7239999999999,734.3149999999999,734.8869944317513,754.1273549969361,714.5026450030638,0.8202398253299119,44.92529623905207,982988.05,0.7725861809629421,-0.3714690034289317,-2.173796862891797,-0.001446664735325
2016-06-16,727.96,730.39,715.54,724.25,1526198,0,-1.0844179789399,730.952,733.722,734.4385,733.8739473430131,753.9503730655113,714.9266269344887,0.8604274807007096,40.246153846153895,1005258.8,2.0753556754339413,-0.5096433869992907,-2.6898840474558927,-0.0109034064727755
2016-06-17,721.39,721.39,701.12,704.26,3032604,0,-2.7600966517086656,725.1659999999999,730.5620000000001,733.886,731.0535714055833,756.1150700138921,711.6569299861078,1.1480256264749853,20.79967689822297,1107518.95,2.891088544043813,-2.374582403415628,-4.29429511048297,-0.0279890304907724
2016-06-20,710.31,715.87,705.41,706.13,1252499,0,0.2655269360747558,720.016,728.169,733.107,728.6798979383849,758.058019892632,708.1559801073679,1.159994210938481,21.497197758206568,1110511.9,1.4828255907911765,-0.5884754543790669,-3.277812782511025,0.0026517503609436
2016-06-21,710.05,715.38,704.66,708.88,1189348,0,0.3894467024485593,715.142,725.948,732.6885,726.7941933728245,759.0029101206603,706.3740898793396,1.1736984889046036,24.398447606727032,1126878.35,1.5213010529900983,-0.1647771283712357,-3.037929666662109,0.003886903219416
2016-06-22,714.05,714.21,705.88,710.82,1017797,0,0.2736711432118399,710.868,722.7370000000001,731.578,725.2728416230317,759.6477601661963,703.5082398338036,0.9920134002401256,27.714856762158632,1113549.5,1.1800872669575624,-0.4523492752608227,-4.322076104074391,0.0027329734556759
2016-06-23,710.55,714.87,700.25,714.87,1383055,0,0.5697644973410965,708.992,719.972,730.4165,724.2820948017905,759.2617074099777,701.5712925900224,1.0373447134488472,35.153487056160714,1127841.5,2.0878257765083905,0.6079797340088735,-3.723805419382642,0.0056814747865373
2016-06-24,690.17,705.0,684.91,685.28,3080403,0,-4.1392141228475126,705.196,715.181,727.8340000000001,720.5676095825723,762.8188396639761,692.849160336024,1.5724187350573686,26.30186282811179,1237598.1,2.9332321034880544,-0.7085210890070543,-6.534459007897009,-0.0422731941141992
2016-06-27,682.49,683.325,672.66,681.14,2272956,0,-0.6041326173243045,700.198,710.1070000000001,724.5089999999999,716.8125991461369,763.9275363289164,685.0904636710834,1.5636151251598045,24.40823854903161,1298631.9,1.585496387476597,-0.1978050960453666,-6.932830518664268,-0.0060596488168584
2016-06-28,691.37,692.74,684.85,691.26,1296280,0,1.4857444871832604,696.674,705.908,721.6295,714.3790182750763,761.9644948490392,681.2945051509608,1.694367827987974,23.052049650568502,1292991.6,1.1520770971745615,-0.0159104386941888,-5.726559836345036,0.0147481542278148
2016-06-29,694.26,699.5,692.683,695.19,1959098,0,0.5685270375835438,693.548,702.208,718.966,712.551492725069,758.8740993757884,679.0579006242116,1.7291366425748735,26.18975752087742,1358087.7,0.9841442622382832,0.1339555786016857,-5.053333151231243,0.0056691702198819
2016-06-30,697.65,703.77,694.902,703.53,1466713,0,1.1996720321063137,691.28,700.136,716.929,711.692302941729,755.5366299521825,678.3213700478175,1.7935355152243362,34.928861788617866,1370621.95,1.2761511695174197,0.8428294990324655,-2.860890576458408,0.0119253300705591
2016-07-01,705.1,712.53,703.73,710.25,1073539,0,0.9551831478401772,696.274,700.735,715.6485,711.5549407568025,753.2993638469212,677.9976361530788,1.595446713947965,39.58192852326366,1385006.6,1.2504795873417298,0.7303928520777162,0.8505381535228507,0.0095065011658388
2016-07-05,705.01,708.12,699.13,704.89,1249075,0,-0.754663850756776,701.024,700.6110000000001,714.39,710.9201844942498,751.693642830418,677.086357169582,1.6159179503287018,36.846011131725426,1396499.5,1.2858838842561482,-0.0170210351626224,-0.1756050585586255,-0.0075752584645152
2016-07-06,699.84,713.0,699.0,708.97,913725,0,0.5788137156152118,704.566,700.6200000000001,713.2839999999999,710.7344526376546,749.8063509936532,676.7616490063466,1.62215936213683,39.523551705468336,1401384.75,2.0028612303290414,1.304583904892546,0.0126960839634371,0.005771450250054
2016-07-07,710.11,710.17,700.67,707.26,641397,0,-0.2411949729889895,706.9799999999999,700.2639999999999,711.5005,710.4035523864494,745.310264690388,677.690735309612,1.6211488534859948,41.87780858590688,1378600.25,1.3558451196711718,-0.4013462702961544,-0.5008300272924315,-0.0024148631662905
2016-07-08,710.56,717.9,708.11,717.78,1046404,0,1.487430365070841,709.83,700.555,710.2635,711.1060712067875,740.9618464495271,679.5651535504729,1.6841330415502322,57.1068124474348,1399953.9,1.3825535580630075,1.016099977482553,0.4070670191782977,0.0147647660573223
2016-07-11,719.42,728.929,718.865,727.04,1023465,0,1.2900888851737236,713.188,704.731,709.9559999999999,712.6235882347125,739.7986775996078,680.113322400392,0.8516675724973202,60.19900497512435,1389019.55,1.3999846981004729,1.0591865669567158,6.093859444314731,0.0128183812418092
2016-07-12,731.92,735.6,727.5,732.51,838323,0,0.7523657570422504,718.7120000000001,709.8679999999999,709.9875,714.517532212359,739.9287828013066,680.0462171986933,0.7398707487984947,61.22778675282713,1393595.45,1.1134020618556733,0.0806099027216132,7.541768212114985,0.0074954960224922
2016-07-13,735.52,735.52,729.02,729.48,669129,0,-0.4136462300855958,722.814,713.69,709.799,715.9425291445153,739.1655939103106,680.4324060896894,0.7681891851072128,58.77539503386002,1383188.7,0.8916079119914405,-0.8211877311289922,5.529033938026218,-0.004145041126538
2016-07-14,733.94,736.14,730.59,735.78,621134,0,0.8636288863299812,728.5179999999999,717.749,709.9784999999999,717.831812083133,739.9588305869634,679.9981694130365,0.7749489254816946,59.629731970157486,1377657.1,0.7596600008212477,0.2507016922364114,5.838691580718924,0.0085992094533581
2016-07-15,741.0,741.0,734.64,735.63,1194328,0,-0.020386528581906,732.088,720.9590000000001,710.5475,719.526877599025,742.0610545607121,679.0339454392879,0.7610257116680753,81.81473524579806,1361063.6,0.865730153544595,-0.7246963562753043,4.562705215129426,-0.0002038860691711
2016-07-18,737.91,755.137,736.51,753.2,1791369,0,2.3884289656485036,737.3199999999999,725.254,712.9945,722.7338416372131,749.635551165662,676.353448834338,0.9723968754548172,88.92610198789976,1299001.85,2.529089896946403,2.0720684094266346,6.0471664906722955,0.023603521850179
2016-07-19,749.87,756.59,748.489,753.41,1067412,0,0.0278810408921748,741.5,730.106,715.3585,725.6553805289071,756.01550653022,674.7014934697801,0.8788748933863149,87.59830611010284,1289747.5,1.082313834939458,0.4720818275167647,6.883343500404315,0.0002787715485226
2016-07-20,754.05,760.64,754.05,757.08,925522,0,0.4871185675794143,747.02,734.917,717.7684999999999,728.648201430916,762.3348631830863,673.2021368169135,0.8804244877792419,87.55916980216045,1276556.2,0.8739473509714253,0.4018301173662339,6.7859006728070215,0.0048593598391983
2016-07-21,757.0,758.15,751.52,754.41,633910,0,-0.3526707877635204,750.746,739.632,719.948,731.101706056543,767.2623505992624,672.6336494007376,0.8937385089258179,83.1595411887382,1257361.85,0.8822120502448365,-0.3421400264200834,6.6665724061872655,-0.0035329413719867
2016-07-22,757.32,759.45,752.655,759.28,709559,0,0.6455375724075729,755.476,743.7819999999999,722.1685,733.785353098777,772.5484973987005,671.7885026012995,0.8444914752103388,82.7434219313476,1223687.05,0.9028040735795382,0.2588073733692392,5.781715846080981,0.0064346290235049
2016-07-25,757.68,759.825,754.07,757.52,835240,0,-0.2317985459909355,756.3399999999999,746.83,725.7805000000001,736.0457956607983,775.3772335405577,676.1837664594425,0.8367660439003544,86.92296899116033,1111428.9,0.7631917461243645,-0.0211170942878217,4.192341549295775,-0.002320676146992
2016-07-26,757.52,759.26,752.75,757.65,805819,0,0.0171612630689654,757.188,749.344,729.606,738.1033389311984,776.4302462608109,682.7817537391891,0.8360943218652918,86.15567439096844,1038072.05,0.8648289604782452,0.0171612630689612,3.4320350575418823,0.0001715979069266
2016-07-27,758.97,764.45,755.93,761.97,1040055,0,0.5701841219560633,758.1659999999999,752.593,733.1415,740.3763542710843,778.4275853614744,687.8554146385255,0.7942486920786533,89.11768911768911,1025260.8,1.127088487029235,0.3952725404166172,4.453857542358941,0.0056856472507131
2016-07-28,768.84,768.97,759.09,765.84,1838822,0,0.5078940115752495,760.452,755.5989999999999,736.674,742.8014633881239,780.4935935026235,692.8544064973764,0.7809981205111378,87.9740834386852,1019247.0,1.301558444980173,-0.3901982206961136,4.085460327815382,0.0050660858052134
2016-07-29,797.71,803.94,790.0,791.34,4289471,0,3.329677217173299,766.864,761.17,741.0645,747.4241811606836,788.3599024581939,693.769097541806,1.190109651517726,90.43008048289738,1160384.9,1.7645569620253234,-0.7985358087525547,7.573100607642424,0.0327544404277506
2016-08-01,786.67,807.49,785.04,801.23,2501792,0,1.2497788561174783,775.606,765.9730000000001,745.6134999999999,752.5485448596661,797.6894519305408,693.537548069459,1.0623737563315632,90.93400047653084,1231797.55,2.859726892897183,1.850839615086384,6.3767923526287795,0.0124203358590605
2016-08-02,797.33,802.32,794.53,800.12,1405224,0,-0.138536999363481,784.1,770.644,750.375,757.079159634936,804.1594921887186,696.5905078112814,1.0740078414198233,93.06266764203846,1239605.0,0.9804538532214112,0.349917850827131,6.1998115236060025,-0.0013863305058568
2016-08-03,796.47,799.54,793.02,798.82,898737,0,-0.1624756286557005,791.47,774.818,754.8675000000001,761.0544777649421,809.0981147271312,700.6368852728689,1.1014547570203288,90.92443521163334,1238855.6,0.8221734634687626,0.2950519165819205,5.513287895598884,-0.0016260776344918
2016-08-04,798.24,800.2,793.92,797.25,754030,0,-0.1965398963471143,797.7520000000001,779.1020000000001,759.367,764.5016703587572,811.8715365859331,706.8624634140668,1.0883693353150756,89.27842937276891,1244487.25,0.7910116888351579,-0.1240228502705964,5.678609774525789,-0.0019673328943932
2016-08-05,800.11,807.22,797.81,806.93,1164903,0,1.2141737221699422,800.8700000000001,783.867,763.8245,768.5424636579232,816.5997423914092,711.0492576085907,1.1080643349735806,88.07937632884469,1250412.2,1.179478823278736,0.8523827973653543,6.275682225266044,0.012068617601453
2016-08-08,806.0,807.6,801.69,805.23,875466,0,-0.2106750275736368,801.6700000000001,788.638,767.734,772.036514738121,820.620087475057,714.8479125249431,1.1062873735599474,85.96612992781787,1243012.25,0.737192680462519,-0.0955334987593029,6.298183546309022,-0.0021089725958961
2016-08-09,804.49,813.33,804.06,807.48,1005271,0,0.2794232703699606,803.142,793.621,771.4825000000001,775.4120847630619,824.4838822560408,718.4811177439593,1.093493941380412,85.68394222599828,1251359.65,1.152899037385282,0.371664035600195,6.576915462284694,0.0027903360925029
2016-08-10,807.05,810.879,806.49,808.49,826567,0,0.1250804973497832,805.076,798.273,775.4330000000001,778.562362404675,827.0115798461502,723.85442015385,1.1058348493350587,89.21113689095135,1259231.55,0.5442100955994507,0.1784276067158236,6.105227239917577,0.0012500233686459
2016-08-11,810.47,813.879,806.0,808.2,859039,0,-0.03586933666464,807.266,802.509,779.054,781.3849945566108,829.0555685648528,729.0524314351471,1.1240737231141225,87.9931655793726,1271126.8,0.9775434243176204,-0.2800843954742287,5.531181447822009,-0.0003587577124994
2016-08-12,805.09,807.19,803.64,807.05,747085,0,-0.1422915120019907,807.29,804.08,782.625,783.8292807893145,829.6833881442527,735.5666118557473,0.5663885974143661,88.83487533322878,1248764.65,0.441740082624069,0.2434510427405535,1.9852402254403767,-0.0014239284250847
2016-08-15,807.21,811.36,804.03,805.96,631110,0,-0.1350597856390467,807.436,804.553,785.263,785.9369683331893,831.2798097889913,739.2461902110088,0.4346964964116414,87.31654565116648,1190751.7,0.911657525216726,-0.1548543749458009,0.5903423486389725,-0.0013515107357231
2016-08-16,803.5,804.26,797.0,801.19,687572,0,-0.5918407861432273,806.178,804.6600000000001,787.652,787.3896380157427,831.6215026365272,743.6824973634729,0.4790417797315866,80.08591592513051,1171759.7,0.9109159347553312,-0.2874922215307959,0.1337299405089309,-0.0059359910478768
2016-08-17,800.0,805.63,796.3,805.42,725687,0,0.5279646525792714,805.5640000000001,805.3199999999999,790.0690000000001,789.1068153475767,832.2402633012027,747.8977366987974,0.5000147122233747,80.19530057979867,1161767.95,1.171668968981545,0.6774999999999949,0.8262186725419784,0.005265758054772
2016-08-18,805.36,808.0,801.63,802.75,749900,0,-0.331504059993537,804.4739999999999,805.87,792.4860000000001,790.406166266855,831.4728509007359,753.4991490992643,0.5101306789845056,63.357527511121575,1167567.45,0.7946309394608491,-0.3240786728916278,0.6898714330511035,-0.0033205475208373
2016-08-19,799.79,801.23,796.88,799.65,843552,0,-0.3861725319215248,802.994,805.142,794.5045,791.2865313842974,830.3024025995187,758.7065974004813,0.3307831326203798,47.80066815144759,1174267.1,0.5458789278184949,-0.0175045949561742,-0.9021848239624264,-0.0038692010327436
2016-08-22,798.51,799.3,794.33,796.95,593051,0,-0.3376477208778761,801.192,804.3140000000001,796.476,791.8259093476977,827.7556139429399,765.1963860570601,0.3382780027247558,45.77446014396162,1162157.65,0.6256845391713662,-0.1953638651989261,-1.0282776349614386,-0.0033821903718177
2016-08-23,800.48,801.0,795.99,796.59,789996,0,-0.0451722190852654,800.272,803.225,798.423,792.2796322669645,823.8217410379747,773.0242589620253,0.3120868008992207,46.951052775498994,1161366.5,0.6294048920212554,-0.4859584249450313,-1.3486402139991085,-0.000451824248057
2016-08-24,796.86,798.46,790.76,793.6,891143,0,-0.3753499290726769,797.908,801.7360000000001,800.0045,792.4053815748726,818.9705277726254,781.0384722273747,0.3057622909747351,45.19610423795734,1153920.9,0.9737467752541916,-0.4091057400296151,-1.8417049066778768,-0.0037605613463419
2016-08-25,792.0,794.72,787.23,791.3,901452,0,-0.2898185483871107,795.618,800.046,801.2775,792.3001071391704,812.37295354963,790.1820464503701,0.3025013634931584,24.4691277360338,1107052.4,0.9514373181916352,-0.0883838383838441,-2.0910665676812767,-0.0029023933555155
2016-08-26,792.49,799.4,789.407,793.22,1114144,0,0.2426386958170212,794.3320000000001,798.663,801.3715,792.387715983059,812.139492091496,790.603507908504,0.3349252850456015,30.52221861822896,948286.05,1.2658869252489446,0.092114726999712,-1.7136484728331514,0.0024234480343524
2016-08-29,793.05,798.52,790.32,795.82,663083,0,0.3277779178538109,794.106,797.649,801.101,792.7146001751487,812.152045008857,790.049954991143,0.3706971917711628,31.30211674150098,856350.6,1.0375544083409165,0.3492844082970929,-1.2581269541912743,0.0032724189702254
2016-08-30,792.88,798.0,789.47,791.92,955422,0,-0.4900605664597601,793.1719999999999,796.722,800.691,792.6389239679917,812.4791562327081,788.902843767292,0.357650727738418,25.68241855004399,833860.5,1.0804717088679714,-0.1210775905559525,-1.1570289194822836,-0.0049126530081735
2016-08-31,789.6,791.57,787.2,789.85,746236,0,-0.2613900393979129,792.422,795.1650000000001,800.2425000000001,792.3733121615163,812.9751069186825,787.5098930813176,0.2780458296796342,24.40725244072523,826235.45,0.5551321138211387,0.0316616008105369,-1.9331528891758265,-0.0026173225964456
2016-09-01,791.98,792.89,786.33,791.4,926921,0,0.1962397923656267,792.442,794.03,799.95,792.2806157651814,813.2291106232941,786.670889376706,0.2985187121726641,28.413793103448228,834880.0,0.8342553380895991,-0.0732341725801208,-1.4138897539707318,0.0019604749362176
2016-09-02,795.27,797.1,793.26,796.87,937767,0,0.691180187010354,793.172,793.752,799.447,792.7176999780213,812.370222834083,786.523777165917,0.383013746440318,38.81368446960371,823523.2,0.4840783601845588,0.2011895331145425,-0.3476520977927833,0.0068880248659782
2016-09-06,798.39,810.89,795.43,808.02,1761223,0,1.3992244657221375,795.612,794.859,799.5865000000001,794.1750618848764,812.8288567229275,786.3441432770727,0.5755297409491295,57.26441182727071,867811.05,1.9436028311730809,1.2061774320820646,1.389045736871819,0.0138952568727032
2016-09-07,807.93,810.6,803.72,807.99,814013,0,-0.0037127793866442,798.826,795.999,799.612,795.4907702767929,812.9201575298919,786.3038424701081,0.5741991805817664,53.00163513197856,858248.15,0.8560195092818388,0.0074263859492851,1.4311000640228944,-3.7128483120041776e-05
2016-09-08,805.22,808.42,801.01,802.84,740019,0,-0.6373841260411628,801.424,796.923,799.3295,796.1906969170983,812.0719982677487,786.5870017322515,0.6056347900154619,50.09935968204905,853920.75,0.9250820838691112,-0.2955713966369434,1.1643145161290391,-0.006394240915593
2016-09-09,798.77,801.75,788.05,788.48,1537285,0,-1.788650291465299,800.84,796.641,798.3435000000001,795.4563448297556,811.2467468781432,785.4402531218569,0.8527016500038521,40.12378426171534,887833.05,1.7384683712962434,-1.2882306546314914,-0.3563755844812277,-0.0180483998262467
2016-09-12,784.52,800.17,783.5,799.0,1122909,0,1.3342126623376638,801.266,797.219,797.941,795.7938357983503,810.1861552610301,785.69584473897,0.9554964562254248,51.59235668789805,906624.25,2.127632418634328,1.845714577066234,0.7286755250750065,0.0132539043012291
2016-09-13,794.01,795.79,784.33,788.72,1196161,0,-1.286608260325406,797.406,796.509,797.079,795.1201371508884,809.3744401474434,784.7835598525566,1.0409316067055223,44.70319020056535,934876.8,1.4611196817665937,-0.6662384604727855,-0.8921615440677599,-0.0129495674994887
2016-09-14,787.53,796.33,787.53,790.505,812157,0,0.2263160563951594,793.909,796.3675000000001,796.54475,794.6806002793752,809.0153763189859,784.0741236810142,1.0345656322592265,47.88260244920296,941106.05,1.1174177491651198,0.3777633867916172,-0.1786796646125799,0.0022606034734266
2016-09-15,790.01,803.645,788.66,801.29,1260656,0,1.3643177462508094,793.5989999999999,797.5115,796.33825,795.3100669194347,808.3171609753853,784.3593390246148,1.1157525859891804,56.123574843692545,967854.5,1.9000583267821385,1.4278300274680034,1.4483762739760708,0.0135509472454854
2016-09-16,799.02,799.02,793.62,797.97,1539604,0,-0.414331889827646,795.4970000000001,798.1685,796.09925,795.5633938794886,807.7250616976789,784.473438302321,1.1295325017652706,52.862480414607695,1007339.7,0.6804264005443382,-0.1314109784485938,0.8301743745261714,-0.0041519262275233
2016-09-19,801.11,803.99,793.56,795.39,808885,0,-0.3233204255799093,794.775,798.0205,795.88625,795.5468801766801,807.3936429896986,784.3788570103014,1.1148470770931307,49.74080771549122,1005606.35,1.3143303593931228,-0.714009312079493,-0.1857266555397974,-0.0032384423542878
2016-09-20,800.0,802.75,798.26,799.78,655585,0,0.5519304995033947,796.9869999999999,797.1965,796.02775,795.9500344455678,807.65914783193,784.3963521680699,1.0240955126671942,54.70997123681689,1008733.05,0.5624733796006325,-0.0275000000000034,-1.0197767381995515,0.0055041294446066
2016-09-21,801.26,805.91,796.03,804.56,1213343,0,0.5976643576983687,799.798,796.8534999999999,796.42625,796.7700311650375,808.6688146069852,784.1836853930148,1.047616600688922,58.53743470690653,1029900.4,1.2411592527919797,0.41185133414871,-0.4245102043342164,0.0059588542877314
2016-09-22,810.0,819.06,807.71,815.95,1630082,0,1.4156806204633776,802.73,798.1645000000001,797.54375,798.5966948636053,812.4832408934745,782.6042591065255,1.1159560361920138,62.78779039483285,1066847.35,1.4052073145064328,0.7345679012345735,1.632953016790406,0.0140575344407188
2016-09-23,815.14,817.0,812.73,814.96,1131451,0,-0.1213309639071069,806.1279999999999,800.8125,798.72675,800.1551048765953,815.2478460114445,782.2056539885556,0.8935812807375276,59.884165664954686,1078347.3,0.5253897358286247,-0.0220820963270051,3.358360389610393,-0.0012140462951327
2016-09-26,809.82,810.08,800.45,802.52,896005,0,-1.52645528614902,807.554,801.1645000000001,799.1917500000001,800.3803329835862,815.5832520585411,782.800247941459,0.990594991463108,47.03663793103448,1067440.35,1.2030732712849015,-0.9014348867649684,0.4405506883604415,-0.0153822554698108
2016-09-27,801.83,813.49,801.83,810.73,933905,0,1.0230274634900116,809.7439999999999,803.3655000000001,799.9372500000001,801.366015556578,817.0245396667731,782.849960333227,0.9107859481285348,51.35670429788077,1080981.45,1.4541735779404572,1.109960964294174,2.790597423673802,0.0101782995543489
2016-09-28,804.08,810.25,802.78,810.06,1335562,0,-0.0826415699431426,810.8439999999999,805.321,800.84425,802.1940140749991,818.0649490734191,783.6235509265808,0.9179965561095288,53.74093264248699,1099988.45,0.930516455317774,0.7437070938214984,2.47373514399023,-0.0008267573691393
2016-09-29,807.23,813.91,800.855,802.64,954474,0,-0.9159815322321796,808.182,805.456,801.48375,802.2364889249992,817.9173243861029,785.0501756138971,0.8928880154736457,57.905314872711,1110400.35,1.6301327955747231,-0.5686111764924534,0.1684783286949764,-0.0092020243798524
2016-09-30,803.6,808.09,801.5,804.06,1160211,0,0.1769161766171478,806.002,806.0649999999999,802.11675,802.4101566464278,817.8763753878934,786.3571246121066,0.8803888416799117,53.144419587372575,1122064.85,0.8222083593262671,0.0572424091587758,0.7631865859618614,0.0017675986428345
2016-10-03,802.55,803.54,796.23,800.38,1057999,0,-0.4576772877645907,805.574,806.5640000000001,802.29225,802.216808394387,817.8831341364499,786.70136586355,0.8882106687549438,57.89331167072838,1128076.45,0.9180764352008772,-0.2703881378107232,0.6273651919184386,-0.0045872783690534
2016-10-04,805.0,806.5,799.67,802.79,1046065,0,0.3011069741872596,803.986,806.865,802.03075,802.2713980711121,817.3908652253216,786.6706347746784,0.8764306484639999,58.246626837618294,1092318.55,0.8541023172058525,-0.2745341614906877,0.3763534972117233,0.0030065455508719
2016-10-05,806.0,808.5,800.71,801.23,829577,0,-0.1943223009753469,802.22,806.5319999999999,801.6927499999999,802.1722173024348,816.796085802621,786.5894141973789,0.8560894399536535,49.95403003371135,1093096.75,0.9728865631751774,-0.5918114143920573,-0.4138908223128124,-0.0019451135171015
2016-10-06,804.08,806.945,800.51,803.08,797349,0,0.2308949989391351,802.308,805.245,801.70475,802.258672797441,816.8123045671135,786.5971954328865,0.7003451605861742,54.0053299890265,1095963.25,0.8038625376322668,-0.1243657347527609,-1.577302530792324,0.0023062884604687
2016-10-07,805.93,805.94,796.82,800.71,1078276,0,-0.2951138118244767,801.638,803.8199999999999,802.31625,802.1111801500657,816.1021951215014,788.5303048784986,0.7015265984710856,54.18370556778864,1073012.8,1.1445495845987803,-0.6476989316689928,-1.7485520761755136,-0.0029555013127153
2016-10-10,803.93,817.38,802.24,814.38,1227178,0,1.707234829089188,804.438,805.006,803.08525,803.2796391833928,817.7783036666461,788.3921963333538,0.7523038194938373,60.019214932747744,1078226.25,1.887215795771837,1.29986441605613,1.4778447889149282,0.0169282534652665
2016-10-11,814.17,819.86,807.37,809.57,1198268,0,-0.590633365259452,805.7940000000001,804.8900000000001,804.12775,803.8787211659268,817.4213030377223,790.8341969622777,0.716279289302378,53.436685416380925,1078331.6,1.5469982783606042,-0.5649925691194603,-0.1430809270657307,-0.0059238450272618
2016-10-12,811.96,814.5,808.555,811.77,727608,0,0.2717492001926835,807.902,805.0609999999999,805.191,804.6302715310766,817.2402653629915,793.1417346370085,0.7211475153967102,46.718995290423805,1074104.15,0.7352622888981022,-0.0234001674959424,0.2110954744093174,0.002713806296277
2016-10-13,806.07,806.56,798.62,804.08,1161132,0,-0.9473126624536476,808.1020000000001,805.2049999999999,805.3305,804.5778647185931,817.2535435446129,793.4074564553872,0.7257357941519283,42.27272727272725,1069127.95,0.9942150209110644,-0.2468768221122246,0.1794079537526194,-0.0095182820904595
2016-10-14,807.45,810.09,802.32,804.6,788823,0,0.0646701820714357,808.88,805.259,805.662,804.5799728406319,817.0814102529259,794.2425897470741,0.7239098030103194,51.77838577291386,1031588.9,0.9684415195931776,-0.3529630317666756,0.0671591672263272,0.0006464927992034
2016-10-17,805.99,813.49,803.83,806.84,713684,0,0.2783992045737093,807.3720000000001,805.905,806.2345,804.7952135224764,816.5834892208394,795.8855107791607,0.7084355341690013,46.295943629784794,1026828.85,1.2017466379707111,0.1054603655132225,0.8071166196056856,0.0027801239174442
2016-10-18,814.21,828.81,813.33,821.49,1545025,0,1.815725546576763,809.756,807.775,807.3199999999999,806.3851931870024,819.2517003684521,795.3882996315477,0.897112412884127,58.59527748533625,1071300.85,1.9032864888790408,0.8941182250279378,2.3293763001532186,0.0179943811155665
2016-10-19,824.52,829.81,823.205,827.09,1203233,0,0.6816881520164575,812.8199999999999,810.3610000000001,808.4465,808.357079550145,823.2012762471538,793.6917237528462,0.8933889944722608,68.90366475954863,1070795.35,0.8023517835775906,0.3116965022073509,3.2275376608464468,0.0067937516396074
2016-10-20,827.56,828.465,820.55,821.63,896565,0,-0.6601458124267046,816.33,812.216,808.7305,809.621167212036,824.2900987973712,793.1709012026288,0.9463220737317576,62.785620724785424,1034119.5,0.9645969167022216,-0.7165643578713266,2.309857050356112,-0.0066233441217892
2016-10-21,820.0,824.29,818.31,824.06,1385347,0,0.2957535630393249,820.2220000000001,814.551,809.1854999999999,810.996294144223,825.994186319513,792.3768136804869,0.9279782317259716,67.55114141713612,1046814.3,0.7307744008994169,0.4951219512195055,2.9161619063081456,0.0029531707260131
2016-10-24,830.09,837.94,829.04,835.74,1405846,0,1.4173725214183586,826.0020000000001,816.6870000000001,810.8465,813.3528375590589,831.0952730881962,790.5977269118038,0.8822507588491239,71.47139319692437,1072306.35,1.0735308308405012,0.6806490862436575,2.622854195829949,0.0140742171354652
2016-10-25,838.5,838.5,825.301,828.55,1847174,0,-0.8603154090985332,827.414,818.585,811.7375,814.800186362958,833.4779961691889,789.997003830811,0.9147570974123848,66.58572122389508,1117969.8,1.5992952874163433,-1.1866428145497967,2.344454463480594,-0.0086403748521923
2016-10-26,827.12,827.71,816.35,822.1,1740045,0,-0.7784684086657334,826.4159999999999,819.618,812.3395,815.495406709343,834.5461983493102,790.1328016506899,0.9688532744424856,60.93606255749771,1138193.95,1.391559992650213,-0.6069252345487935,1.2725279327888472,-0.007815142917715
2016-10-27,823.01,826.58,814.61,817.35,2232349,0,-0.577788590195838,825.5600000000001,820.945,813.075,815.6720346417866,834.9001834259706,791.2498165740295,0.9294115743385652,59.31273785538394,1202087.7,1.4694148119959278,-0.6877194687792333,1.6503333001691267,-0.0057946424608706
2016-10-28,829.94,839.0,817.0,819.56,4281532,0,0.270386003548051,824.6600000000001,822.441,813.85,816.0423170568545,835.4266979571748,792.2733020428252,0.9291546175208346,53.32562917308678,1358153.75,2.692778457772338,-1.2506928211678083,1.8593089734029176,0.0027002111817813
2016-10-31,822.43,822.63,808.0,809.9,2242679,0,-1.1786812435941152,819.492,822.747,814.326,815.4573344800112,835.0548818597676,793.5971181402324,1.0229614767620463,50.19944397437443,1417387.75,1.8106435643564351,-1.5235339177802334,0.3792573496604001,-0.0118568276240541
2016-11-01,810.87,813.96,798.26,805.48,2355890,0,-0.5457463884430136,814.8779999999999,821.1460000000001,814.4604999999999,814.5071121485817,834.9072045085868,794.013795491413,0.8207280122052963,46.297822248381415,1482879.0,1.9667777415879597,-0.6647181422422813,-1.9488977346041936,-0.0054724102447395
2016-11-02,806.76,806.76,785.0,788.42,2350736,0,-2.117991756468196,808.142,817.279,813.8199999999999,812.0226252772882,836.6727478480999,790.9672521519,0.9554355730383703,41.698473282442706,1558936.95,2.771974522292993,-2.2732906936387565,-4.675428308890217,-0.0214074302198105
2016-11-03,784.5,790.0,778.63,782.19,2175216,0,-0.7901879708784532,801.1099999999999,813.335,812.7755,809.1814228699274,839.3083717472535,786.2426282527464,0.9591351112407004,38.79836049185245,1627830.3,1.460257118271837,-0.2944550669215991,-4.800214208341947,-0.0079332650048058
2016-11-04,771.3,788.48,771.004,781.1,1970603,0,-0.1393523312750111,793.4179999999999,809.039,811.7950000000001,806.50700164422,841.4686689941987,782.1213310058015,0.929101268573026,36.984223300970854,1672446.65,2.266654907108134,1.2705821340593892,-5.213212630148279,-0.0013944951693364
2016-11-07,794.95,805.0,792.9,802.03,1942158,0,2.6795544744590893,791.844,805.6679999999999,811.1775,806.0806205352467,841.1372919147857,781.2177080852143,1.2525053844463394,40.747432483834125,1708195.65,1.5260436372808706,0.8906220517013557,-4.033551104410471,0.0264428310344482
2016-11-08,802.03,816.04,799.62,811.98,1626451,0,1.2406019724948036,793.144,804.011,811.298,806.6424661985566,841.2499542284569,781.3460457715431,1.3405406196250025,43.101086658752614,1729604.8,2.053475400815382,1.2406019724948,-1.999879307223451,0.0123296956657693
2016-11-09,801.83,811.71,792.035,805.59,3058501,0,-0.7869651961870949,796.5780000000001,802.36,810.9889999999999,806.5422313225035,841.0477732354359,780.9302267645639,1.340955029144932,42.73813835566824,1846149.45,2.4841073942439498,0.4689273287355164,-2.0082714998175377,-0.0079007810974022
2016-11-10,810.0,810.06,768.429,780.29,5797287,0,-3.1405553693566235,796.198,798.654,809.7995,804.0420188155985,842.7529373097045,776.8460626902954,1.6349786963485589,33.58337709099092,2077957.2,5.417676844575097,-3.667901234567906,-4.5341652902673335,-0.0319092827622215
2016-11-11,776.81,777.29,765.54,771.75,3561454,0,-1.0944648784426247,794.3280000000001,793.873,808.1569999999999,800.9665884522082,845.2200655135468,771.093934486453,1.6250147170497689,25.42060382576628,2216588.75,1.534864278809729,-0.6513819338062005,-5.833618038947719,-0.0110049820745766
2016-11-14,771.76,771.78,743.59,753.22,3688274,0,-2.401036605118234,784.566,788.2049999999999,805.4759999999999,796.4192943139026,849.9554942227775,760.9965057772223,1.7177619838620668,23.38350646597412,2365318.25,3.791067658252523,-2.4023012335441023,-6.998394863563395,-0.0243033135795275
2016-11-15,765.47,780.238,765.22,775.16,2943889,0,2.9128275935317527,777.202,785.173,803.1595,794.3945996173404,848.934254924733,757.384745075267,2.0670810338701195,35.050955414012705,2435261.45,1.9625728548652712,1.2658889309835708,-3.764215126384274,0.0287121098553074
2016-11-16,770.42,783.5,766.33,779.98,1783011,0,0.6218071107900291,772.08,784.329,800.804,793.0217806061652,846.240970062047,755.3670299379529,1.9888233063377108,38.10403005029603,2464250.35,2.240549110696431,1.240881597050967,-1.070495421222184,0.0061988186712109
2016-11-17,782.5,788.9,779.85,786.16,1492586,0,0.79232800841047,773.2539999999999,784.726,799.0305000000001,792.3682776912923,843.8089724945557,754.2520275054444,1.989859339237388,39.62990561351217,2494051.4,1.16047957940629,0.4677316293929672,0.5075493166621703,0.0078920557249117
2016-11-18,787.17,791.29,775.35,775.97,1757772,0,-1.296173806858647,774.098,784.213,796.626,790.8065369587882,840.907298131478,752.344701868522,2.0363668921627425,39.499907160982865,2512672.65,2.055845747081955,-1.422818450906403,-0.6567660990910218,-0.0130464744120761
2016-11-21,778.1,786.55,776.3,785.41,1467404,0,1.2165418766189262,780.536,782.551,794.1094999999999,790.2925810579512,834.5887258480997,753.6302741519002,1.863953433328048,43.97622906537005,2515750.55,1.3203658379492464,0.9394679347127548,-2.0722416867199445,0.0120920147864315
2016-11-22,788.99,793.77,783.74,785.0,1378598,0,-0.0522020346061302,782.504,779.853,791.932,789.7885257190987,829.1658315881559,754.6981684118441,1.7970673935922994,48.859543817527026,2492321.75,1.279761145277767,-0.5057098315568016,-3.3227419394566415,-0.0005221566461184
2016-11-23,789.52,789.52,772.65,779.0,1287328,0,-0.7643312101910826,782.308,777.194,789.7769999999999,788.7610470791846,824.5679529074562,754.9860470925437,1.7964319488456069,48.93460690668624,2469685.9,2.183394810069243,-1.3324551626304568,-3.3006864534068203,-0.0076726719116601
2016-11-25,782.61,782.9,778.19,780.15,539476,0,0.147625160462117,781.106,777.18,787.9169999999999,787.9409473573575,820.402352877524,755.4316471224759,1.4992552231211558,49.682847032115895,2385042.25,0.6052506457291822,-0.3143328094453222,-0.0179420471875801,0.0014751630164427
2016-11-28,778.35,799.74,778.1,785.79,2370636,0,0.7229378965583511,783.0699999999999,778.5840000000001,786.2284999999999,787.7360952280853,815.0980441598635,757.3589558401363,1.4603746214538929,43.96192742415228,2289497.45,2.781133530394549,0.9558681826941532,1.8192419825072912,0.0072033722717444
2016-11-29,788.38,796.44,785.34,789.44,1507400,0,0.4645006935695361,783.876,782.206,785.2055,787.8983718730295,811.9122249366227,758.4987750633774,1.141870306641921,41.20767670463411,2252733.5,1.413400565360229,0.1344529287906922,4.808688032712882,0.0046342521820562
2016-11-30,789.1,791.51,773.145,775.88,2156344,0,-1.7176732873936065,782.052,782.278,783.7255,786.7537650279791,808.940512633421,758.510487366579,0.9701178762987628,39.024750646472086,2242756.2,2.375362965549801,-1.675326321125336,0.0928840497445682,-0.017325964290901
2016-12-01,778.55,778.6,753.36,764.33,2815292,0,-1.4886322627210349,779.118,780.713,782.521,784.6181683586477,809.058622865787,755.9833771342129,1.0494061139282285,43.43750000000002,2265984.0,3.3503238823404495,-1.8264722882281057,-2.006461704146256,-0.0149982359688027
2016-12-02,761.9,770.5,759.0,764.46,1669414,0,0.0170083602632376,775.98,778.543,781.6345,782.6983428006813,809.375931280163,753.8930687198371,0.9954010234549516,46.779750861383526,2240693.9,1.5151515151515151,0.3360021000131328,-2.7602523659305933,0.0001700691400563
2016-12-05,770.0,780.0,766.969,778.22,1649907,0,1.7999633728383424,774.466,778.768,781.4905,782.2718339625212,809.2734811404563,753.7075188595437,1.1166281645910932,61.5292381479432,2224659.1,1.699025645104293,1.067532467532471,0.28995966338905,0.0178395583329651
2016-12-06,780.19,785.28,773.32,776.18,1676466,0,-0.262136670864288,771.8140000000001,777.845,780.1980000000001,781.6916592994239,806.3127908080019,754.0832091919983,1.0378431605726468,50.5761409850881,2211374.5,1.5465783892825635,-0.5139773644881509,-1.1751823888160318,-0.0026248085064787
2016-12-07,779.95,792.0,773.53,791.47,1979203,0,1.9699038882733388,774.932,778.492,779.1724999999999,782.6229298423359,801.3457193849484,756.9992806150514,1.2302283348774368,55.803616526921914,2229012.1,2.3877548382092524,1.4770177575485584,0.8242038216560443,0.0195075238385484
2016-12-08,792.95,799.0,787.905,795.14,1459398,0,0.4636941387544668,781.094,780.106,778.65,783.8150317621134,798.5812608204564,758.7187391795436,1.1964195459858349,54.65381426202323,2149056.95,1.4081646899055122,0.2761838703575182,2.071887034659814,0.0046262238929876
2016-12-09,799.3,809.95,798.05,809.45,1831378,0,1.7996830746786818,790.092,783.036,780.108,786.2564573085789,804.3454096235856,755.8705903764143,1.2964639726330072,66.64015904572562,1950761.5,1.4911346406866852,1.269861128487438,3.7556880087162847,0.0178368049081478
2016-12-12,804.82,811.35,804.531,807.323,1408307,0,-0.2627710173574771,795.9125999999999,785.1893,781.88665,788.2627947077618,808.6327279792479,755.1405720207522,1.304679321937681,61.74493766548391,1843104.15,0.8475745496444604,0.3110012176635681,2.740299571132243,-0.0026311686638882
2016-12-13,812.39,824.3,811.94,815.34,2051605,0,0.9930350058155124,803.7446,787.7792999999999,784.99265,790.8415761641654,812.1465209018846,757.8387790981154,1.3236261919351628,65.03558189783334,1761270.7,1.5222799714264477,0.3631260847622503,3.2808066477503006,0.0098813681368343
2016-12-14,815.92,824.26,812.78,817.89,1665379,0,0.312752961954521,809.0286,791.9802999999999,787.12915,793.417616529483,817.5527984698889,756.7055015301111,1.1134551749155508,69.95505110627636,1697345.2,1.4124363296340976,0.2414452397293885,5.414497087178427,0.0031226490721745
2016-12-15,817.36,823.0,812.0,815.65,1691066,0,-0.2738754600251858,813.1306,797.1123,788.91265,795.5349863838179,821.6646798400027,756.1606201599973,0.917211494655282,68.0140865082103,1692747.95,1.354679802955665,-0.2092101399628115,6.7143772977640515,-0.0027425118503239
2016-12-16,818.31,819.2,808.12,809.84,2224413,0,-0.7123153313308372,813.2086,801.6503,790.09665,796.8973686329781,824.1172109797556,756.0760890202444,0.9989926897411392,62.182890257740304,1729339.3,1.3710835024501362,-1.0350600628123712,5.936216414200879,-0.0071486440918153
2016-12-19,809.28,816.22,804.5,812.51,1107106,0,0.3296947545194051,814.246,805.0793,791.92365,798.3842859060278,826.666860294787,757.1804397052128,0.9035894309187288,61.8036510990135,1696806.0,1.4568054692355534,0.3991202056148697,4.40620904114517,0.0032915245299648
2016-12-20,813.37,816.49,811.0,815.2,1206078,0,0.3310728483341796,814.2180000000001,808.9813,793.4131500000001,799.9857824864062,829.5085477837446,757.3177522162556,0.8715864760806262,72.63568747553364,1683739.7,0.6769420468557348,0.2249898570146478,5.027184415985997,0.0033052600880538
2016-12-21,815.72,815.72,805.1,812.2,1437576,0,-0.3680078508341511,813.08,811.0543,794.77315,801.1490412972246,831.5765877986395,757.9697122013605,0.7348646042590715,80.56676542705347,1686688.6,1.3190907961743887,-0.4315206198205244,2.6191769744905,-0.0036868666563176
2016-12-22,809.1,811.07,806.03,809.68,1096775,0,-0.3102684067963657,811.8860000000001,812.5083,796.30715,801.9615135546318,832.8993571270634,759.7149428729366,0.7517426735658832,78.01943143232442,1677160.95,0.6252868999913251,0.071684587813611,1.8286087984505928,-0.0031075073715517
2016-12-23,808.01,810.97,805.11,807.8,750685,0,-0.2321904950103759,811.478,812.3433,797.68965,802.517559882762,833.7976945521116,761.5816054478885,0.4983950904780522,71.49271950475179,1687721.4,0.7278508526785177,-0.0259897773542451,-0.2038421150163838,-0.0023246047513332
2016-12-27,808.68,816.0,805.8,809.93,946336,0,0.2636791284971629,810.962,812.604,798.8966499999999,803.2235065605943,834.943678360016,762.8496216399839,0.4976220898063178,74.49059561128519,1616506.4,1.2658227848101322,0.154572884206361,0.322919079476236,0.0026333210496836
2016-12-28,813.33,813.33,802.44,804.57,1159794,0,-0.6617855864086919,808.836,811.527,799.65315,803.3517440310138,835.4990395259078,763.8072604740921,0.4105619844671074,61.10658934445689,1599126.1,1.357110812023327,-1.0770535944819437,-1.3209213334314462,-0.006639850966189
2016-12-29,802.33,805.75,798.144,802.83,998255,0,-0.2162645885379732,806.962,810.021,801.0006500000001,803.3020541232983,835.0656702454754,766.9356297545247,0.3797993760801101,56.74041091087585,1541221.65,0.9529608692165816,0.0623184973763912,-1.8413234053479055,-0.0021649877810624
2016-12-30,803.21,803.285,789.62,792.45,1735879,0,-1.2929262733081703,803.5160000000001,807.7009999999999,802.40665,802.2685251591746,832.1453787610726,772.6679212389274,0.5178942648842941,33.99668637270777,1487251.0,1.7305792659760344,-1.3396247556678813,-2.8443572610801104,-0.0130135731533098
2017-01-03,800.62,811.435,796.89,808.01,1932677,0,1.9635308221338743,803.558,807.518,804.5841499999999,802.8153322868723,828.4146086370251,780.7536913629747,0.8551505721874602,50.51617653688371,1500414.15,1.82522054486817,0.9230346481476838,-0.2259705620863417,0.0194450224036994
2017-01-04,809.89,813.43,804.11,807.77,1486687,0,-0.0297026026905622,803.126,807.0440000000001,806.06165,803.2872054024083,826.4210637778397,785.7022362221603,0.8463584261047642,43.559639271737225,1492253.15,1.159045404235731,-0.2617639432515533,-0.5833774353546484,-0.0002970701478728
2017-01-05,807.5,813.74,805.92,813.02,1305062,0,0.6499374822040993,804.816,806.826,807.90365,804.2141382212266,822.8177800894373,792.9895199105626,0.8682551465281098,46.038718073857154,1473682.95,0.9703196347032026,0.6835913312693476,-0.2674190382728203,0.0064783449569707
2017-01-06,814.99,828.96,811.5,825.21,1975843,0,1.4993481095176175,809.292,808.127,809.59065,806.2137441049192,824.3095893249301,794.8717106750698,0.9795751796168388,56.69280313637642,1473514.95,2.151571164510171,1.254003116602661,1.6018222112780034,0.0148821899067969
2017-01-09,826.37,830.43,821.62,827.18,1365344,0,0.2387271118866607,816.2379999999999,809.8770000000001,811.19265,808.2105303806412,826.259588001655,796.125711998345,0.9653641302070148,62.82923941994668,1468812.25,1.0722718531681248,0.098019047158046,2.161347692915716,0.0023844261141345
2017-01-10,827.07,829.41,823.14,826.01,1111682,0,-0.1414444256389146,819.8380000000001,811.698,812.02065,809.9057179634373,828.4434537899947,795.5978462100054,0.9610765813145964,60.21489104116224,1432827.45,0.7617173263357366,-0.1281632751762316,2.2542708591235527,-0.0014154455269386
2017-01-11,826.62,829.9,821.47,829.86,1218093,0,0.4660960521059021,824.256,813.691,813.1475,811.8061257764432,831.2227460854889,795.0722539145112,0.964054666138448,60.90124925639499,1423316.75,1.0262091129316897,0.3919576105102718,2.4607064808069845,0.0046501318794467
2017-01-12,828.38,830.38,821.01,829.53,1265674,0,-0.0397657436194132,827.558,816.187,813.857,813.4941137977344,833.3527777884673,794.3612222115327,0.9178222322437856,63.419544680192,1384020.2,1.1412772073421766,0.1388251768512008,3.102278235579248,-0.0003977365228793
2017-01-13,831.0,834.65,829.52,830.93,1096855,0,0.1687702675008617,828.702,818.9970000000001,814.509,815.1546743884263,835.3952865107437,793.6227134892563,0.9012297053132023,66.74546887312849,1355594.0,0.6184299353843181,-0.0084235860409205,3.5001183314026463,0.0016862801052073
2017-01-17,830.0,830.18,823.2,827.46,1201317,0,-0.4176043710059751,828.758,822.4979999999999,815.0995,816.3266101609571,836.7745076549112,793.4244923450889,0.754716794222275,65.1137761377615,1331106.55,0.8479105928085403,-0.3060240963855378,4.4179443498012505,-0.0041847877326983
2017-01-18,829.8,829.81,824.08,829.02,962010,0,0.1885287506344646,829.36,824.5989999999999,816.0585,817.5355044313421,838.4394254076684,793.6775745923316,0.5310845543809414,64.8053358151079,1267986.4,0.6953208426366256,-0.0939985538683987,2.6002153438695164,0.0018835125823317
2017-01-19,829.0,833.0,823.96,824.37,1055419,0,-0.5609032351451049,828.262,826.259,816.6515,818.1864087712144,839.263834105142,794.0391658948581,0.5867402080662,65.52697616060229,1265402.05,1.097140637895039,-0.558504221954161,2.0550404199215055,-0.0056248220443572
2017-01-20,829.09,829.24,824.6,828.17,1226948,0,0.4609580649465705,827.99,827.774,817.3,819.1372269834796,840.4740181191745,794.1259818808254,0.5737221904918169,69.24946824673354,1266445.55,0.5626970652437528,-0.1109650339528968,1.863422794027203,0.0045989890686089
2017-01-23,831.61,845.543,828.7,844.43,2419971,0,1.9633650095994823,830.6899999999999,829.6959999999999,818.9115,821.5460625088625,844.9034220446913,792.9195779553088,0.697198741623132,86.24825662482574,1315565.3,2.032460480270298,1.5415880039922485,2.3291041068334017,0.0194433962078638
2017-01-24,846.98,851.52,842.28,849.53,1647113,0,0.6039576992764362,835.1039999999999,831.9309999999999,820.9040000000001,824.2111994127804,849.8572322711254,791.9507677288748,0.7070479544730961,83.89941214892238,1343082.2,1.0970223678586704,0.301069682873262,2.70195120771779,0.0060214118507945
2017-01-25,853.55,858.794,849.74,858.45,1617190,0,1.0499923487104823,840.99,835.175,823.4365,827.4720375639441,856.1765995239856,790.6964004760144,0.7301686996700042,86.24141876430218,1386407.45,1.0655023889660336,0.5740729892800763,3.9273132286534063,0.0104451821436781
2017-01-26,859.05,860.94,850.52,856.98,2611784,0,-0.1712388607373771,847.512,837.887,825.7890000000001,830.2823197007114,861.1030728769181,790.4749271230821,0.7501688129337183,83.23253704263692,1469679.85,1.225132859897483,-0.2409638554216793,3.268021111994801,-0.0017138564206288
2017-01-27,859.0,867.0,841.9,845.03,3711874,0,-1.3944316086723196,850.884,839.4370000000001,827.8119999999999,831.6868606815959,862.6402018817247,792.9837981182751,0.9251781080209632,65.0379362670713,1597283.85,2.98135170447797,-1.6263096623981406,1.868527961616828,-0.0140424514170535
2017-01-30,837.06,837.23,821.03,823.83,3431441,0,-2.508786670295726,846.7639999999999,838.7270000000001,828.8619999999999,830.9385882357296,861.730072237811,795.9939277621887,1.2589700324129758,48.03242100317167,1718943.15,1.9731313106707484,-1.5805318615152923,-0.8544642749690023,-0.0254079317406543
2017-01-31,819.5,823.07,813.4,820.19,1955733,0,-0.4418387288639636,840.8960000000001,838.0,830.249,829.9149131656601,858.6905107304443,801.8074892695557,1.2597181683649117,46.67808219178085,1729935.85,1.1888369805753716,0.0841976815131244,-0.8785923186619304,-0.0044281772095066
2017-02-01,824.0,824.0,812.25,815.24,2198896,0,-0.6035186968873174,832.2540000000001,836.6220000000001,830.6105,828.5173023879781,858.0271722038843,803.1938277961157,1.2657712613069518,41.75873731679819,1743246.8,1.4465989535241612,-1.0631067961165035,-1.6622035656558287,-0.0060534723171988
2017-02-02,815.0,824.56,812.051,818.26,1606867,0,0.3704430597124775,824.51,836.0110000000001,831.135,827.5404164462659,857.0733702770622,805.1966297229378,1.267278500719837,43.83411751832805,1749255.8,1.540420490831229,0.3999999999999988,-0.7411720465325011,0.0036975860922214
2017-02-03,823.13,826.13,819.35,820.13,1528095,0,0.2285337178891788,819.5300000000001,835.207,831.4904999999999,826.8346624990024,856.5639697071684,806.4170302928313,1.2586191940039817,44.12148922273026,1760407.45,0.8274852016842585,-0.3644624785878294,-0.9708151707982672,0.002282729767668
2017-02-06,820.92,822.39,814.29,821.62,1250713,0,0.1816785143818666,819.0880000000001,832.926,831.311,826.3380279752879,856.6240396186481,805.997960381352,1.0432803967003454,46.75122385402757,1724150.95,0.9947316066757572,0.0852701846708626,-2.7012304157834177,0.0018151367858621
2017-02-07,825.5,831.92,823.868,829.23,1624190,0,0.92621893332685,820.896,830.8960000000001,831.4135,826.6134538824033,856.6726521922667,806.1543478077333,1.0776365612163343,50.10945481079956,1737093.25,0.977341030359221,0.4518473652331942,-2.3895565783433104,0.009219558293306
2017-02-08,830.53,834.25,825.11,829.88,1207180,0,0.0783859725287383,823.824,828.0390000000001,831.607,826.9245535126506,856.750891672123,806.463108327877,0.9889271678009643,52.9968454258675,1741868.15,1.1077310904000663,-0.0782632776660659,-3.3280913273924018,0.0007835526677024
2017-02-09,831.73,831.98,826.5,830.06,1163466,0,0.0216898828746314,826.184,825.347,831.617,827.2231674638267,856.7581251265726,806.4758748734273,0.9943107226977178,51.070093987090914,1739136.8,0.6630369026013331,-0.2007863128659628,-3.1412635067329497,0.0002168753095961
2017-02-10,832.95,837.15,830.51,834.85,1392663,0,0.5770667180685862,829.128,824.3290000000001,831.883,827.9495324672718,857.0437188416784,806.7222811583217,0.9508190721830516,43.76626756897456,1745486.25,0.7995087355961984,0.2281049282670001,-1.2046909577174691,0.0057540806604312
2017-02-13,837.7,841.735,836.246,838.96,1224882,0,0.4923040067077888,832.5960000000001,825.842,832.2845,828.9981484227696,857.6367348023225,806.9322651976775,0.457838150635536,43.032300593276254,1751887.6,0.6563858003506184,0.1504118419481903,1.8365439471735632,0.0049109615311835
2017-02-14,839.77,842.0,835.83,840.09,980912,0,0.1346905692762412,834.768,827.832,832.9159999999999,830.0545152396487,858.391144873272,807.4408551267279,0.4034714126062701,36.51190126359095,1740867.35,0.7381883875907731,0.0381056717910916,2.4262670844560352,0.0013459994289664
2017-02-15,838.81,841.773,836.22,837.32,1303154,0,-0.3297265769143798,836.2560000000001,830.04,833.3309999999999,830.746466169206,858.8093341601714,807.8526658398284,0.3448446844966759,35.82756632064593,1757924.55,0.6640596972088681,-0.1776325985622364,2.7084048869044697,-0.0033027137287969
2017-02-16,838.5,842.69,837.26,842.17,920812,0,0.5792289686141316,838.6780000000001,832.4309999999999,834.2209999999999,831.8344217721387,859.6248023676624,808.8171976323374,0.3578045389965534,47.70318021201412,1751194.2,0.6485440603874619,0.437686344663084,2.92205411482902,0.0057755788744269
2017-02-17,841.31,846.94,839.78,846.55,1406688,0,0.5200850184642114,841.018,835.073,835.14,833.2359054128874,860.9487133388889,809.3312866611111,0.3641514594245442,74.99999999999994,1760181.2,0.8526042534949728,0.622838192818344,3.221440503334838,0.0051873724734944
2017-02-21,847.99,852.2,846.55,849.27,1178472,0,0.3213041167090091,843.0799999999999,837.838,835.382,834.7629620402314,861.6442703952687,809.1197296047312,0.3610000173472988,82.65947888589392,1698106.25,0.6674148012521518,0.1509451762402826,3.365302694676364,0.0032078903804965
2017-02-22,848.0,853.79,846.71,851.36,1193139,0,0.2460937040046129,845.3340000000001,840.051,835.4735000000001,836.3436323221141,861.9551546429788,808.9918453570214,0.2945968124393608,93.350936149784,1675407.55,0.8361776759457106,0.3962264150943412,2.6687408800935897,0.0024579138933219
2017-02-23,851.08,852.62,842.5,851.0,1261077,0,-0.042285284720922,848.07,842.1630000000001,835.101,837.7394768628651,860.4052462839425,809.7967537160575,0.3053257965070413,91.97435897435898,1657601.9,1.2011869436201783,-0.0093998214033981,2.5449462572902037,-0.000422942274685
2017-02-24,847.65,848.36,842.96,847.81,1308260,0,-0.3748531139835531,849.198,843.9379999999999,834.6424999999999,838.698574304497,858.5725373896928,810.712462610307,0.3595101293084971,84.32539682539672,1592425.7,0.6405997912119172,0.0188757152126429,2.138399633761412,-0.0037555744896754
2017-02-27,844.95,850.67,843.01,849.67,981246,0,0.2193887781460457,849.8219999999999,845.4200000000001,834.8744999999999,839.743471989783,859.313127297967,810.4358727020328,0.3362365077535264,84.46792823789619,1455894.3,0.9086487704772148,0.5586129356766569,1.7751691920704138,0.0021914847237125
2017-02-28,847.35,848.83,841.442,844.93,1273713,0,-0.5578636411783355,848.9540000000001,846.017,835.9295,840.237427038375,860.1816512664557,811.6773487335442,0.3868714774606423,70.75621364357471,1348007.9,0.878016547783452,-0.2855962707263908,0.7115953084771531,-0.0055942551183656
2017-03-01,851.38,858.0,849.02,856.61,1653965,0,1.382363035991152,850.0039999999999,847.6690000000001,837.7505000000001,841.7967197013869,862.4909331110987,813.0100668889015,0.5681804206148199,77.35926305015347,1332919.5,1.057690042637396,0.6142967887429841,1.9664559749550616,0.0137289554843219
2017-03-02,856.31,856.49,848.72,849.85,1217226,0,-0.789157259429607,849.774,848.9220000000001,839.481,842.5636987774453,862.363793259715,816.598206740285,0.6305943268457851,67.85134403752483,1283836.0,0.9154962767461567,-0.7543996917004265,1.496441026130979,-0.0079228758500069
2017-03-03,848.94,850.82,844.705,849.08,995060,0,-0.0906042242748705,850.028,849.613,841.0220000000002,843.1842988938791,861.955588823971,820.0884111760294,0.6153774555953346,63.83971989885236,1253245.65,0.7239213689986456,0.0164911536739918,0.8204994241067798,-0.0009064529471172
2017-03-06,846.86,848.94,841.17,847.27,1011938,0,-0.2131719037075541,849.548,849.6850000000001,842.3789999999999,843.5734132849383,861.0013113495196,823.7566886504802,0.6010886720358196,58.46059865607811,1227437.8,0.9237133991939912,0.0484141416526897,0.0850510897170808,-0.0021339943842777
2017-03-07,847.26,853.33,845.52,851.15,977095,0,0.4579413882233485,850.792,849.8729999999999,843.8555,844.294992972087,860.0753584911257,827.6356415088743,0.6104287567360941,60.663324334747315,1213756.9,0.9236919292269916,0.4591270684323568,0.2213665854204238,0.0045689602686139
2017-03-08,853.12,856.93,851.25,853.64,995611,0,0.2925453797802957,850.198,850.101,845.076,845.184993641412,860.3053821279285,829.8466178720715,0.6124817090926521,65.82008530438144,1182327.95,0.6672540381791424,0.060952738184544,0.2678068032324621,0.0029211829851906
2017-03-09,853.69,860.71,852.67,857.84,1240728,0,0.4920106836605598,851.7959999999999,850.7850000000001,846.4739999999999,846.3902323422299,860.944296836098,832.0037031639018,0.628716809525593,65.38386020027487,1184005.35,0.9429204733367044,0.4861249399664957,0.8037602820211598,0.00490804266612
2017-03-10,862.7,864.229,857.61,861.405,1296760,0,0.4155786626876656,854.2610000000001,852.1445,848.04125,847.8202102143985,861.7984681531831,834.2840318468169,0.6144434352241481,64.82091190262392,1190670.05,0.7717960378260548,-0.150110119392613,1.6035432467180089,0.0041471751955691
2017-03-13,865.68,867.13,860.82,864.58,1166605,0,0.3685838833069388,857.723,853.6355,849.52775,849.41638067017,863.7019855126091,835.3535144873908,0.6178233686871799,65.13743326082655,1179367.15,0.7330220022768924,-0.1270677386563059,1.7547989219343971,0.0036790627743205
2017-03-14,863.75,867.58,860.13,865.91,1061692,0,0.1538319183881142,860.675,855.7334999999999,850.87525,850.9872015587252,865.9169686430055,835.8335313569946,0.5624241643671022,64.60550090343295,1171207.65,0.8661481403973871,0.250072358900141,2.483045932799177,0.0015371371829665
2017-03-15,867.94,869.88,861.295,868.39,1332885,0,0.2864038987885564,863.625,856.9114999999999,852.29025,852.6446109340848,868.3500299273306,836.2304700726694,0.3998974971840007,66.74369343346805,1188806.3,0.9967548865371372,0.0518469018595676,1.3751882420237838,0.0028599454424101
2017-03-16,870.53,872.71,867.52,870.0,1104452,0,0.1854005688688209,866.057,858.9264999999999,853.92425,854.2975051308385,870.219107204477,837.629392795523,0.232877841404798,72.03574975173782,1178871.2,0.5982571007008547,-0.0608824509207003,2.3710066482320435,0.0018522891414727
2017-03-17,873.68,874.42,868.37,872.37,1683901,0,0.2724137931034542,868.25,861.2555,855.4342499999999,856.0186951183778,872.710412852128,838.1580871478718,0.2028682410054089,72.31616201337002,1217025.65,0.6967076246300488,-0.1499404816408691,2.7429688604136304,0.0027204341921066
2017-03-20,869.48,870.34,864.665,867.91,1542199,0,-0.511250960028431,868.9159999999999,863.3195,856.5022500000001,857.151200345199,874.103772205363,838.9007277946372,0.2865698352002648,72.71648873072355,1223801.2,0.6563235472697598,-0.1805676956341779,2.4360593435386546,-0.0051256231921613
2017-03-21,870.06,873.47,847.687,850.14,2537978,0,-2.0474473159659445,865.762,863.2185,856.54575,856.4834669789896,874.076171460349,839.015328539651,0.767612754415253,44.29151226398446,1291776.5,3.0415707684558115,-2.289497276049923,-0.1186629853727305,-0.0206869808443842
2017-03-22,849.48,855.35,847.0,849.8,1366749,0,-0.0399934128496481,862.0440000000001,862.8344999999999,856.46775,855.8469463143239,874.1088558475606,838.8266441524395,0.7602564268791046,49.95024875621884,1300457.0,0.9858323494687158,0.0376701040636549,-0.4498383393467975,-0.0004000141234792
2017-03-23,841.39,841.69,833.0,839.65,3287669,0,-1.1943986820428298,855.9739999999999,861.0154999999999,855.9002499999999,854.304379998674,874.9555171195791,836.8449828804207,0.8136924821027284,42.092906255240614,1401786.6,1.0432172869147724,-0.2068006513032017,-2.120442040473758,-0.0120158893396942
2017-03-24,842.0,844.0,829.1,835.15,1976958,0,-0.5359375930447219,848.53,858.39,855.2672500000001,852.4801533321336,876.2024742769174,834.3320257230828,0.7874810318972854,40.275994865211814,1435221.5,1.7971294174405954,-0.8135391923990525,-3.0479275137711093,-0.0053737889050602
2017-03-27,828.09,841.38,824.3,838.51,1875590,0,0.4023229359995328,842.65,855.783,854.7092499999999,851.149662538597,876.8337594563183,832.5847405436815,0.790758965077475,39.773462783171546,1479938.7,2.072061142787825,1.2583173326570734,-3.0153369266002095,0.0040151578146298
2017-03-28,839.69,845.4,832.265,840.63,1476606,0,0.2528294236204598,840.7479999999999,853.2549999999999,854.49425,850.1477899158734,877.0972920111188,831.8912079888811,0.7977009973271476,39.41071137880517,1490083.35,1.5782232822478406,0.1119460753373198,-2.919472000554324,0.0025251034773187
2017-03-29,842.75,851.585,841.38,849.87,1382043,0,1.0991756182862966,840.762,851.4029999999999,854.15725,850.1213337334093,876.8283494962072,831.4861505037927,0.8983485167148639,44.00481420189558,1476487.25,1.2128883500915213,0.8448531592999116,-2.1326823201556877,0.010931785883292
2017-03-30,851.98,852.0,846.77,849.48,916623,0,-0.0458893713156105,842.7280000000001,849.351,854.1387500000001,850.0602543302275,876.8252472302349,831.4522527697652,0.8899270012073445,40.57982463069758,1461457.1,0.617641154032384,-0.2934341181717881,-2.3586206896551665,-0.0004589990370989
2017-03-31,846.83,849.56,845.245,847.8,1320899,0,-0.1977680463342346,845.258,846.8939999999999,854.07475,849.844992013063,876.8284581939945,831.3210418060055,0.8723985159281062,36.42394822006467,1477749.05,0.510502871948363,0.1145448319024968,-2.816465490560205,-0.0019796386555614
2017-04-03,848.75,859.0,847.53,856.75,1969402,0,1.05567350790281,848.906,845.7779999999999,854.5487499999999,850.5026118213427,877.0996617273637,831.9978382726362,0.9626633744587334,43.40247767214064,1525622.25,1.3533444243861608,0.942562592047128,-1.285847610927393,0.0105014018361814
2017-04-04,848.0,853.0,847.505,852.57,1329060,0,-0.4878902830463882,851.2940000000001,846.0210000000001,854.6197500000001,850.6995059335958,877.1345185974898,832.1049814025104,0.7097415619391048,38.877952755905575,1543220.5,0.6483737559070453,0.5389150943396285,0.2858352741901493,-0.0048908435310556
2017-04-05,854.71,860.59,847.52,848.91,1767000,0,-0.4292902635560813,851.1020000000001,845.932,854.3832500000001,850.5290767970629,877.0402717476215,831.7262282523786,0.724578311413763,35.58835588355885,1581789.95,1.5421464980177515,-0.6785927390577,-0.1047305248293661,-0.0043021435985993
2017-04-06,849.5,853.59,844.0,845.095,1314898,0,-0.4493998185908898,850.225,846.4765,853.7460000000001,850.0115456735331,876.7085265893571,830.7834734106431,0.619774864213264,31.722843932185256,1585498.45,1.13625592417062,-0.5185403178340168,0.6484844875841222,-0.0045041265517194
2017-04-07,845.0,845.88,837.3,842.1,1111610,0,-0.3543980262574076,849.085,847.1715,852.7807500000001,849.2580651331966,876.009151915001,829.5523480849993,0.6025924544884131,32.35816814764189,1576240.95,1.0247223217484822,-0.3431952662721866,0.8321858348799616,-0.0035502750373972
2017-04-10,841.54,846.737,840.79,841.7,954094,0,-0.0475002968768567,846.075,847.4905000000001,851.63675,848.5382494062255,874.671230395784,828.602269604216,0.5929465461647029,42.43456435998572,1565615.4,0.7073109813389792,0.0190127623167148,0.3804367270515696,-0.000475115818416
2017-04-11,841.7,844.63,834.6,839.88,974343,0,-0.2162290602352401,843.5369999999999,847.4154999999998,850.3352500000001,847.7136542246802,872.9110035223912,827.759496477609,0.5927532436007605,41.33775759692635,1561247.95,1.2017733045770396,-0.2162290602352441,-0.0892188001855753,-0.0021646317280818
2017-04-12,838.46,843.72,837.59,841.46,1015796,0,0.1881221126827759,842.0470000000001,846.5745,848.9887500000001,847.118068108044,870.2016651015072,827.775834898493,0.4586227330502837,51.858697884575946,1545393.5,0.7318616506882837,0.357798821649214,-0.9895631096520584,0.0018794538464467
2017-04-13,841.04,843.73,837.85,840.18,1025516,0,-0.1521165593135864,841.064,845.6445,847.4977500000001,846.4572997168017,866.577095259332,828.4184047406682,0.4585000766098555,55.53111941939734,1541446.7,0.7017962642477764,-0.1022543517549716,-1.0947873993501944,-0.0015223237401546
2017-04-17,841.38,855.64,841.03,855.13,1004913,0,1.779380608917136,843.6700000000001,846.3774999999999,846.63575,847.2832711723444,862.2215955606547,831.0499044393454,0.7497781754931335,64.56361724500519,1507497.3,1.737155630595819,1.6342199719508428,0.8645907053550506,0.0176373495667045
2017-04-18,852.54,857.39,851.25,853.99,927771,0,-0.1333130635108093,846.128,846.1015,845.9397499999999,847.9220072511687,858.469010269194,833.4104897308058,0.6693475122501339,61.91155492154061,1476775.9,0.7212922173274581,0.1700799962465157,-0.32214765100671,-0.0013340200443068
2017-04-19,857.385,860.2,853.528,856.51,1042384,0,0.2950854225459265,849.4540000000001,846.4955,846.2582500000001,848.7399113224859,859.538432812175,832.9780671878252,0.6555200927374826,56.72609400324144,1401996.2,0.7816966754459168,-0.1020545029362538,0.4621321416423241,0.002946509001113
2017-04-20,859.74,863.93,857.5,860.09,1062506,0,0.4179752717422991,853.18,847.6135,846.7727499999999,849.8208721489158,861.3633350951743,832.1821649048254,0.6415771671056758,60.09514747859178,1386784.05,0.749854227405242,0.0407099820876105,1.3169829546124,0.0041710418155416
2017-04-21,860.62,862.44,857.73,858.95,1082611,0,-0.1325442686230471,856.934,848.999,847.73775,850.6903128966381,862.8870555164274,832.5884444835726,0.6169843768137131,60.71909248221501,1276531.15,0.5491238501626429,-0.194046152773577,1.6394606523526978,-0.0013263218623386
2017-04-24,868.44,879.96,866.11,878.93,1692394,0,2.326095814657414,861.6940000000001,852.682,849.92675,853.3798069064821,869.4408610278949,830.412638972105,0.8888852205475896,67.59200507614207,1262302.95,1.5991040399025551,1.207913039473066,4.373589834936453,0.0229945454916685
2017-04-25,882.26,892.25,879.28,888.84,2033438,0,1.127507310024689,868.6640000000001,857.3960000000001,852.44325,856.7569681534839,877.8496143652856,827.0368856347145,0.8960179406952571,76.37051039697533,1270195.35,1.4750705122372882,0.7458118921859815,5.600570274444583,0.0112119832490748
2017-04-26,891.39,892.99,885.15,889.14,1321206,0,0.0337518563521044,875.1899999999999,862.3219999999999,854.86875,859.8410664245806,884.4464211433077,825.2910788566923,0.8755183415841098,80.75217856596848,1262425.35,0.8857255832344837,-0.25241476794669,5.8651235890841535,0.000337461616944
2017-04-27,890.0,893.377,887.18,891.44,2308819,0,0.2586769237690411,881.46,867.32,856.9472499999999,862.8504886698587,890.6066870085916,823.2878129914083,0.872332764734071,86.26653102746684,1308764.15,0.6985053765864879,0.1617977528089949,5.939676276947203,0.0025834293086564
2017-04-28,929.0,935.9,923.22,924.52,3845857,0,3.7108498608992018,894.574,875.7539999999999,860.69925,868.7237754632055,905.6795163485666,815.7189836514334,1.2739622214988646,93.84975526707802,1455225.85,1.373453781330555,-0.4822389666307877,10.038325120807446,0.0364365511696896
2017-05-01,924.15,935.82,920.8,932.82,2326641,0,0.897763163587606,905.352,883.5230000000001,864.9502500000001,874.828177800043,919.7876318403452,810.1128681596551,1.2416968030225866,94.7192775814683,1505512.95,1.631190269331027,0.9381593897094708,9.085168336978011,0.0089375722812162
2017-05-02,933.27,942.985,931.0,937.09,1749433,0,0.4577517634699157,915.002,891.833,868.96725,880.7578751524198,932.3758352957552,805.5586647042448,1.2015099069882296,96.5877504073612,1494514.5,1.2873254564983905,0.4093134891296248,9.730793100621792,0.0045670726634153
2017-05-03,936.05,950.2,935.21,948.45,1822217,0,1.212263496569177,926.864,901.027,873.7612499999999,887.2047441855227,945.8533990633862,801.6691009366136,1.181713705373162,96.88020331259308,1519172.35,1.6028485580778655,1.3247155600662457,10.73425879440988,0.0120497443196123
2017-05-04,950.29,959.14,947.37,954.72,1938006,0,0.6610786019294546,939.52,910.49,879.05175,893.6347685488063,958.608438909618,799.495061090382,1.1701449910038957,98.08564231738038,1527722.65,1.24238681824419,0.4661734838838738,11.002336964736248,0.0065890306010397
2017-05-05,956.72,958.44,948.099,950.28,1615548,0,-0.4650578179990039,944.672,919.623,884.3109999999999,899.029552496539,968.2046991298082,800.4173008701916,1.2116391101049928,93.81158486048436,1542755.15,1.0907088816674215,-0.6731332051174904,10.632749286920063,-0.0046614257634504
2017-05-08,947.45,960.99,947.395,958.69,1875309,0,0.8850023151071307,949.846,927.599,890.1405000000001,904.7114998778212,977.8025680075882,802.478431992412,1.1216677905822077,95.18384256861728,1580940.1,1.4349875184057366,1.1863422871919371,9.074670337797098,0.0088110912265313
2017-05-09,961.33,962.2,954.4,956.69,1686772,0,-0.2086180099928003,953.766,934.384,895.89,909.6618332227904,985.2423483035952,806.5376516964046,1.1672902699703696,93.42812554187616,1617574.0,0.8172673931265788,-0.4826646416943179,7.633544844966478,-0.0020883592048303
2017-05-10,956.22,956.71,949.84,954.84,1145873,0,-0.1933750744755324,955.044,940.954,901.638,913.9645157730008,990.6092461179908,812.6667538820092,1.1847323832550123,91.69967432444322,1626150.5,0.7232797102669928,-0.144318253121666,7.389162561576357,-0.0019356228545785
2017-05-11,951.29,957.99,948.61,955.89,1031014,0,0.1099660676134206,955.278,947.399,907.3595,917.9574190327152,994.7396363613316,819.9793636386681,1.1920996486367803,92.69732205778712,1626911.4,0.9888152138391958,0.4835539110050587,7.2298752580095105,0.0010990564922238
2017-05-12,957.85,957.98,952.06,955.14,1214614,0,-0.0784609107742473,956.25,950.461,913.1074999999998,921.4986172200756,996.932781923011,829.2822180769887,0.5721364436190395,90.41255700498456,1636366.3,0.6218095498182964,-0.2829253014563905,3.3119889239821676,-0.000784917074568
2017-05-15,955.29,962.7,952.82,959.22,1332067,0,0.4271625102079346,956.356,953.101,918.312,925.0911298657828,999.8756086550906,836.7483913449097,0.5384090668865653,89.78069183811886,1652724.0,1.0369219789676951,0.4113933988631791,2.830127998970866,0.0042625276097561
2017-05-16,963.55,965.896,960.35,964.61,1099932,0,0.5619148891807813,957.9400000000002,955.853,923.843,928.8548317833272,1001.9715063145716,845.7144936854287,0.5431997329178352,90.33671833244247,1661332.05,0.5774977872650529,0.1100098593741953,2.936751005773197,0.0056034203677779
2017-05-17,959.7,960.99,940.06,942.17,2447018,0,-2.326328775359998,955.406,955.225,928.126,930.122943042058,999.8411762254774,856.4108237745226,0.9071592557475348,72.31066936406009,1731563.75,2.226453630619329,-1.8266124830676345,-0.6621329537666809,-0.0235381491872022
2017-05-18,943.2,954.18,941.27,950.5,1800465,0,0.8841291911226179,954.328,954.803,932.6465,932.0636151332906,997.3605529031876,867.9324470968126,0.9294014485717204,64.60535192264445,1768461.7,1.371551202099288,0.7739609838846431,-0.4420144126026537,0.0088024365430522
2017-05-19,952.82,959.56,952.0,954.65,1359792,0,0.4366123093108909,954.23,955.24,937.4315,934.2146994063104,992.6585365805768,882.2044634194233,0.9273575812511954,62.8729803042811,1782320.75,0.7941176470588177,0.1920614596670858,0.4598644610009694,0.0043566192309896
2017-05-22,957.0,964.82,956.56,964.07,1384909,0,0.9867490703399318,955.2,955.778,941.6885,937.0580613676144,990.704855283332,892.672144716668,0.9380360140416348,64.99888814765396,1766946.5,0.8635109141089012,0.7387669801462957,0.561182446880637,0.0098191249226794
2017-05-23,969.96,974.51,964.5,970.55,1544933,0,0.6721503625255254,956.388,957.164,945.774,940.247769808794,989.5883467971604,901.9596532028396,0.9512707890207996,62.9908300023512,1742521.25,1.0378434421980292,0.060827250608264,1.4487451525572403,0.0066990150349474
2017-05-24,975.26,978.115,971.63,977.61,1137885,0,0.7274225954355895,963.476,959.441,950.1975,943.8060774460516,987.2844095220056,913.1105904779944,0.9590826692170008,63.33139196272563,1733355.2,0.6674351347735262,0.2409613846564016,2.3846927233882154,0.0072478963804829
2017-05-25,979.0,995.78,977.82,991.86,1952832,0,1.4576364808052356,971.748,963.038,955.2185,948.3826414988088,985.3496025004634,925.0873974995365,1.0307661260361958,71.73322182730502,1715555.85,1.8367388680943244,1.3135852911133823,3.762985280733133,0.0144711507953926
2017-05-26,992.0,996.39,987.36,993.27,1632239,0,0.1421571592765014,979.472,966.851,958.656,952.6576280227316,989.713286559192,927.598713440808,1.022310872602653,69.50146627565977,1604874.95,0.9145600388915868,0.1280241935483852,3.9920849299579064,0.0014205621164503
2017-05-30,992.5,997.62,991.36,996.17,1516553,0,0.2919649239381039,985.892,970.546,961.8235,956.801663449138,994.6572972698348,928.9897027301648,1.0227609568902305,72.04108977221968,1564370.55,0.6314557779212385,0.3697732997481067,3.852088154959232,0.0029153953414556
2017-05-31,996.21,999.6,981.68,987.09,1725758,0,-0.9114910105704754,989.2,972.794,964.3235,959.6862669301726,996.8404644954556,931.8065355045442,1.0975863790002152,66.65977890277921,1563186.8,1.8254420992584215,-0.9154696298973112,2.330475528970255,-0.0091567050642026
2017-06-01,990.96,993.14,981.29,988.29,1305190,0,0.1215694617511919,991.336,977.406,966.3155,962.410431984442,999.6100087775084,933.0209912224916,0.6403225786360953,66.71136785640601,1537335.45,1.2075940853366511,-0.2694356987164035,4.895082628400393,0.0012149562591619
2017-06-02,988.59,996.48,987.07,996.12,1734163,0,0.7922775703487872,992.188,981.968,968.3855,965.6208670335426,1003.7293600191232,933.0416399808768,0.6345281496320704,69.69813497404347,1527143.3,0.9533265117975388,0.7616908930901559,4.799579168858492,0.0078915553091033
2017-06-05,997.89,1007.4,995.45,1003.88,1377960,0,0.7790226077179385,994.31,986.891,971.0655,969.264593982729,1008.6842173317084,933.4467826682918,0.6416231120847415,70.73351903435469,1515263.9,1.2004621025666715,0.6002665624467636,5.156863772063058,0.0077600389410663
2017-06-06,1003.31,1008.61,994.8,996.68,1550832,0,-0.7172171972745778,994.412,990.1519999999998,972.965,971.875585031993,1011.7704122649328,934.1595877350672,0.7210893153932972,64.64249840197239,1499040.05,1.3882187374346662,-0.6608127099301309,3.382534463265108,-0.0071980156424508
2017-06-07,998.82,1003.91,995.81,1001.59,1372300,0,0.4926355500260992,997.312,993.256,975.21,974.7055293146605,1015.227232077652,935.192767922348,0.7139780157819561,82.30050010871932,1483316.45,0.8134081802753561,0.2773272461504557,3.198186595229524,0.0049142607168742
2017-06-08,1004.23,1005.6,996.62,1004.28,1681411,0,0.2685729689793081,1000.51,995.923,977.682,977.522145570407,1018.501143909108,936.862856090892,0.6993071372034838,81.1443131804494,1510093.35,0.9010455339045992,0.0049789390876546,2.7280817503912536,0.0026821295623485
2017-06-09,1005.49,1005.5,953.37,970.12,3643062,0,-3.401441828971996,995.31,993.749,978.3935,976.8171793256064,1018.094036533546,938.6929634664542,1.2528128573274988,56.64804469273744,1640695.75,5.467971511585219,-3.5176878934648785,-2.19184159054705,-0.034606370646765
2017-06-12,958.72,968.0,936.795,961.81,4197445,0,-0.8565950604049077,986.896,990.603,978.727,975.3879241517392,1017.7106473678908,939.7433526321096,1.2610313643519533,49.01943769524466,1789837.3,3.331038274115473,0.3223047396528619,-3.167316036928536,-0.0086028492245367
2017-06-13,972.04,977.91,962.01,970.5,2004195,0,0.9035048502302968,981.66,988.036,979.291,974.9224075658592,1017.4029988841592,941.1790011158408,1.3076532517807304,49.97871434653046,1823443.7,1.652789472042908,-0.1584296942512616,-2.576869409839677,0.0089944766475836
2017-06-14,975.5,979.7,959.51,967.93,1499807,0,-0.2648119526017622,974.928,986.12,979.457,974.2564639881584,1017.3279182132488,941.5860817867512,1.287297539673641,45.7152974504249,1843437.45,2.104199018248903,-0.7760123013839109,-1.941059072627627,-0.0026516319968617
2017-06-15,948.02,960.678,940.37,960.18,2369353,0,-0.8006777349601757,966.108,983.309,980.3575,972.9158483702385,1015.2333549413994,945.4816450586007,1.2956441286695504,35.12117227127557,1839554.2,2.159575486244775,1.2826733613214878,-2.844306833014598,-0.0080390037262494
2017-06-16,957.91,959.95,948.7,958.62,2545952,0,-0.1624695369618178,963.808,979.559,980.7635,971.5543390016444,1014.3407380764246,947.1862619235754,1.2418722495261356,33.74917925147736,1876828.55,1.1858332454938336,0.0741196980927264,-3.7646066738947104,-0.0016260166184186
2017-06-19,969.65,979.3,968.2,975.22,1466053,0,1.7316559220546202,966.49,976.693,981.792,971.9034495729164,1013.1908136550755,950.3931863449244,1.370219196324902,41.293325575596405,1882141.6,1.1464573435240557,0.5744340741504719,-2.854922899151291,0.0171683363028455
2017-06-20,975.31,980.79,968.2,968.99,1297019,0,-0.6388302126699608,966.188,973.924,982.038,971.6259781850196,1012.925121213232,951.1508787867676,1.367666256487395,42.29524944662012,1877747.1,1.300351167114224,-0.6479990977227689,-2.778223702692939,-0.0064087946503058
2017-06-21,970.79,979.67,969.16,978.59,1161607,0,0.9907222984757436,968.32,971.624,982.44,972.2892183578748,1012.9039569603656,951.9760430396344,1.4071417999877585,46.14651199745752,1858580.8,1.084444261009533,0.8034693394039977,-2.2963488053994174,0.0098584682029908
2017-06-22,976.87,980.5,973.315,976.62,1000838,0,-0.2013100481304763,971.608,968.858,982.3905,972.7016737523628,1012.890697393647,951.8903026063532,1.3967082362294494,41.87500000000001,1851728.45,0.7381988359369727,-0.025591941609426,-2.754211972756604,-0.0020151294916037
2017-06-23,975.5,986.62,974.46,986.09,1547284,0,0.9696709057770648,977.102,970.4550000000002,982.102,973.976752442614,1012.3330224768996,951.8709775231008,0.9053887986680812,42.691644071974395,1831451.05,1.2478706155203876,1.085597129677092,1.646188100441193,0.0096499976960669
2017-06-26,990.0,993.99,970.33,972.09,1516720,0,-1.419748704479307,976.476,971.483,981.043,973.7970617337936,1011.1102272013522,950.9757727986478,0.9897231425392,40.43265115555214,1825675.1,2.4383457174363325,-1.809090909090906,1.0688181657499962,-0.0142992355609266
2017-06-27,961.6,967.22,947.09,948.09,2441836,0,-2.4689071999506207,972.296,969.242,978.639,971.348770140099,1011.1988104869508,946.0791895130494,1.2340070503357188,31.87669376693769,1871939.25,2.1254579818179895,-1.4049500831946746,-2.3091190108191606,-0.0249989583089237
2017-06-28,950.66,963.24,936.16,961.01,2738995,0,1.3627398242782809,968.78,968.55,977.335,970.3641253648516,1010.5520688525744,944.1179311474256,1.3318403275556496,36.292213140721046,1922601.1,2.892667920013677,1.0887173121831173,-0.7149277323773351,0.013535380285737
2017-06-29,951.35,951.66,929.6,937.82,3203356,0,-2.4130862321932067,961.02,966.314,974.8115,967.2646848539132,1011.9600979192644,937.6629020807356,1.515865410099984,39.00313223478145,2017509.4,2.3730636833046415,-1.4221895201555657,-2.3287300297860747,-0.0244267818064857
2017-06-30,943.99,945.0,929.61,929.61,2285012,0,-0.8754345183510703,949.724,963.413,971.486,963.6785243916356,1012.3272368491356,930.6447631508648,1.529306919514481,39.02970836740259,2045051.85,1.6555329654371171,-1.5233212216231098,-3.0262251987231648,-0.0087928895821682
2017-07-03,933.22,934.24,915.31,919.46,1694811,0,-1.09185572444358,939.198,957.837,967.265,959.467236354337,1011.3320018566084,923.1979981433916,1.365135944916949,32.782350559978426,2060894.4,2.068151773716016,-1.4744647564347089,-5.717684214843832,-0.0109786021598291
2017-07-05,924.2,936.29,918.631,932.26,2091689,0,1.3921214625976177,936.032,954.164,964.044,956.8760709872572,1008.474049290978,919.613950709022,1.4996303380322502,38.74408330703693,2087937.25,1.922317013033524,0.8721056048474297,-3.7905447940639214,0.0138252045428573
2017-07-06,925.0,936.14,919.85,927.69,2013951,0,-0.4902065947267831,929.368,949.0740000000002,960.349,954.0964451789472,1003.9150171282593,916.7829828717408,1.4207694905129895,39.53757969987766,2120019.8,1.7709409142794978,0.2908108108108166,-5.2013611420513195,-0.0049141204834328
2017-07-07,930.985,944.66,929.79,940.81,1629306,0,1.4142655412907157,929.966,945.493,957.1755,952.8310694476188,996.2864285978764,918.0645714021236,1.5476764856817788,44.66223101360664,2117414.55,1.5992858602480131,1.05533386681847,-3.6667281030492993,0.0140435810852162
2017-07-10,941.95,953.13,941.95,951.0,1443510,0,1.0831092356586414,934.244,941.984,956.2195,952.6566818811788,994.9308623874624,917.5081376125374,1.5588970112773528,42.45106595187631,2007436.95,1.1868995169594936,0.9607728648017362,-3.5584987171556337,0.0107728562058173
2017-07-11,950.52,954.89,945.12,953.53,1460601,0,0.2660357518401657,941.058,940.128,955.8055,952.7398550353524,994.4421537043828,917.1688462956174,1.521138131608169,45.06763654925981,1870594.75,1.0337311664127289,0.3166687707780994,-1.9092882346284925,0.0026568250310712
2017-07-12,960.86,969.63,957.04,967.66,1599965,0,1.4818621333361204,948.138,942.0849999999998,955.6635,954.1608212224615,994.0930797667804,917.2339202332196,1.3663962549596895,46.61085271317827,1850383.25,1.3155145030510775,0.7076993526632345,2.0641500279509284,0.0147098983315932
2017-07-13,970.8,978.7,964.8,968.85,1523376,0,0.1229770787259942,956.37,942.869,955.7095,955.5597906298462,994.203051872855,917.2159481271448,1.3053623790513085,47.57898672649094,1851561.7,1.440713101160872,-0.2008652657601907,0.8158083682792139,0.0012290152385364
2017-07-14,974.0,977.54,970.15,976.91,1076978,0,0.8319141249935491,963.59,946.778,956.546,957.5931439031942,996.1594227118292,916.9325772881706,0.9760668874492452,47.11429649188983,1786942.95,0.7617378755862482,0.2987679671457873,4.168177262161166,0.0082847279221918
2017-07-17,976.32,983.35,970.8,975.96,1655892,0,-0.0972453961982089,968.582,951.413,957.413,959.3423682933662,997.9654445885076,916.8605554114928,0.8890283631235731,51.325251695089385,1742439.95,1.292748248866921,-0.0368731563421842,4.9859618549714435,-0.000972927102099
2017-07-18,973.36,990.85,972.04,986.95,1411850,0,1.1260707406041348,975.266,958.162,957.9995,961.9716665511409,999.9514627418488,916.0475372581516,0.7085183969467072,64.60902255639101,1739729.8,1.9351055512118904,1.3961946248048032,7.340177930524439,0.0111977776223124
2017-07-19,990.01,995.6,987.01,992.77,1400473,0,0.5896955266224246,980.288,964.213,959.1885,964.904841165318,1003.7206084753672,914.6563915246328,0.6673112928740939,62.61318506751393,1744902.5,0.8703052653975171,0.2787850627771427,6.490678566065267,0.0058796362783624
2017-07-20,997.0,998.68,984.62,992.19,1416054,0,-0.058422393907942,984.956,970.663,959.8685000000002,967.503427721002,1006.0334195932512,913.703580406749,0.596815511226321,76.31910155871827,1757624.85,1.427962056427855,-0.4824473420260727,6.952753613814955,-0.0005843946643826
2017-07-21,989.0,995.11,984.17,993.84,1461598,0,0.1662987935778348,988.342,975.966,960.7295,970.011672699954,1008.8123729656444,912.6466270343556,0.554254401982595,83.20066163548036,1780662.85,1.1115965737626683,0.4893832153690629,5.636632263687691,0.0016616067024452
2017-07-24,994.1,1006.19,990.273,998.31,3915107,0,0.4497705868147683,992.812,980.697,961.3405,972.7067514904348,1011.0628772455228,911.6181227544772,0.5219693081549218,93.30038440417373,1899054.0,1.6073345431007438,0.4234986419877197,4.974763406940053,0.004487621415737
2017-07-25,970.7,976.73,963.8,969.03,5930130,0,-2.9329566968176235,989.2279999999998,982.247,961.1875,972.356584681822,1010.7892906616366,911.5857093383634,1.205622089728528,67.09755417092912,2119724.5,1.3415646399668046,-0.1720407953023666,1.6255387874529292,-0.0297682781573136
2017-07-26,972.78,973.95,960.23,965.31,2212665,0,-0.3838890436828612,983.736,982.012,962.0485,971.6854813787912,1011.2895352086524,912.8074647913472,1.121108252636538,67.63217097862768,2108265.95,1.428824344167546,-0.7679023006229597,-0.2428538949631131,-0.0038462778891958
2017-07-27,969.18,969.52,937.06,952.51,3711840,0,-1.325998901907155,975.8,980.378,961.6235,969.8592450570015,1011.0486584242468,912.1983415757534,1.1921646943799062,55.500188040616806,2156908.2,3.464025782767383,-1.7200107307208112,-1.686535583423654,-0.0133486876412399
2017-07-28,947.99,961.79,945.31,958.2,1813719,0,0.597369056492858,968.672,978.507,962.6425000000002,968.7488407658584,1010.8260664822158,914.4589335177844,1.1725514611828929,53.534262713528406,2087426.35,1.7433434534702923,1.0770155803331298,-1.915222487230139,0.0059559188156126
2017-07-31,960.0,961.193,941.725,945.5,2290902,0,-1.325401795032355,958.11,975.461,963.437,966.5346654548244,1009.8174882296402,917.05651177036,1.2252495595994308,46.41613853432116,2087720.85,2.0672701691045647,-1.5104166666666667,-3.1210295503914076,-0.0133426363505095
2017-08-01,947.81,954.49,944.96,946.56,1327222,0,0.1121099947117842,953.616,971.422,964.792,964.6323163638888,1007.1739651813164,922.4100348186836,1.1316020423850663,39.33912691996762,2069341.4,1.0085082966474743,-0.131882972325677,-4.092405896955276,0.001120471983868
2017-08-02,948.37,949.1,932.521,947.64,2038340,0,0.1140973630831654,950.082,966.909,965.561,963.0140005197088,1005.969779608798,925.1522203912018,1.0942419725271229,39.2716236722306,2066673.95,1.77786880938875,-0.076974176745365,-4.545866615631011,0.0011403232151096
2017-08-03,949.1,950.0,939.44,940.3,1123379,0,-0.7745557384660873,947.64,961.72,966.1915,960.8507623749748,1004.4484838275011,927.934516172499,1.0885537877467235,31.346173443391365,2022145.35,1.1240739163757074,-0.9271941839637624,-5.229845090154117,-0.0077757100144587
2017-08-04,943.8,947.54,939.795,945.79,1254336,0,0.5838562161012417,945.158,956.915,966.4405,959.4164040535484,1004.061450196439,928.8195498035608,1.125621604741154,35.30729521768768,2003396.85,0.82411589761597,0.2108497563043027,-4.8347822587136875,0.0058215838110054
2017-08-07,947.52,948.96,943.5,945.75,1444189,0,-0.0042292686537104,945.208,951.659,966.178,958.1148417627344,1004.3222004145044,928.0337995854952,1.0922309711161526,27.540340165721688,2003430.8,0.5786963434022296,-0.1868034447821662,-5.264897677074254,-4.229358089798824e-05
2017-08-08,944.29,952.49,942.48,944.19,1500178,0,-0.1649484536082379,944.734,949.175,965.711,956.7886663567596,1004.725959560051,926.696040439949,0.6953426971638624,22.227303910359,2005409.65,1.0620915032679727,-0.0105899670651927,-2.5633881303984363,-0.0016508464335249
2017-08-09,938.45,943.76,933.92,940.08,1398227,0,-0.4352937438439341,943.222,946.652,964.332,955.197364798973,1004.9726856552032,923.6913143447968,0.6965725958254166,21.36498516320472,1995322.75,1.0536234366969368,0.1736906601310666,-2.613668148056058,-0.004362439053928
2017-08-10,935.0,936.3,921.777,923.59,2704565,0,-1.754106033529057,939.88,943.76,962.069,952.1871395800232,1006.51289764516,917.62510235484,0.7776476746022465,16.809978267032008,2054382.2,1.5755437594993051,-1.2203208556149698,-3.036188596445178,-0.0176967278018809
2017-08-11,923.71,933.36,921.22,930.09,1616328,0,0.7037754847930344,936.74,940.9490000000002,959.728,950.0826500962116,1005.7835287726136,913.6724712273864,0.7919646768695278,18.375672167624742,2081349.7,1.3178176765593437,0.6906929664072051,-2.9336255479023188,0.0070131054347252
2017-08-14,939.07,941.04,934.485,938.93,1149629,0,0.9504456557967388,935.376,940.292,957.8765,949.0204929441912,1004.1611994270388,911.591800572961,0.7897902024142559,32.78425989476089,2056036.55,0.7014558821168826,-0.0149083667884289,-0.6948704389212135,0.0094595733800968
2017-08-15,941.03,943.07,936.64,938.08,1103692,0,-0.0905285804053468,934.154,939.4439999999998,955.433,947.9785412352207,1000.3961845191592,910.4698154808408,0.7872830004974515,33.89710230632764,2040628.65,0.6864964127092654,-0.3134862863032987,-0.8958755916159467,-0.0009056958227217
2017-08-16,941.25,949.9,940.039,944.27,1343392,0,0.6598584342486724,934.992,939.107,953.008,947.6253468318664,994.597387107755,911.418612892245,0.8209794206826135,44.713882473697694,2037774.6,1.048999030891271,0.3208499335989356,-0.3556202777426076,0.0065769089836982
2017-08-17,942.95,943.81,927.64,927.66,1673886,0,-1.7590307856862997,935.806,937.843,949.7814999999998,945.7238852288316,988.4842872109156,911.078712789084,0.9660494957717009,32.81566509115454,2050666.2,1.7431331119830924,-1.6215069727981417,-1.3442518345208931,-0.017746855857045
2017-08-18,926.98,931.02,923.45,926.18,1335610,0,-0.159541211219627,935.024,935.882,946.3985,943.8625628260857,980.4326557695506,912.3643442304492,0.9329621867039968,37.55795981452851,2044366.8,0.8197520168931655,-0.0863017540831591,-2.073398957485273,-0.0015966861373438
2017-08-21,925.77,928.25,918.6,920.87,1299899,0,-0.5733226802565272,931.412,933.394,942.5265000000002,941.672794937887,968.3154844088668,916.7375155911336,0.9366798562962428,34.314324093295866,1913606.4,1.0505116481602417,-0.5292891322898752,-2.630716362675123,-0.0057497248355462
2017-08-22,926.96,941.962,926.17,940.4,1759686,0,2.1208205284133363,931.876,933.015,941.095,941.551576372374,963.6674251897314,918.5225748102685,1.20385924248027,46.39226629459834,1705084.2,1.7050865391882732,1.4499007508414536,-0.4014022601383282,0.0209864412962463
2017-08-23,937.0,945.425,935.24,942.58,1133117,0,0.2318162484049368,931.538,933.265,939.9585,941.649521479767,959.4801460425134,920.4368539574868,1.1975995049187664,51.19773061567561,1651106.8,1.089025276934257,0.59551760939168,0.2659348140583883,0.0023154796906987
2017-08-24,943.71,946.31,930.74,936.89,1294108,0,-0.6036622886121168,933.384,934.595,939.1775,941.1962337197892,957.8146218412328,920.5403781587672,1.0534281044258351,45.33445166701615,1530220.2,1.6728624535315917,-0.7226796367528212,1.4400329150380475,-0.006054916954138
2017-08-25,939.21,940.73,930.1,930.5,1184593,0,-0.6820437831549064,934.248,934.636,937.7925,940.1775447940952,954.49393375499,921.0910662450098,1.063307657231292,42.504669222451575,1498763.9,1.1428878615202662,-0.9273751344214856,0.0440817555290351,-0.0068438033201697
2017-08-28,931.88,934.85,926.11,928.13,1045711,0,-0.2547017732401957,935.7,933.5560000000002,936.924,939.0301595756098,953.7439598221782,920.1040401778216,1.011860165875857,42.168909693778,1436504.35,0.943732386001664,-0.4024123277675237,-1.150245492209212,-0.0025502669003647
2017-08-29,919.95,938.19,919.31,935.75,1158366,0,0.821005678083897,934.77,933.323,936.3835,938.7177634255518,952.582983130114,920.1840168698862,1.054089192274051,47.95851013672794,1428061.55,2.05371419869251,1.7174846459046638,-0.248379669111376,0.0081765376025977
2017-08-30,935.67,945.86,934.05,943.63,1119470,0,0.8421052631578885,934.98,933.259,936.183,939.1855954802612,951.8875713760006,920.4784286239994,1.068622641596022,60.28325123152709,1382118.05,1.2643862748246946,0.8507272863295859,-0.0677772247344443,0.0083857933762739
2017-08-31,946.3,957.195,946.25,955.24,1692147,0,1.230355118001758,938.65,936.017,936.93,940.7145863869029,954.7393340399354,919.1206659600643,0.9317503536700122,62.262311067771826,1410556.45,1.1566710700132152,0.9447321145514168,2.9730720307009184,0.0122284776476492
2017-09-01,957.47,958.33,950.28,951.99,1042686,0,-0.3402286336418036,942.948,938.598,937.24,941.788435302436,955.894480483356,918.5855195166444,0.943274230328934,56.734735973597395,1399973.95,0.8471187439491591,-0.5723416921679026,2.786715325314737,-0.0034080872739464
2017-09-05,946.86,951.385,935.6,941.48,1458691,0,-1.104003193310854,945.618,940.659,937.0265000000002,941.7590605117276,955.365969400541,918.6870305994594,1.009191408157882,51.594447570812214,1400699.05,1.6871526293287693,-0.5681938195720587,2.238100926297948,-0.0111014253607599
2017-09-06,943.87,944.5,932.68,942.02,1391215,0,0.0573565025279387,946.872,940.821,936.918,941.7839118915632,955.10405897525,918.73194102475,0.7585891098118017,48.885807665643256,1395250.9,1.267315692413266,-0.1960015680125464,0.1722671203743031,0.0005734005997297
2017-09-07,944.25,950.497,937.53,949.89,1116276,0,0.8354387380310468,948.124,941.552,937.4085,942.5559202828427,956.4621265645624,918.3548734354378,0.8002080765619558,62.05139325599047,1381153.35,1.3831024073896283,0.5972994440031756,0.7755309894120321,0.0083196826432988
2017-09-08,949.7,950.7,940.01,940.95,999783,0,-0.9411616081862028,945.266,941.958,938.2765,942.4029754940008,956.229456390426,920.323543609574,0.8384570801912378,57.40796469054073,1295914.25,1.1372219444474052,-0.9213435821838476,0.4333486321766777,-0.0094561852059216
2017-09-11,947.2,952.68,941.0,943.29,1336245,0,0.2486848397895702,943.526,943.237,938.9365,942.4874540183816,956.5903080281106,921.2826919718894,0.7993561954597458,61.59015715467328,1281910.1,1.241232731137083,-0.4127956081081167,1.374529822675985,0.0024837613074433
2017-09-12,946.92,948.085,937.5,946.65,1283993,0,0.3562001081321764,944.5599999999998,945.089,939.3225,942.883886969012,957.3101482474038,921.334851752596,0.7891623510076821,53.87957790192427,1288628.3,1.1290666666666709,-0.0285134963882885,1.9954101257366963,0.0035556721800528
2017-09-13,945.5,952.85,944.74,950.44,1094735,0,0.4003591612528501,946.244,946.558,939.9405,943.603516781487,958.5856918170176,921.295308182982,0.7632008850463837,54.78334956183058,1288180.45,0.8584372419925074,0.5224748810153416,1.569863745658573,0.0039955985664541
2017-09-14,946.0,948.03,938.356,940.13,1424671,0,-1.0847607423929984,944.292,946.208,939.7335,943.2727056594406,958.267903032958,921.199096967042,0.8130478419283439,51.866789582853194,1292244.4,1.0309520054222467,-0.6205073995771675,-0.3709080889755523,-0.0109068716906914
2017-09-15,940.09,941.75,931.25,935.29,1956570,0,-0.5148224181762084,943.16,944.213,940.115,942.5124479775892,957.9020674485624,922.327932551438,0.6893506451971205,52.81004341194412,1306378.6,1.12751677852349,-0.510589411652083,-2.088480381893565,-0.0051615219474284
2017-09-18,935.01,936.86,925.4,929.75,1456222,0,-0.592329651765755,940.452,941.989,940.2935,941.2969767416282,957.5556621808088,923.0313378191912,0.699234375607925,50.91628959276019,1312409.2,1.2383834017722106,-0.5625608282264352,-2.336158993266735,-0.0059409088215129
2017-09-19,933.41,937.94,926.66,936.86,1232338,0,0.7647216993815542,938.494,941.5269999999998,941.093,940.8744075281398,955.8695690768482,926.316430923152,0.6905171305550666,50.63147115712823,1309031.15,1.21727494442407,0.3696124961163953,-0.4907167438501059,0.0076181252497279
2017-09-20,937.73,950.0,937.5,947.54,1923014,0,1.13997822513503,937.914,942.079,941.45,941.5092258587932,956.4985725848254,926.4014274151748,0.7868511837802252,52.15569522549342,1317197.55,1.3333333333333337,1.0461433461657348,0.585974820067503,0.0113352943694276
2017-09-21,948.13,952.8,939.38,947.55,1349131,0,0.0010553644173239,939.398,941.845,941.6985,942.0845376817653,956.9878554646676,926.409144535332,0.7383778555180808,45.138449867239814,1327998.25,1.4286018437692904,-0.0611730458903358,-0.2463443135520937,1.0553588483928157e-05
2017-09-22,942.77,950.0,940.835,943.26,1074282,0,-0.452746556909922,940.992,942.076,942.017,942.196486473978,957.149179861708,926.8848201382922,0.6850668272516613,44.5526020217147,1317006.95,0.9741346782379442,0.051974500673548,0.2454965726127689,-0.0045377455813415
2017-09-25,939.45,939.75,924.51,934.28,1870439,0,-0.9520174713228636,941.898,941.175,942.206,941.4425353812182,956.8179927672522,927.5940072327476,0.7444709195139354,45.41984732824424,1351299.25,1.6484407956647316,-0.5503219969130951,-0.9551675518663428,-0.0095657812622016
2017-09-26,936.69,944.08,935.12,937.43,1671401,0,0.33715802543135,942.012,940.253,942.671,941.0603891544356,955.9257983763864,929.4162016236136,0.7432163485101713,47.17399335057257,1382583.75,0.9581657969030752,0.0790015907076936,-0.9739608091691832,0.0033659092209289
2017-09-27,942.74,965.43,941.95,959.9,2332319,0,2.3969789744300973,944.484,941.199,943.8785,942.854637806394,958.7767729835844,928.9802270164156,1.0821082176968992,55.223880597014926,1441281.4,2.492701311109921,1.8202261493094565,0.9953284794410822,0.0236870239792864
2017-09-28,956.25,966.18,955.55,964.81,1400404,0,0.5115116157933031,947.936,943.667,944.9375,944.9456246819756,962.5290013870704,927.3459986129296,1.0019814966821274,62.99847461320544,1455328.1,1.1124483281879542,0.8951633986928047,2.6251688596257816,0.0051020783921694
2017-09-29,966.0,975.81,966.0,973.36,2029793,0,0.8861848446844567,953.956,947.474,945.8435,947.6517556646446,967.1444495958016,924.5425504041984,0.978667647676017,65.34340238799878,1472210.4,1.0155279503105534,0.7619047619047633,4.070395278469774,0.0088228127175329
2017-10-02,975.65,977.74,961.95,967.47,1536653,0,-0.6051204076600647,960.594,951.246,946.6175,949.539207506107,969.8923528176416,923.3426471823584,0.9801218410515284,60.35614803024275,1496908.75,1.6414574562087387,-0.8384154153641111,4.057004571121281,-0.006069586807945
2017-10-03,967.56,972.44,962.705,972.08,1083848,0,0.4765005633249553,967.524,954.768,948.1474999999998,951.6859496483826,973.8923663252294,922.4026336747702,0.9725036234924584,60.676929149398056,1478166.6,1.0112131961504316,0.4671544917111183,3.7593663941250632,0.0047536889291076
2017-10-04,971.76,974.4,965.61,966.78,1056271,0,-0.5452226154226025,968.9,956.692,949.3855,953.1234782532986,976.2467892859584,922.5242107140416,0.971021963212738,63.83265856950066,1461419.4,0.91030540280237,-0.5124722153618196,2.0305211389492817,-0.0054671437868236
2017-10-05,972.79,986.509,970.27,985.19,1779670,0,1.9042595006102836,972.976,960.456,951.1505,956.1774327053654,982.427413614707,919.8735863852928,1.1039320471636178,72.70245677888992,1494589.1,1.67365784781556,1.2746841558815458,3.9723497440768303,0.0188635541580315
2017-10-06,980.0,994.26,978.51,993.64,1552207,0,0.8577025751377754,977.032,965.494,953.785,959.7452962572354,989.9401070862714,917.6298929137288,1.0692532861723596,78.31752504210618,1522210.3,1.609590091056811,1.3918367346938765,5.341051247800177,0.0085404520462859
2017-10-09,995.0,1000.46,991.5,992.31,1295006,0,-0.133851294231313,982.0,971.297,956.236,962.8466966136892,995.873949599087,916.5980504009132,0.9702435706117366,75.90395216294492,1520148.35,0.9036812909732764,-0.2703517587939753,6.211200068501954,-0.0013394095509323
2017-10-10,995.3,997.47,981.11,987.8,1163333,0,-0.4544950670657299,985.144,976.3339999999998,958.2935,965.2232016980996,1000.0516307682932,916.5353692317068,1.0255723771099734,69.95835812016654,1514115.35,1.6674990571903263,-0.7535416457349543,5.37320119902287,-0.0045553103603934
2017-10-11,989.04,1007.57,987.94,1005.65,1813213,0,1.807045960720788,992.918,980.909,961.054,969.0733729649472,1007.6459023458932,914.462097654107,0.9174824930044592,74.47346251053072,1550039.25,1.9869627710184825,1.679406292970963,4.766121470986562,0.0179091294927054
2017-10-12,1003.84,1011.54,1001.1,1005.65,1540349,0,0.0,997.01,984.993,964.33,972.5568612539998,1013.8491008335887,914.810899166411,0.9291239279442248,77.26597325408613,1555823.15,1.0428528618519568,0.1803076187440175,4.232957784434244,0.0
2017-10-13,1009.11,1014.76,1007.06,1007.87,1327162,0,0.2207527469795689,999.856,988.4439999999998,967.959,975.9200173250476,1019.1278403949822,916.790159605018,0.9157026183617366,84.18021365536455,1524352.75,0.7646019105117913,-0.122880558115568,3.5454508095668524,0.0022050944609953
2017-10-16,1009.63,1012.0,1001.52,1009.35,1069362,0,0.1468443350828963,1003.264,992.632,971.939,979.1038251988524,1022.9769998370544,920.9010001629456,0.8573166841550536,83.93093036421962,1505009.75,1.0464094576244127,-0.0277329318661264,4.328816397407675,0.0014673662422113
2017-10-17,1007.44,1014.56,1006.05,1011.0,1006933,0,0.1634715410907983,1007.904,996.524,975.646,982.1415561322952,1026.7260327247022,924.5659672752976,0.8610537698710211,80.00234852043207,1493739.5,0.8458824114109629,0.3533709203525714,4.003785696650475,0.0016333807180346
2017-10-18,1011.05,1016.31,1005.32,1012.74,1278730,0,0.1721068249258106,1009.322,1001.12,978.906,985.0556936435052,1030.7499396651024,927.0620603348976,0.8017037905775549,79.22917428954746,1461525.3,1.0931842597381825,0.1671529597942787,4.753925401849446,0.0017195889084199
2017-10-19,1004.75,1007.32,997.3,1001.84,1682649,0,-1.0762880897367544,1008.56,1002.785,981.6205,986.6541990107904,1032.2219796850306,931.0190203149692,0.7616113045749177,66.88404078728954,1478201.2,1.00471272435577,-0.2896242846479192,1.6900293344431103,-0.0108212196731144
2017-10-20,1007.05,1008.65,1002.27,1005.07,1605182,0,0.3224067715403622,1008.0,1003.928,984.711,988.4080848192866,1032.9423472644728,936.4796527355272,0.7259061020058497,73.01665034280114,1504746.2,0.6365550201043626,-0.1966138722009736,1.1503160098224718,0.0032188815531226
2017-10-23,1005.18,1005.79,983.1,985.54,1637726,0,-1.9431482384311585,1003.238,1003.251,987.274,988.1349338841164,1029.265905686176,945.282094313824,0.9772785274390708,56.96687370600408,1493110.55,2.308005289390697,-1.95387890726039,-0.6822464753957869,-0.0196227555060779
2017-10-24,986.5,989.26,977.08,988.49,1438933,0,0.2993282870304758,998.736,1003.32,989.827,988.1687497046768,1024.657321998585,954.9966780014148,0.972885310263666,61.51724137931034,1481487.15,1.2465714168747646,0.2017232640648767,0.0698521968009791,0.0029888119187937
2017-10-25,986.27,994.43,977.722,991.46,1398280,0,0.3004582747422768,994.48,1001.901,991.405,988.4822021137552,1023.258971081845,959.551028918155,0.7564784023296186,53.97792158355537,1434785.2,1.708870210550644,0.5262250702140443,-1.4110276935315411,0.0030000780096623
2017-10-26,998.47,1006.51,990.47,991.42,2355336,0,-0.0040344542392101,992.396,1000.4779999999998,992.7355,988.7619923886356,1022.032563244217,963.4384367557832,0.7563968643447178,48.42329545454544,1482531.8,1.619433198380563,-0.7060803028633877,-1.4150052205041508,-4.034535625504161e-05
2017-10-27,1030.99,1063.62,1027.46,1033.67,5182877,0,4.261564221016334,998.116,1003.0580000000002,995.751,993.03894549448,1028.8230698825248,962.6789301174751,1.5901957030750955,68.57707509881422,1640186.0,3.519358417845936,0.2599443253571871,2.5598539494180894,0.0417325963183214
2017-10-30,1029.16,1039.83,1022.33,1033.13,2340172,0,-0.0522410440469411,1007.634,1005.436,999.034,996.8571411616724,1033.2997769424903,964.7682230575095,1.5930728064306223,71.11318118304611,1680361.95,1.7117760410043612,0.3857514866493088,2.3559716649328877,-0.0005225469443463
2017-10-31,1033.0,1041.0,1026.3,1033.04,1516278,0,-0.0087113915964276,1016.544,1007.64,1002.082,1000.3031277177035,1037.089564054808,967.0744359451924,1.594973598501068,65.2863042750306,1701983.45,1.4323297281496683,0.0038722168441397,2.1800197823936607,-8.711771060183249e-05
2017-11-01,1036.32,1047.86,1034.0,1042.6,2163073,0,0.9254239913265572,1026.7720000000002,1010.626,1005.873,1004.3314012683984,1041.2039431101332,970.5420568898668,1.6098062003654483,68.63338376197669,1757323.55,1.340425531914884,0.6059904276671272,2.948436913719199,0.0092116817956092
2017-11-02,1039.99,1045.52,1028.66,1042.97,1334697,0,0.0354882025705105,1037.082,1014.739,1008.762,1008.0112678142652,1046.3491851622318,971.1748148377684,1.5409222279349493,68.03699897225069,1735074.9,1.6390255283572706,0.2865412167424704,4.105445979397904,0.0003548190699731
2017-11-03,1042.75,1050.66,1037.65,1049.99,1388461,0,0.673077845000325,1040.346,1019.231,1011.5795,1012.0092423081448,1052.6778167666448,970.4811832333552,1.5426042138287988,69.75884869700496,1726887.6,1.253794632101382,0.6943179093742516,4.469340443949177,0.0067082278927148
2017-11-06,1049.1,1052.59,1042.0,1042.68,913954,0,-0.696197106639107,1042.256,1024.9450000000002,1014.098,1014.9302668502262,1056.3806601762212,971.8153398237788,1.3683307439431904,64.5990783410138,1707835.0,1.0163147792706255,-0.6119531026594077,5.797836718956106,-0.0069863186575785
2017-11-07,1049.65,1053.41,1043.0,1052.39,1303832,0,0.9312540760348264,1046.126,1031.335,1017.3275,1018.497860483538,1060.996735166177,973.6582648338232,1.3688581055679518,67.02155061389196,1714859.95,0.9980824544583012,0.261039394083743,6.4644053050612715,0.0092694463914176
2017-11-08,1050.05,1062.69,1047.05,1058.29,1214469,0,0.5606286642784397,1049.264,1038.018,1019.9595,1022.2875880565344,1066.8889518567798,973.03004814322,1.3642238265806257,75.32071409347795,1684922.75,1.4937204527004535,0.784724536926814,6.740564420148054,0.0055906299079952
2017-11-09,1048.0,1050.88,1035.85,1047.72,1793994,0,-0.9987810524525352,1050.2140000000002,1043.648,1022.063,1024.7097225273408,1070.051295107946,974.0747048920542,1.4516979943964234,67.94882585640934,1697605.0,1.4509822850799057,-0.0267175572519057,5.678723447176792,-0.0100380233278113
2017-11-10,1043.87,1046.63,1041.22,1044.15,970498,0,-0.3407398923376381,1049.0459999999998,1044.696,1023.8769999999998,1026.5611775247369,1072.3467314554898,975.40726854451,0.6656223796393369,78.49295089936803,1679771.8,0.5195827971034058,0.0268232634332052,1.0138632252072677,-0.0034132173279313
